asset_id,name,type,region_id,scheme_id,actor_id,cost,status,lat,lon,encroached,nature,ownership,image_url,source_type,confidence
ASSET_W45_GALI7_DRAIN,Storm-water drain — Gali No. 7,drain,REG_W45_GALI7,SCH_SFC,ACT_MCD_SHAHDARA_WORKS,1200000.0,completed,28.6692,77.2945,,,,,,
ASSET_W45_GALI12_DRAIN,Storm-water drain — Gali No. 12,drain,REG_W45_GALI12,SCH_AMRUT,ACT_MCD_SHAHDARA_WORKS,980000.0,completed,28.6739,77.2934,,,,,,
ASSET_W45_GALI3_DRAIN,Storm-water drain — Gali No. 3,drain,REG_W45_GALI3,SCH_SFC,ACT_MCD_SHAHDARA_WORKS,750000.0,in_progress,28.676,77.2912,,,,,,
ASSET_W45_ROAD_GALI7,Road resurfacing — Gali No. 7,road,REG_W45_GALI7,SCH_SFC,ACT_CONTRACTOR_INFRA_1,900000.0,completed,28.6695,77.2948,,,,,,
ASSET_W45_TOILET,Community toilet block — Shahdara Market,toilet,REG_W45_MARKET_ROAD,SCH_SWACHH,ACT_MCD_SHAHDARA_SANITATION,800000.0,in_progress,28.6685,77.2955,,,,,,
ASSET_W45_PMAY_HOUSING_A,PMAY Housing Block A — Colony Y (30 units),housing,REG_W45_COLONY_Y,SCH_PMAY,ACT_DDA,30000000.0,in_progress,28.672,77.291,,,,,,
ASSET_W45_GALI12_STREETLIGHT,LED streetlights — Gali No. 12,streetlight,REG_W45_GALI12,SCH_LOCAL_LIGHTS,ACT_CONTRACTOR_LIGHTS_1,600000.0,in_progress,28.6739,77.2934,,,,,,
ASSET_W45_PARK,Community park — Ward 45,park,REG_W45,SCH_AMRUT,ACT_MCD_SHAHDARA_WORKS,500000.0,completed,28.6731,77.2904,,,,,,
ASSET_AMRUT_DRAIN_DELHI_STATE,AMRUT Storm-Water Drainage — Delhi State (2 works completed),drain,REG_DELHI,SCH_AMRUT,ACT_MCD_SHAHDARA_WORKS,200999.99999999997,completed,28.6139,77.209,,,,,,
ASSET_WB_272027,"Lake/Pond — Burari, Central",water_body,REG_DELHI,SCH_AMRUT,ACT_DDA,,completed,28.7586111098723,77.196111109561,No,Natural,Other Govt.Agency,https://mi6census.mowr.gov.in/mic/getWaterBodyImageByURL/MIC_133010000028000327005.jpeg,semi_structured_kml,0.95
ASSET_WB_272028,"Lake/Pond — Jharoda Mazra Burari, Central",water_body,REG_DELHI,SCH_AMRUT,ACT_DDA,,completed,28.7338888903954,77.2191666701632,No,Natural,Other Govt.Agency,https://mi6census.mowr.gov.in/mic/getWaterBodyImageByURL/MIC_133010000028000330001.jpeg,semi_structured_kml,0.95
ASSET_WB_272029,"Lake/Pond — Jharoda Mazra Burari, Central",water_body,REG_DELHI,SCH_AMRUT,ACT_DDA,,completed,28.7333333304098,77.2099999996752,No,Natural,Other Govt.Agency,https://mi6census.mowr.gov.in/mic/getWaterBodyImageByURL/MIC_133010000028000330002.jpeg,semi_structured_kml,0.95
ASSET_WB_272030,"Other Water Body — Timarpur, Central",water_body,REG_DELHI,SCH_AMRUT,ACT_DDA,,completed,28.7124999995708,77.2238888901991,No,Natural,Other Govt.Agency,https://mi6census.mowr.gov.in/mic/getWaterBodyImageByURL/MIC_133010000028000326001.jpeg,semi_structured_kml,0.95
ASSET_WB_272031,"Other Water Body — Wazirabad, Central",water_body,REG_DELHI,SCH_AMRUT,ACT_DDA,,completed,28.721388889828,77.2233333302221,No,Natural,Other Govt.Agency,https://mi6census.mowr.gov.in/mic/getWaterBodyImageByURL/MIC_133010000028000334001.jpeg,semi_structured_kml,0.95
ASSET_WB_272032,"Other Water Body — Chilla Saroda Bangar, East",water_body,REG_DELHI,SCH_AMRUT,ACT_DDA,,completed,28.5927777801596,77.2994444402321,No,Natural,Other Govt.Agency,https://mi6census.mowr.gov.in/mic/getWaterBodyImageByURL/MIC_133008000024000311001.jpeg,semi_structured_kml,0.95
ASSET_WB_272033,"Other Water Body — Chilla Saroda Khadar, East",water_body,REG_DELHI,SCH_AMRUT,ACT_DDA,,completed,28.5927777801596,77.2994444402321,No,Natural,Other Govt.Agency,https://mi6census.mowr.gov.in/mic/getWaterBodyImageByURL/MIC_133008000024000312001.jpeg,semi_structured_kml,0.95
ASSET_WB_272034,"Other Water Body — Dallupura, East",water_body,REG_DELHI,SCH_AMRUT,ACT_DDA,,completed,28.6033333299864,77.3227777799884,No,Natural,Other Govt.Agency,https://mi6census.mowr.gov.in/mic/getWaterBodyImageByURL/MIC_133008000024000310001.jpeg,semi_structured_kml,0.95
ASSET_WB_272035,"Other Water Body — Gharoli, East",water_body,REG_DELHI,SCH_AMRUT,ACT_DDA,,completed,28.6144444399697,77.3288888898595,No,Natural,Other Govt.Agency,https://mi6census.mowr.gov.in/mic/getWaterBodyImageByURL/MIC_133008000024000308001.jpeg,semi_structured_kml,0.95
ASSET_WB_272036,"Other Water Body — Ghronda Neem Ka Bangar, East",water_body,REG_DELHI,SCH_AMRUT,ACT_DDA,,completed,28.6047222195991,77.2894444396462,No,Natural,Other Govt.Agency,https://mi6census.mowr.gov.in/mic/getWaterBodyImageByURL/MIC_133008000024000304001.jpeg,semi_structured_kml,0.95
ASSET_WB_272037,"Other Water Body — Ghronda Neem Ka Bangar, East",water_body,REG_DELHI,SCH_AMRUT,ACT_DDA,,completed,28.6138888900186,77.2886111096955,No,Natural,Other Govt.Agency,https://mi6census.mowr.gov.in/mic/getWaterBodyImageByURL/MIC_133008000024000304002.jpeg,semi_structured_kml,0.95
ASSET_WB_272038,"Other Water Body — Khichripur, East",water_body,REG_DELHI,SCH_AMRUT,ACT_DDA,,encroached,28.62277778005,77.3147222201968,Yes,Natural,Other Govt.Agency,https://mi6census.mowr.gov.in/mic/getWaterBodyImageByURL/MIC_133008000024000307001.jpeg,semi_structured_kml,0.95
ASSET_WB_272039,"Other Water Body — Khichripur, East",water_body,REG_DELHI,SCH_AMRUT,ACT_DDA,,completed,28.6130555595436,77.3013888898043,No,Natural,Other Govt.Agency,https://mi6census.mowr.gov.in/mic/getWaterBodyImageByURL/MIC_133008000024000307002.jpeg,semi_structured_kml,0.95
ASSET_WB_272040,"Other Water Body — Kondli, East",water_body,REG_DELHI,SCH_AMRUT,ACT_DDA,,encroached,28.6149999999463,77.3238888896788,Yes,Natural,Other private body,https://mi6census.mowr.gov.in/mic/getWaterBodyImageByURL/MIC_133008000024000309002.jpeg,semi_structured_kml,0.95
ASSET_WB_272041,"Lake/Pond — Kondli, East",water_body,REG_DELHI,SCH_AMRUT,ACT_DDA,,completed,28.6122222201237,77.3125000003377,No,Natural,Other Govt.Agency,https://mi6census.mowr.gov.in/mic/getWaterBodyImageByURL/MIC_133008000024000309001.jpeg,semi_structured_kml,0.95
ASSET_WB_272042,"Other Water Body — Kondli, East",water_body,REG_DELHI,SCH_AMRUT,ACT_DDA,,completed,28.6036111100148,77.3366666703945,No,Natural,Other Govt.Agency,https://mi6census.mowr.gov.in/mic/getWaterBodyImageByURL/MIC_133008000024000309003.jpeg,semi_structured_kml,0.95
ASSET_WB_272043,"Other Water Body — Kotla, East",water_body,REG_DELHI,SCH_AMRUT,ACT_DDA,,encroached,28.6094444396382,77.2941666697349,Yes,Natural,Other Govt.Agency,https://mi6census.mowr.gov.in/mic/getWaterBodyImageByURL/MIC_133008000024000306001.jpeg,semi_structured_kml,0.95
ASSET_WB_272044,"Other Water Body — Gazipur, East",water_body,REG_DELHI,SCH_AMRUT,ACT_DDA,,encroached,28.6327777800557,77.321944439805,Yes,Natural,Other private body,https://mi6census.mowr.gov.in/mic/getWaterBodyImageByURL/MIC_133008000022000300003.jpeg,semi_structured_kml,0.95
ASSET_WB_272045,"Other Water Body — Gazipur, East",water_body,REG_DELHI,SCH_AMRUT,ACT_DDA,,encroached,28.6330555596641,77.3222222196781,Yes,Natural,Other Govt.Agency,https://mi6census.mowr.gov.in/mic/getWaterBodyImageByURL/MIC_133008000022000300002.jpeg,semi_structured_kml,0.95
ASSET_WB_272046,"Other Water Body — Gazipur, East",water_body,REG_DELHI,SCH_AMRUT,ACT_DDA,,encroached,28.6263888899346,77.3241666699232,Yes,Natural,Other private body,https://mi6census.mowr.gov.in/mic/getWaterBodyImageByURL/MIC_133008000022000300004.jpeg,semi_structured_kml,0.95
ASSET_WB_272047,"Lake/Pond — Gazipur, East",water_body,REG_DELHI,SCH_AMRUT,ACT_DDA,,completed,28.6263888899346,77.3241666699232,No,Natural,Group of Individuals,https://mi6census.mowr.gov.in/mic/getWaterBodyImageByURL/MIC_133008000022000300001.jpeg,semi_structured_kml,0.95
ASSET_WB_272048,"Other Water Body — Gazipur, East",water_body,REG_DELHI,SCH_AMRUT,ACT_DDA,,completed,28.6297222199512,77.317777780283,No,Natural,Other Govt.Agency,https://mi6census.mowr.gov.in/mic/getWaterBodyImageByURL/MIC_133008000022000300005.jpeg,semi_structured_kml,0.95
ASSET_WB_272049,"Other Water Body — Khureji Khas, East",water_body,REG_DELHI,SCH_AMRUT,ACT_DDA,,encroached,28.7099999999366,77.2522222195445,Yes,Natural,Other private body,https://mi6census.mowr.gov.in/mic/getWaterBodyImageByURL/MIC_133008000022000297002.jpeg,semi_structured_kml,0.95
ASSET_WB_272050,"Other Water Body — Khureji Khas, East",water_body,REG_DELHI,SCH_AMRUT,ACT_DDA,,encroached,28.7097222198536,77.2516666696605,Yes,Natural,Other private body,https://mi6census.mowr.gov.in/mic/getWaterBodyImageByURL/MIC_133008000022000297003.jpeg,semi_structured_kml,0.95
ASSET_WB_272051,"Other Water Body — Khureji Khas, East",water_body,REG_DELHI,SCH_AMRUT,ACT_DDA,,encroached,28.711944440371,77.2525000003338,Yes,Natural,Other private body,https://mi6census.mowr.gov.in/mic/getWaterBodyImageByURL/MIC_133008000022000297001.jpeg,semi_structured_kml,0.95
ASSET_WB_272052,"Other Water Body — Bagrola, New Delhi",water_body,REG_DELHI,SCH_AMRUT,ACT_DDA,,completed,28.572777780014,77.0699999997713,No,Natural,Other Govt.Agency,https://mi6census.mowr.gov.in/mic/getWaterBodyImageByURL/MIC_133011000030000356003.jpeg,semi_structured_kml,0.95
ASSET_WB_272053,"Lake/Pond — Bagrola, New Delhi",water_body,REG_DELHI,SCH_AMRUT,ACT_DDA,,completed,28.5691666698403,77.0741666700955,No,Natural,Other Govt.Agency,https://mi6census.mowr.gov.in/mic/getWaterBodyImageByURL/MIC_133011000030000356001.jpeg,semi_structured_kml,0.95
ASSET_WB_272054,"Lake/Pond — Bagrola, New Delhi",water_body,REG_DELHI,SCH_AMRUT,ACT_DDA,,completed,28.5725000003964,77.0711111103082,No,Natural,Other Govt.Agency,https://mi6census.mowr.gov.in/mic/getWaterBodyImageByURL/MIC_133011000030000356004.jpeg,semi_structured_kml,0.95
ASSET_WB_272055,"Other Water Body — Bagrola, New Delhi",water_body,REG_DELHI,SCH_AMRUT,ACT_DDA,,encroached,28.5713888895397,77.0727777795732,Yes,Natural,Other Govt.Agency,https://mi6census.mowr.gov.in/mic/getWaterBodyImageByURL/MIC_133011000030000356002.jpeg,semi_structured_kml,0.95
ASSET_WB_272056,"Other Water Body — Nangal Raya, New Delhi",water_body,REG_DELHI,SCH_AMRUT,ACT_DDA,,encroached,28.6041666700859,77.1075000004806,Yes,Natural,Other Govt.Agency,https://mi6census.mowr.gov.in/mic/getWaterBodyImageByURL/MIC_133011000030000352001.jpeg,semi_structured_kml,0.95
ASSET_WB_272057,"Lake/Pond — Naraina, New Delhi",water_body,REG_DELHI,SCH_AMRUT,ACT_DDA,,completed,28.6272222199432,77.1300000000521,No,Natural,Other Govt.Agency,https://mi6census.mowr.gov.in/mic/getWaterBodyImageByURL/MIC_133011000030000351001.jpeg,semi_structured_kml,0.95
ASSET_WB_272058,"Lake/Pond — Shahbad Mohd. Pur, New Delhi",water_body,REG_DELHI,SCH_AMRUT,ACT_DDA,,completed,28.55611110999,77.0672222198058,No,Natural,Other Govt.Agency,https://mi6census.mowr.gov.in/mic/getWaterBodyImageByURL/MIC_133011000030000354001.jpeg,semi_structured_kml,0.95
ASSET_WB_272059,"Lake/Pond — Shahbad Mohd. Pur, New Delhi",water_body,REG_DELHI,SCH_AMRUT,ACT_DDA,,completed,28.5580555600758,77.0686111104184,No,Natural,Other Govt.Agency,https://mi6census.mowr.gov.in/mic/getWaterBodyImageByURL/MIC_133011000030000354002.jpeg,semi_structured_kml,0.95
ASSET_WB_272060,"Other Water Body — Shahbad Mohd. Pur, New Delhi",water_body,REG_DELHI,SCH_AMRUT,ACT_DDA,,encroached,28.5613888897803,77.0561111095536,Yes,Natural,Other Govt.Agency,https://mi6census.mowr.gov.in/mic/getWaterBodyImageByURL/MIC_133011000030000354005.jpeg,semi_structured_kml,0.95
ASSET_WB_272061,"Other Water Body — Shahbad Mohd. Pur, New Delhi",water_body,REG_DELHI,SCH_AMRUT,ACT_DDA,,encroached,28.5599999998401,77.0569444401546,Yes,Natural,Other Govt.Agency,https://mi6census.mowr.gov.in/mic/getWaterBodyImageByURL/MIC_133011000030000354004.jpeg,semi_structured_kml,0.95
ASSET_WB_272062,"Lake/Pond — Shahbad Mohd. Pur, New Delhi",water_body,REG_DELHI,SCH_AMRUT,ACT_DDA,,completed,28.5552777797784,77.0694444399833,No,Natural,Other Govt.Agency,https://mi6census.mowr.gov.in/mic/getWaterBodyImageByURL/MIC_133011000030000354003.jpeg,semi_structured_kml,0.95
ASSET_WB_272063,"Lake/Pond — Todapur, New Delhi",water_body,REG_DELHI,SCH_AMRUT,ACT_DDA,,completed,28.6302777796718,77.1677777797608,No,Natural,Other Govt.Agency,https://mi6census.mowr.gov.in/mic/getWaterBodyImageByURL/MIC_133011000030000357003.jpeg,semi_structured_kml,0.95
ASSET_WB_272064,"Lake/Pond — Todapur, New Delhi",water_body,REG_DELHI,SCH_AMRUT,ACT_DDA,,completed,28.6222222196913,77.1588888903817,No,Natural,Other Govt.Agency,https://mi6census.mowr.gov.in/mic/getWaterBodyImageByURL/MIC_133011000030000357001.jpeg,semi_structured_kml,0.95
ASSET_WB_272065,"Other Water Body — Todapur, New Delhi",water_body,REG_DELHI,SCH_AMRUT,ACT_DDA,,completed,28.6272222201916,77.1638888896065,No,Natural,Other Govt.Agency,https://mi6census.mowr.gov.in/mic/getWaterBodyImageByURL/MIC_133011000030000357002.jpeg,semi_structured_kml,0.95
ASSET_WB_272066,"Lake/Pond — Basant Nagar, New Delhi",water_body,REG_DELHI,SCH_AMRUT,ACT_DDA,,completed,28.5594444402828,77.1658333294799,No,Natural,Other Govt.Agency,https://mi6census.mowr.gov.in/mic/getWaterBodyImageByURL/MIC_133011000029000346001.jpeg,semi_structured_kml,0.95
ASSET_WB_272067,"Lake/Pond — Ghatorni, New Delhi",water_body,REG_DELHI,SCH_AMRUT,ACT_DDA,,encroached,28.4936111100504,77.1391666704935,Yes,Natural,Other Govt.Agency,https://mi6census.mowr.gov.in/mic/getWaterBodyImageByURL/MIC_133011000029000343001.jpeg,semi_structured_kml,0.95
ASSET_WB_272068,"Other Water Body — Mahipalpur, New Delhi",water_body,REG_DELHI,SCH_AMRUT,ACT_DDA,,encroached,28.5511111100774,77.1322222203662,Yes,Natural,Muncipal authority,https://mi6census.mowr.gov.in/mic/getWaterBodyImageByURL/MIC_133011000029000344002.jpeg,semi_structured_kml,0.95
ASSET_WB_272069,"Other Water Body — Mahipalpur, New Delhi",water_body,REG_DELHI,SCH_AMRUT,ACT_DDA,,completed,28.5527777802866,77.1333333302155,No,Natural,Other Govt.Agency,https://mi6census.mowr.gov.in/mic/getWaterBodyImageByURL/MIC_133011000029000344004.jpeg,semi_structured_kml,0.95
ASSET_WB_272070,"Other Water Body — Mahipalpur, New Delhi",water_body,REG_DELHI,SCH_AMRUT,ACT_DDA,,completed,28.5430555602986,77.145000000309,No,Natural,Other Govt.Agency,https://mi6census.mowr.gov.in/mic/getWaterBodyImageByURL/MIC_133011000029000344003.jpeg,semi_structured_kml,0.95
ASSET_WB_272071,"Lake/Pond — Mahipalpur, New Delhi",water_body,REG_DELHI,SCH_AMRUT,ACT_DDA,,encroached,28.551388890009,77.1327777796904,Yes,Natural,Other Govt.Agency,https://mi6census.mowr.gov.in/mic/getWaterBodyImageByURL/MIC_133011000029000344005.jpeg,semi_structured_kml,0.95
ASSET_WB_272072,"Lake/Pond — Mahipalpur, New Delhi",water_body,REG_DELHI,SCH_AMRUT,ACT_DDA,,completed,28.5466666700017,77.1297222200063,No,Natural,Panchayat,https://mi6census.mowr.gov.in/mic/getWaterBodyImageByURL/MIC_133011000029000344001.jpeg,semi_structured_kml,0.95
ASSET_WB_272073,"Lake/Pond — Masood Pur, New Delhi",water_body,REG_DELHI,SCH_AMRUT,ACT_DDA,,completed,28.527222220334,77.1552777801962,No,Natural,Panchayat,https://mi6census.mowr.gov.in/mic/getWaterBodyImageByURL/MIC_133011000029000348001.jpeg,semi_structured_kml,0.95
ASSET_WB_272074,"Other Water Body — Mohd. Pur Munirka, New Delhi",water_body,REG_DELHI,SCH_AMRUT,ACT_DDA,,completed,28.5427777796046,77.1616666699019,No,Natural,Other Govt.Agency,https://mi6census.mowr.gov.in/mic/getWaterBodyImageByURL/MIC_133011000029000345002.jpeg,semi_structured_kml,0.95
ASSET_WB_272075,"Other Water Body — Mohd. Pur Munirka, New Delhi",water_body,REG_DELHI,SCH_AMRUT,ACT_DDA,,completed,28.5377777800383,77.1577777802878,No,Natural,Other Govt.Agency,https://mi6census.mowr.gov.in/mic/getWaterBodyImageByURL/MIC_133011000029000345001.jpeg,semi_structured_kml,0.95
ASSET_WB_272076,"Other Water Body — Mohd. Pur Munirka, New Delhi",water_body,REG_DELHI,SCH_AMRUT,ACT_DDA,,completed,28.5486111096854,77.1755555602077,No,Natural,Other Govt.Agency,https://mi6census.mowr.gov.in/mic/getWaterBodyImageByURL/MIC_133011000029000345003.jpeg,semi_structured_kml,0.95
ASSET_WB_272077,"Other Water Body — Nangal Devat, New Delhi",water_body,REG_DELHI,SCH_AMRUT,ACT_DDA,,encroached,28.5522222198502,77.0880555600968,Yes,Natural,Other Govt.Agency,https://mi6census.mowr.gov.in/mic/getWaterBodyImageByURL/MIC_133011000029000341001.jpeg,semi_structured_kml,0.95
ASSET_WB_272078,"Other Water Body — Nangal Devat, New Delhi",water_body,REG_DELHI,SCH_AMRUT,ACT_DDA,,encroached,28.5530555604345,77.0900000003974,Yes,Natural,Other Govt.Agency,https://mi6census.mowr.gov.in/mic/getWaterBodyImageByURL/MIC_133011000029000341002.jpeg,semi_structured_kml,0.95
ASSET_WB_272079,"Lake/Pond — Rajokari, New Delhi",water_body,REG_DELHI,SCH_AMRUT,ACT_DDA,,completed,28.5149999995564,77.1124999995818,No,Natural,Panchayat,https://mi6census.mowr.gov.in/mic/getWaterBodyImageByURL/MIC_133011000029000339002.jpeg,semi_structured_kml,0.95
ASSET_WB_272080,"Lake/Pond — Rajokari, New Delhi",water_body,REG_DELHI,SCH_AMRUT,ACT_DDA,,completed,28.5055555602952,77.1130555596859,No,Natural,Other Govt.Agency,https://mi6census.mowr.gov.in/mic/getWaterBodyImageByURL/MIC_133011000029000339007.jpeg,semi_structured_kml,0.95
ASSET_WB_272081,"Other Water Body — Rajokari, New Delhi",water_body,REG_DELHI,SCH_AMRUT,ACT_DDA,,completed,28.5266666697109,77.1130555597728,No,Natural,Other Govt.Agency,https://mi6census.mowr.gov.in/mic/getWaterBodyImageByURL/MIC_133011000029000339006.jpeg,semi_structured_kml,0.95
ASSET_WB_272082,"Lake/Pond — Rajokari, New Delhi",water_body,REG_DELHI,SCH_AMRUT,ACT_DDA,,completed,28.5100000001478,77.1222222198022,No,Natural,Panchayat,https://mi6census.mowr.gov.in/mic/getWaterBodyImageByURL/MIC_133011000029000339001.jpeg,semi_structured_kml,0.95
ASSET_WB_272083,"Lake/Pond — Rajokari, New Delhi",water_body,REG_DELHI,SCH_AMRUT,ACT_DDA,,completed,28.5155555598288,77.1175000000662,No,Natural,Other Govt.Agency,https://mi6census.mowr.gov.in/mic/getWaterBodyImageByURL/MIC_133011000029000339004.jpeg,semi_structured_kml,0.95
ASSET_WB_272084,"Lake/Pond — Rajokari, New Delhi",water_body,REG_DELHI,SCH_AMRUT,ACT_DDA,,completed,28.5108333304255,77.1147222197101,No,Natural,Panchayat,https://mi6census.mowr.gov.in/mic/getWaterBodyImageByURL/MIC_133011000029000339005.jpeg,semi_structured_kml,0.95
ASSET_WB_272085,"Lake/Pond — Rajokari, New Delhi",water_body,REG_DELHI,SCH_AMRUT,ACT_DDA,,completed,28.5183333303167,77.1072222200037,No,Natural,Panchayat,https://mi6census.mowr.gov.in/mic/getWaterBodyImageByURL/MIC_133011000029000339003.jpeg,semi_structured_kml,0.95
ASSET_WB_272086,"Other Water Body — Rajokari, New Delhi",water_body,REG_DELHI,SCH_AMRUT,ACT_DDA,,completed,28.5183333303167,77.1072222200037,No,Natural,Other Govt.Agency,https://mi6census.mowr.gov.in/mic/getWaterBodyImageByURL/MIC_133011000029000339008.jpeg,semi_structured_kml,0.95
ASSET_WB_272087,"Lake/Pond — Rajokari, New Delhi",water_body,REG_DELHI,SCH_AMRUT,ACT_DDA,,encroached,28.5044444396672,77.1072222196612,Yes,Natural,Other Govt.Agency,https://mi6census.mowr.gov.in/mic/getWaterBodyImageByURL/MIC_133011000029000339009.jpeg,semi_structured_kml,0.95
ASSET_WB_272088,"Lake/Pond — Rajokari, New Delhi",water_body,REG_DELHI,SCH_AMRUT,ACT_DDA,,completed,28.5080555598163,77.0994444398638,No,Natural,Other Govt.Agency,https://mi6census.mowr.gov.in/mic/getWaterBodyImageByURL/MIC_133011000029000339010.jpeg,semi_structured_kml,0.95
ASSET_WB_272089,"Lake/Pond — Rangpuri, New Delhi",water_body,REG_DELHI,SCH_AMRUT,ACT_DDA,,completed,28.534722219564,77.1363888900562,No,Natural,Other Govt.Agency,https://mi6census.mowr.gov.in/mic/getWaterBodyImageByURL/MIC_133011000029000340005.jpeg,semi_structured_kml,0.95
ASSET_WB_272090,"Lake/Pond — Rangpuri, New Delhi",water_body,REG_DELHI,SCH_AMRUT,ACT_DDA,,completed,28.5338888901647,77.1444444397104,No,Natural,Other Govt.Agency,https://mi6census.mowr.gov.in/mic/getWaterBodyImageByURL/MIC_133011000029000340004.jpeg,semi_structured_kml,0.95
ASSET_WB_272091,"Lake/Pond — Rangpuri, New Delhi",water_body,REG_DELHI,SCH_AMRUT,ACT_DDA,,encroached,28.5347222201035,77.119166669736,Yes,Natural,Panchayat,https://mi6census.mowr.gov.in/mic/getWaterBodyImageByURL/MIC_133011000029000340002.jpeg,semi_structured_kml,0.95
ASSET_WB_272092,"Lake/Pond — Rangpuri, New Delhi",water_body,REG_DELHI,SCH_AMRUT,ACT_DDA,,encroached,28.5425000003817,77.1188888898927,Yes,Natural,Panchayat,https://mi6census.mowr.gov.in/mic/getWaterBodyImageByURL/MIC_133011000029000340001.jpeg,semi_structured_kml,0.95
ASSET_WB_272093,"Other Water Body — Rangpuri, New Delhi",water_body,REG_DELHI,SCH_AMRUT,ACT_DDA,,completed,28.5266666697109,77.1130555597728,No,Natural,Other Govt.Agency,https://mi6census.mowr.gov.in/mic/getWaterBodyImageByURL/MIC_133011000029000340003.jpeg,semi_structured_kml,0.95
ASSET_WB_272094,"Other Water Body — Samalka, New Delhi",water_body,REG_DELHI,SCH_AMRUT,ACT_DDA,,encroached,28.5319444400962,77.0855555603885,Yes,Natural,Other Govt.Agency,https://mi6census.mowr.gov.in/mic/getWaterBodyImageByURL/MIC_133011000029000342001.jpeg,semi_structured_kml,0.95
ASSET_WB_272095,"Other Water Body — Samalka, New Delhi",water_body,REG_DELHI,SCH_AMRUT,ACT_DDA,,encroached,28.5355555599824,77.0875000000708,Yes,Natural,Other Govt.Agency,https://mi6census.mowr.gov.in/mic/getWaterBodyImageByURL/MIC_133011000029000342002.jpeg,semi_structured_kml,0.95
ASSET_WB_272096,"Other Water Body — Samalka, New Delhi",water_body,REG_DELHI,SCH_AMRUT,ACT_DDA,,encroached,28.5313888899405,77.1122222196053,Yes,Natural,Other Govt.Agency,https://mi6census.mowr.gov.in/mic/getWaterBodyImageByURL/MIC_133011000029000342005.jpeg,semi_structured_kml,0.95
ASSET_WB_272097,"Other Water Body — Samalka, New Delhi",water_body,REG_DELHI,SCH_AMRUT,ACT_DDA,,encroached,28.5222222204407,77.098888889928,Yes,Natural,Other private body,https://mi6census.mowr.gov.in/mic/getWaterBodyImageByURL/MIC_133011000029000342006.jpeg,semi_structured_kml,0.95
ASSET_WB_272098,"Other Water Body — Samalka, New Delhi",water_body,REG_DELHI,SCH_AMRUT,ACT_DDA,,encroached,28.5222222197838,77.0991666704547,Yes,Natural,Other Govt.Agency,https://mi6census.mowr.gov.in/mic/getWaterBodyImageByURL/MIC_133011000029000342007.jpeg,semi_structured_kml,0.95
ASSET_WB_272099,"Lake/Pond — Samalka, New Delhi",water_body,REG_DELHI,SCH_AMRUT,ACT_DDA,,completed,28.5300000000757,77.1069444396225,No,Natural,Panchayat,https://mi6census.mowr.gov.in/mic/getWaterBodyImageByURL/MIC_133011000029000342004.jpeg,semi_structured_kml,0.95
ASSET_WB_272100,"Other Water Body — Samalka, New Delhi",water_body,REG_DELHI,SCH_AMRUT,ACT_DDA,,encroached,28.5299999997897,77.0949999998237,Yes,Natural,Other Govt.Agency,https://mi6census.mowr.gov.in/mic/getWaterBodyImageByURL/MIC_133011000029000342003.jpeg,semi_structured_kml,0.95
ASSET_WB_272101,"Other Water Body — Akbar Pur Mazra, North",water_body,REG_DELHI,SCH_AMRUT,ACT_DDA,,encroached,28.8369444398486,77.1836111099261,Yes,Natural,Other Govt.Agency,https://mi6census.mowr.gov.in/mic/getWaterBodyImageByURL/MIC_133001000001000001003.jpeg,semi_structured_kml,0.95
ASSET_WB_272102,"Other Water Body — Akbar Pur Mazra, North",water_body,REG_DELHI,SCH_AMRUT,ACT_DDA,,encroached,28.8344444400649,77.1813888899243,Yes,Natural,Other Govt.Agency,https://mi6census.mowr.gov.in/mic/getWaterBodyImageByURL/MIC_133001000001000001002.jpeg,semi_structured_kml,0.95
ASSET_WB_272103,"Lake/Pond — Akbar Pur Mazra, North",water_body,REG_DELHI,SCH_AMRUT,ACT_DDA,,encroached,28.8344444400649,77.1813888899243,Yes,Natural,Other Govt.Agency,https://mi6census.mowr.gov.in/mic/getWaterBodyImageByURL/MIC_133001000001000001001.jpeg,semi_structured_kml,0.95
ASSET_WB_272104,"Lake/Pond — Ali Pur, North",water_body,REG_DELHI,SCH_AMRUT,ACT_DDA,,completed,28.7986111103058,77.1358333301084,No,Natural,Other Govt.Agency,https://mi6census.mowr.gov.in/mic/getWaterBodyImageByURL/MIC_133001000001000002001.jpeg,semi_structured_kml,0.95
ASSET_WB_272105,"Lake/Pond — Bakoli, North",water_body,REG_DELHI,SCH_AMRUT,ACT_DDA,,completed,28.807777779724,77.1499999999191,No,Natural,Other Govt.Agency,https://mi6census.mowr.gov.in/mic/getWaterBodyImageByURL/MIC_133001000001000004001.jpeg,semi_structured_kml,0.95
ASSET_WB_272106,"Other Water Body — Bhaktawar Pur, North",water_body,REG_DELHI,SCH_AMRUT,ACT_DDA,,encroached,28.8211111097018,77.1727777795544,Yes,Natural,Other Govt.Agency,https://mi6census.mowr.gov.in/mic/getWaterBodyImageByURL/MIC_133001000001000003005.jpeg,semi_structured_kml,0.95
ASSET_WB_272107,"Other Water Body — Bhaktawar Pur, North",water_body,REG_DELHI,SCH_AMRUT,ACT_DDA,,encroached,28.8213888902341,77.1722222203972,Yes,Natural,Other Govt.Agency,https://mi6census.mowr.gov.in/mic/getWaterBodyImageByURL/MIC_133001000001000003006.jpeg,semi_structured_kml,0.95
ASSET_WB_272108,"Lake/Pond — Bhaktawar Pur, North",water_body,REG_DELHI,SCH_AMRUT,ACT_DDA,,completed,28.81666667032,77.1636111096691,No,Natural,Other Govt.Agency,https://mi6census.mowr.gov.in/mic/getWaterBodyImageByURL/MIC_133001000001000003003.jpeg,semi_structured_kml,0.95
ASSET_WB_272109,"Lake/Pond — Bhaktawar Pur, North",water_body,REG_DELHI,SCH_AMRUT,ACT_DDA,,completed,28.8150000001131,77.1638888897908,No,Natural,Other Govt.Agency,https://mi6census.mowr.gov.in/mic/getWaterBodyImageByURL/MIC_133001000001000003002.jpeg,semi_structured_kml,0.95
ASSET_WB_272110,"Lake/Pond — Bhaktawar Pur, North",water_body,REG_DELHI,SCH_AMRUT,ACT_DDA,,completed,28.8288888903276,77.1630555604221,No,Natural,Other Govt.Agency,https://mi6census.mowr.gov.in/mic/getWaterBodyImageByURL/MIC_133001000001000003001.jpeg,semi_structured_kml,0.95
ASSET_WB_272111,"Lake/Pond — Budh Pur Bija Pur, North",water_body,REG_DELHI,SCH_AMRUT,ACT_DDA,,completed,28.7824999996565,77.1363888896299,No,Natural,Panchayat,https://mi6census.mowr.gov.in/mic/getWaterBodyImageByURL/MIC_133001000001000005001.jpeg,semi_structured_kml,0.95
ASSET_WB_272112,"Other Water Body — Fatehpur Jat, North",water_body,REG_DELHI,SCH_AMRUT,ACT_DDA,,completed,28.8094444395592,77.1925000002711,No,Natural,Other Govt.Agency,https://mi6census.mowr.gov.in/mic/getWaterBodyImageByURL/MIC_133001000001000006003.jpeg,semi_structured_kml,0.95
ASSET_WB_272113,"Other Water Body — Garhi Khusro, North",water_body,REG_DELHI,SCH_AMRUT,ACT_DDA,,encroached,28.7874999997254,77.1816666695593,Yes,Natural,Other Govt.Agency,https://mi6census.mowr.gov.in/mic/getWaterBodyImageByURL/MIC_133001000001000007001.jpeg,semi_structured_kml,0.95
ASSET_WB_272114,"Lake/Pond — Hamidpur, North",water_body,REG_DELHI,SCH_AMRUT,ACT_DDA,,encroached,28.8297222199962,77.1488888900323,Yes,Natural,Other Govt.Agency,https://mi6census.mowr.gov.in/mic/getWaterBodyImageByURL/MIC_133001000001000008001.jpeg,semi_structured_kml,0.95
ASSET_WB_272115,"Other Water Body — Hamidpur, North",water_body,REG_DELHI,SCH_AMRUT,ACT_DDA,,encroached,28.8288888900962,77.1494444396374,Yes,Natural,Other Govt.Agency,https://mi6census.mowr.gov.in/mic/getWaterBodyImageByURL/MIC_133001000001000008002.jpeg,semi_structured_kml,0.95
ASSET_WB_272116,"Other Water Body — Hamidpur, North",water_body,REG_DELHI,SCH_AMRUT,ACT_DDA,,encroached,28.8283333296269,77.149722220332,Yes,Natural,Other Govt.Agency,https://mi6census.mowr.gov.in/mic/getWaterBodyImageByURL/MIC_133001000001000008003.jpeg,semi_structured_kml,0.95
ASSET_WB_272117,"Lake/Pond — Hiranki, North",water_body,REG_DELHI,SCH_AMRUT,ACT_DDA,,completed,28.8072222195508,77.1686111097132,No,Natural,Other Govt.Agency,https://mi6census.mowr.gov.in/mic/getWaterBodyImageByURL/MIC_133001000001000009002.jpeg,semi_structured_kml,0.95
ASSET_WB_272118,"Lake/Pond — Hiranki, North",water_body,REG_DELHI,SCH_AMRUT,ACT_DDA,,completed,28.8011111102062,77.1805555597388,No,Natural,Other Govt.Agency,https://mi6census.mowr.gov.in/mic/getWaterBodyImageByURL/MIC_133001000001000009001.jpeg,semi_structured_kml,0.95
ASSET_WB_272119,"Lake/Pond — Ibrahim Pur, North",water_body,REG_DELHI,SCH_AMRUT,ACT_DDA,,encroached,28.7755555602583,77.1791666700333,Yes,Natural,Other Govt.Agency,https://mi6census.mowr.gov.in/mic/getWaterBodyImageByURL/MIC_133001000001000010002.jpeg,semi_structured_kml,0.95
ASSET_WB_272120,"Lake/Pond — Ibrahim Pur, North",water_body,REG_DELHI,SCH_AMRUT,ACT_DDA,,completed,28.7736111102528,77.1766666695205,No,Natural,Other Govt.Agency,https://mi6census.mowr.gov.in/mic/getWaterBodyImageByURL/MIC_133001000001000010001.jpeg,semi_structured_kml,0.95
ASSET_WB_272121,"Lake/Pond — Khera Kalan, North",water_body,REG_DELHI,SCH_AMRUT,ACT_DDA,,completed,28.7813888896571,77.1208333303016,No,Natural,Panchayat,https://mi6census.mowr.gov.in/mic/getWaterBodyImageByURL/MIC_133001000001000014003.jpeg,semi_structured_kml,0.95
ASSET_WB_272122,"Lake/Pond — Khera Kalan, North",water_body,REG_DELHI,SCH_AMRUT,ACT_DDA,,completed,28.7705555599427,77.1122222204494,No,Natural,Co-operative,https://mi6census.mowr.gov.in/mic/getWaterBodyImageByURL/MIC_133001000001000014001.jpeg,semi_structured_kml,0.95
ASSET_WB_272123,"Lake/Pond — Khera Kalan, North",water_body,REG_DELHI,SCH_AMRUT,ACT_DDA,,encroached,28.7705555597879,77.120555560145,Yes,Natural,Panchayat,https://mi6census.mowr.gov.in/mic/getWaterBodyImageByURL/MIC_133001000001000014002.jpeg,semi_structured_kml,0.95
ASSET_WB_272124,"Other Water Body — Mohd.Pur Ramjan Pur, North",water_body,REG_DELHI,SCH_AMRUT,ACT_DDA,,completed,28.8088888901698,77.1875000000655,No,Natural,Other Govt.Agency,https://mi6census.mowr.gov.in/mic/getWaterBodyImageByURL/MIC_133001000001000016002.jpeg,semi_structured_kml,0.95
ASSET_WB_272125,"Other Water Body — Mukhmel Pur, North",water_body,REG_DELHI,SCH_AMRUT,ACT_DDA,,completed,28.7969444402306,77.1716666695031,No,Natural,Other Govt.Agency,https://mi6census.mowr.gov.in/mic/getWaterBodyImageByURL/MIC_133001000001000017002.jpeg,semi_structured_kml,0.95
ASSET_WB_272126,"Other Water Body — Mukhmel Pur, North",water_body,REG_DELHI,SCH_AMRUT,ACT_DDA,,completed,28.7922222195879,77.1672222203852,No,Natural,Other Govt.Agency,https://mi6census.mowr.gov.in/mic/getWaterBodyImageByURL/MIC_133001000001000017001.jpeg,semi_structured_kml,0.95
ASSET_WB_272127,"Lake/Pond — Nangli Poona, North",water_body,REG_DELHI,SCH_AMRUT,ACT_DDA,,completed,28.7719444396608,77.1441666698197,No,Natural,Group of Individuals,https://mi6census.mowr.gov.in/mic/getWaterBodyImageByURL/MIC_133001000001000018001.jpeg,semi_structured_kml,0.95
ASSET_WB_272128,"Other Water Body — Samaypur, North",water_body,REG_DELHI,SCH_AMRUT,ACT_DDA,,encroached,28.7466666699843,77.1386111104181,Yes,Natural,Co-operative,https://mi6census.mowr.gov.in/mic/getWaterBodyImageByURL/MIC_133001000001000020002.jpeg,semi_structured_kml,0.95
ASSET_WB_272129,"Other Water Body — Samaypur, North",water_body,REG_DELHI,SCH_AMRUT,ACT_DDA,,encroached,28.7491666695636,77.1449999999742,Yes,Natural,Co-operative,https://mi6census.mowr.gov.in/mic/getWaterBodyImageByURL/MIC_133001000001000020001.jpeg,semi_structured_kml,0.95
ASSET_WB_272130,"Other Water Body — Shahbad Daulat Pur, North",water_body,REG_DELHI,SCH_AMRUT,ACT_DDA,,encroached,28.7452777801891,77.1105555599031,Yes,Natural,Panchayat,https://mi6census.mowr.gov.in/mic/getWaterBodyImageByURL/MIC_133001000001000019001.jpeg,semi_structured_kml,0.95
ASSET_WB_272131,"Other Water Body — Shahbad Daulat Pur, North",water_body,REG_DELHI,SCH_AMRUT,ACT_DDA,,completed,28.7413888904294,77.1113888896964,No,Natural,Other Govt.Agency,https://mi6census.mowr.gov.in/mic/getWaterBodyImageByURL/MIC_133001000001000019003.jpeg,semi_structured_kml,0.95
ASSET_WB_272132,"Other Water Body — Shahbad Daulat Pur, North",water_body,REG_DELHI,SCH_AMRUT,ACT_DDA,,completed,28.749444440164,77.1063888898705,No,Natural,Panchayat,https://mi6census.mowr.gov.in/mic/getWaterBodyImageByURL/MIC_133001000001000019002.jpeg,semi_structured_kml,0.95
ASSET_WB_272133,"Lake/Pond — Singhola, North",water_body,REG_DELHI,SCH_AMRUT,ACT_DDA,,completed,28.8436111103407,77.1213888901061,No,Natural,Other Govt.Agency,https://mi6census.mowr.gov.in/mic/getWaterBodyImageByURL/MIC_133001000001000025001.jpeg,semi_structured_kml,0.95
ASSET_WB_272134,"Lake/Pond — Singhola, North",water_body,REG_DELHI,SCH_AMRUT,ACT_DDA,,completed,28.8397222199786,77.1194444399705,No,Natural,Panchayat,https://mi6census.mowr.gov.in/mic/getWaterBodyImageByURL/MIC_133001000001000025002.jpeg,semi_structured_kml,0.95
ASSET_WB_272135,"Lake/Pond — Singhu, North",water_body,REG_DELHI,SCH_AMRUT,ACT_DDA,,completed,28.8600000004509,77.1336111100146,No,Natural,Other Govt.Agency,https://mi6census.mowr.gov.in/mic/getWaterBodyImageByURL/MIC_133001000001000026003.jpeg,semi_structured_kml,0.95
ASSET_WB_272136,"Lake/Pond — Singhu, North",water_body,REG_DELHI,SCH_AMRUT,ACT_DDA,,completed,28.8600000004509,77.1336111100146,No,Natural,Other Govt.Agency,https://mi6census.mowr.gov.in/mic/getWaterBodyImageByURL/MIC_133001000001000026002.jpeg,semi_structured_kml,0.95
ASSET_WB_272137,"Lake/Pond — Singhu, North",water_body,REG_DELHI,SCH_AMRUT,ACT_DDA,,completed,28.8600000004509,77.1336111100146,No,Natural,Other Govt.Agency,https://mi6census.mowr.gov.in/mic/getWaterBodyImageByURL/MIC_133001000001000026001.jpeg,semi_structured_kml,0.95
ASSET_WB_272138,"Lake/Pond — Siras Pur, North",water_body,REG_DELHI,SCH_AMRUT,ACT_DDA,,completed,28.7599999998859,77.1286111102827,No,Natural,Panchayat,https://mi6census.mowr.gov.in/mic/getWaterBodyImageByURL/MIC_133001000001000027001.jpeg,semi_structured_kml,0.95
ASSET_WB_272139,"Lake/Pond — Siras Pur, North",water_body,REG_DELHI,SCH_AMRUT,ACT_DDA,,completed,28.7561111100093,77.1311111099203,No,Natural,Panchayat,https://mi6census.mowr.gov.in/mic/getWaterBodyImageByURL/MIC_133001000001000027002.jpeg,semi_structured_kml,0.95
ASSET_WB_272140,"Other Water Body — Sungar Pur Delhi, North",water_body,REG_DELHI,SCH_AMRUT,ACT_DDA,,completed,28.8182020003581,77.2119209999672,No,Man-made,Other Govt.Agency,https://mi6census.mowr.gov.in/mic/getWaterBodyImageByURL/MIC_133001000001000028003.jpeg,semi_structured_kml,0.95
ASSET_WB_272141,"Lake/Pond — Taj Pur Kalan, North",water_body,REG_DELHI,SCH_AMRUT,ACT_DDA,,completed,28.8358333303954,77.1675000001282,No,Natural,Other Govt.Agency,https://mi6census.mowr.gov.in/mic/getWaterBodyImageByURL/MIC_133001000001000030001.jpeg,semi_structured_kml,0.95
ASSET_WB_272142,"Lake/Pond — Taj Pur Kalan, North",water_body,REG_DELHI,SCH_AMRUT,ACT_DDA,,completed,28.8394444399503,77.1716666695738,No,Natural,Other Govt.Agency,https://mi6census.mowr.gov.in/mic/getWaterBodyImageByURL/MIC_133001000001000030002.jpeg,semi_structured_kml,0.95
ASSET_WB_272143,"Lake/Pond — Taj Pur Kalan, North",water_body,REG_DELHI,SCH_AMRUT,ACT_DDA,,encroached,28.8397222199204,77.1691666695627,Yes,Natural,Other Govt.Agency,https://mi6census.mowr.gov.in/mic/getWaterBodyImageByURL/MIC_133001000001000030003.jpeg,semi_structured_kml,0.95
ASSET_WB_272144,"Other Water Body — Tehri Daulat Pur, North",water_body,REG_DELHI,SCH_AMRUT,ACT_DDA,,completed,28.7913888901138,77.1972222203858,No,Natural,Other Govt.Agency,https://mi6census.mowr.gov.in/mic/getWaterBodyImageByURL/MIC_133001000001000031002.jpeg,semi_structured_kml,0.95
ASSET_WB_272145,"Lake/Pond — Tigi Pur, North",water_body,REG_DELHI,SCH_AMRUT,ACT_DDA,,encroached,28.8247222201675,77.1877777797025,Yes,Natural,Other Govt.Agency,https://mi6census.mowr.gov.in/mic/getWaterBodyImageByURL/MIC_133001000001000032001.jpeg,semi_structured_kml,0.95
ASSET_WB_272146,"Other Water Body — Tigi Pur, North",water_body,REG_DELHI,SCH_AMRUT,ACT_DDA,,encroached,28.8247222198051,77.1880555599622,Yes,Natural,Other Govt.Agency,https://mi6census.mowr.gov.in/mic/getWaterBodyImageByURL/MIC_133001000001000032005.jpeg,semi_structured_kml,0.95
ASSET_WB_272147,"Other Water Body — Tigi Pur, North",water_body,REG_DELHI,SCH_AMRUT,ACT_DDA,,encroached,28.8219444403065,77.1886111099869,Yes,Natural,Other Govt.Agency,https://mi6census.mowr.gov.in/mic/getWaterBodyImageByURL/MIC_133001000001000032007.jpeg,semi_structured_kml,0.95
ASSET_WB_272148,"Other Water Body — Tigi Pur, North",water_body,REG_DELHI,SCH_AMRUT,ACT_DDA,,encroached,28.8219444403065,77.1886111099869,Yes,Natural,Other Govt.Agency,https://mi6census.mowr.gov.in/mic/getWaterBodyImageByURL/MIC_133001000001000032004.jpeg,semi_structured_kml,0.95
ASSET_WB_272149,"Other Water Body — Zind Pur, North",water_body,REG_DELHI,SCH_AMRUT,ACT_DDA,,completed,28.8027777798427,77.1611111103247,No,Natural,Other Govt.Agency,https://mi6census.mowr.gov.in/mic/getWaterBodyImageByURL/MIC_133001000001000012002.jpeg,semi_structured_kml,0.95
ASSET_WB_272150,"Other Water Body — Zind Pur, North",water_body,REG_DELHI,SCH_AMRUT,ACT_DDA,,encroached,28.7930555603342,77.1549999996833,Yes,Natural,Other Govt.Agency,https://mi6census.mowr.gov.in/mic/getWaterBodyImageByURL/MIC_133001000001000012001.jpeg,semi_structured_kml,0.95
ASSET_WB_272151,"Other Water Body — Azadpur, North",water_body,REG_DELHI,SCH_AMRUT,ACT_DDA,,completed,28.712499999833,77.1775000003861,No,Natural,Other Govt.Agency,https://mi6census.mowr.gov.in/mic/getWaterBodyImageByURL/MIC_133001000002000041001.jpeg,semi_structured_kml,0.95
ASSET_WB_272152,"Other Water Body — Azadpur, North",water_body,REG_DELHI,SCH_AMRUT,ACT_DDA,,completed,28.7272222201418,77.1919444398291,No,Natural,Other Govt.Agency,https://mi6census.mowr.gov.in/mic/getWaterBodyImageByURL/MIC_133001000002000041003.jpeg,semi_structured_kml,0.95
ASSET_WB_272153,"Other Water Body — Azadpur, North",water_body,REG_DELHI,SCH_AMRUT,ACT_DDA,,completed,28.7130555600653,77.177500000094,No,Natural,Other private body,https://mi6census.mowr.gov.in/mic/getWaterBodyImageByURL/MIC_133001000002000041002.jpeg,semi_structured_kml,0.95
ASSET_WB_272154,"Other Water Body — Bharola, North",water_body,REG_DELHI,SCH_AMRUT,ACT_DDA,,completed,28.7211111102363,77.1766666694997,No,Natural,Other Govt.Agency,https://mi6census.mowr.gov.in/mic/getWaterBodyImageByURL/MIC_133001000002000039001.jpeg,semi_structured_kml,0.95
ASSET_WB_272155,"Other Water Body — Dheer Pur, North",water_body,REG_DELHI,SCH_AMRUT,ACT_DDA,,completed,28.7202777803382,77.2086111101883,No,Natural,Other Govt.Agency,https://mi6census.mowr.gov.in/mic/getWaterBodyImageByURL/MIC_133001000002000036002.jpeg,semi_structured_kml,0.95
ASSET_WB_272156,"Other Water Body — Dheer Pur, North",water_body,REG_DELHI,SCH_AMRUT,ACT_DDA,,completed,28.7211111099107,77.2077777800246,No,Natural,Other Govt.Agency,https://mi6census.mowr.gov.in/mic/getWaterBodyImageByURL/MIC_133001000002000036003.jpeg,semi_structured_kml,0.95
ASSET_WB_272157,"Other Water Body — Dheer Pur, North",water_body,REG_DELHI,SCH_AMRUT,ACT_DDA,,completed,28.7202777803382,77.2086111101883,No,Natural,Other Govt.Agency,https://mi6census.mowr.gov.in/mic/getWaterBodyImageByURL/MIC_133001000002000036001.jpeg,semi_structured_kml,0.95
ASSET_WB_272158,"Reservoir — Malik Pur Chawni, North",water_body,REG_DELHI,SCH_AMRUT,ACT_DDA,,completed,28.7072222200792,77.1938888898605,No,Natural,Muncipal authority,https://mi6census.mowr.gov.in/mic/getWaterBodyImageByURL/MIC_133001000002000034001.jpeg,semi_structured_kml,0.95
ASSET_WB_272159,"Lake/Pond — Raipur Chawni, North",water_body,REG_DELHI,SCH_AMRUT,ACT_DDA,,completed,28.6916666701577,77.1922222200184,No,Natural,Other private body,https://mi6census.mowr.gov.in/mic/getWaterBodyImageByURL/MIC_133001000002000038001.jpeg,semi_structured_kml,0.95
ASSET_WB_272160,"Lake/Pond — Auchandi, North",water_body,REG_DELHI,SCH_AMRUT,ACT_DDA,,completed,28.8191666697275,77.0002777800361,No,Natural,Other Govt.Agency,https://mi6census.mowr.gov.in/mic/getWaterBodyImageByURL/MIC_133001000003000059001.jpeg,semi_structured_kml,0.95
ASSET_WB_272161,"Lake/Pond — Auchandi, North",water_body,REG_DELHI,SCH_AMRUT,ACT_DDA,,completed,28.8230555597102,76.9913888904443,No,Natural,Other Govt.Agency,https://mi6census.mowr.gov.in/mic/getWaterBodyImageByURL/MIC_133001000003000059004.jpeg,semi_structured_kml,0.95
ASSET_WB_272162,"Lake/Pond — Auchandi, North",water_body,REG_DELHI,SCH_AMRUT,ACT_DDA,,completed,28.8177777796119,76.9966666700868,No,Natural,Other Govt.Agency,https://mi6census.mowr.gov.in/mic/getWaterBodyImageByURL/MIC_133001000003000059003.jpeg,semi_structured_kml,0.95
ASSET_WB_272163,"Lake/Pond — Auchandi, North",water_body,REG_DELHI,SCH_AMRUT,ACT_DDA,,completed,28.8205555596867,76.9983333296651,No,Natural,Other Govt.Agency,https://mi6census.mowr.gov.in/mic/getWaterBodyImageByURL/MIC_133001000003000059002.jpeg,semi_structured_kml,0.95
ASSET_WB_272164,"Lake/Pond — Bajit Pur Thakran, North",water_body,REG_DELHI,SCH_AMRUT,ACT_DDA,,completed,28.7947222199116,77.0008333296866,No,Natural,Other Govt.Agency,https://mi6census.mowr.gov.in/mic/getWaterBodyImageByURL/MIC_133001000003000042002.jpeg,semi_structured_kml,0.95
ASSET_WB_272165,"Lake/Pond — Bajit Pur Thakran, North",water_body,REG_DELHI,SCH_AMRUT,ACT_DDA,,completed,28.8055555603835,76.9980555596847,No,Natural,Other Govt.Agency,https://mi6census.mowr.gov.in/mic/getWaterBodyImageByURL/MIC_133001000003000042001.jpeg,semi_structured_kml,0.95
ASSET_WB_272166,"Lake/Pond — Bajit Pur Thakran, North",water_body,REG_DELHI,SCH_AMRUT,ACT_DDA,,completed,28.8080555596992,76.9994444404872,No,Natural,Other Govt.Agency,https://mi6census.mowr.gov.in/mic/getWaterBodyImageByURL/MIC_133001000003000042003.jpeg,semi_structured_kml,0.95
ASSET_WB_272167,"Lake/Pond — Bajit Pur Thakran, North",water_body,REG_DELHI,SCH_AMRUT,ACT_DDA,,completed,28.7836111099896,77.0016666697585,No,Natural,Other Govt.Agency,https://mi6census.mowr.gov.in/mic/getWaterBodyImageByURL/MIC_133001000003000042004.jpeg,semi_structured_kml,0.95
ASSET_WB_272168,"Other Water Body — Bankner, North",water_body,REG_DELHI,SCH_AMRUT,ACT_DDA,,encroached,28.8519444399136,77.0786111103223,Yes,Natural,Panchayat,https://mi6census.mowr.gov.in/mic/getWaterBodyImageByURL/MIC_133001000003000043003.jpeg,semi_structured_kml,0.95
ASSET_WB_272169,"Other Water Body — Bankner, North",water_body,REG_DELHI,SCH_AMRUT,ACT_DDA,,encroached,28.853055559762,77.0788888901833,Yes,Natural,Panchayat,https://mi6census.mowr.gov.in/mic/getWaterBodyImageByURL/MIC_133001000003000043008.jpeg,semi_structured_kml,0.95
ASSET_WB_272170,"Other Water Body — Bankner, North",water_body,REG_DELHI,SCH_AMRUT,ACT_DDA,,encroached,28.8527777804554,77.0761111098678,Yes,Natural,Panchayat,https://mi6census.mowr.gov.in/mic/getWaterBodyImageByURL/MIC_133001000003000043007.jpeg,semi_structured_kml,0.95
ASSET_WB_272171,"Lake/Pond — Bankner, North",water_body,REG_DELHI,SCH_AMRUT,ACT_DDA,,completed,28.8477777797551,77.0752777795308,No,Natural,Panchayat,https://mi6census.mowr.gov.in/mic/getWaterBodyImageByURL/MIC_133001000003000043002.jpeg,semi_structured_kml,0.95
ASSET_WB_272172,"Lake/Pond — Bankner, North",water_body,REG_DELHI,SCH_AMRUT,ACT_DDA,,encroached,28.8480555601583,77.0724999995652,Yes,Natural,Panchayat,https://mi6census.mowr.gov.in/mic/getWaterBodyImageByURL/MIC_133001000003000043005.jpeg,semi_structured_kml,0.95
ASSET_WB_272173,"Other Water Body — Bankner, North",water_body,REG_DELHI,SCH_AMRUT,ACT_DDA,,encroached,28.8527777799007,77.074166670368,Yes,Natural,Panchayat,https://mi6census.mowr.gov.in/mic/getWaterBodyImageByURL/MIC_133001000003000043006.jpeg,semi_structured_kml,0.95
ASSET_WB_272174,"Lake/Pond — Bankner, North",water_body,REG_DELHI,SCH_AMRUT,ACT_DDA,,encroached,28.8502777796141,77.0755555597228,Yes,Natural,Panchayat,https://mi6census.mowr.gov.in/mic/getWaterBodyImageByURL/MIC_133001000003000043001.jpeg,semi_structured_kml,0.95
ASSET_WB_272175,"Lake/Pond — Bankner, North",water_body,REG_DELHI,SCH_AMRUT,ACT_DDA,,encroached,28.8494444395694,77.0725000004493,Yes,Natural,Panchayat,https://mi6census.mowr.gov.in/mic/getWaterBodyImageByURL/MIC_133001000003000043004.jpeg,semi_structured_kml,0.95
ASSET_WB_272176,"Other Water Body — Barwala, North",water_body,REG_DELHI,SCH_AMRUT,ACT_DDA,,completed,28.7580555598717,77.0649999997686,No,Natural,Other Govt.Agency,https://mi6census.mowr.gov.in/mic/getWaterBodyImageByURL/MIC_133001000003000067004.jpeg,semi_structured_kml,0.95
ASSET_WB_272177,"Other Water Body — Barwala, North",water_body,REG_DELHI,SCH_AMRUT,ACT_DDA,,completed,28.758611109966,77.0630555595874,No,Natural,Other Govt.Agency,https://mi6census.mowr.gov.in/mic/getWaterBodyImageByURL/MIC_133001000003000067005.jpeg,semi_structured_kml,0.95
ASSET_WB_272178,"Lake/Pond — Barwala, North",water_body,REG_DELHI,SCH_AMRUT,ACT_DDA,,completed,28.7633333302,77.0622222201261,No,Natural,Panchayat,https://mi6census.mowr.gov.in/mic/getWaterBodyImageByURL/MIC_133001000003000067003.jpeg,semi_structured_kml,0.95
ASSET_WB_272179,"Other Water Body — Barwala, North",water_body,REG_DELHI,SCH_AMRUT,ACT_DDA,,completed,28.7522222195478,77.062777779704,No,Natural,Other Govt.Agency,https://mi6census.mowr.gov.in/mic/getWaterBodyImageByURL/MIC_133001000003000067006.jpeg,semi_structured_kml,0.95
ASSET_WB_272180,"Lake/Pond — Barwala, North",water_body,REG_DELHI,SCH_AMRUT,ACT_DDA,,completed,28.7636111096734,77.0627777796133,No,Natural,Panchayat,https://mi6census.mowr.gov.in/mic/getWaterBodyImageByURL/MIC_133001000003000067002.jpeg,semi_structured_kml,0.95
ASSET_WB_272181,"Lake/Pond — Barwala, North",water_body,REG_DELHI,SCH_AMRUT,ACT_DDA,,completed,28.7555555598234,77.0697222203967,No,Natural,Panchayat,https://mi6census.mowr.gov.in/mic/getWaterBodyImageByURL/MIC_133001000003000067001.jpeg,semi_structured_kml,0.95
ASSET_WB_272182,"Lake/Pond — Bawana, North",water_body,REG_DELHI,SCH_AMRUT,ACT_DDA,,completed,28.7938888898843,77.0361111095406,No,Natural,Other Govt.Agency,https://mi6census.mowr.gov.in/mic/getWaterBodyImageByURL/MIC_133001000003000044008.jpeg,semi_structured_kml,0.95
ASSET_WB_272183,"Lake/Pond — Bawana, North",water_body,REG_DELHI,SCH_AMRUT,ACT_DDA,,completed,28.7986111102881,77.0405555599792,No,Natural,Other Govt.Agency,https://mi6census.mowr.gov.in/mic/getWaterBodyImageByURL/MIC_133001000003000044005.jpeg,semi_structured_kml,0.95
ASSET_WB_272184,"Lake/Pond — Bawana, North",water_body,REG_DELHI,SCH_AMRUT,ACT_DDA,,completed,28.8027777800554,77.0352777799506,No,Natural,Other Govt.Agency,https://mi6census.mowr.gov.in/mic/getWaterBodyImageByURL/MIC_133001000003000044004.jpeg,semi_structured_kml,0.95
ASSET_WB_272185,"Lake/Pond — Bawana, North",water_body,REG_DELHI,SCH_AMRUT,ACT_DDA,,completed,28.8019444402172,77.024722220318,No,Natural,Other Govt.Agency,https://mi6census.mowr.gov.in/mic/getWaterBodyImageByURL/MIC_133001000003000044003.jpeg,semi_structured_kml,0.95
ASSET_WB_272186,"Lake/Pond — Bawana, North",water_body,REG_DELHI,SCH_AMRUT,ACT_DDA,,completed,28.7991666703747,77.0369444398337,No,Natural,Other Govt.Agency,https://mi6census.mowr.gov.in/mic/getWaterBodyImageByURL/MIC_133001000003000044001.jpeg,semi_structured_kml,0.95
ASSET_WB_272187,"Lake/Pond — Bawana, North",water_body,REG_DELHI,SCH_AMRUT,ACT_DDA,,completed,28.7961111101367,77.0294444396025,No,Natural,Other Govt.Agency,https://mi6census.mowr.gov.in/mic/getWaterBodyImageByURL/MIC_133001000003000044007.jpeg,semi_structured_kml,0.95
ASSET_WB_272188,"Lake/Pond — Bawana, North",water_body,REG_DELHI,SCH_AMRUT,ACT_DDA,,completed,28.7941666701925,77.0358333297052,No,Natural,Other Govt.Agency,https://mi6census.mowr.gov.in/mic/getWaterBodyImageByURL/MIC_133001000003000044009.jpeg,semi_structured_kml,0.95
ASSET_WB_272189,"Lake/Pond — Bawana, North",water_body,REG_DELHI,SCH_AMRUT,ACT_DDA,,completed,28.807777780338,77.0308333295344,No,Natural,Other Govt.Agency,https://mi6census.mowr.gov.in/mic/getWaterBodyImageByURL/MIC_133001000003000044002.jpeg,semi_structured_kml,0.95
ASSET_WB_272190,"Lake/Pond — Bawana, North",water_body,REG_DELHI,SCH_AMRUT,ACT_DDA,,completed,28.7880555603402,77.0266666699916,No,Natural,Other Govt.Agency,https://mi6census.mowr.gov.in/mic/getWaterBodyImageByURL/MIC_133001000003000044006.jpeg,semi_structured_kml,0.95
ASSET_WB_272191,"Lake/Pond — Bhorgarh, North",water_body,REG_DELHI,SCH_AMRUT,ACT_DDA,,completed,28.8277777800783,77.0922222203085,No,Natural,Other Govt.Agency,https://mi6census.mowr.gov.in/mic/getWaterBodyImageByURL/MIC_133001000003000045002.jpeg,semi_structured_kml,0.95
ASSET_WB_272192,"Other Water Body — Bhorgarh, North",water_body,REG_DELHI,SCH_AMRUT,ACT_DDA,,completed,28.8313888897568,77.084166670282,No,Natural,Other Govt.Agency,https://mi6census.mowr.gov.in/mic/getWaterBodyImageByURL/MIC_133001000003000045001.jpeg,semi_structured_kml,0.95
ASSET_WB_272193,"Lake/Pond — Dariya Purkalan, North",water_body,REG_DELHI,SCH_AMRUT,ACT_DDA,,completed,28.8163888902191,77.0130555594799,No,Natural,Panchayat,https://mi6census.mowr.gov.in/mic/getWaterBodyImageByURL/MIC_133001000003000046001.jpeg,semi_structured_kml,0.95
ASSET_WB_272194,"Lake/Pond — Dariya Purkalan, North",water_body,REG_DELHI,SCH_AMRUT,ACT_DDA,,encroached,28.8174999996154,77.0088888900032,Yes,Natural,Panchayat,https://mi6census.mowr.gov.in/mic/getWaterBodyImageByURL/MIC_133001000003000046003.jpeg,semi_structured_kml,0.95
ASSET_WB_272195,"Lake/Pond — Dariya Purkalan, North",water_body,REG_DELHI,SCH_AMRUT,ACT_DDA,,encroached,28.8136111103862,77.0119444399207,Yes,Natural,Panchayat,https://mi6census.mowr.gov.in/mic/getWaterBodyImageByURL/MIC_133001000003000046002.jpeg,semi_structured_kml,0.95
ASSET_WB_272196,"Lake/Pond — Dariya Purkalan, North",water_body,REG_DELHI,SCH_AMRUT,ACT_DDA,,encroached,28.8122222198581,77.0077777802925,Yes,Natural,Panchayat,https://mi6census.mowr.gov.in/mic/getWaterBodyImageByURL/MIC_133001000003000046005.jpeg,semi_structured_kml,0.95
ASSET_WB_272197,"Lake/Pond — Dariya Purkalan, North",water_body,REG_DELHI,SCH_AMRUT,ACT_DDA,,encroached,28.8216666699807,77.0125000005064,Yes,Natural,Panchayat,https://mi6census.mowr.gov.in/mic/getWaterBodyImageByURL/MIC_133001000003000046004.jpeg,semi_structured_kml,0.95
ASSET_WB_272198,"Lake/Pond — Ghoga, North",water_body,REG_DELHI,SCH_AMRUT,ACT_DDA,,encroached,28.831666670059,77.0466666699883,Yes,Natural,Panchayat,https://mi6census.mowr.gov.in/mic/getWaterBodyImageByURL/MIC_133001000003000047002.jpeg,semi_structured_kml,0.95
ASSET_WB_272199,"Other Water Body — Ghoga, North",water_body,REG_DELHI,SCH_AMRUT,ACT_DDA,,encroached,28.830833329772,77.0497222197257,Yes,Natural,Panchayat,https://mi6census.mowr.gov.in/mic/getWaterBodyImageByURL/MIC_133001000003000047001.jpeg,semi_structured_kml,0.95
ASSET_WB_272200,"Lake/Pond — Harevali, North",water_body,REG_DELHI,SCH_AMRUT,ACT_DDA,,encroached,28.8372222196653,77.0150000001229,Yes,Natural,Panchayat,https://mi6census.mowr.gov.in/mic/getWaterBodyImageByURL/MIC_133001000003000048003.jpeg,semi_structured_kml,0.95
ASSET_WB_272201,"Other Water Body — Harevali, North",water_body,REG_DELHI,SCH_AMRUT,ACT_DDA,,encroached,28.8388888898386,77.0113888895828,Yes,Natural,Co-operative,https://mi6census.mowr.gov.in/mic/getWaterBodyImageByURL/MIC_133001000003000048005.jpeg,semi_structured_kml,0.95
ASSET_WB_272202,"Lake/Pond — Harevali, North",water_body,REG_DELHI,SCH_AMRUT,ACT_DDA,,encroached,28.8372222196653,77.0150000001229,Yes,Natural,Panchayat,https://mi6census.mowr.gov.in/mic/getWaterBodyImageByURL/MIC_133001000003000048002.jpeg,semi_structured_kml,0.95
ASSET_WB_272203,"Lake/Pond — Harevali, North",water_body,REG_DELHI,SCH_AMRUT,ACT_DDA,,completed,28.8347222196458,77.0088888903693,No,Natural,Panchayat,https://mi6census.mowr.gov.in/mic/getWaterBodyImageByURL/MIC_133001000003000048001.jpeg,semi_structured_kml,0.95
ASSET_WB_272204,"Lake/Pond — Harevali, North",water_body,REG_DELHI,SCH_AMRUT,ACT_DDA,,encroached,28.8294444396841,77.0186111102902,Yes,Natural,Panchayat,https://mi6census.mowr.gov.in/mic/getWaterBodyImageByURL/MIC_133001000003000048004.jpeg,semi_structured_kml,0.95
ASSET_WB_272205,"Lake/Pond — Holambi Kalan, North",water_body,REG_DELHI,SCH_AMRUT,ACT_DDA,,completed,28.8077777800859,77.0983333302138,No,Natural,Panchayat,https://mi6census.mowr.gov.in/mic/getWaterBodyImageByURL/MIC_133001000003000049001.jpeg,semi_structured_kml,0.95
ASSET_WB_272206,"Lake/Pond — Holambi Kalan, North",water_body,REG_DELHI,SCH_AMRUT,ACT_DDA,,encroached,28.8075000000788,77.0958333304272,Yes,Natural,Panchayat,https://mi6census.mowr.gov.in/mic/getWaterBodyImageByURL/MIC_133001000003000049002.jpeg,semi_structured_kml,0.95
ASSET_WB_272207,"Lake/Pond — Holambi Khurd, North",water_body,REG_DELHI,SCH_AMRUT,ACT_DDA,,encroached,28.7958333302207,77.0938888903903,Yes,Natural,Panchayat,https://mi6census.mowr.gov.in/mic/getWaterBodyImageByURL/MIC_133001000003000050001.jpeg,semi_structured_kml,0.95
ASSET_WB_272208,"Lake/Pond — Holambi Khurd, North",water_body,REG_DELHI,SCH_AMRUT,ACT_DDA,,completed,28.7950000003235,77.1027777800853,No,Natural,Panchayat,https://mi6census.mowr.gov.in/mic/getWaterBodyImageByURL/MIC_133001000003000050002.jpeg,semi_structured_kml,0.95
ASSET_WB_272209,"Other Water Body — Katewara, North",water_body,REG_DELHI,SCH_AMRUT,ACT_DDA,,encroached,28.808611109841,76.9686111102298,Yes,Natural,Other Govt.Agency,https://mi6census.mowr.gov.in/mic/getWaterBodyImageByURL/MIC_133001000003000051005.jpeg,semi_structured_kml,0.95
ASSET_WB_272210,"Lake/Pond — Katewara, North",water_body,REG_DELHI,SCH_AMRUT,ACT_DDA,,completed,28.7983333299842,76.9719444395088,No,Natural,Other Govt.Agency,https://mi6census.mowr.gov.in/mic/getWaterBodyImageByURL/MIC_133001000003000051002.jpeg,semi_structured_kml,0.95
ASSET_WB_272211,"Other Water Body — Katewara, North",water_body,REG_DELHI,SCH_AMRUT,ACT_DDA,,completed,28.80638889023,76.9694444396399,No,Natural,Other Govt.Agency,https://mi6census.mowr.gov.in/mic/getWaterBodyImageByURL/MIC_133001000003000051004.jpeg,semi_structured_kml,0.95
ASSET_WB_272212,"Lake/Pond — Katewara, North",water_body,REG_DELHI,SCH_AMRUT,ACT_DDA,,completed,28.8036111096678,76.994999999665,No,Natural,Other Govt.Agency,https://mi6census.mowr.gov.in/mic/getWaterBodyImageByURL/MIC_133001000003000051003.jpeg,semi_structured_kml,0.95
ASSET_WB_272213,"Lake/Pond — Katewara, North",water_body,REG_DELHI,SCH_AMRUT,ACT_DDA,,completed,28.8058333301173,76.9838888896991,No,Natural,Other Govt.Agency,https://mi6census.mowr.gov.in/mic/getWaterBodyImageByURL/MIC_133001000003000051001.jpeg,semi_structured_kml,0.95
ASSET_WB_272214,"Lake/Pond — Khera Khurd, North",water_body,REG_DELHI,SCH_AMRUT,ACT_DDA,,completed,28.7755555596297,77.0927777800082,No,Natural,Panchayat,https://mi6census.mowr.gov.in/mic/getWaterBodyImageByURL/MIC_133001000003000052001.jpeg,semi_structured_kml,0.95
ASSET_WB_272215,"Lake/Pond — Khera Khurd, North",water_body,REG_DELHI,SCH_AMRUT,ACT_DDA,,completed,28.7830555596507,77.0961111100608,No,Natural,Panchayat,https://mi6census.mowr.gov.in/mic/getWaterBodyImageByURL/MIC_133001000003000052002.jpeg,semi_structured_kml,0.95
ASSET_WB_272216,"Lake/Pond — Lam Pur, North",water_body,REG_DELHI,SCH_AMRUT,ACT_DDA,,encroached,28.8491666699959,77.0658333298943,Yes,Natural,Panchayat,https://mi6census.mowr.gov.in/mic/getWaterBodyImageByURL/MIC_133001000003000053003.jpeg,semi_structured_kml,0.95
ASSET_WB_272217,"Lake/Pond — Lam Pur, North",water_body,REG_DELHI,SCH_AMRUT,ACT_DDA,,encroached,28.8491666698295,77.059722220091,Yes,Natural,Panchayat,https://mi6census.mowr.gov.in/mic/getWaterBodyImageByURL/MIC_133001000003000053007.jpeg,semi_structured_kml,0.95
ASSET_WB_272218,"Lake/Pond — Lam Pur, North",water_body,REG_DELHI,SCH_AMRUT,ACT_DDA,,encroached,28.845555559671,77.0563888903481,Yes,Natural,Panchayat,https://mi6census.mowr.gov.in/mic/getWaterBodyImageByURL/MIC_133001000003000053006.jpeg,semi_structured_kml,0.95
ASSET_WB_272219,"Lake/Pond — Lam Pur, North",water_body,REG_DELHI,SCH_AMRUT,ACT_DDA,,encroached,28.8522222196237,77.0644444396128,Yes,Natural,Panchayat,https://mi6census.mowr.gov.in/mic/getWaterBodyImageByURL/MIC_133001000003000053001.jpeg,semi_structured_kml,0.95
ASSET_WB_272220,"Lake/Pond — Lam Pur, North",water_body,REG_DELHI,SCH_AMRUT,ACT_DDA,,encroached,28.8519444400175,77.0649999997315,Yes,Natural,Panchayat,https://mi6census.mowr.gov.in/mic/getWaterBodyImageByURL/MIC_133001000003000053011.jpeg,semi_structured_kml,0.95
ASSET_WB_272221,"Lake/Pond — Lam Pur, North",water_body,REG_DELHI,SCH_AMRUT,ACT_DDA,,encroached,28.8491666702716,77.0655555597696,Yes,Natural,Panchayat,https://mi6census.mowr.gov.in/mic/getWaterBodyImageByURL/MIC_133001000003000053002.jpeg,semi_structured_kml,0.95
ASSET_WB_272222,"Lake/Pond — Lam Pur, North",water_body,REG_DELHI,SCH_AMRUT,ACT_DDA,,encroached,28.8508333295866,77.0663888901102,Yes,Natural,Panchayat,https://mi6census.mowr.gov.in/mic/getWaterBodyImageByURL/MIC_133001000003000053010.jpeg,semi_structured_kml,0.95
ASSET_WB_272223,"Lake/Pond — Lam Pur, North",water_body,REG_DELHI,SCH_AMRUT,ACT_DDA,,encroached,28.8527777799875,77.0786111104578,Yes,Natural,Panchayat,https://mi6census.mowr.gov.in/mic/getWaterBodyImageByURL/MIC_133001000003000053009.jpeg,semi_structured_kml,0.95
ASSET_WB_272224,"Lake/Pond — Lam Pur, North",water_body,REG_DELHI,SCH_AMRUT,ACT_DDA,,encroached,28.8491666699959,77.0658333298943,Yes,Natural,Panchayat,https://mi6census.mowr.gov.in/mic/getWaterBodyImageByURL/MIC_133001000003000053005.jpeg,semi_structured_kml,0.95
ASSET_WB_272225,"Lake/Pond — Lam Pur, North",water_body,REG_DELHI,SCH_AMRUT,ACT_DDA,,encroached,28.8491666699959,77.0658333298943,Yes,Natural,Panchayat,https://mi6census.mowr.gov.in/mic/getWaterBodyImageByURL/MIC_133001000003000053004.jpeg,semi_structured_kml,0.95
ASSET_WB_272226,"Lake/Pond — Lam Pur, North",water_body,REG_DELHI,SCH_AMRUT,ACT_DDA,,encroached,28.8549999997877,77.0586111095486,Yes,Natural,Panchayat,https://mi6census.mowr.gov.in/mic/getWaterBodyImageByURL/MIC_133001000003000053008.jpeg,semi_structured_kml,0.95
ASSET_WB_272227,"Lake/Pond — Mamoor Pur, North",water_body,REG_DELHI,SCH_AMRUT,ACT_DDA,,completed,28.8616666702022,77.0961111096132,No,Natural,Other Govt.Agency,https://mi6census.mowr.gov.in/mic/getWaterBodyImageByURL/MIC_133001000003000054002.jpeg,semi_structured_kml,0.95
ASSET_WB_272228,"Lake/Pond — Mamoor Pur, North",water_body,REG_DELHI,SCH_AMRUT,ACT_DDA,,encroached,28.8575000000052,77.0938888896192,Yes,Natural,Other Govt.Agency,https://mi6census.mowr.gov.in/mic/getWaterBodyImageByURL/MIC_133001000003000054001.jpeg,semi_structured_kml,0.95
ASSET_WB_272229,"Lake/Pond — Mamoor Pur, North",water_body,REG_DELHI,SCH_AMRUT,ACT_DDA,,completed,28.8616666698419,77.0955555596123,No,Natural,Co-operative,https://mi6census.mowr.gov.in/mic/getWaterBodyImageByURL/MIC_133001000003000054003.jpeg,semi_structured_kml,0.95
ASSET_WB_272230,"Lake/Pond — Mungeshp Ur, North",water_body,REG_DELHI,SCH_AMRUT,ACT_DDA,,completed,28.8194444400693,76.9766666695826,No,Natural,Other Govt.Agency,https://mi6census.mowr.gov.in/mic/getWaterBodyImageByURL/MIC_133001000003000055001.jpeg,semi_structured_kml,0.95
ASSET_WB_272231,"Lake/Pond — Mungeshp Ur, North",water_body,REG_DELHI,SCH_AMRUT,ACT_DDA,,completed,28.8166666696927,76.9697222204491,No,Natural,Other Govt.Agency,https://mi6census.mowr.gov.in/mic/getWaterBodyImageByURL/MIC_133001000003000055005.jpeg,semi_structured_kml,0.95
ASSET_WB_272232,"Lake/Pond — Mungeshp Ur, North",water_body,REG_DELHI,SCH_AMRUT,ACT_DDA,,completed,28.816111109674,76.9700000004098,No,Natural,Other Govt.Agency,https://mi6census.mowr.gov.in/mic/getWaterBodyImageByURL/MIC_133001000003000055004.jpeg,semi_structured_kml,0.95
ASSET_WB_272233,"Lake/Pond — Mungeshp Ur, North",water_body,REG_DELHI,SCH_AMRUT,ACT_DDA,,completed,28.8163888904318,76.9755555604314,No,Natural,Other Govt.Agency,https://mi6census.mowr.gov.in/mic/getWaterBodyImageByURL/MIC_133001000003000055003.jpeg,semi_structured_kml,0.95
ASSET_WB_272234,"Lake/Pond — Mungeshp Ur, North",water_body,REG_DELHI,SCH_AMRUT,ACT_DDA,,completed,28.8238888896638,76.9736111099364,No,Natural,Other Govt.Agency,https://mi6census.mowr.gov.in/mic/getWaterBodyImageByURL/MIC_133001000003000055002.jpeg,semi_structured_kml,0.95
ASSET_WB_272235,"Lake/Pond — Nangal Thakran, North",water_body,REG_DELHI,SCH_AMRUT,ACT_DDA,,completed,28.791111109904,77.0152777804369,No,Natural,Other Govt.Agency,https://mi6census.mowr.gov.in/mic/getWaterBodyImageByURL/MIC_133001000003000056005.jpeg,semi_structured_kml,0.95
ASSET_WB_272236,"Lake/Pond — Nangal Thakran, North",water_body,REG_DELHI,SCH_AMRUT,ACT_DDA,,completed,28.8105555595567,77.0122222196302,No,Natural,Other Govt.Agency,https://mi6census.mowr.gov.in/mic/getWaterBodyImageByURL/MIC_133001000003000056001.jpeg,semi_structured_kml,0.95
ASSET_WB_272237,"Other Water Body — Nangal Thakran, North",water_body,REG_DELHI,SCH_AMRUT,ACT_DDA,,encroached,28.8086111100514,77.0149999998816,Yes,Natural,Other Govt.Agency,https://mi6census.mowr.gov.in/mic/getWaterBodyImageByURL/MIC_133001000003000056006.jpeg,semi_structured_kml,0.95
ASSET_WB_272238,"Lake/Pond — Nangal Thakran, North",water_body,REG_DELHI,SCH_AMRUT,ACT_DDA,,completed,28.7983333297233,77.0094444404296,No,Natural,Other Govt.Agency,https://mi6census.mowr.gov.in/mic/getWaterBodyImageByURL/MIC_133001000003000056002.jpeg,semi_structured_kml,0.95
ASSET_WB_272239,"Lake/Pond — Nangal Thakran, North",water_body,REG_DELHI,SCH_AMRUT,ACT_DDA,,completed,28.8113888903117,77.0036111103632,No,Natural,Other Govt.Agency,https://mi6census.mowr.gov.in/mic/getWaterBodyImageByURL/MIC_133001000003000056003.jpeg,semi_structured_kml,0.95
ASSET_WB_272240,"Lake/Pond — Nangal Thakran, North",water_body,REG_DELHI,SCH_AMRUT,ACT_DDA,,completed,28.8066666698225,77.0094444398937,No,Natural,Other Govt.Agency,https://mi6census.mowr.gov.in/mic/getWaterBodyImageByURL/MIC_133001000003000056004.jpeg,semi_structured_kml,0.95
ASSET_WB_272241,"Lake/Pond — Narela, North",water_body,REG_DELHI,SCH_AMRUT,ACT_DDA,,completed,28.8519444397151,77.0875000001975,No,Natural,Panchayat,https://mi6census.mowr.gov.in/mic/getWaterBodyImageByURL/MIC_133001000003000057001.jpeg,semi_structured_kml,0.95
ASSET_WB_272242,"Lake/Pond — Narela, North",water_body,REG_DELHI,SCH_AMRUT,ACT_DDA,,completed,28.8547222202354,77.0950000002614,No,Natural,Muncipal authority,https://mi6census.mowr.gov.in/mic/getWaterBodyImageByURL/MIC_133001000003000057003.jpeg,semi_structured_kml,0.95
ASSET_WB_272243,"Lake/Pond — Narela, North",water_body,REG_DELHI,SCH_AMRUT,ACT_DDA,,encroached,28.8511111097148,77.0947222201655,Yes,Natural,Panchayat,https://mi6census.mowr.gov.in/mic/getWaterBodyImageByURL/MIC_133001000003000057002.jpeg,semi_structured_kml,0.95
ASSET_WB_272244,"Lake/Pond — Naya Bans, North",water_body,REG_DELHI,SCH_AMRUT,ACT_DDA,,completed,28.7897222202681,77.0905555599242,No,Natural,Panchayat,https://mi6census.mowr.gov.in/mic/getWaterBodyImageByURL/MIC_133001000003000058004.jpeg,semi_structured_kml,0.95
ASSET_WB_272245,"Lake/Pond — Naya Bans, North",water_body,REG_DELHI,SCH_AMRUT,ACT_DDA,,completed,28.7841666701998,77.0963888896574,No,Natural,Co-operative,https://mi6census.mowr.gov.in/mic/getWaterBodyImageByURL/MIC_133001000003000058001.jpeg,semi_structured_kml,0.95
ASSET_WB_272246,"Lake/Pond — Naya Bans, North",water_body,REG_DELHI,SCH_AMRUT,ACT_DDA,,completed,28.7897222203464,77.0686111099331,No,Natural,Co-operative,https://mi6census.mowr.gov.in/mic/getWaterBodyImageByURL/MIC_133001000003000058005.jpeg,semi_structured_kml,0.95
ASSET_WB_272247,"Lake/Pond — Naya Bans, North",water_body,REG_DELHI,SCH_AMRUT,ACT_DDA,,completed,28.7761111097489,77.0986111104621,No,Natural,Panchayat,https://mi6census.mowr.gov.in/mic/getWaterBodyImageByURL/MIC_133001000003000058002.jpeg,semi_structured_kml,0.95
ASSET_WB_272248,"Lake/Pond — Naya Bans, North",water_body,REG_DELHI,SCH_AMRUT,ACT_DDA,,completed,28.786111110368,77.094999999607,No,Natural,Panchayat,https://mi6census.mowr.gov.in/mic/getWaterBodyImageByURL/MIC_133001000003000058003.jpeg,semi_structured_kml,0.95
ASSET_WB_272249,"Other Water Body — Pehlad Pur Bangar, North",water_body,REG_DELHI,SCH_AMRUT,ACT_DDA,,completed,28.747222220273,77.0797222198302,No,Natural,Panchayat,https://mi6census.mowr.gov.in/mic/getWaterBodyImageByURL/MIC_133001000003000068003.jpeg,semi_structured_kml,0.95
ASSET_WB_272250,"Lake/Pond — Pehlad Pur Bangar, North",water_body,REG_DELHI,SCH_AMRUT,ACT_DDA,,completed,28.7502777803969,77.0763888902975,No,Natural,Panchayat,https://mi6census.mowr.gov.in/mic/getWaterBodyImageByURL/MIC_133001000003000068002.jpeg,semi_structured_kml,0.95
ASSET_WB_272251,"Lake/Pond — Pehlad Pur Bangar, North",water_body,REG_DELHI,SCH_AMRUT,ACT_DDA,,completed,28.753055560439,77.0788888901879,No,Natural,Panchayat,https://mi6census.mowr.gov.in/mic/getWaterBodyImageByURL/MIC_133001000003000068001.jpeg,semi_structured_kml,0.95
ASSET_WB_272252,"Lake/Pond — Pooth Khurd, North",water_body,REG_DELHI,SCH_AMRUT,ACT_DDA,,completed,28.7761111101293,77.0466666697456,No,Natural,Other Govt.Agency,https://mi6census.mowr.gov.in/mic/getWaterBodyImageByURL/MIC_133001000003000060002.jpeg,semi_structured_kml,0.95
ASSET_WB_272253,"Lake/Pond — Pooth Khurd, North",water_body,REG_DELHI,SCH_AMRUT,ACT_DDA,,completed,28.7708333301438,77.050555559822,No,Natural,Other Govt.Agency,https://mi6census.mowr.gov.in/mic/getWaterBodyImageByURL/MIC_133001000003000060001.jpeg,semi_structured_kml,0.95
ASSET_WB_272254,"Lake/Pond — Sanoth, North",water_body,REG_DELHI,SCH_AMRUT,ACT_DDA,,completed,28.8141666697711,77.0708333296002,No,Natural,Co-operative,https://mi6census.mowr.gov.in/mic/getWaterBodyImageByURL/MIC_133001000003000061001.jpeg,semi_structured_kml,0.95
ASSET_WB_272255,"Lake/Pond — Sultanpur Dabas, North",water_body,REG_DELHI,SCH_AMRUT,ACT_DDA,,completed,28.7686111098315,77.0413888898407,No,Natural,Other Govt.Agency,https://mi6census.mowr.gov.in/mic/getWaterBodyImageByURL/MIC_133001000003000063001.jpeg,semi_structured_kml,0.95
ASSET_WB_272256,"Lake/Pond — Sultanpur Dabas, North",water_body,REG_DELHI,SCH_AMRUT,ACT_DDA,,completed,28.7633333301493,77.0388888898282,No,Natural,Other Govt.Agency,https://mi6census.mowr.gov.in/mic/getWaterBodyImageByURL/MIC_133001000003000063002.jpeg,semi_structured_kml,0.95
ASSET_WB_272257,"Lake/Pond — Sultanpur Dabas, North",water_body,REG_DELHI,SCH_AMRUT,ACT_DDA,,completed,28.7669444401963,77.0277777800344,No,Natural,Other Govt.Agency,https://mi6census.mowr.gov.in/mic/getWaterBodyImageByURL/MIC_133001000003000063003.jpeg,semi_structured_kml,0.95
ASSET_WB_272258,"Lake/Pond — Tikri Khurd, North",water_body,REG_DELHI,SCH_AMRUT,ACT_DDA,,completed,28.8300000001905,77.1236111098276,No,Natural,Other Govt.Agency,https://mi6census.mowr.gov.in/mic/getWaterBodyImageByURL/MIC_133001000003000064002.jpeg,semi_structured_kml,0.95
ASSET_WB_272259,"Reservoir — Tikri Khurd, North",water_body,REG_DELHI,SCH_AMRUT,ACT_DDA,,completed,28.8344444402213,77.1233333303977,No,Natural,Other Govt.Agency,https://mi6census.mowr.gov.in/mic/getWaterBodyImageByURL/MIC_133001000003000064001.jpeg,semi_structured_kml,0.95
ASSET_WB_272260,"Lake/Pond — Tikri Khurd, North",water_body,REG_DELHI,SCH_AMRUT,ACT_DDA,,completed,28.8297222200104,77.1252777795692,No,Natural,Other Govt.Agency,https://mi6census.mowr.gov.in/mic/getWaterBodyImageByURL/MIC_133001000003000064003.jpeg,semi_structured_kml,0.95
ASSET_WB_272261,"Lake/Pond — Badar Pur Khadar, North East",water_body,REG_DELHI,SCH_AMRUT,ACT_DDA,,completed,28.7841666698296,77.2302777803545,No,Natural,Panchayat,https://mi6census.mowr.gov.in/mic/getWaterBodyImageByURL/MIC_133002000004000070001.jpeg,semi_structured_kml,0.95
ASSET_WB_272262,"Lake/Pond — Baqiabad, North East",water_body,REG_DELHI,SCH_AMRUT,ACT_DDA,,completed,28.7277777803924,77.2455555600616,No,Natural,State WRD/State Irrigation,https://mi6census.mowr.gov.in/mic/getWaterBodyImageByURL/MIC_133002000004000071001.jpeg,semi_structured_kml,0.95
ASSET_WB_272263,"Other Water Body — Bihari Pur, North East",water_body,REG_DELHI,SCH_AMRUT,ACT_DDA,,completed,28.7125000003097,77.2605555598887,No,Natural,Other Govt.Agency,https://mi6census.mowr.gov.in/mic/getWaterBodyImageByURL/MIC_133002000004000072001.jpeg,semi_structured_kml,0.95
ASSET_WB_272264,"Other Water Body — Jeevanpur/Johripur, North East",water_body,REG_DELHI,SCH_AMRUT,ACT_DDA,,completed,28.7174999998247,77.2813888898929,No,Natural,Other Govt.Agency,https://mi6census.mowr.gov.in/mic/getWaterBodyImageByURL/MIC_133002000004000080002.jpeg,semi_structured_kml,0.95
ASSET_WB_272265,"Other Water Body — Jeevanpur/Johripur, North East",water_body,REG_DELHI,SCH_AMRUT,ACT_DDA,,completed,28.7174999998247,77.2813888898929,No,Natural,Other Govt.Agency,https://mi6census.mowr.gov.in/mic/getWaterBodyImageByURL/MIC_133002000004000080001.jpeg,semi_structured_kml,0.95
ASSET_WB_272266,"Other Water Body — Karawal Nagar, North East",water_body,REG_DELHI,SCH_AMRUT,ACT_DDA,,completed,28.7272222201631,77.2688888896467,No,Natural,Other Govt.Agency,https://mi6census.mowr.gov.in/mic/getWaterBodyImageByURL/MIC_133002000004000079002.jpeg,semi_structured_kml,0.95
ASSET_WB_272267,"Other Water Body — Karawal Nagar, North East",water_body,REG_DELHI,SCH_AMRUT,ACT_DDA,,completed,28.7269444399178,77.2694444396432,No,Natural,Other Govt.Agency,https://mi6census.mowr.gov.in/mic/getWaterBodyImageByURL/MIC_133002000004000079001.jpeg,semi_structured_kml,0.95
ASSET_WB_272268,"Lake/Pond — Pur Delhi, North East",water_body,REG_DELHI,SCH_AMRUT,ACT_DDA,,completed,28.7416666701066,77.2244444396198,No,Natural,Other Govt.Agency,https://mi6census.mowr.gov.in/mic/getWaterBodyImageByURL/MIC_133002000004000073001.jpeg,semi_structured_kml,0.95
ASSET_WB_272269,"Other Water Body — Pur Shahdara, North East",water_body,REG_DELHI,SCH_AMRUT,ACT_DDA,,encroached,28.7427777803394,77.2205555603587,Yes,Natural,Other private body,https://mi6census.mowr.gov.in/mic/getWaterBodyImageByURL/MIC_133002000004000074001.jpeg,semi_structured_kml,0.95
ASSET_WB_272270,"Lake/Pond — Sabhapur Delhi, North East",water_body,REG_DELHI,SCH_AMRUT,ACT_DDA,,completed,28.7466666703007,77.2227777800234,No,Natural,Other private body,https://mi6census.mowr.gov.in/mic/getWaterBodyImageByURL/MIC_133002000004000075002.jpeg,semi_structured_kml,0.95
ASSET_WB_272271,"Other Water Body — Sabhapur Delhi, North East",water_body,REG_DELHI,SCH_AMRUT,ACT_DDA,,encroached,28.7500000001722,77.2566666699179,Yes,Natural,Other Govt.Agency,https://mi6census.mowr.gov.in/mic/getWaterBodyImageByURL/MIC_133002000004000075001.jpeg,semi_structured_kml,0.95
ASSET_WB_272272,"Other Water Body — Sabhapur Shahdara, North East",water_body,REG_DELHI,SCH_AMRUT,ACT_DDA,,encroached,28.7500000003258,77.2563888898653,Yes,Natural,Other Govt.Agency,https://mi6census.mowr.gov.in/mic/getWaterBodyImageByURL/MIC_133002000004000076001.jpeg,semi_structured_kml,0.95
ASSET_WB_272273,"Other Water Body — Sadat Pur Gujran, North East",water_body,REG_DELHI,SCH_AMRUT,ACT_DDA,,completed,28.7238888902805,77.2641666700642,No,Natural,Other private body,https://mi6census.mowr.gov.in/mic/getWaterBodyImageByURL/MIC_133002000004000077001.jpeg,semi_structured_kml,0.95
ASSET_WB_272274,"Other Water Body — Sadat Pur Musalman, North East",water_body,REG_DELHI,SCH_AMRUT,ACT_DDA,,completed,28.7227777796892,77.2683333296988,No,Natural,Other Govt.Agency,https://mi6census.mowr.gov.in/mic/getWaterBodyImageByURL/MIC_133002000004000078001.jpeg,semi_structured_kml,0.95
ASSET_WB_272275,"Lake/Pond — Garhi Mando, North East",water_body,REG_DELHI,SCH_AMRUT,ACT_DDA,,completed,28.7008333304457,77.2488888897442,No,Natural,Other Govt.Agency,https://mi6census.mowr.gov.in/mic/getWaterBodyImageByURL/MIC_133002000006000087002.jpeg,semi_structured_kml,0.95
ASSET_WB_272276,"Lake/Pond — Garhi Mando, North East",water_body,REG_DELHI,SCH_AMRUT,ACT_DDA,,completed,28.6947222202434,77.2427777799784,No,Natural,Other Govt.Agency,https://mi6census.mowr.gov.in/mic/getWaterBodyImageByURL/MIC_133002000006000087001.jpeg,semi_structured_kml,0.95
ASSET_WB_272277,"Other Water Body — Ghogda Chauhan Khadar, North East",water_body,REG_DELHI,SCH_AMRUT,ACT_DDA,,encroached,28.675277780428,77.2605555597413,Yes,Natural,Other Govt.Agency,https://mi6census.mowr.gov.in/mic/getWaterBodyImageByURL/MIC_133002000006000090001.jpeg,semi_structured_kml,0.95
ASSET_WB_272278,"Other Water Body — Ghogda Gujran Bangar, North East",water_body,REG_DELHI,SCH_AMRUT,ACT_DDA,,completed,28.6955555599764,77.2711111099579,No,Natural,Other private body,https://mi6census.mowr.gov.in/mic/getWaterBodyImageByURL/MIC_133002000006000089002.jpeg,semi_structured_kml,0.95
ASSET_WB_272279,"Other Water Body — Ghogda Gujran Bangar, North East",water_body,REG_DELHI,SCH_AMRUT,ACT_DDA,,completed,28.6925000001455,77.2672222196063,No,Natural,Other Govt.Agency,https://mi6census.mowr.gov.in/mic/getWaterBodyImageByURL/MIC_133002000006000089004.jpeg,semi_structured_kml,0.95
ASSET_WB_272280,"Other Water Body — Ghogda Gujran Bangar, North East",water_body,REG_DELHI,SCH_AMRUT,ACT_DDA,,completed,28.6947222201882,77.2700000002837,No,Natural,Other private body,https://mi6census.mowr.gov.in/mic/getWaterBodyImageByURL/MIC_133002000006000089001.jpeg,semi_structured_kml,0.95
ASSET_WB_272281,"Other Water Body — Ghogda Gujran Bangar, North East",water_body,REG_DELHI,SCH_AMRUT,ACT_DDA,,completed,28.6922222196145,77.2666666696571,No,Natural,Other Govt.Agency,https://mi6census.mowr.gov.in/mic/getWaterBodyImageByURL/MIC_133002000006000089003.jpeg,semi_structured_kml,0.95
ASSET_WB_272282,"Lake/Pond — Ghogda Gujran Khadar, North East",water_body,REG_DELHI,SCH_AMRUT,ACT_DDA,,completed,28.6894444396156,77.2538888895344,No,Natural,Other Govt.Agency,https://mi6census.mowr.gov.in/mic/getWaterBodyImageByURL/MIC_133002000006000088001.jpeg,semi_structured_kml,0.95
ASSET_WB_272283,"Lake/Pond — Khajuri Khas, North East",water_body,REG_DELHI,SCH_AMRUT,ACT_DDA,,completed,28.7113888901713,77.2555555597397,No,Natural,Other Govt.Agency,https://mi6census.mowr.gov.in/mic/getWaterBodyImageByURL/MIC_133002000006000085001.jpeg,semi_structured_kml,0.95
ASSET_WB_272284,"Other Water Body — Mirpur Turk, North East",water_body,REG_DELHI,SCH_AMRUT,ACT_DDA,,completed,28.7097222202072,77.2627777798967,No,Natural,Other private body,https://mi6census.mowr.gov.in/mic/getWaterBodyImageByURL/MIC_133002000006000086001.jpeg,semi_structured_kml,0.95
ASSET_WB_272285,"Other Water Body — Gokal Pur, North East",water_body,REG_DELHI,SCH_AMRUT,ACT_DDA,,completed,28.7069444397908,77.3094444401414,No,Natural,Other private body,https://mi6census.mowr.gov.in/mic/getWaterBodyImageByURL/MIC_133002000005000084002.jpeg,semi_structured_kml,0.95
ASSET_WB_272286,"Other Water Body — Gokal Pur, North East",water_body,REG_DELHI,SCH_AMRUT,ACT_DDA,,completed,28.7027777797215,77.2913888896043,No,Natural,Other Govt.Agency,https://mi6census.mowr.gov.in/mic/getWaterBodyImageByURL/MIC_133002000005000084001.jpeg,semi_structured_kml,0.95
ASSET_WB_272287,"Other Water Body — Khanpur Dhani, North East",water_body,REG_DELHI,SCH_AMRUT,ACT_DDA,,completed,28.710555559796,77.2816666695566,No,Natural,Other Govt.Agency,https://mi6census.mowr.gov.in/mic/getWaterBodyImageByURL/MIC_133002000005000083001.jpeg,semi_structured_kml,0.95
ASSET_WB_272288,"Other Water Body — Zailuddinpur, North East",water_body,REG_DELHI,SCH_AMRUT,ACT_DDA,,completed,28.702222220227,77.2797222197106,No,Natural,Other Govt.Agency,https://mi6census.mowr.gov.in/mic/getWaterBodyImageByURL/MIC_133002000005000082001.jpeg,semi_structured_kml,0.95
ASSET_WB_272289,"Lake/Pond — Budhan Pur Majra, North West",water_body,REG_DELHI,SCH_AMRUT,ACT_DDA,,completed,28.7680555603867,77.0013888902654,No,Natural,Other Govt.Agency,https://mi6census.mowr.gov.in/mic/getWaterBodyImageByURL/MIC_133003000007000092005.jpeg,semi_structured_kml,0.95
ASSET_WB_272290,"Lake/Pond — Budhan Pur Majra, North West",water_body,REG_DELHI,SCH_AMRUT,ACT_DDA,,completed,28.754444440104,77.0036111097255,No,Natural,Other Govt.Agency,https://mi6census.mowr.gov.in/mic/getWaterBodyImageByURL/MIC_133003000007000092003.jpeg,semi_structured_kml,0.95
ASSET_WB_272291,"Other Water Body — Budhan Pur Majra, North West",water_body,REG_DELHI,SCH_AMRUT,ACT_DDA,,encroached,28.7527777796864,77.0061111099945,Yes,Natural,Other Govt.Agency,https://mi6census.mowr.gov.in/mic/getWaterBodyImageByURL/MIC_133003000007000092006.jpeg,semi_structured_kml,0.95
ASSET_WB_272292,"Lake/Pond — Budhan Pur Majra, North West",water_body,REG_DELHI,SCH_AMRUT,ACT_DDA,,completed,28.7561111099871,76.9972222202247,No,Natural,Other Govt.Agency,https://mi6census.mowr.gov.in/mic/getWaterBodyImageByURL/MIC_133003000007000092002.jpeg,semi_structured_kml,0.95
ASSET_WB_272293,"Lake/Pond — Budhan Pur Majra, North West",water_body,REG_DELHI,SCH_AMRUT,ACT_DDA,,completed,28.754444440104,77.0036111097255,No,Natural,Other Govt.Agency,https://mi6census.mowr.gov.in/mic/getWaterBodyImageByURL/MIC_133003000007000092004.jpeg,semi_structured_kml,0.95
ASSET_WB_272294,"Lake/Pond — Budhan Pur Majra, North West",water_body,REG_DELHI,SCH_AMRUT,ACT_DDA,,completed,28.7699999996884,77.0052777795482,No,Natural,Other Govt.Agency,https://mi6census.mowr.gov.in/mic/getWaterBodyImageByURL/MIC_133003000007000092001.jpeg,semi_structured_kml,0.95
ASSET_WB_272295,"Lake/Pond — Chand Pur Majra, North West",water_body,REG_DELHI,SCH_AMRUT,ACT_DDA,,completed,28.7549999997613,77.0008333297335,No,Natural,Other Govt.Agency,https://mi6census.mowr.gov.in/mic/getWaterBodyImageByURL/MIC_133003000007000093003.jpeg,semi_structured_kml,0.95
ASSET_WB_272296,"Other Water Body — Chand Pur Majra, North West",water_body,REG_DELHI,SCH_AMRUT,ACT_DDA,,encroached,28.7800000000329,77.0083333303441,Yes,Natural,Other Govt.Agency,https://mi6census.mowr.gov.in/mic/getWaterBodyImageByURL/MIC_133003000007000093002.jpeg,semi_structured_kml,0.95
ASSET_WB_272297,"Lake/Pond — Chand Pur Majra, North West",water_body,REG_DELHI,SCH_AMRUT,ACT_DDA,,completed,28.7538888901514,77.00666666952,No,Natural,Other Govt.Agency,https://mi6census.mowr.gov.in/mic/getWaterBodyImageByURL/MIC_133003000007000093001.jpeg,semi_structured_kml,0.95
ASSET_WB_272298,"Lake/Pond — Garhi Rindhala, North West",water_body,REG_DELHI,SCH_AMRUT,ACT_DDA,,completed,28.7297222200793,76.9675000003433,No,Natural,Other Govt.Agency,https://mi6census.mowr.gov.in/mic/getWaterBodyImageByURL/MIC_133003000007000095002.jpeg,semi_structured_kml,0.95
ASSET_WB_272299,"Lake/Pond — Garhi Rindhala, North West",water_body,REG_DELHI,SCH_AMRUT,ACT_DDA,,completed,28.7311111096112,76.9602777796409,No,Natural,Other Govt.Agency,https://mi6census.mowr.gov.in/mic/getWaterBodyImageByURL/MIC_133003000007000095001.jpeg,semi_structured_kml,0.95
ASSET_WB_272300,"Lake/Pond — Ghewra, North West",water_body,REG_DELHI,SCH_AMRUT,ACT_DDA,,completed,28.6949999999633,76.9972222199579,No,Natural,Other Govt.Agency,https://mi6census.mowr.gov.in/mic/getWaterBodyImageByURL/MIC_133003000007000096002.jpeg,semi_structured_kml,0.95
ASSET_WB_272301,"Lake/Pond — Ghewra, North West",water_body,REG_DELHI,SCH_AMRUT,ACT_DDA,,completed,28.6972222199492,76.9966666698717,No,Natural,Other Govt.Agency,https://mi6census.mowr.gov.in/mic/getWaterBodyImageByURL/MIC_133003000007000096003.jpeg,semi_structured_kml,0.95
ASSET_WB_272302,"Lake/Pond — Ghewra, North West",water_body,REG_DELHI,SCH_AMRUT,ACT_DDA,,completed,28.6936111100483,76.9969444395384,No,Natural,Other Govt.Agency,https://mi6census.mowr.gov.in/mic/getWaterBodyImageByURL/MIC_133003000007000096001.jpeg,semi_structured_kml,0.95
ASSET_WB_272303,"Lake/Pond — Jhatkhor, North West",water_body,REG_DELHI,SCH_AMRUT,ACT_DDA,,completed,28.7855555602585,76.9669444400548,No,Natural,Other Govt.Agency,https://mi6census.mowr.gov.in/mic/getWaterBodyImageByURL/MIC_133003000007000097003.jpeg,semi_structured_kml,0.95
ASSET_WB_272304,"Lake/Pond — Jhatkhor, North West",water_body,REG_DELHI,SCH_AMRUT,ACT_DDA,,completed,28.7880555600279,76.9888888903633,No,Natural,Other Govt.Agency,https://mi6census.mowr.gov.in/mic/getWaterBodyImageByURL/MIC_133003000007000097002.jpeg,semi_structured_kml,0.95
ASSET_WB_272305,"Lake/Pond — Jhatkhor, North West",water_body,REG_DELHI,SCH_AMRUT,ACT_DDA,,completed,28.7999999995974,76.9669444400009,No,Natural,Other Govt.Agency,https://mi6census.mowr.gov.in/mic/getWaterBodyImageByURL/MIC_133003000007000097001.jpeg,semi_structured_kml,0.95
ASSET_WB_272306,"Lake/Pond — Jonti, North West",water_body,REG_DELHI,SCH_AMRUT,ACT_DDA,,completed,28.7394444398386,76.9658333303503,No,Natural,Other Govt.Agency,https://mi6census.mowr.gov.in/mic/getWaterBodyImageByURL/MIC_133003000007000098006.jpeg,semi_structured_kml,0.95
ASSET_WB_272307,"Lake/Pond — Jonti, North West",water_body,REG_DELHI,SCH_AMRUT,ACT_DDA,,completed,28.7516666700353,76.9630555603555,No,Natural,Other Govt.Agency,https://mi6census.mowr.gov.in/mic/getWaterBodyImageByURL/MIC_133003000007000098005.jpeg,semi_structured_kml,0.95
ASSET_WB_272308,"Lake/Pond — Jonti, North West",water_body,REG_DELHI,SCH_AMRUT,ACT_DDA,,completed,28.7463888897219,76.9669444404811,No,Natural,Other Govt.Agency,https://mi6census.mowr.gov.in/mic/getWaterBodyImageByURL/MIC_133003000007000098002.jpeg,semi_structured_kml,0.95
ASSET_WB_272309,"Lake/Pond — Jonti, North West",water_body,REG_DELHI,SCH_AMRUT,ACT_DDA,,completed,28.7630555596157,76.9816666701784,No,Natural,Other Govt.Agency,https://mi6census.mowr.gov.in/mic/getWaterBodyImageByURL/MIC_133003000007000098003.jpeg,semi_structured_kml,0.95
ASSET_WB_272310,"Lake/Pond — Jonti, North West",water_body,REG_DELHI,SCH_AMRUT,ACT_DDA,,completed,28.7561111102191,76.9697222197513,No,Natural,Other Govt.Agency,https://mi6census.mowr.gov.in/mic/getWaterBodyImageByURL/MIC_133003000007000098007.jpeg,semi_structured_kml,0.95
ASSET_WB_272311,"Lake/Pond — Jonti, North West",water_body,REG_DELHI,SCH_AMRUT,ACT_DDA,,completed,28.7538888899377,76.9574999999459,No,Natural,Other Govt.Agency,https://mi6census.mowr.gov.in/mic/getWaterBodyImageByURL/MIC_133003000007000098004.jpeg,semi_structured_kml,0.95
ASSET_WB_272312,"Lake/Pond — Jonti, North West",water_body,REG_DELHI,SCH_AMRUT,ACT_DDA,,completed,28.7386111098346,76.9744444401883,No,Natural,Other Govt.Agency,https://mi6census.mowr.gov.in/mic/getWaterBodyImageByURL/MIC_133003000007000098009.jpeg,semi_structured_kml,0.95
ASSET_WB_272313,"Lake/Pond — Kanjhawla, North West",water_body,REG_DELHI,SCH_AMRUT,ACT_DDA,,completed,28.7313888898964,77.0022222196546,No,Natural,Other Govt.Agency,https://mi6census.mowr.gov.in/mic/getWaterBodyImageByURL/MIC_133003000007000100001.jpeg,semi_structured_kml,0.95
ASSET_WB_272314,"Lake/Pond — Kanjhawla, North West",water_body,REG_DELHI,SCH_AMRUT,ACT_DDA,,completed,28.7363888901937,77.0016666698788,No,Natural,Other Govt.Agency,https://mi6census.mowr.gov.in/mic/getWaterBodyImageByURL/MIC_133003000007000100004.jpeg,semi_structured_kml,0.95
ASSET_WB_272315,"Lake/Pond — Kanjhawla, North West",water_body,REG_DELHI,SCH_AMRUT,ACT_DDA,,completed,28.7333333300186,77.0038888896439,No,Natural,Other Govt.Agency,https://mi6census.mowr.gov.in/mic/getWaterBodyImageByURL/MIC_133003000007000100002.jpeg,semi_structured_kml,0.95
ASSET_WB_272316,"Lake/Pond — Kanjhawla, North West",water_body,REG_DELHI,SCH_AMRUT,ACT_DDA,,completed,28.7383333303323,77.0047222195351,No,Natural,Other Govt.Agency,https://mi6census.mowr.gov.in/mic/getWaterBodyImageByURL/MIC_133003000007000100005.jpeg,semi_structured_kml,0.95
ASSET_WB_272317,"Lake/Pond — Kanjhawla, North West",water_body,REG_DELHI,SCH_AMRUT,ACT_DDA,,completed,28.7355555600549,77.0083333296388,No,Natural,Other Govt.Agency,https://mi6census.mowr.gov.in/mic/getWaterBodyImageByURL/MIC_133003000007000100003.jpeg,semi_structured_kml,0.95
ASSET_WB_272318,"Other Water Body — Karala, North West",water_body,REG_DELHI,SCH_AMRUT,ACT_DDA,,encroached,28.7333333303333,77.0277777794917,Yes,Natural,Other Govt.Agency,https://mi6census.mowr.gov.in/mic/getWaterBodyImageByURL/MIC_133003000007000099004.jpeg,semi_structured_kml,0.95
ASSET_WB_272319,"Lake/Pond — Karala, North West",water_body,REG_DELHI,SCH_AMRUT,ACT_DDA,,completed,28.7369444400488,77.0466666694972,No,Natural,Other Govt.Agency,https://mi6census.mowr.gov.in/mic/getWaterBodyImageByURL/MIC_133003000007000099001.jpeg,semi_structured_kml,0.95
ASSET_WB_272320,"Lake/Pond — Karala, North West",water_body,REG_DELHI,SCH_AMRUT,ACT_DDA,,completed,28.7341666703673,77.0277777794775,No,Natural,Other Govt.Agency,https://mi6census.mowr.gov.in/mic/getWaterBodyImageByURL/MIC_133003000007000099002.jpeg,semi_structured_kml,0.95
ASSET_WB_272321,"Lake/Pond — Karala, North West",water_body,REG_DELHI,SCH_AMRUT,ACT_DDA,,completed,28.737499999682,77.0374999998887,No,Natural,Other Govt.Agency,https://mi6census.mowr.gov.in/mic/getWaterBodyImageByURL/MIC_133003000007000099003.jpeg,semi_structured_kml,0.95
ASSET_WB_272322,"Lake/Pond — Ladpur, North West",water_body,REG_DELHI,SCH_AMRUT,ACT_DDA,,completed,28.7369444401192,76.9936111102315,No,Natural,Other Govt.Agency,https://mi6census.mowr.gov.in/mic/getWaterBodyImageByURL/MIC_133003000007000101003.jpeg,semi_structured_kml,0.95
ASSET_WB_272323,"Lake/Pond — Ladpur, North West",water_body,REG_DELHI,SCH_AMRUT,ACT_DDA,,completed,28.7361111096523,76.9977777803586,No,Natural,Other Govt.Agency,https://mi6census.mowr.gov.in/mic/getWaterBodyImageByURL/MIC_133003000007000101001.jpeg,semi_structured_kml,0.95
ASSET_WB_272324,"Lake/Pond — Ladpur, North West",water_body,REG_DELHI,SCH_AMRUT,ACT_DDA,,completed,28.7380555599121,77.0002777803351,No,Natural,Other Govt.Agency,https://mi6census.mowr.gov.in/mic/getWaterBodyImageByURL/MIC_133003000007000101002.jpeg,semi_structured_kml,0.95
ASSET_WB_272325,"Lake/Pond — Mohammad Pur Majri, North West",water_body,REG_DELHI,SCH_AMRUT,ACT_DDA,,completed,28.7283333296269,77.03444443998,No,Natural,Other Govt.Agency,https://mi6census.mowr.gov.in/mic/getWaterBodyImageByURL/MIC_133003000007000102002.jpeg,semi_structured_kml,0.95
ASSET_WB_272326,"Lake/Pond — Mohammad Pur Majri, North West",water_body,REG_DELHI,SCH_AMRUT,ACT_DDA,,completed,28.7255555602851,77.0383333301401,No,Natural,Other Govt.Agency,https://mi6census.mowr.gov.in/mic/getWaterBodyImageByURL/MIC_133003000007000102001.jpeg,semi_structured_kml,0.95
ASSET_WB_272327,"Other Water Body — Mohammad Pur Majri, North West",water_body,REG_DELHI,SCH_AMRUT,ACT_DDA,,completed,28.7266666698059,77.0411111100492,No,Natural,Other Govt.Agency,https://mi6census.mowr.gov.in/mic/getWaterBodyImageByURL/MIC_133003000007000102003.jpeg,semi_structured_kml,0.95
ASSET_WB_272328,"Lake/Pond — Nizampur Rashid Pur, North West",water_body,REG_DELHI,SCH_AMRUT,ACT_DDA,,completed,28.7144444401578,76.9627777802856,No,Natural,Other Govt.Agency,https://mi6census.mowr.gov.in/mic/getWaterBodyImageByURL/MIC_133003000007000103005.jpeg,semi_structured_kml,0.95
ASSET_WB_272329,"Lake/Pond — Nizampur Rashid Pur, North West",water_body,REG_DELHI,SCH_AMRUT,ACT_DDA,,completed,28.7144444401578,76.9627777802856,No,Natural,Other Govt.Agency,https://mi6census.mowr.gov.in/mic/getWaterBodyImageByURL/MIC_133003000007000103011.jpeg,semi_structured_kml,0.95
ASSET_WB_272330,"Lake/Pond — Nizampur Rashid Pur, North West",water_body,REG_DELHI,SCH_AMRUT,ACT_DDA,,completed,28.7194444397342,76.9644444401989,No,Natural,Other Govt.Agency,https://mi6census.mowr.gov.in/mic/getWaterBodyImageByURL/MIC_133003000007000103001.jpeg,semi_structured_kml,0.95
ASSET_WB_272331,"Lake/Pond — Nizampur Rashid Pur, North West",water_body,REG_DELHI,SCH_AMRUT,ACT_DDA,,completed,28.7191666702872,76.9588888898423,No,Natural,Other Govt.Agency,https://mi6census.mowr.gov.in/mic/getWaterBodyImageByURL/MIC_133003000007000103003.jpeg,semi_structured_kml,0.95
ASSET_WB_272332,"Lake/Pond — Nizampur Rashid Pur, North West",water_body,REG_DELHI,SCH_AMRUT,ACT_DDA,,completed,28.718888889743,76.9638888895581,No,Natural,Other Govt.Agency,https://mi6census.mowr.gov.in/mic/getWaterBodyImageByURL/MIC_133003000007000103007.jpeg,semi_structured_kml,0.95
ASSET_WB_272333,"Lake/Pond — Nizampur Rashid Pur, North West",water_body,REG_DELHI,SCH_AMRUT,ACT_DDA,,completed,28.7197222204383,76.9655555596779,No,Natural,Other Govt.Agency,https://mi6census.mowr.gov.in/mic/getWaterBodyImageByURL/MIC_133003000007000103006.jpeg,semi_structured_kml,0.95
ASSET_WB_272334,"Lake/Pond — Nizampur Rashid Pur, North West",water_body,REG_DELHI,SCH_AMRUT,ACT_DDA,,completed,28.7205555598196,76.9622222201215,No,Natural,Other Govt.Agency,https://mi6census.mowr.gov.in/mic/getWaterBodyImageByURL/MIC_133003000007000103002.jpeg,semi_structured_kml,0.95
ASSET_WB_272335,"Lake/Pond — Nizampur Rashid Pur, North West",water_body,REG_DELHI,SCH_AMRUT,ACT_DDA,,completed,28.7236111103744,76.9616666695979,No,Natural,Other Govt.Agency,https://mi6census.mowr.gov.in/mic/getWaterBodyImageByURL/MIC_133003000007000103004.jpeg,semi_structured_kml,0.95
ASSET_WB_272336,"Lake/Pond — Nizampur Rashid Pur, North West",water_body,REG_DELHI,SCH_AMRUT,ACT_DDA,,completed,28.7138888900747,76.9611111094954,No,Natural,Other Govt.Agency,https://mi6census.mowr.gov.in/mic/getWaterBodyImageByURL/MIC_133003000007000103009.jpeg,semi_structured_kml,0.95
ASSET_WB_272337,"Lake/Pond — Nizampur Rashid Pur, North West",water_body,REG_DELHI,SCH_AMRUT,ACT_DDA,,completed,28.7200000001293,76.9655555604456,No,Natural,Other Govt.Agency,https://mi6census.mowr.gov.in/mic/getWaterBodyImageByURL/MIC_133003000007000103008.jpeg,semi_structured_kml,0.95
ASSET_WB_272338,"Lake/Pond — Nizampur Rashid Pur, North West",water_body,REG_DELHI,SCH_AMRUT,ACT_DDA,,completed,28.7191666695446,76.9572222199598,No,Natural,Other Govt.Agency,https://mi6census.mowr.gov.in/mic/getWaterBodyImageByURL/MIC_133003000007000103010.jpeg,semi_structured_kml,0.95
ASSET_WB_272339,"Lake/Pond — Punjab Khor, North West",water_body,REG_DELHI,SCH_AMRUT,ACT_DDA,,completed,28.77249999968,76.9636111099008,No,Natural,Other Govt.Agency,https://mi6census.mowr.gov.in/mic/getWaterBodyImageByURL/MIC_133003000007000104001.jpeg,semi_structured_kml,0.95
ASSET_WB_272340,"Lake/Pond — Punjab Khor, North West",water_body,REG_DELHI,SCH_AMRUT,ACT_DDA,,completed,28.7794444404151,76.9650000003387,No,Natural,Other Govt.Agency,https://mi6census.mowr.gov.in/mic/getWaterBodyImageByURL/MIC_133003000007000104002.jpeg,semi_structured_kml,0.95
ASSET_WB_272341,"Lake/Pond — Punjab Khor, North West",water_body,REG_DELHI,SCH_AMRUT,ACT_DDA,,completed,28.7786111101158,76.9622222198299,No,Natural,Other Govt.Agency,https://mi6census.mowr.gov.in/mic/getWaterBodyImageByURL/MIC_133003000007000104003.jpeg,semi_structured_kml,0.95
ASSET_WB_272342,"Lake/Pond — Qutabgarh, North West",water_body,REG_DELHI,SCH_AMRUT,ACT_DDA,,completed,28.7994444404373,76.957777780098,No,Natural,Other Govt.Agency,https://mi6census.mowr.gov.in/mic/getWaterBodyImageByURL/MIC_133003000007000105002.jpeg,semi_structured_kml,0.95
ASSET_WB_272343,"Lake/Pond — Qutabgarh, North West",water_body,REG_DELHI,SCH_AMRUT,ACT_DDA,,completed,28.8058333304324,76.9619444398065,No,Natural,Other Govt.Agency,https://mi6census.mowr.gov.in/mic/getWaterBodyImageByURL/MIC_133003000007000105003.jpeg,semi_structured_kml,0.95
ASSET_WB_272344,"Lake/Pond — Qutabgarh, North West",water_body,REG_DELHI,SCH_AMRUT,ACT_DDA,,completed,28.7952777796386,76.9611111102914,No,Natural,Other Govt.Agency,https://mi6census.mowr.gov.in/mic/getWaterBodyImageByURL/MIC_133003000007000105001.jpeg,semi_structured_kml,0.95
ASSET_WB_272345,"Lake/Pond — Salahpur Majra, North West",water_body,REG_DELHI,SCH_AMRUT,ACT_DDA,,completed,28.7711111100959,76.9924999996526,No,Natural,Other Govt.Agency,https://mi6census.mowr.gov.in/mic/getWaterBodyImageByURL/MIC_133003000007000106001.jpeg,semi_structured_kml,0.95
ASSET_WB_272346,"Other Water Body — Salahpur Majra, North West",water_body,REG_DELHI,SCH_AMRUT,ACT_DDA,,encroached,28.7713888900875,76.9944444403568,Yes,Natural,Other Govt.Agency,https://mi6census.mowr.gov.in/mic/getWaterBodyImageByURL/MIC_133003000007000106004.jpeg,semi_structured_kml,0.95
ASSET_WB_272347,"Other Water Body — Salahpur Majra, North West",water_body,REG_DELHI,SCH_AMRUT,ACT_DDA,,completed,28.7716666702656,76.9983333298585,No,Natural,Other Govt.Agency,https://mi6census.mowr.gov.in/mic/getWaterBodyImageByURL/MIC_133003000007000106002.jpeg,semi_structured_kml,0.95
ASSET_WB_272348,"Lake/Pond — Salahpur Majra, North West",water_body,REG_DELHI,SCH_AMRUT,ACT_DDA,,completed,28.7683333304034,76.9952777802688,No,Natural,Other Govt.Agency,https://mi6census.mowr.gov.in/mic/getWaterBodyImageByURL/MIC_133003000007000106003.jpeg,semi_structured_kml,0.95
ASSET_WB_272349,"Other Water Body — Sawada, North West",water_body,REG_DELHI,SCH_AMRUT,ACT_DDA,,encroached,28.7086111100632,76.9855555603701,Yes,Natural,Other Govt.Agency,https://mi6census.mowr.gov.in/mic/getWaterBodyImageByURL/MIC_133003000007000107003.jpeg,semi_structured_kml,0.95
ASSET_WB_272350,"Other Water Body — Sawada, North West",water_body,REG_DELHI,SCH_AMRUT,ACT_DDA,,encroached,28.7124999995398,76.9886111098999,Yes,Natural,Other Govt.Agency,https://mi6census.mowr.gov.in/mic/getWaterBodyImageByURL/MIC_133003000007000107002.jpeg,semi_structured_kml,0.95
ASSET_WB_272351,"Lake/Pond — Sawada, North West",water_body,REG_DELHI,SCH_AMRUT,ACT_DDA,,completed,28.7036111096025,76.9761111099845,No,Natural,Other Govt.Agency,https://mi6census.mowr.gov.in/mic/getWaterBodyImageByURL/MIC_133003000007000107005.jpeg,semi_structured_kml,0.95
ASSET_WB_272352,"Other Water Body — Sawada, North West",water_body,REG_DELHI,SCH_AMRUT,ACT_DDA,,encroached,28.7047222202001,76.9799999996382,Yes,Natural,Other Govt.Agency,https://mi6census.mowr.gov.in/mic/getWaterBodyImageByURL/MIC_133003000007000107004.jpeg,semi_structured_kml,0.95
ASSET_WB_272353,"Lake/Pond — Sawada, North West",water_body,REG_DELHI,SCH_AMRUT,ACT_DDA,,completed,28.7041666703681,76.988888889948,No,Natural,Other Govt.Agency,https://mi6census.mowr.gov.in/mic/getWaterBodyImageByURL/MIC_133003000007000107001.jpeg,semi_structured_kml,0.95
ASSET_WB_272354,"Lake/Pond — Tatesar, North West",water_body,REG_DELHI,SCH_AMRUT,ACT_DDA,,completed,28.7558333298313,76.9644444403247,No,Natural,Other Govt.Agency,https://mi6census.mowr.gov.in/mic/getWaterBodyImageByURL/MIC_133003000007000094001.jpeg,semi_structured_kml,0.95
ASSET_WB_272355,"Other Water Body — Tatesar, North West",water_body,REG_DELHI,SCH_AMRUT,ACT_DDA,,encroached,28.7505555597365,76.9658333297211,Yes,Natural,Other Govt.Agency,https://mi6census.mowr.gov.in/mic/getWaterBodyImageByURL/MIC_133003000007000094003.jpeg,semi_structured_kml,0.95
ASSET_WB_272356,"Other Water Body — Tatesar, North West",water_body,REG_DELHI,SCH_AMRUT,ACT_DDA,,encroached,28.7550000003875,76.965555559632,Yes,Natural,Other Govt.Agency,https://mi6census.mowr.gov.in/mic/getWaterBodyImageByURL/MIC_133003000007000094002.jpeg,semi_structured_kml,0.95
ASSET_WB_272357,"Other Water Body — Begum Pur, North West",water_body,REG_DELHI,SCH_AMRUT,ACT_DDA,,encroached,28.7272222195373,77.0699999997654,Yes,Natural,Other Govt.Agency,https://mi6census.mowr.gov.in/mic/getWaterBodyImageByURL/MIC_133003000008000117003.jpeg,semi_structured_kml,0.95
ASSET_WB_272358,"Lake/Pond — Begum Pur, North West",water_body,REG_DELHI,SCH_AMRUT,ACT_DDA,,completed,28.7327777801276,77.0738888898859,No,Natural,Other Govt.Agency,https://mi6census.mowr.gov.in/mic/getWaterBodyImageByURL/MIC_133003000008000117005.jpeg,semi_structured_kml,0.95
ASSET_WB_272359,"Other Water Body — Begum Pur, North West",water_body,REG_DELHI,SCH_AMRUT,ACT_DDA,,encroached,28.7236111097996,77.0666666699876,Yes,Natural,Other Govt.Agency,https://mi6census.mowr.gov.in/mic/getWaterBodyImageByURL/MIC_133003000008000117002.jpeg,semi_structured_kml,0.95
ASSET_WB_272360,"Lake/Pond — Begum Pur, North West",water_body,REG_DELHI,SCH_AMRUT,ACT_DDA,,completed,28.7286111100916,77.0783333296506,No,Natural,Other Govt.Agency,https://mi6census.mowr.gov.in/mic/getWaterBodyImageByURL/MIC_133003000008000117004.jpeg,semi_structured_kml,0.95
ASSET_WB_272361,"Lake/Pond — Kirari Suleman Nagar, North West",water_body,REG_DELHI,SCH_AMRUT,ACT_DDA,,completed,28.7027777798104,77.0630555604235,No,Natural,Other Govt.Agency,https://mi6census.mowr.gov.in/mic/getWaterBodyImageByURL/MIC_133003000008000113001.jpeg,semi_structured_kml,0.95
ASSET_WB_272362,"Lake/Pond — Kirari Suleman Nagar, North West",water_body,REG_DELHI,SCH_AMRUT,ACT_DDA,,completed,28.6961111101526,77.0605555599902,No,Natural,Other Govt.Agency,https://mi6census.mowr.gov.in/mic/getWaterBodyImageByURL/MIC_133003000008000113002.jpeg,semi_structured_kml,0.95
ASSET_WB_272363,"Lake/Pond — Kirari Suleman Nagar, North West",water_body,REG_DELHI,SCH_AMRUT,ACT_DDA,,completed,28.6974999998512,77.0599999996098,No,Natural,Other Govt.Agency,https://mi6census.mowr.gov.in/mic/getWaterBodyImageByURL/MIC_133003000008000113003.jpeg,semi_structured_kml,0.95
ASSET_WB_272364,"Other Water Body — Kirari Suleman Nagar, North West",water_body,REG_DELHI,SCH_AMRUT,ACT_DDA,,encroached,28.6977777802864,77.0519444403588,Yes,Natural,Other Govt.Agency,https://mi6census.mowr.gov.in/mic/getWaterBodyImageByURL/MIC_133003000008000113004.jpeg,semi_structured_kml,0.95
ASSET_WB_272365,"Other Water Body — Kirari Suleman Nagar, North West",water_body,REG_DELHI,SCH_AMRUT,ACT_DDA,,encroached,28.696111110349,77.055833329582,Yes,Natural,Other Govt.Agency,https://mi6census.mowr.gov.in/mic/getWaterBodyImageByURL/MIC_133003000008000113005.jpeg,semi_structured_kml,0.95
ASSET_WB_272366,"Lake/Pond — Madan Pur Dabas, North West",water_body,REG_DELHI,SCH_AMRUT,ACT_DDA,,completed,28.7086111095645,77.0233333296714,No,Natural,Other Govt.Agency,https://mi6census.mowr.gov.in/mic/getWaterBodyImageByURL/MIC_133003000008000108001.jpeg,semi_structured_kml,0.95
ASSET_WB_272367,"Lake/Pond — Madan Pur Dabas, North West",water_body,REG_DELHI,SCH_AMRUT,ACT_DDA,,completed,28.7166666696439,77.0283333301233,No,Natural,Other Govt.Agency,https://mi6census.mowr.gov.in/mic/getWaterBodyImageByURL/MIC_133003000008000108002.jpeg,semi_structured_kml,0.95
ASSET_WB_272368,"Other Water Body — Mangolpur Khurd, North West",water_body,REG_DELHI,SCH_AMRUT,ACT_DDA,,completed,28.697222220026,77.0969444404255,No,Natural,Other Govt.Agency,https://mi6census.mowr.gov.in/mic/getWaterBodyImageByURL/MIC_133003000008000114002.jpeg,semi_structured_kml,0.95
ASSET_WB_272369,"Other Water Body — Mangolpur Khurd, North West",water_body,REG_DELHI,SCH_AMRUT,ACT_DDA,,completed,28.6958333299847,77.0955555595454,No,Natural,Other Govt.Agency,https://mi6census.mowr.gov.in/mic/getWaterBodyImageByURL/MIC_133003000008000114005.jpeg,semi_structured_kml,0.95
ASSET_WB_272370,"Other Water Body — Mangolpur Khurd, North West",water_body,REG_DELHI,SCH_AMRUT,ACT_DDA,,completed,28.6977777801633,77.0969444401435,No,Natural,Other Govt.Agency,https://mi6census.mowr.gov.in/mic/getWaterBodyImageByURL/MIC_133003000008000114003.jpeg,semi_structured_kml,0.95
ASSET_WB_272371,"Other Water Body — Mangolpur Khurd, North West",water_body,REG_DELHI,SCH_AMRUT,ACT_DDA,,completed,28.6969444399976,77.093333330461,No,Natural,Other Govt.Agency,https://mi6census.mowr.gov.in/mic/getWaterBodyImageByURL/MIC_133003000008000114004.jpeg,semi_structured_kml,0.95
ASSET_WB_272372,"Other Water Body — Mubarikpur Dabas, North West",water_body,REG_DELHI,SCH_AMRUT,ACT_DDA,,completed,28.7047222199106,77.0352777802736,No,Natural,Other Govt.Agency,https://mi6census.mowr.gov.in/mic/getWaterBodyImageByURL/MIC_133003000008000111007.jpeg,semi_structured_kml,0.95
ASSET_WB_272373,"Other Water Body — Mubarikpur Dabas, North West",water_body,REG_DELHI,SCH_AMRUT,ACT_DDA,,encroached,28.7083333302153,77.0397222201035,Yes,Natural,Other Govt.Agency,https://mi6census.mowr.gov.in/mic/getWaterBodyImageByURL/MIC_133003000008000111005.jpeg,semi_structured_kml,0.95
ASSET_WB_272374,"Other Water Body — Mubarikpur Dabas, North West",water_body,REG_DELHI,SCH_AMRUT,ACT_DDA,,encroached,28.7213888900939,77.046388890233,Yes,Natural,Other Govt.Agency,https://mi6census.mowr.gov.in/mic/getWaterBodyImageByURL/MIC_133003000008000111003.jpeg,semi_structured_kml,0.95
ASSET_WB_272375,"Other Water Body — Mubarikpur Dabas, North West",water_body,REG_DELHI,SCH_AMRUT,ACT_DDA,,encroached,28.7072222200366,77.0383333299841,Yes,Natural,Other Govt.Agency,https://mi6census.mowr.gov.in/mic/getWaterBodyImageByURL/MIC_133003000008000111004.jpeg,semi_structured_kml,0.95
ASSET_WB_272376,"Other Water Body — Mubarikpur Dabas, North West",water_body,REG_DELHI,SCH_AMRUT,ACT_DDA,,completed,28.7122222197156,77.0449999996784,No,Natural,Other Govt.Agency,https://mi6census.mowr.gov.in/mic/getWaterBodyImageByURL/MIC_133003000008000111002.jpeg,semi_structured_kml,0.95
ASSET_WB_272377,"Lake/Pond — Mubarikpur Dabas, North West",water_body,REG_DELHI,SCH_AMRUT,ACT_DDA,,completed,28.7133333296727,77.0375000003772,No,Natural,Other Govt.Agency,https://mi6census.mowr.gov.in/mic/getWaterBodyImageByURL/MIC_133003000008000111001.jpeg,semi_structured_kml,0.95
ASSET_WB_272378,"Lake/Pond — Mubarikpur Dabas, North West",water_body,REG_DELHI,SCH_AMRUT,ACT_DDA,,completed,28.7111111095636,77.0366666700884,No,Natural,Other Govt.Agency,https://mi6census.mowr.gov.in/mic/getWaterBodyImageByURL/MIC_133003000008000111006.jpeg,semi_structured_kml,0.95
ASSET_WB_272379,"Other Water Body — Nithari, North West",water_body,REG_DELHI,SCH_AMRUT,ACT_DDA,,encroached,28.7077777803925,77.0547222203307,Yes,Natural,Other Govt.Agency,https://mi6census.mowr.gov.in/mic/getWaterBodyImageByURL/MIC_133003000008000112004.jpeg,semi_structured_kml,0.95
ASSET_WB_272380,"Other Water Body — Nithari, North West",water_body,REG_DELHI,SCH_AMRUT,ACT_DDA,,completed,28.7063888903848,77.0558333301324,No,Natural,Other Govt.Agency,https://mi6census.mowr.gov.in/mic/getWaterBodyImageByURL/MIC_133003000008000112001.jpeg,semi_structured_kml,0.95
ASSET_WB_272381,"Other Water Body — Nithari, North West",water_body,REG_DELHI,SCH_AMRUT,ACT_DDA,,encroached,28.7038888901486,77.0536111099044,Yes,Natural,Other Govt.Agency,https://mi6census.mowr.gov.in/mic/getWaterBodyImageByURL/MIC_133003000008000112006.jpeg,semi_structured_kml,0.95
ASSET_WB_272382,"Lake/Pond — Nithari, North West",water_body,REG_DELHI,SCH_AMRUT,ACT_DDA,,completed,28.7077777802085,77.0530555598305,No,Natural,Other Govt.Agency,https://mi6census.mowr.gov.in/mic/getWaterBodyImageByURL/MIC_133003000008000112002.jpeg,semi_structured_kml,0.95
ASSET_WB_272383,"Lake/Pond — Nithari, North West",water_body,REG_DELHI,SCH_AMRUT,ACT_DDA,,completed,28.7044444397666,77.0463888899247,No,Natural,Other Govt.Agency,https://mi6census.mowr.gov.in/mic/getWaterBodyImageByURL/MIC_133003000008000112003.jpeg,semi_structured_kml,0.95
ASSET_WB_272384,"Other Water Body — Nithari, North West",water_body,REG_DELHI,SCH_AMRUT,ACT_DDA,,encroached,28.7080555596679,77.0538888903739,Yes,Natural,Other Govt.Agency,https://mi6census.mowr.gov.in/mic/getWaterBodyImageByURL/MIC_133003000008000112005.jpeg,semi_structured_kml,0.95
ASSET_WB_272385,"Reservoir — Pooth Kalan, North West",water_body,REG_DELHI,SCH_AMRUT,ACT_DDA,,completed,28.7166666703515,77.0755555604564,No,Natural,Other Govt.Agency,https://mi6census.mowr.gov.in/mic/getWaterBodyImageByURL/MIC_133003000008000116001.jpeg,semi_structured_kml,0.95
ASSET_WB_272386,"Lake/Pond — Rani Khera, North West",water_body,REG_DELHI,SCH_AMRUT,ACT_DDA,,completed,28.7047222196496,77.020277780091,No,Natural,Other Govt.Agency,https://mi6census.mowr.gov.in/mic/getWaterBodyImageByURL/MIC_133003000008000109004.jpeg,semi_structured_kml,0.95
ASSET_WB_272387,"Lake/Pond — Rani Khera, North West",water_body,REG_DELHI,SCH_AMRUT,ACT_DDA,,completed,28.7088888902716,77.0213888896492,No,Natural,Other Govt.Agency,https://mi6census.mowr.gov.in/mic/getWaterBodyImageByURL/MIC_133003000008000109001.jpeg,semi_structured_kml,0.95
ASSET_WB_272388,"Lake/Pond — Rani Khera, North West",water_body,REG_DELHI,SCH_AMRUT,ACT_DDA,,completed,28.7091666699223,77.0180555599986,No,Natural,Other Govt.Agency,https://mi6census.mowr.gov.in/mic/getWaterBodyImageByURL/MIC_133003000008000109002.jpeg,semi_structured_kml,0.95
ASSET_WB_272389,"Lake/Pond — Rani Khera, North West",water_body,REG_DELHI,SCH_AMRUT,ACT_DDA,,completed,28.7041666700458,77.0291666703182,No,Natural,Other Govt.Agency,https://mi6census.mowr.gov.in/mic/getWaterBodyImageByURL/MIC_133003000008000109003.jpeg,semi_structured_kml,0.95
ASSET_WB_272390,"Lake/Pond — Rani Khera, North West",water_body,REG_DELHI,SCH_AMRUT,ACT_DDA,,completed,28.7005555596839,77.0230555605195,No,Natural,Other Govt.Agency,https://mi6census.mowr.gov.in/mic/getWaterBodyImageByURL/MIC_133003000008000109005.jpeg,semi_structured_kml,0.95
ASSET_WB_272391,"Lake/Pond — Rassol Pur, North West",water_body,REG_DELHI,SCH_AMRUT,ACT_DDA,,completed,28.706111109757,77.0166666696138,No,Natural,Other Govt.Agency,https://mi6census.mowr.gov.in/mic/getWaterBodyImageByURL/MIC_133003000008000110003.jpeg,semi_structured_kml,0.95
ASSET_WB_272392,"Lake/Pond — Rassol Pur, North West",water_body,REG_DELHI,SCH_AMRUT,ACT_DDA,,completed,28.704166670205,77.0211111102602,No,Natural,Other Govt.Agency,https://mi6census.mowr.gov.in/mic/getWaterBodyImageByURL/MIC_133003000008000110001.jpeg,semi_structured_kml,0.95
ASSET_WB_272393,"Lake/Pond — Rassol Pur, North West",water_body,REG_DELHI,SCH_AMRUT,ACT_DDA,,completed,28.7069444401455,77.0202777794851,No,Natural,Other Govt.Agency,https://mi6census.mowr.gov.in/mic/getWaterBodyImageByURL/MIC_133003000008000110002.jpeg,semi_structured_kml,0.95
ASSET_WB_272394,"Lake/Pond — Rassol Pur, North West",water_body,REG_DELHI,SCH_AMRUT,ACT_DDA,,completed,28.7000000002334,77.019166669738,No,Natural,Other Govt.Agency,https://mi6census.mowr.gov.in/mic/getWaterBodyImageByURL/MIC_133003000008000110004.jpeg,semi_structured_kml,0.95
ASSET_WB_272395,"Lake/Pond — Rithala, North West",water_body,REG_DELHI,SCH_AMRUT,ACT_DDA,,completed,28.7152777800153,77.1008333300048,No,Natural,Co-operative,https://mi6census.mowr.gov.in/mic/getWaterBodyImageByURL/MIC_133003000008000118001.jpeg,semi_structured_kml,0.95
ASSET_WB_272396,"Reservoir — Rithala, North West",water_body,REG_DELHI,SCH_AMRUT,ACT_DDA,,completed,28.7191666700518,77.1163888903995,No,Natural,Other Govt.Agency,https://mi6census.mowr.gov.in/mic/getWaterBodyImageByURL/MIC_133003000008000118002.jpeg,semi_structured_kml,0.95
ASSET_WB_272397,"Lake/Pond — Sultanpur Majara, North West",water_body,REG_DELHI,SCH_AMRUT,ACT_DDA,,encroached,28.6919444396999,77.0866666703069,Yes,Natural,Muncipal authority,https://mi6census.mowr.gov.in/mic/getWaterBodyImageByURL/MIC_133003000008000115008.jpeg,semi_structured_kml,0.95
ASSET_WB_272398,"Other Water Body — Sultanpur Majara, North West",water_body,REG_DELHI,SCH_AMRUT,ACT_DDA,,completed,28.6974999999903,77.0802777801116,No,Natural,Muncipal authority,https://mi6census.mowr.gov.in/mic/getWaterBodyImageByURL/MIC_133003000008000115004.jpeg,semi_structured_kml,0.95
ASSET_WB_272399,"Other Water Body — Sultanpur Majara, North West",water_body,REG_DELHI,SCH_AMRUT,ACT_DDA,,encroached,28.6933333304219,77.0730555597251,Yes,Natural,Muncipal authority,https://mi6census.mowr.gov.in/mic/getWaterBodyImageByURL/MIC_133003000008000115006.jpeg,semi_structured_kml,0.95
ASSET_WB_272400,"Other Water Body — Haiderpur, North West",water_body,REG_DELHI,SCH_AMRUT,ACT_DDA,,completed,28.7255555601928,77.1447222197916,No,Natural,Other Govt.Agency,https://mi6census.mowr.gov.in/mic/getWaterBodyImageByURL/MIC_133003000009000123001.jpeg,semi_structured_kml,0.95
ASSET_WB_272401,"Lake/Pond — Haiderpur, North West",water_body,REG_DELHI,SCH_AMRUT,ACT_DDA,,completed,28.7211111096222,77.1483333302951,No,Natural,Other Govt.Agency,https://mi6census.mowr.gov.in/mic/getWaterBodyImageByURL/MIC_133003000009000123002.jpeg,semi_structured_kml,0.95
ASSET_WB_272402,"Other Water Body — Haiderpur, North West",water_body,REG_DELHI,SCH_AMRUT,ACT_DDA,,completed,28.716944439971,77.1350000004186,No,Natural,Other Govt.Agency,https://mi6census.mowr.gov.in/mic/getWaterBodyImageByURL/MIC_133003000009000123006.jpeg,semi_structured_kml,0.95
ASSET_WB_272403,"Lake/Pond — Haiderpur, North West",water_body,REG_DELHI,SCH_AMRUT,ACT_DDA,,completed,28.7197222203427,77.1427777802007,No,Natural,Co-operative,https://mi6census.mowr.gov.in/mic/getWaterBodyImageByURL/MIC_133003000009000123003.jpeg,semi_structured_kml,0.95
ASSET_WB_272404,"Other Water Body — Haiderpur, North West",water_body,REG_DELHI,SCH_AMRUT,ACT_DDA,,encroached,28.7197222203427,77.1427777802007,Yes,Natural,Co-operative,https://mi6census.mowr.gov.in/mic/getWaterBodyImageByURL/MIC_133003000009000123004.jpeg,semi_structured_kml,0.95
ASSET_WB_272405,"Lake/Pond — Haiderpur, North West",water_body,REG_DELHI,SCH_AMRUT,ACT_DDA,,completed,28.7213888901322,77.1422222196323,No,Natural,Other Govt.Agency,https://mi6census.mowr.gov.in/mic/getWaterBodyImageByURL/MIC_133003000009000123005.jpeg,semi_structured_kml,0.95
ASSET_WB_272406,"Other Water Body — Mangolpur Kalan, North West",water_body,REG_DELHI,SCH_AMRUT,ACT_DDA,,completed,28.6980555602432,77.1188888899241,No,Natural,Co-operative,https://mi6census.mowr.gov.in/mic/getWaterBodyImageByURL/MIC_133003000009000119005.jpeg,semi_structured_kml,0.95
ASSET_WB_272407,"Other Water Body — Mangolpur Kalan, North West",water_body,REG_DELHI,SCH_AMRUT,ACT_DDA,,completed,28.6983333296488,77.1072222204445,No,Natural,Other Govt.Agency,https://mi6census.mowr.gov.in/mic/getWaterBodyImageByURL/MIC_133003000009000119004.jpeg,semi_structured_kml,0.95
ASSET_WB_272408,"Other Water Body — Mangolpur Kalan, North West",water_body,REG_DELHI,SCH_AMRUT,ACT_DDA,,completed,28.703055560316,77.1113888899137,No,Natural,Other Govt.Agency,https://mi6census.mowr.gov.in/mic/getWaterBodyImageByURL/MIC_133003000009000119003.jpeg,semi_structured_kml,0.95
ASSET_WB_272409,"Other Water Body — Mangolpur Kalan, North West",water_body,REG_DELHI,SCH_AMRUT,ACT_DDA,,completed,28.7008333301811,77.1130555603462,No,Natural,Other Govt.Agency,https://mi6census.mowr.gov.in/mic/getWaterBodyImageByURL/MIC_133003000009000119002.jpeg,semi_structured_kml,0.95
ASSET_WB_272410,"Lake/Pond — Mangolpur Kalan, North West",water_body,REG_DELHI,SCH_AMRUT,ACT_DDA,,completed,28.696666669773,77.1083333300313,No,Natural,Other Govt.Agency,https://mi6census.mowr.gov.in/mic/getWaterBodyImageByURL/MIC_133003000009000119001.jpeg,semi_structured_kml,0.95
ASSET_WB_272411,"Lake/Pond — Pitampura, North West",water_body,REG_DELHI,SCH_AMRUT,ACT_DDA,,completed,28.6908333296711,77.1327777802962,No,Natural,Other Govt.Agency,https://mi6census.mowr.gov.in/mic/getWaterBodyImageByURL/MIC_133003000009000122001.jpeg,semi_structured_kml,0.95
ASSET_WB_272412,"Other Water Body — Pitampura, North West",water_body,REG_DELHI,SCH_AMRUT,ACT_DDA,,completed,28.6997222198102,77.1402777800462,No,Natural,Other Govt.Agency,https://mi6census.mowr.gov.in/mic/getWaterBodyImageByURL/MIC_133003000009000122002.jpeg,semi_structured_kml,0.95
ASSET_WB_272413,"Other Water Body — Sahi Pur, North West",water_body,REG_DELHI,SCH_AMRUT,ACT_DDA,,completed,28.7194444396351,77.1549999999784,No,Natural,Other Govt.Agency,https://mi6census.mowr.gov.in/mic/getWaterBodyImageByURL/MIC_133003000009000124001.jpeg,semi_structured_kml,0.95
ASSET_WB_272414,"Other Water Body — Sahi Pur, North West",water_body,REG_DELHI,SCH_AMRUT,ACT_DDA,,completed,28.7175000004206,77.1624999997778,No,Natural,Other Govt.Agency,https://mi6census.mowr.gov.in/mic/getWaterBodyImageByURL/MIC_133003000009000124002.jpeg,semi_structured_kml,0.95
ASSET_WB_272415,"Other Water Body — Salem Pur Majri Madipur, North West",water_body,REG_DELHI,SCH_AMRUT,ACT_DDA,,completed,28.6950000003153,77.1319444398592,No,Natural,Muncipal authority,https://mi6census.mowr.gov.in/mic/getWaterBodyImageByURL/MIC_133003000009000121002.jpeg,semi_structured_kml,0.95
ASSET_WB_272416,"Other Water Body — Shakur Pur, North West",water_body,REG_DELHI,SCH_AMRUT,ACT_DDA,,completed,28.6780555598705,77.1536111101986,No,Natural,Other Govt.Agency,https://mi6census.mowr.gov.in/mic/getWaterBodyImageByURL/MIC_133003000009000126002.jpeg,semi_structured_kml,0.95
ASSET_WB_272417,"Other Water Body — Shakur Pur, North West",water_body,REG_DELHI,SCH_AMRUT,ACT_DDA,,completed,28.6850000003117,77.1413888902734,No,Natural,Other Govt.Agency,https://mi6census.mowr.gov.in/mic/getWaterBodyImageByURL/MIC_133003000009000126001.jpeg,semi_structured_kml,0.95
ASSET_WB_272418,"Other Water Body — Wazirpur, North West",water_body,REG_DELHI,SCH_AMRUT,ACT_DDA,,encroached,28.691944439605,77.1719444395829,Yes,Natural,Muncipal authority,https://mi6census.mowr.gov.in/mic/getWaterBodyImageByURL/MIC_133003000009000127001.jpeg,semi_structured_kml,0.95
ASSET_WB_272419,"Lake/Pond — Mandoli, Shahdara",water_body,REG_DELHI,SCH_AMRUT,ACT_DDA,,completed,28.6974999999966,77.3152777798173,No,Natural,Other Govt.Agency,https://mi6census.mowr.gov.in/mic/getWaterBodyImageByURL/MIC_133009000026000318001.jpeg,semi_structured_kml,0.95
ASSET_WB_272420,"Other Water Body — Mandoli, Shahdara",water_body,REG_DELHI,SCH_AMRUT,ACT_DDA,,completed,28.6994444400493,77.305000000396,No,Natural,Other Govt.Agency,https://mi6census.mowr.gov.in/mic/getWaterBodyImageByURL/MIC_133009000026000318003.jpeg,semi_structured_kml,0.95
ASSET_WB_272421,"Other Water Body — Mandoli, Shahdara",water_body,REG_DELHI,SCH_AMRUT,ACT_DDA,,completed,28.6999999996362,77.3033333298837,No,Natural,Other Govt.Agency,https://mi6census.mowr.gov.in/mic/getWaterBodyImageByURL/MIC_133009000026000318004.jpeg,semi_structured_kml,0.95
ASSET_WB_272422,"Other Water Body — Mandoli, Shahdara",water_body,REG_DELHI,SCH_AMRUT,ACT_DDA,,completed,28.7030555598859,77.3130555596972,No,Natural,Other Govt.Agency,https://mi6census.mowr.gov.in/mic/getWaterBodyImageByURL/MIC_133009000026000318002.jpeg,semi_structured_kml,0.95
ASSET_WB_272423,"Other Water Body — Saboli, Shahdara",water_body,REG_DELHI,SCH_AMRUT,ACT_DDA,,completed,28.7024999997435,77.3036111100324,No,Natural,Other Govt.Agency,https://mi6census.mowr.gov.in/mic/getWaterBodyImageByURL/MIC_133009000026000317001.jpeg,semi_structured_kml,0.95
ASSET_WB_272424,"Other Water Body — Babarpur, Shahdara",water_body,REG_DELHI,SCH_AMRUT,ACT_DDA,,completed,28.6877777802272,77.2813888902052,No,Natural,Other private body,https://mi6census.mowr.gov.in/mic/getWaterBodyImageByURL/MIC_133009000025000315003.jpeg,semi_structured_kml,0.95
ASSET_WB_272425,"Other Water Body — Babarpur, Shahdara",water_body,REG_DELHI,SCH_AMRUT,ACT_DDA,,encroached,28.6933333301415,77.2811111104608,Yes,Natural,Other Govt.Agency,https://mi6census.mowr.gov.in/mic/getWaterBodyImageByURL/MIC_133009000025000315001.jpeg,semi_structured_kml,0.95
ASSET_WB_272426,"Other Water Body — Babarpur, Shahdara",water_body,REG_DELHI,SCH_AMRUT,ACT_DDA,,completed,28.6933333302926,77.2816666701007,No,Natural,Other Govt.Agency,https://mi6census.mowr.gov.in/mic/getWaterBodyImageByURL/MIC_133009000025000315002.jpeg,semi_structured_kml,0.95
ASSET_WB_272427,"Other Water Body — Jafarabad, Shahdara",water_body,REG_DELHI,SCH_AMRUT,ACT_DDA,,completed,28.6791666695714,77.2747222204477,No,Natural,Other Govt.Agency,https://mi6census.mowr.gov.in/mic/getWaterBodyImageByURL/MIC_133009000025000314001.jpeg,semi_structured_kml,0.95
ASSET_WB_272428,"Other Water Body — Mauzpur, Shahdara",water_body,REG_DELHI,SCH_AMRUT,ACT_DDA,,completed,28.6911111099295,77.2725000003231,No,Natural,Muncipal authority,https://mi6census.mowr.gov.in/mic/getWaterBodyImageByURL/MIC_133009000025000313001.jpeg,semi_structured_kml,0.95
ASSET_WB_272429,"Other Water Body — Sakdarpur, Shahdara",water_body,REG_DELHI,SCH_AMRUT,ACT_DDA,,completed,28.6813888895584,77.2905555601168,No,Natural,Other Govt.Agency,https://mi6census.mowr.gov.in/mic/getWaterBodyImageByURL/MIC_133009000025000316001.jpeg,semi_structured_kml,0.95
ASSET_WB_272430,"Other Water Body — Chandarawali Shahdara, Shahdara",water_body,REG_DELHI,SCH_AMRUT,ACT_DDA,,completed,28.6708333304582,77.2927777802741,No,Natural,Other private body,https://mi6census.mowr.gov.in/mic/getWaterBodyImageByURL/MIC_133009000027000321001.jpeg,semi_structured_kml,0.95
ASSET_WB_272431,"Other Water Body — Ghondli, Shahdara",water_body,REG_DELHI,SCH_AMRUT,ACT_DDA,,completed,28.6605555600557,77.2805555604218,No,Natural,Other Govt.Agency,https://mi6census.mowr.gov.in/mic/getWaterBodyImageByURL/MIC_133009000027000320001.jpeg,semi_structured_kml,0.95
ASSET_WB_272432,"Other Water Body — Karkardooma, Shahdara",water_body,REG_DELHI,SCH_AMRUT,ACT_DDA,,completed,28.6483333303634,77.3041666703451,No,Natural,Other Govt.Agency,https://mi6census.mowr.gov.in/mic/getWaterBodyImageByURL/MIC_133009000027000323001.jpeg,semi_structured_kml,0.95
ASSET_WB_272433,"Other Water Body — Oidenpuri, Shahdara",water_body,REG_DELHI,SCH_AMRUT,ACT_DDA,,completed,28.6769444397286,77.2830555604243,No,Natural,Other private body,https://mi6census.mowr.gov.in/mic/getWaterBodyImageByURL/MIC_133009000027000322001.jpeg,semi_structured_kml,0.95
ASSET_WB_272434,"Other Water Body — Seelampuri, Shahdara",water_body,REG_DELHI,SCH_AMRUT,ACT_DDA,,completed,28.6711111095408,77.2708333299515,No,Natural,Other private body,https://mi6census.mowr.gov.in/mic/getWaterBodyImageByURL/MIC_133009000027000319001.jpeg,semi_structured_kml,0.95
ASSET_WB_272435,"Other Water Body — Behlolpur, Souh East",water_body,REG_DELHI,SCH_AMRUT,ACT_DDA,,completed,28.5855555600816,77.2583333297086,No,Natural,Other Govt.Agency,https://mi6census.mowr.gov.in/mic/getWaterBodyImageByURL/MIC_133006000018000262001.jpeg,semi_structured_kml,0.95
ASSET_WB_272436,"Other Water Body — Chak Chilla, Souh East",water_body,REG_DELHI,SCH_AMRUT,ACT_DDA,,completed,28.5769444404047,77.283611109816,No,Natural,Other Govt.Agency,https://mi6census.mowr.gov.in/mic/getWaterBodyImageByURL/MIC_133006000018000264001.jpeg,semi_structured_kml,0.95
ASSET_WB_272437,"Other Water Body — Garhi Jhariya Marya, Souh East",water_body,REG_DELHI,SCH_AMRUT,ACT_DDA,,completed,28.5550000004049,77.2474999995348,No,Natural,Other private body,https://mi6census.mowr.gov.in/mic/getWaterBodyImageByURL/MIC_133006000018000256001.jpeg,semi_structured_kml,0.95
ASSET_WB_272438,"Other Water Body — Joga Bai, Souh East",water_body,REG_DELHI,SCH_AMRUT,ACT_DDA,,completed,28.5647222195977,77.2711111101833,No,Natural,Other Govt.Agency,https://mi6census.mowr.gov.in/mic/getWaterBodyImageByURL/MIC_133006000018000258001.jpeg,semi_structured_kml,0.95
ASSET_WB_272439,"Other Water Body — Khizarabad, Souh East",water_body,REG_DELHI,SCH_AMRUT,ACT_DDA,,completed,28.5663888900414,77.2688888904772,No,Natural,Other Govt.Agency,https://mi6census.mowr.gov.in/mic/getWaterBodyImageByURL/MIC_133006000018000259001.jpeg,semi_structured_kml,0.95
ASSET_WB_272440,"Other Water Body — Khizarabad, Souh East",water_body,REG_DELHI,SCH_AMRUT,ACT_DDA,,completed,28.572500000318,77.2708333300773,No,Natural,Other Govt.Agency,https://mi6census.mowr.gov.in/mic/getWaterBodyImageByURL/MIC_133006000018000259002.jpeg,semi_structured_kml,0.95
ASSET_WB_272441,"Other Water Body — Kilokari, Souh East",water_body,REG_DELHI,SCH_AMRUT,ACT_DDA,,completed,28.5766666697634,77.2686111103428,No,Natural,Other Govt.Agency,https://mi6census.mowr.gov.in/mic/getWaterBodyImageByURL/MIC_133006000018000260001.jpeg,semi_structured_kml,0.95
ASSET_WB_272442,"Other Water Body — Kiotla Mubarakpur, Souh East",water_body,REG_DELHI,SCH_AMRUT,ACT_DDA,,completed,28.5730555600025,77.222222219756,No,Natural,Other Govt.Agency,https://mi6census.mowr.gov.in/mic/getWaterBodyImageByURL/MIC_133006000018000255001.jpeg,semi_structured_kml,0.95
ASSET_WB_272443,"Other Water Body — Kiotla Mubarakpur, Souh East",water_body,REG_DELHI,SCH_AMRUT,ACT_DDA,,completed,28.5650000000644,77.2225000005058,No,Natural,Other Govt.Agency,https://mi6census.mowr.gov.in/mic/getWaterBodyImageByURL/MIC_133006000018000255002.jpeg,semi_structured_kml,0.95
ASSET_WB_272444,"Reservoir — Okhla, Souh East",water_body,REG_DELHI,SCH_AMRUT,ACT_DDA,,completed,28.5661111097393,77.2930555600306,No,Natural,Other Govt.Agency,https://mi6census.mowr.gov.in/mic/getWaterBodyImageByURL/MIC_133006000018000257001.jpeg,semi_structured_kml,0.95
ASSET_WB_272445,"Reservoir — Okhla, Souh East",water_body,REG_DELHI,SCH_AMRUT,ACT_DDA,,completed,28.5661111101969,77.2927777795203,No,Natural,Other Govt.Agency,https://mi6census.mowr.gov.in/mic/getWaterBodyImageByURL/MIC_133006000018000257002.jpeg,semi_structured_kml,0.95
ASSET_WB_272446,"Other Water Body — Sarai Kale Khan, Souh East",water_body,REG_DELHI,SCH_AMRUT,ACT_DDA,,completed,28.5844444404358,77.2569444399938,No,Natural,Other Govt.Agency,https://mi6census.mowr.gov.in/mic/getWaterBodyImageByURL/MIC_133006000018000261001.jpeg,semi_structured_kml,0.95
ASSET_WB_272447,"Other Water Body — Baha Pur, Souh East",water_body,REG_DELHI,SCH_AMRUT,ACT_DDA,,completed,28.5538888897409,77.2824999998502,No,Natural,Other Govt.Agency,https://mi6census.mowr.gov.in/mic/getWaterBodyImageByURL/MIC_133006000017000250004.jpeg,semi_structured_kml,0.95
ASSET_WB_272448,"Other Water Body — Baha Pur, Souh East",water_body,REG_DELHI,SCH_AMRUT,ACT_DDA,,completed,28.5591666697179,77.2724999998396,No,Natural,Other Govt.Agency,https://mi6census.mowr.gov.in/mic/getWaterBodyImageByURL/MIC_133006000017000250002.jpeg,semi_structured_kml,0.95
ASSET_WB_272449,"Other Water Body — Baha Pur, Souh East",water_body,REG_DELHI,SCH_AMRUT,ACT_DDA,,completed,28.5619444401907,77.2705555597909,No,Natural,Other Govt.Agency,https://mi6census.mowr.gov.in/mic/getWaterBodyImageByURL/MIC_133006000017000250003.jpeg,semi_structured_kml,0.95
ASSET_WB_272450,"Other Water Body — Baha Pur, Souh East",water_body,REG_DELHI,SCH_AMRUT,ACT_DDA,,completed,28.5144444396422,77.203888890199,No,Natural,Other Govt.Agency,https://mi6census.mowr.gov.in/mic/getWaterBodyImageByURL/MIC_133006000017000250005.jpeg,semi_structured_kml,0.95
ASSET_WB_272451,"Other Water Body — Baha Pur, Souh East",water_body,REG_DELHI,SCH_AMRUT,ACT_DDA,,completed,28.548611110421,77.2613888901133,No,Natural,Other Govt.Agency,https://mi6census.mowr.gov.in/mic/getWaterBodyImageByURL/MIC_133006000017000250001.jpeg,semi_structured_kml,0.95
ASSET_WB_272452,"Other Water Body — Tehkhand, Souh East",water_body,REG_DELHI,SCH_AMRUT,ACT_DDA,,completed,28.5069444401147,77.2855555599009,No,Natural,Other Govt.Agency,https://mi6census.mowr.gov.in/mic/getWaterBodyImageByURL/MIC_133006000017000251001.jpeg,semi_structured_kml,0.95
ASSET_WB_272453,"Other Water Body — Tuglakabad, Souh East",water_body,REG_DELHI,SCH_AMRUT,ACT_DDA,,completed,28.5088888895366,77.2677777797218,No,Natural,Other Govt.Agency,https://mi6census.mowr.gov.in/mic/getWaterBodyImageByURL/MIC_133006000017000252002.jpeg,semi_structured_kml,0.95
ASSET_WB_272454,"Other Water Body — Tuglakabad, Souh East",water_body,REG_DELHI,SCH_AMRUT,ACT_DDA,,completed,28.5088888902895,77.261666670476,No,Natural,Other Govt.Agency,https://mi6census.mowr.gov.in/mic/getWaterBodyImageByURL/MIC_133006000017000252007.jpeg,semi_structured_kml,0.95
ASSET_WB_272455,"Other Water Body — Tuglakabad, Souh East",water_body,REG_DELHI,SCH_AMRUT,ACT_DDA,,completed,28.514166670124,77.2677777797567,No,Natural,Muncipal authority,https://mi6census.mowr.gov.in/mic/getWaterBodyImageByURL/MIC_133006000017000252009.jpeg,semi_structured_kml,0.95
ASSET_WB_272456,"Lake/Pond — Tuglakabad, Souh East",water_body,REG_DELHI,SCH_AMRUT,ACT_DDA,,completed,28.514166670124,77.2677777797567,No,Natural,Other Govt.Agency,https://mi6census.mowr.gov.in/mic/getWaterBodyImageByURL/MIC_133006000017000252004.jpeg,semi_structured_kml,0.95
ASSET_WB_272457,"Other Water Body — Tuglakabad, Souh East",water_body,REG_DELHI,SCH_AMRUT,ACT_DDA,,completed,28.5127777796043,77.267777780296,No,Natural,Muncipal authority,https://mi6census.mowr.gov.in/mic/getWaterBodyImageByURL/MIC_133006000017000252008.jpeg,semi_structured_kml,0.95
ASSET_WB_272458,"Tank — Tuglakabad, Souh East",water_body,REG_DELHI,SCH_AMRUT,ACT_DDA,,completed,28.5188888899326,77.2569444395507,No,Man-made,Other Govt.Agency,https://mi6census.mowr.gov.in/mic/getWaterBodyImageByURL/MIC_133006000017000252006.jpeg,semi_structured_kml,0.95
ASSET_WB_272459,"Other Water Body — Tuglakabad, Souh East",water_body,REG_DELHI,SCH_AMRUT,ACT_DDA,,completed,28.5088888900976,77.2641666702853,No,Natural,Other Govt.Agency,https://mi6census.mowr.gov.in/mic/getWaterBodyImageByURL/MIC_133006000017000252001.jpeg,semi_structured_kml,0.95
ASSET_WB_272460,"Other Water Body — Tuglakabad, Souh East",water_body,REG_DELHI,SCH_AMRUT,ACT_DDA,,completed,28.4941666701439,77.2474999998193,No,Natural,Muncipal authority,https://mi6census.mowr.gov.in/mic/getWaterBodyImageByURL/MIC_133006000017000252003.jpeg,semi_structured_kml,0.95
ASSET_WB_272461,"Other Water Body — Tuglakabad, Souh East",water_body,REG_DELHI,SCH_AMRUT,ACT_DDA,,completed,28.5024999996731,77.253333330499,No,Natural,Other Govt.Agency,https://mi6census.mowr.gov.in/mic/getWaterBodyImageByURL/MIC_133006000017000252005.jpeg,semi_structured_kml,0.95
ASSET_WB_272462,"Lake/Pond — Aali, Souh East",water_body,REG_DELHI,SCH_AMRUT,ACT_DDA,,completed,28.5166666704381,77.3013888900149,No,Natural,Other Govt.Agency,https://mi6census.mowr.gov.in/mic/getWaterBodyImageByURL/MIC_133006000016000240002.jpeg,semi_structured_kml,0.95
ASSET_WB_272463,"Lake/Pond — Aali, Souh East",water_body,REG_DELHI,SCH_AMRUT,ACT_DDA,,completed,28.5169444396861,77.3011111101716,No,Natural,Other Govt.Agency,https://mi6census.mowr.gov.in/mic/getWaterBodyImageByURL/MIC_133006000016000240001.jpeg,semi_structured_kml,0.95
ASSET_WB_272464,"Other Water Body — Badar Pur, Souh East",water_body,REG_DELHI,SCH_AMRUT,ACT_DDA,,completed,28.5080555602756,77.2849999999307,No,Natural,Other private body,https://mi6census.mowr.gov.in/mic/getWaterBodyImageByURL/MIC_133006000016000245001.jpeg,semi_structured_kml,0.95
ASSET_WB_272465,"Other Water Body — Jaitpur, Souh East",water_body,REG_DELHI,SCH_AMRUT,ACT_DDA,,completed,28.5094444400559,77.3350000004332,No,Natural,Other Govt.Agency,https://mi6census.mowr.gov.in/mic/getWaterBodyImageByURL/MIC_133006000016000241001.jpeg,semi_structured_kml,0.95
ASSET_WB_272466,"Other Water Body — Jasola, Souh East",water_body,REG_DELHI,SCH_AMRUT,ACT_DDA,,encroached,28.5083333299376,77.3266666703481,Yes,Natural,Individual,https://mi6census.mowr.gov.in/mic/getWaterBodyImageByURL/MIC_133006000016000247002.jpeg,semi_structured_kml,0.95
ASSET_WB_272467,"Tank — Jasola, Souh East",water_body,REG_DELHI,SCH_AMRUT,ACT_DDA,,encroached,28.5483333303401,77.2758333301449,Yes,Natural,Other Govt.Agency,https://mi6census.mowr.gov.in/mic/getWaterBodyImageByURL/MIC_133006000016000247001.jpeg,semi_structured_kml,0.95
ASSET_WB_272468,"Other Water Body — Kotla Mahigram, Souh East",water_body,REG_DELHI,SCH_AMRUT,ACT_DDA,,completed,28.539999999788,77.2916666697399,No,Natural,Individual,https://mi6census.mowr.gov.in/mic/getWaterBodyImageByURL/MIC_133006000016000248001.jpeg,semi_structured_kml,0.95
ASSET_WB_272469,"Other Water Body — Madan Pur Khadar, Souh East",water_body,REG_DELHI,SCH_AMRUT,ACT_DDA,,completed,28.5277777803351,77.315833330331,No,Natural,Other Govt.Agency,https://mi6census.mowr.gov.in/mic/getWaterBodyImageByURL/MIC_133006000016000246001.jpeg,semi_structured_kml,0.95
ASSET_WB_272470,"Other Water Body — Meethapur, Souh East",water_body,REG_DELHI,SCH_AMRUT,ACT_DDA,,encroached,28.4983333301838,77.3152777795427,Yes,Natural,Other Govt.Agency,https://mi6census.mowr.gov.in/mic/getWaterBodyImageByURL/MIC_133006000016000242001.jpeg,semi_structured_kml,0.95
ASSET_WB_272471,"Other Water Body — Molar Band, Souh East",water_body,REG_DELHI,SCH_AMRUT,ACT_DDA,,completed,28.5030555596886,77.3113888904041,No,Natural,Other Govt.Agency,https://mi6census.mowr.gov.in/mic/getWaterBodyImageByURL/MIC_133006000016000243002.jpeg,semi_structured_kml,0.95
ASSET_WB_272472,"Other Water Body — Molar Band, Souh East",water_body,REG_DELHI,SCH_AMRUT,ACT_DDA,,encroached,28.5019444395726,77.311944439567,Yes,Natural,Group of Individuals,https://mi6census.mowr.gov.in/mic/getWaterBodyImageByURL/MIC_133006000016000243001.jpeg,semi_structured_kml,0.95
ASSET_WB_272473,"Other Water Body — Tajpul, Souh East",water_body,REG_DELHI,SCH_AMRUT,ACT_DDA,,completed,28.4980555601306,77.3063888896827,No,Natural,Other Govt.Agency,https://mi6census.mowr.gov.in/mic/getWaterBodyImageByURL/MIC_133006000016000244001.jpeg,semi_structured_kml,0.95
ASSET_WB_272474,"Other Water Body — Amber Heri, Souh West",water_body,REG_DELHI,SCH_AMRUT,ACT_DDA,,completed,28.5786111100464,77.0486111098364,No,Natural,Other Govt.Agency,https://mi6census.mowr.gov.in/mic/getWaterBodyImageByURL/MIC_133005000013000172002.jpeg,semi_structured_kml,0.95
ASSET_WB_272475,"Other Water Body — Amber Heri, Souh West",water_body,REG_DELHI,SCH_AMRUT,ACT_DDA,,completed,28.7186111099808,77.2777777802902,No,Natural,Other Govt.Agency,https://mi6census.mowr.gov.in/mic/getWaterBodyImageByURL/MIC_133005000013000172001.jpeg,semi_structured_kml,0.95
ASSET_WB_272476,"Lake/Pond — Dabri, Souh West",water_body,REG_DELHI,SCH_AMRUT,ACT_DDA,,encroached,28.6080555598979,77.0858333303489,Yes,Natural,Other Govt.Agency,https://mi6census.mowr.gov.in/mic/getWaterBodyImageByURL/MIC_133005000013000181001.jpeg,semi_structured_kml,0.95
ASSET_WB_272477,"Lake/Pond — Dhoolsiras, Souh West",water_body,REG_DELHI,SCH_AMRUT,ACT_DDA,,completed,28.5541666701427,77.0322222196168,No,Natural,Other Govt.Agency,https://mi6census.mowr.gov.in/mic/getWaterBodyImageByURL/MIC_133005000013000174001.jpeg,semi_structured_kml,0.95
ASSET_WB_272478,"Lake/Pond — Dhoolsiras, Souh West",water_body,REG_DELHI,SCH_AMRUT,ACT_DDA,,encroached,28.553055559807,77.0313888897417,Yes,Natural,Other Govt.Agency,https://mi6census.mowr.gov.in/mic/getWaterBodyImageByURL/MIC_133005000013000174004.jpeg,semi_structured_kml,0.95
ASSET_WB_272479,"Lake/Pond — Dhoolsiras, Souh West",water_body,REG_DELHI,SCH_AMRUT,ACT_DDA,,completed,28.5530555603832,77.0286111097097,No,Natural,Other Govt.Agency,https://mi6census.mowr.gov.in/mic/getWaterBodyImageByURL/MIC_133005000013000174003.jpeg,semi_structured_kml,0.95
ASSET_WB_272480,"Other Water Body — Dhoolsiras, Souh West",water_body,REG_DELHI,SCH_AMRUT,ACT_DDA,,encroached,28.5555555600429,77.0325000000838,Yes,Natural,Other private body,https://mi6census.mowr.gov.in/mic/getWaterBodyImageByURL/MIC_133005000013000174002.jpeg,semi_structured_kml,0.95
ASSET_WB_272481,"Other Water Body — Kakrola, Souh West",water_body,REG_DELHI,SCH_AMRUT,ACT_DDA,,encroached,28.6075000001646,77.0194444400029,Yes,Natural,Other Govt.Agency,https://mi6census.mowr.gov.in/mic/getWaterBodyImageByURL/MIC_133005000013000173003.jpeg,semi_structured_kml,0.95
ASSET_WB_272482,"Other Water Body — Kakrola, Souh West",water_body,REG_DELHI,SCH_AMRUT,ACT_DDA,,encroached,28.6088888901962,77.0194444397204,Yes,Natural,Other Govt.Agency,https://mi6census.mowr.gov.in/mic/getWaterBodyImageByURL/MIC_133005000013000173004.jpeg,semi_structured_kml,0.95
ASSET_WB_272483,"Lake/Pond — Kakrola, Souh West",water_body,REG_DELHI,SCH_AMRUT,ACT_DDA,,completed,28.6097222202067,77.0200000003667,No,Natural,Other Govt.Agency,https://mi6census.mowr.gov.in/mic/getWaterBodyImageByURL/MIC_133005000013000173002.jpeg,semi_structured_kml,0.95
ASSET_WB_272484,"Lake/Pond — Kakrola, Souh West",water_body,REG_DELHI,SCH_AMRUT,ACT_DDA,,completed,28.6044444399398,77.017499999759,No,Natural,Other Govt.Agency,https://mi6census.mowr.gov.in/mic/getWaterBodyImageByURL/MIC_133005000013000173001.jpeg,semi_structured_kml,0.95
ASSET_WB_272485,"Other Water Body — Kakrola, Souh West",water_body,REG_DELHI,SCH_AMRUT,ACT_DDA,,encroached,28.5936111098155,77.026388889516,Yes,Natural,Other Govt.Agency,https://mi6census.mowr.gov.in/mic/getWaterBodyImageByURL/MIC_133005000013000173006.jpeg,semi_structured_kml,0.95
ASSET_WB_272486,"Other Water Body — Kakrola, Souh West",water_body,REG_DELHI,SCH_AMRUT,ACT_DDA,,completed,28.5924999995637,77.0138888904269,No,Natural,Other Govt.Agency,https://mi6census.mowr.gov.in/mic/getWaterBodyImageByURL/MIC_133005000013000173007.jpeg,semi_structured_kml,0.95
ASSET_WB_272487,"Other Water Body — Kakrola, Souh West",water_body,REG_DELHI,SCH_AMRUT,ACT_DDA,,encroached,28.59583333012,77.0222222197149,Yes,Natural,Other Govt.Agency,https://mi6census.mowr.gov.in/mic/getWaterBodyImageByURL/MIC_133005000013000173005.jpeg,semi_structured_kml,0.95
ASSET_WB_272488,"Lake/Pond — Nangli Sakrawati, Souh West",water_body,REG_DELHI,SCH_AMRUT,ACT_DDA,,completed,28.6188888900392,77.000277780441,No,Natural,Panchayat,https://mi6census.mowr.gov.in/mic/getWaterBodyImageByURL/MIC_133005000013000171001.jpeg,semi_structured_kml,0.95
ASSET_WB_272489,"Other Water Body — Nasirpur, Souh West",water_body,REG_DELHI,SCH_AMRUT,ACT_DDA,,completed,28.5991666700444,77.0863888900628,No,Natural,Other Govt.Agency,https://mi6census.mowr.gov.in/mic/getWaterBodyImageByURL/MIC_133005000013000182003.jpeg,semi_structured_kml,0.95
ASSET_WB_272490,"Lake/Pond — Nasirpur, Souh West",water_body,REG_DELHI,SCH_AMRUT,ACT_DDA,,completed,28.5958333297932,77.093333330127,No,Natural,Other Govt.Agency,https://mi6census.mowr.gov.in/mic/getWaterBodyImageByURL/MIC_133005000013000182001.jpeg,semi_structured_kml,0.95
ASSET_WB_272491,"Lake/Pond — Nasirpur, Souh West",water_body,REG_DELHI,SCH_AMRUT,ACT_DDA,,completed,28.5969444404108,77.0899999996741,No,Natural,Other Govt.Agency,https://mi6census.mowr.gov.in/mic/getWaterBodyImageByURL/MIC_133005000013000182002.jpeg,semi_structured_kml,0.95
ASSET_WB_272492,"Lake/Pond — Palam, Souh West",water_body,REG_DELHI,SCH_AMRUT,ACT_DDA,,completed,28.5911111102555,77.0736111097543,No,Natural,Muncipal authority,https://mi6census.mowr.gov.in/mic/getWaterBodyImageByURL/MIC_133005000013000179001.jpeg,semi_structured_kml,0.95
ASSET_WB_272493,"Lake/Pond — Palam, Souh West",water_body,REG_DELHI,SCH_AMRUT,ACT_DDA,,completed,28.5916666696819,77.0772222195825,No,Natural,Muncipal authority,https://mi6census.mowr.gov.in/mic/getWaterBodyImageByURL/MIC_133005000013000179003.jpeg,semi_structured_kml,0.95
ASSET_WB_272494,"Lake/Pond — Palam, Souh West",water_body,REG_DELHI,SCH_AMRUT,ACT_DDA,,completed,28.5891666703967,77.0733333299581,No,Natural,Muncipal authority,https://mi6census.mowr.gov.in/mic/getWaterBodyImageByURL/MIC_133005000013000179002.jpeg,semi_structured_kml,0.95
ASSET_WB_272495,"Lake/Pond — Palam, Souh West",water_body,REG_DELHI,SCH_AMRUT,ACT_DDA,,completed,28.5936111104519,77.0774999999256,No,Natural,Other Govt.Agency,https://mi6census.mowr.gov.in/mic/getWaterBodyImageByURL/MIC_133005000013000179005.jpeg,semi_structured_kml,0.95
ASSET_WB_272496,"Other Water Body — Palam, Souh West",water_body,REG_DELHI,SCH_AMRUT,ACT_DDA,,completed,28.5850000003616,77.0741666696505,No,Natural,Other Govt.Agency,https://mi6census.mowr.gov.in/mic/getWaterBodyImageByURL/MIC_133005000013000179004.jpeg,semi_structured_kml,0.95
ASSET_WB_272497,"Other Water Body — Pochanpur, Souh West",water_body,REG_DELHI,SCH_AMRUT,ACT_DDA,,encroached,28.5627777799698,77.0491666701685,Yes,Natural,Other Govt.Agency,https://mi6census.mowr.gov.in/mic/getWaterBodyImageByURL/MIC_133005000013000176004.jpeg,semi_structured_kml,0.95
ASSET_WB_272498,"Other Water Body — Pochanpur, Souh West",water_body,REG_DELHI,SCH_AMRUT,ACT_DDA,,completed,28.5669444404547,77.0502777799053,No,Natural,Panchayat,https://mi6census.mowr.gov.in/mic/getWaterBodyImageByURL/MIC_133005000013000176005.jpeg,semi_structured_kml,0.95
ASSET_WB_272499,"Other Water Body — Pochanpur, Souh West",water_body,REG_DELHI,SCH_AMRUT,ACT_DDA,,encroached,28.5613888901634,77.044722219544,Yes,Natural,Other Govt.Agency,https://mi6census.mowr.gov.in/mic/getWaterBodyImageByURL/MIC_133005000013000176003.jpeg,semi_structured_kml,0.95
ASSET_WB_272500,"Lake/Pond — Pochanpur, Souh West",water_body,REG_DELHI,SCH_AMRUT,ACT_DDA,,completed,28.5586111103458,77.0463888904834,No,Natural,Other Govt.Agency,https://mi6census.mowr.gov.in/mic/getWaterBodyImageByURL/MIC_133005000013000176001.jpeg,semi_structured_kml,0.95
ASSET_WB_272501,"Lake/Pond — Pochanpur, Souh West",water_body,REG_DELHI,SCH_AMRUT,ACT_DDA,,completed,28.5597222202381,77.0438888900306,No,Natural,Other Govt.Agency,https://mi6census.mowr.gov.in/mic/getWaterBodyImageByURL/MIC_133005000013000176002.jpeg,semi_structured_kml,0.95
ASSET_WB_272502,"Other Water Body — Pochanpur, Souh West",water_body,REG_DELHI,SCH_AMRUT,ACT_DDA,,encroached,28.5744444403043,77.0516666699659,Yes,Natural,Other Govt.Agency,https://mi6census.mowr.gov.in/mic/getWaterBodyImageByURL/MIC_133005000013000176006.jpeg,semi_structured_kml,0.95
ASSET_WB_272503,"Lake/Pond — Aslat Pur Khawad, Souh West",water_body,REG_DELHI,SCH_AMRUT,ACT_DDA,,completed,28.5416666699353,76.9469444403691,No,Natural,Panchayat,https://mi6census.mowr.gov.in/mic/getWaterBodyImageByURL/MIC_133005000014000183001.jpeg,semi_structured_kml,0.95
ASSET_WB_272504,"Lake/Pond — Aslat Pur Khawad, Souh West",water_body,REG_DELHI,SCH_AMRUT,ACT_DDA,,completed,28.5413888898096,76.9275000004228,No,Natural,Panchayat,https://mi6census.mowr.gov.in/mic/getWaterBodyImageByURL/MIC_133005000014000183002.jpeg,semi_structured_kml,0.95
ASSET_WB_272505,"Lake/Pond — Badu Sarai, Souh West",water_body,REG_DELHI,SCH_AMRUT,ACT_DDA,,completed,28.5286111099466,76.9802777803996,No,Natural,Panchayat,https://mi6census.mowr.gov.in/mic/getWaterBodyImageByURL/MIC_133005000014000184003.jpeg,semi_structured_kml,0.95
ASSET_WB_272506,"Other Water Body — Badu Sarai, Souh West",water_body,REG_DELHI,SCH_AMRUT,ACT_DDA,,encroached,28.5319444402069,76.9761111099782,Yes,Natural,Other Govt.Agency,https://mi6census.mowr.gov.in/mic/getWaterBodyImageByURL/MIC_133005000014000184004.jpeg,semi_structured_kml,0.95
ASSET_WB_272507,"Lake/Pond — Badu Sarai, Souh West",water_body,REG_DELHI,SCH_AMRUT,ACT_DDA,,completed,28.5297222199352,76.9872222197477,No,Natural,Panchayat,https://mi6census.mowr.gov.in/mic/getWaterBodyImageByURL/MIC_133005000014000184001.jpeg,semi_structured_kml,0.95
ASSET_WB_272508,"Lake/Pond — Badu Sarai, Souh West",water_body,REG_DELHI,SCH_AMRUT,ACT_DDA,,completed,28.5350000000425,76.9811111101699,No,Natural,Panchayat,https://mi6census.mowr.gov.in/mic/getWaterBodyImageByURL/MIC_133005000014000184002.jpeg,semi_structured_kml,0.95
ASSET_WB_272509,"Lake/Pond — Bamnoli, Souh West",water_body,REG_DELHI,SCH_AMRUT,ACT_DDA,,completed,28.5452777803433,77.0330555602082,No,Natural,Other Govt.Agency,https://mi6census.mowr.gov.in/mic/getWaterBodyImageByURL/MIC_133005000014000210001.jpeg,semi_structured_kml,0.95
ASSET_WB_272510,"Lake/Pond — Bamnoli, Souh West",water_body,REG_DELHI,SCH_AMRUT,ACT_DDA,,completed,28.5422222195667,77.0300000004957,No,Natural,Other Govt.Agency,https://mi6census.mowr.gov.in/mic/getWaterBodyImageByURL/MIC_133005000014000210002.jpeg,semi_structured_kml,0.95
ASSET_WB_272511,"Other Water Body — Bhartal, Souh West",water_body,REG_DELHI,SCH_AMRUT,ACT_DDA,,encroached,28.5449999998287,77.0502777798424,Yes,Natural,Other Govt.Agency,https://mi6census.mowr.gov.in/mic/getWaterBodyImageByURL/MIC_133005000014000211003.jpeg,semi_structured_kml,0.95
ASSET_WB_272512,"Lake/Pond — Bhartal, Souh West",water_body,REG_DELHI,SCH_AMRUT,ACT_DDA,,completed,28.5419444404004,77.044444440165,No,Natural,Other Govt.Agency,https://mi6census.mowr.gov.in/mic/getWaterBodyImageByURL/MIC_133005000014000211002.jpeg,semi_structured_kml,0.95
ASSET_WB_272513,"Lake/Pond — Bhartal, Souh West",water_body,REG_DELHI,SCH_AMRUT,ACT_DDA,,completed,28.5419444403015,77.0450000001955,No,Natural,Panchayat,https://mi6census.mowr.gov.in/mic/getWaterBodyImageByURL/MIC_133005000014000211001.jpeg,semi_structured_kml,0.95
ASSET_WB_272514,"Lake/Pond — Bhartal, Souh West",water_body,REG_DELHI,SCH_AMRUT,ACT_DDA,,completed,28.5441666696059,77.054444439604,No,Natural,Other Govt.Agency,https://mi6census.mowr.gov.in/mic/getWaterBodyImageByURL/MIC_133005000014000211004.jpeg,semi_structured_kml,0.95
ASSET_WB_272515,"Lake/Pond — Bijwasan, Souh West",water_body,REG_DELHI,SCH_AMRUT,ACT_DDA,,completed,28.5352777796029,77.0574999999048,No,Natural,Other Govt.Agency,https://mi6census.mowr.gov.in/mic/getWaterBodyImageByURL/MIC_133005000014000185002.jpeg,semi_structured_kml,0.95
ASSET_WB_272516,"Other Water Body — Bijwasan, Souh West",water_body,REG_DELHI,SCH_AMRUT,ACT_DDA,,encroached,28.521944440196,77.066944440384,Yes,Natural,Other Govt.Agency,https://mi6census.mowr.gov.in/mic/getWaterBodyImageByURL/MIC_133005000014000185003.jpeg,semi_structured_kml,0.95
ASSET_WB_272517,"Lake/Pond — Bijwasan, Souh West",water_body,REG_DELHI,SCH_AMRUT,ACT_DDA,,completed,28.5344444401678,77.0327777803648,No,Natural,Other Govt.Agency,https://mi6census.mowr.gov.in/mic/getWaterBodyImageByURL/MIC_133005000014000185001.jpeg,semi_structured_kml,0.95
ASSET_WB_272518,"Lake/Pond — Chhawla, Souh West",water_body,REG_DELHI,SCH_AMRUT,ACT_DDA,,completed,28.5641666700354,77.0024999998283,No,Natural,Panchayat,https://mi6census.mowr.gov.in/mic/getWaterBodyImageByURL/MIC_133005000014000186009.jpeg,semi_structured_kml,0.95
ASSET_WB_272519,"Lake/Pond — Chhawla, Souh West",water_body,REG_DELHI,SCH_AMRUT,ACT_DDA,,completed,28.5555555597773,77.0058333297491,No,Natural,Panchayat,https://mi6census.mowr.gov.in/mic/getWaterBodyImageByURL/MIC_133005000014000186004.jpeg,semi_structured_kml,0.95
ASSET_WB_272520,"Other Water Body — Chhawla, Souh West",water_body,REG_DELHI,SCH_AMRUT,ACT_DDA,,encroached,28.561388890313,77.0149999998304,Yes,Natural,Other Govt.Agency,https://mi6census.mowr.gov.in/mic/getWaterBodyImageByURL/MIC_133005000014000186007.jpeg,semi_structured_kml,0.95
ASSET_WB_272521,"Lake/Pond — Chhawla, Souh West",water_body,REG_DELHI,SCH_AMRUT,ACT_DDA,,completed,28.5569444395588,77.0013888903044,No,Natural,Panchayat,https://mi6census.mowr.gov.in/mic/getWaterBodyImageByURL/MIC_133005000014000186006.jpeg,semi_structured_kml,0.95
ASSET_WB_272522,"Lake/Pond — Chhawla, Souh West",water_body,REG_DELHI,SCH_AMRUT,ACT_DDA,,completed,28.567222219797,77.0008333304428,No,Natural,Panchayat,https://mi6census.mowr.gov.in/mic/getWaterBodyImageByURL/MIC_133005000014000186001.jpeg,semi_structured_kml,0.95
ASSET_WB_272523,"Lake/Pond — Chhawla, Souh West",water_body,REG_DELHI,SCH_AMRUT,ACT_DDA,,completed,28.549444440457,77.0094444404813,No,Natural,Panchayat,https://mi6census.mowr.gov.in/mic/getWaterBodyImageByURL/MIC_133005000014000186005.jpeg,semi_structured_kml,0.95
ASSET_WB_272524,"Lake/Pond — Chhawla, Souh West",water_body,REG_DELHI,SCH_AMRUT,ACT_DDA,,completed,28.5625000001762,77.0072222199478,No,Natural,Panchayat,https://mi6census.mowr.gov.in/mic/getWaterBodyImageByURL/MIC_133005000014000186003.jpeg,semi_structured_kml,0.95
ASSET_WB_272525,"Lake/Pond — Chhawla, Souh West",water_body,REG_DELHI,SCH_AMRUT,ACT_DDA,,encroached,28.5625000000369,77.0052777796128,Yes,Natural,Panchayat,https://mi6census.mowr.gov.in/mic/getWaterBodyImageByURL/MIC_133005000014000186008.jpeg,semi_structured_kml,0.95
ASSET_WB_272526,"Lake/Pond — Chhawla, Souh West",water_body,REG_DELHI,SCH_AMRUT,ACT_DDA,,completed,28.567222220214,77.0041666699542,No,Natural,Panchayat,https://mi6census.mowr.gov.in/mic/getWaterBodyImageByURL/MIC_133005000014000186002.jpeg,semi_structured_kml,0.95
ASSET_WB_272527,"Lake/Pond — Dariya Pur Khurd, Souh West",water_body,REG_DELHI,SCH_AMRUT,ACT_DDA,,completed,28.5516666699122,76.9099999995015,No,Natural,Panchayat,https://mi6census.mowr.gov.in/mic/getWaterBodyImageByURL/MIC_133005000014000187001.jpeg,semi_structured_kml,0.95
ASSET_WB_272528,"Lake/Pond — Dariya Pur Khurd, Souh West",water_body,REG_DELHI,SCH_AMRUT,ACT_DDA,,completed,28.5491666702558,76.9163888895716,No,Natural,Panchayat,https://mi6census.mowr.gov.in/mic/getWaterBodyImageByURL/MIC_133005000014000187004.jpeg,semi_structured_kml,0.95
ASSET_WB_272529,"Lake/Pond — Dariya Pur Khurd, Souh West",water_body,REG_DELHI,SCH_AMRUT,ACT_DDA,,completed,28.5536111097679,76.9105555596505,No,Natural,Panchayat,https://mi6census.mowr.gov.in/mic/getWaterBodyImageByURL/MIC_133005000014000187002.jpeg,semi_structured_kml,0.95
ASSET_WB_272530,"Lake/Pond — Dariya Pur Khurd, Souh West",water_body,REG_DELHI,SCH_AMRUT,ACT_DDA,,completed,28.5552777798874,76.9127777803191,No,Natural,Panchayat,https://mi6census.mowr.gov.in/mic/getWaterBodyImageByURL/MIC_133005000014000187003.jpeg,semi_structured_kml,0.95
ASSET_WB_272531,"Lake/Pond — Daulat Pura, Souh West",water_body,REG_DELHI,SCH_AMRUT,ACT_DDA,,completed,28.5469444395558,76.9630555597212,No,Natural,Panchayat,https://mi6census.mowr.gov.in/mic/getWaterBodyImageByURL/MIC_133005000014000188002.jpeg,semi_structured_kml,0.95
ASSET_WB_272532,"Lake/Pond — Daulat Pura, Souh West",water_body,REG_DELHI,SCH_AMRUT,ACT_DDA,,completed,28.5458333300352,76.9483333297479,No,Natural,Panchayat,https://mi6census.mowr.gov.in/mic/getWaterBodyImageByURL/MIC_133005000014000188004.jpeg,semi_structured_kml,0.95
ASSET_WB_272533,"Lake/Pond — Daulat Pura, Souh West",water_body,REG_DELHI,SCH_AMRUT,ACT_DDA,,completed,28.5430555598747,76.9552777797743,No,Natural,Panchayat,https://mi6census.mowr.gov.in/mic/getWaterBodyImageByURL/MIC_133005000014000188001.jpeg,semi_structured_kml,0.95
ASSET_WB_272534,"Lake/Pond — Daulat Pura, Souh West",water_body,REG_DELHI,SCH_AMRUT,ACT_DDA,,completed,28.5419444404218,76.9641666694796,No,Natural,Panchayat,https://mi6census.mowr.gov.in/mic/getWaterBodyImageByURL/MIC_133005000014000188003.jpeg,semi_structured_kml,0.95
ASSET_WB_272535,"Lake/Pond — Deorala, Souh West",water_body,REG_DELHI,SCH_AMRUT,ACT_DDA,,completed,28.5100000001533,76.8919444400908,No,Natural,Panchayat,https://mi6census.mowr.gov.in/mic/getWaterBodyImageByURL/MIC_133005000014000189002.jpeg,semi_structured_kml,0.95
ASSET_WB_272536,"Lake/Pond — Deorala, Souh West",water_body,REG_DELHI,SCH_AMRUT,ACT_DDA,,completed,28.5100000001533,76.8919444400908,No,Natural,Panchayat,https://mi6census.mowr.gov.in/mic/getWaterBodyImageByURL/MIC_133005000014000189003.jpeg,semi_structured_kml,0.95
ASSET_WB_272537,"Lake/Pond — Deorala, Souh West",water_body,REG_DELHI,SCH_AMRUT,ACT_DDA,,completed,28.5100000001533,76.8919444400908,No,Natural,Panchayat,https://mi6census.mowr.gov.in/mic/getWaterBodyImageByURL/MIC_133005000014000189004.jpeg,semi_structured_kml,0.95
ASSET_WB_272538,"Lake/Pond — Deorala, Souh West",water_body,REG_DELHI,SCH_AMRUT,ACT_DDA,,completed,28.5100000001548,76.8852777802911,No,Natural,Panchayat,https://mi6census.mowr.gov.in/mic/getWaterBodyImageByURL/MIC_133005000014000189001.jpeg,semi_structured_kml,0.95
ASSET_WB_272539,"Lake/Pond — Dindar Pur, Souh West",water_body,REG_DELHI,SCH_AMRUT,ACT_DDA,,encroached,28.5922222197232,76.9938888897023,Yes,Natural,Panchayat,https://mi6census.mowr.gov.in/mic/getWaterBodyImageByURL/MIC_133005000014000190002.jpeg,semi_structured_kml,0.95
ASSET_WB_272540,"Lake/Pond — Dindar Pur, Souh West",water_body,REG_DELHI,SCH_AMRUT,ACT_DDA,,completed,28.5908333304094,76.9983333295287,No,Natural,Panchayat,https://mi6census.mowr.gov.in/mic/getWaterBodyImageByURL/MIC_133005000014000190001.jpeg,semi_structured_kml,0.95
ASSET_WB_272541,"Lake/Pond — Ghuman Hera, Souh West",water_body,REG_DELHI,SCH_AMRUT,ACT_DDA,,completed,28.5319444398251,76.9186111095657,No,Natural,Panchayat,https://mi6census.mowr.gov.in/mic/getWaterBodyImageByURL/MIC_133005000014000191002.jpeg,semi_structured_kml,0.95
ASSET_WB_272542,"Lake/Pond — Ghuman Hera, Souh West",water_body,REG_DELHI,SCH_AMRUT,ACT_DDA,,completed,28.5369444396228,76.9255555598236,No,Natural,Panchayat,https://mi6census.mowr.gov.in/mic/getWaterBodyImageByURL/MIC_133005000014000191005.jpeg,semi_structured_kml,0.95
ASSET_WB_272543,"Lake/Pond — Ghuman Hera, Souh West",water_body,REG_DELHI,SCH_AMRUT,ACT_DDA,,completed,28.5344444396296,76.9247222199837,No,Natural,Panchayat,https://mi6census.mowr.gov.in/mic/getWaterBodyImageByURL/MIC_133005000014000191006.jpeg,semi_structured_kml,0.95
ASSET_WB_272544,"Lake/Pond — Ghuman Hera, Souh West",water_body,REG_DELHI,SCH_AMRUT,ACT_DDA,,completed,28.5491666699463,76.9302777796406,No,Natural,Panchayat,https://mi6census.mowr.gov.in/mic/getWaterBodyImageByURL/MIC_133005000014000191001.jpeg,semi_structured_kml,0.95
ASSET_WB_272545,"Lake/Pond — Ghuman Hera, Souh West",water_body,REG_DELHI,SCH_AMRUT,ACT_DDA,,completed,28.5561111100959,76.9255555595209,No,Natural,Panchayat,https://mi6census.mowr.gov.in/mic/getWaterBodyImageByURL/MIC_133005000014000191007.jpeg,semi_structured_kml,0.95
ASSET_WB_272546,"Lake/Pond — Ghuman Hera, Souh West",water_body,REG_DELHI,SCH_AMRUT,ACT_DDA,,completed,28.5336111099317,76.9230555596705,No,Natural,Panchayat,https://mi6census.mowr.gov.in/mic/getWaterBodyImageByURL/MIC_133005000014000191003.jpeg,semi_structured_kml,0.95
ASSET_WB_272547,"Lake/Pond — Ghuman Hera, Souh West",water_body,REG_DELHI,SCH_AMRUT,ACT_DDA,,completed,28.5355555602581,76.9188888895333,No,Natural,Panchayat,https://mi6census.mowr.gov.in/mic/getWaterBodyImageByURL/MIC_133005000014000191004.jpeg,semi_structured_kml,0.95
ASSET_WB_272548,"Lake/Pond — Goela Khurd, Souh West",water_body,REG_DELHI,SCH_AMRUT,ACT_DDA,,encroached,28.5811111104289,77.0036111104353,Yes,Natural,Panchayat,https://mi6census.mowr.gov.in/mic/getWaterBodyImageByURL/MIC_133005000014000192002.jpeg,semi_structured_kml,0.95
ASSET_WB_272549,"Lake/Pond — Goela Khurd, Souh West",water_body,REG_DELHI,SCH_AMRUT,ACT_DDA,,completed,28.5872222196453,77.0086111096618,No,Natural,Panchayat,https://mi6census.mowr.gov.in/mic/getWaterBodyImageByURL/MIC_133005000014000192001.jpeg,semi_structured_kml,0.95
ASSET_WB_272550,"Lake/Pond — Hasanpur, Souh West",water_body,REG_DELHI,SCH_AMRUT,ACT_DDA,,completed,28.5536111098787,76.9433333295719,No,Natural,Panchayat,https://mi6census.mowr.gov.in/mic/getWaterBodyImageByURL/MIC_133005000014000193002.jpeg,semi_structured_kml,0.95
ASSET_WB_272551,"Lake/Pond — Hasanpur, Souh West",water_body,REG_DELHI,SCH_AMRUT,ACT_DDA,,completed,28.5558333302859,76.9372222204684,No,Natural,Panchayat,https://mi6census.mowr.gov.in/mic/getWaterBodyImageByURL/MIC_133005000014000193001.jpeg,semi_structured_kml,0.95
ASSET_WB_272552,"Lake/Pond — Jhatikra, Souh West",water_body,REG_DELHI,SCH_AMRUT,ACT_DDA,,completed,28.5211111096531,76.964444440092,No,Natural,Panchayat,https://mi6census.mowr.gov.in/mic/getWaterBodyImageByURL/MIC_133005000014000209001.jpeg,semi_structured_kml,0.95
ASSET_WB_272553,"Lake/Pond — Jhatikra, Souh West",water_body,REG_DELHI,SCH_AMRUT,ACT_DDA,,completed,28.5177777797578,76.964722219817,No,Natural,Panchayat,https://mi6census.mowr.gov.in/mic/getWaterBodyImageByURL/MIC_133005000014000209002.jpeg,semi_structured_kml,0.95
ASSET_WB_272554,"Lake/Pond — Jhatikra, Souh West",water_body,REG_DELHI,SCH_AMRUT,ACT_DDA,,completed,28.5358333296411,76.9708333294943,No,Natural,Panchayat,https://mi6census.mowr.gov.in/mic/getWaterBodyImageByURL/MIC_133005000014000209004.jpeg,semi_structured_kml,0.95
ASSET_WB_272555,"Other Water Body — Jhatikra, Souh West",water_body,REG_DELHI,SCH_AMRUT,ACT_DDA,,encroached,28.5191666696946,76.9627777794971,Yes,Natural,Other Govt.Agency,https://mi6census.mowr.gov.in/mic/getWaterBodyImageByURL/MIC_133005000014000209003.jpeg,semi_structured_kml,0.95
ASSET_WB_272556,"Other Water Body — Kangan Heri, Souh West",water_body,REG_DELHI,SCH_AMRUT,ACT_DDA,,encroached,28.54555555979,76.971111110097,Yes,Natural,Other Govt.Agency,https://mi6census.mowr.gov.in/mic/getWaterBodyImageByURL/MIC_133005000014000194005.jpeg,semi_structured_kml,0.95
ASSET_WB_272557,"Lake/Pond — Kangan Heri, Souh West",water_body,REG_DELHI,SCH_AMRUT,ACT_DDA,,completed,28.545555559762,76.988055560299,No,Natural,Panchayat,https://mi6census.mowr.gov.in/mic/getWaterBodyImageByURL/MIC_133005000014000194002.jpeg,semi_structured_kml,0.95
ASSET_WB_272558,"Lake/Pond — Kangan Heri, Souh West",water_body,REG_DELHI,SCH_AMRUT,ACT_DDA,,completed,28.5475000004239,76.9716666695483,No,Natural,Panchayat,https://mi6census.mowr.gov.in/mic/getWaterBodyImageByURL/MIC_133005000014000194004.jpeg,semi_structured_kml,0.95
ASSET_WB_272559,"Lake/Pond — Kangan Heri, Souh West",water_body,REG_DELHI,SCH_AMRUT,ACT_DDA,,completed,28.5450000002333,76.9955555602954,No,Natural,Panchayat,https://mi6census.mowr.gov.in/mic/getWaterBodyImageByURL/MIC_133005000014000194001.jpeg,semi_structured_kml,0.95
ASSET_WB_272560,"Lake/Pond — Kangan Heri, Souh West",water_body,REG_DELHI,SCH_AMRUT,ACT_DDA,,completed,28.5330555602716,76.9988888900906,No,Natural,Panchayat,https://mi6census.mowr.gov.in/mic/getWaterBodyImageByURL/MIC_133005000014000194003.jpeg,semi_structured_kml,0.95
ASSET_WB_272561,"Other Water Body — Kapashera, Souh West",water_body,REG_DELHI,SCH_AMRUT,ACT_DDA,,encroached,28.5263888900253,77.0833333294806,Yes,Natural,Panchayat,https://mi6census.mowr.gov.in/mic/getWaterBodyImageByURL/MIC_133005000014000212002.jpeg,semi_structured_kml,0.95
ASSET_WB_272562,"Lake/Pond — Kapashera, Souh West",water_body,REG_DELHI,SCH_AMRUT,ACT_DDA,,completed,28.527222220294,77.0827777797519,No,Natural,Panchayat,https://mi6census.mowr.gov.in/mic/getWaterBodyImageByURL/MIC_133005000014000212001.jpeg,semi_structured_kml,0.95
ASSET_WB_272563,"Lake/Pond — Nanak Heri, Souh West",water_body,REG_DELHI,SCH_AMRUT,ACT_DDA,,encroached,28.5186111101502,76.9838888896157,Yes,Natural,Other Govt.Agency,https://mi6census.mowr.gov.in/mic/getWaterBodyImageByURL/MIC_133005000014000197003.jpeg,semi_structured_kml,0.95
ASSET_WB_272564,"Lake/Pond — Nanak Heri, Souh West",water_body,REG_DELHI,SCH_AMRUT,ACT_DDA,,encroached,28.5205555602125,76.985277780154,Yes,Natural,Other Govt.Agency,https://mi6census.mowr.gov.in/mic/getWaterBodyImageByURL/MIC_133005000014000197002.jpeg,semi_structured_kml,0.95
ASSET_WB_272565,"Lake/Pond — Nanak Heri, Souh West",water_body,REG_DELHI,SCH_AMRUT,ACT_DDA,,encroached,28.5197222196061,76.9808333298931,Yes,Natural,Other Govt.Agency,https://mi6census.mowr.gov.in/mic/getWaterBodyImageByURL/MIC_133005000014000197001.jpeg,semi_structured_kml,0.95
ASSET_WB_272566,"Lake/Pond — Paprawat, Souh West",water_body,REG_DELHI,SCH_AMRUT,ACT_DDA,,encroached,28.5883333298747,76.9775000002823,Yes,Natural,Panchayat,https://mi6census.mowr.gov.in/mic/getWaterBodyImageByURL/MIC_133005000014000198002.jpeg,semi_structured_kml,0.95
ASSET_WB_272567,"Other Water Body — Paprawat, Souh West",water_body,REG_DELHI,SCH_AMRUT,ACT_DDA,,encroached,28.5911111097741,76.9791666698767,Yes,Natural,Panchayat,https://mi6census.mowr.gov.in/mic/getWaterBodyImageByURL/MIC_133005000014000198006.jpeg,semi_structured_kml,0.95
ASSET_WB_272568,"Lake/Pond — Paprawat, Souh West",water_body,REG_DELHI,SCH_AMRUT,ACT_DDA,,completed,28.5861111099585,76.9783333300718,No,Natural,Panchayat,https://mi6census.mowr.gov.in/mic/getWaterBodyImageByURL/MIC_133005000014000198007.jpeg,semi_structured_kml,0.95
ASSET_WB_272569,"Lake/Pond — Paprawat, Souh West",water_body,REG_DELHI,SCH_AMRUT,ACT_DDA,,completed,28.5827777804507,76.9766666702165,No,Natural,Panchayat,https://mi6census.mowr.gov.in/mic/getWaterBodyImageByURL/MIC_133005000014000198004.jpeg,semi_structured_kml,0.95
ASSET_WB_272570,"Lake/Pond — Paprawat, Souh West",water_body,REG_DELHI,SCH_AMRUT,ACT_DDA,,completed,28.5886111098476,76.9758333302102,No,Natural,Panchayat,https://mi6census.mowr.gov.in/mic/getWaterBodyImageByURL/MIC_133005000014000198005.jpeg,semi_structured_kml,0.95
ASSET_WB_272571,"Lake/Pond — Paprawat, Souh West",water_body,REG_DELHI,SCH_AMRUT,ACT_DDA,,completed,28.5855555597749,76.975000000202,No,Natural,Panchayat,https://mi6census.mowr.gov.in/mic/getWaterBodyImageByURL/MIC_133005000014000198003.jpeg,semi_structured_kml,0.95
ASSET_WB_272572,"Lake/Pond — Paprawat, Souh West",water_body,REG_DELHI,SCH_AMRUT,ACT_DDA,,completed,28.5800000000744,76.9836111097702,No,Natural,Panchayat,https://mi6census.mowr.gov.in/mic/getWaterBodyImageByURL/MIC_133005000014000198001.jpeg,semi_structured_kml,0.95
ASSET_WB_272573,"Lake/Pond — Pindwalan Kalan, Souh West",water_body,REG_DELHI,SCH_AMRUT,ACT_DDA,,completed,28.5616666701638,76.9541666697098,No,Natural,Panchayat,https://mi6census.mowr.gov.in/mic/getWaterBodyImageByURL/MIC_133005000014000199003.jpeg,semi_structured_kml,0.95
ASSET_WB_272574,"Lake/Pond — Pindwalan Kalan, Souh West",water_body,REG_DELHI,SCH_AMRUT,ACT_DDA,,completed,28.5672222200114,76.964722220259,No,Natural,Panchayat,https://mi6census.mowr.gov.in/mic/getWaterBodyImageByURL/MIC_133005000014000199001.jpeg,semi_structured_kml,0.95
ASSET_WB_272575,"Lake/Pond — Pindwalan Kalan, Souh West",water_body,REG_DELHI,SCH_AMRUT,ACT_DDA,,completed,28.5727777799349,76.9544444398344,No,Natural,Panchayat,https://mi6census.mowr.gov.in/mic/getWaterBodyImageByURL/MIC_133005000014000199002.jpeg,semi_structured_kml,0.95
ASSET_WB_272576,"Lake/Pond — Pindwalan Khurd, Souh West",water_body,REG_DELHI,SCH_AMRUT,ACT_DDA,,completed,28.5541666702728,76.9641666694749,No,Natural,Panchayat,https://mi6census.mowr.gov.in/mic/getWaterBodyImageByURL/MIC_133005000014000200004.jpeg,semi_structured_kml,0.95
ASSET_WB_272577,"Other Water Body — Pindwalan Khurd, Souh West",water_body,REG_DELHI,SCH_AMRUT,ACT_DDA,,completed,28.5613888903634,76.9675000004828,No,Natural,Panchayat,https://mi6census.mowr.gov.in/mic/getWaterBodyImageByURL/MIC_133005000014000200005.jpeg,semi_structured_kml,0.95
ASSET_WB_272578,"Other Water Body — Pindwalan Khurd, Souh West",water_body,REG_DELHI,SCH_AMRUT,ACT_DDA,,completed,28.5677777803834,76.9711111096893,No,Natural,Panchayat,https://mi6census.mowr.gov.in/mic/getWaterBodyImageByURL/MIC_133005000014000200007.jpeg,semi_structured_kml,0.95
ASSET_WB_272579,"Lake/Pond — Pindwalan Khurd, Souh West",water_body,REG_DELHI,SCH_AMRUT,ACT_DDA,,completed,28.5536111096912,76.9638888902575,No,Natural,Panchayat,https://mi6census.mowr.gov.in/mic/getWaterBodyImageByURL/MIC_133005000014000200003.jpeg,semi_structured_kml,0.95
ASSET_WB_272580,"Other Water Body — Pindwalan Khurd, Souh West",water_body,REG_DELHI,SCH_AMRUT,ACT_DDA,,encroached,28.5588888903011,76.9619444404438,Yes,Natural,Panchayat,https://mi6census.mowr.gov.in/mic/getWaterBodyImageByURL/MIC_133005000014000200001.jpeg,semi_structured_kml,0.95
ASSET_WB_272581,"Lake/Pond — Pindwalan Khurd, Souh West",water_body,REG_DELHI,SCH_AMRUT,ACT_DDA,,completed,28.557777780229,76.9633333300028,No,Natural,Panchayat,https://mi6census.mowr.gov.in/mic/getWaterBodyImageByURL/MIC_133005000014000200002.jpeg,semi_structured_kml,0.95
ASSET_WB_272582,"Lake/Pond — Pindwalan Khurd, Souh West",water_body,REG_DELHI,SCH_AMRUT,ACT_DDA,,completed,28.5519444404219,76.958611109684,No,Natural,Panchayat,https://mi6census.mowr.gov.in/mic/getWaterBodyImageByURL/MIC_133005000014000200006.jpeg,semi_structured_kml,0.95
ASSET_WB_272583,"Lake/Pond — Raghupur, Souh West",water_body,REG_DELHI,SCH_AMRUT,ACT_DDA,,completed,28.5216666698432,77.0005555602069,No,Natural,Panchayat,https://mi6census.mowr.gov.in/mic/getWaterBodyImageByURL/MIC_133005000014000202003.jpeg,semi_structured_kml,0.95
ASSET_WB_272584,"Lake/Pond — Raghupur, Souh West",water_body,REG_DELHI,SCH_AMRUT,ACT_DDA,,completed,28.5216666698432,77.0005555602069,No,Natural,Panchayat,https://mi6census.mowr.gov.in/mic/getWaterBodyImageByURL/MIC_133005000014000202001.jpeg,semi_structured_kml,0.95
ASSET_WB_272585,"Lake/Pond — Raghupur, Souh West",water_body,REG_DELHI,SCH_AMRUT,ACT_DDA,,completed,28.5219444397837,77.0136111099398,No,Natural,Panchayat,https://mi6census.mowr.gov.in/mic/getWaterBodyImageByURL/MIC_133005000014000202002.jpeg,semi_structured_kml,0.95
ASSET_WB_272586,"Lake/Pond — Rawta, Souh West",water_body,REG_DELHI,SCH_AMRUT,ACT_DDA,,completed,28.5205555602532,76.9019444404086,No,Natural,Panchayat,https://mi6census.mowr.gov.in/mic/getWaterBodyImageByURL/MIC_133005000014000203004.jpeg,semi_structured_kml,0.95
ASSET_WB_272587,"Reservoir — Rawta, Souh West",water_body,REG_DELHI,SCH_AMRUT,ACT_DDA,,completed,28.5152777796868,76.9236111101908,No,Natural,Other private body,https://mi6census.mowr.gov.in/mic/getWaterBodyImageByURL/MIC_133005000014000203007.jpeg,semi_structured_kml,0.95
ASSET_WB_272588,"Lake/Pond — Rawta, Souh West",water_body,REG_DELHI,SCH_AMRUT,ACT_DDA,,completed,28.5127777803369,76.8938888900484,No,Natural,Panchayat,https://mi6census.mowr.gov.in/mic/getWaterBodyImageByURL/MIC_133005000014000203005.jpeg,semi_structured_kml,0.95
ASSET_WB_272589,"Lake/Pond — Rawta, Souh West",water_body,REG_DELHI,SCH_AMRUT,ACT_DDA,,completed,28.5183333300476,76.9049999999141,No,Natural,Panchayat,https://mi6census.mowr.gov.in/mic/getWaterBodyImageByURL/MIC_133005000014000203003.jpeg,semi_structured_kml,0.95
ASSET_WB_272590,"Lake/Pond — Rawta, Souh West",water_body,REG_DELHI,SCH_AMRUT,ACT_DDA,,completed,28.5358333299229,76.888055559522,No,Natural,Panchayat,https://mi6census.mowr.gov.in/mic/getWaterBodyImageByURL/MIC_133005000014000203006.jpeg,semi_structured_kml,0.95
ASSET_WB_272591,"Lake/Pond — Rawta, Souh West",water_body,REG_DELHI,SCH_AMRUT,ACT_DDA,,completed,28.5266666704243,76.9008333303672,No,Natural,Panchayat,https://mi6census.mowr.gov.in/mic/getWaterBodyImageByURL/MIC_133005000014000203001.jpeg,semi_structured_kml,0.95
ASSET_WB_272592,"Lake/Pond — Rawta, Souh West",water_body,REG_DELHI,SCH_AMRUT,ACT_DDA,,completed,28.5227777796776,76.9050000003044,No,Natural,Panchayat,https://mi6census.mowr.gov.in/mic/getWaterBodyImageByURL/MIC_133005000014000203002.jpeg,semi_structured_kml,0.95
ASSET_WB_272593,"Lake/Pond — Rewla Khanpur, Souh West",water_body,REG_DELHI,SCH_AMRUT,ACT_DDA,,completed,28.5708333304319,76.9941666699935,No,Natural,Panchayat,https://mi6census.mowr.gov.in/mic/getWaterBodyImageByURL/MIC_133005000014000204008.jpeg,semi_structured_kml,0.95
ASSET_WB_272594,"Lake/Pond — Rewla Khanpur, Souh West",water_body,REG_DELHI,SCH_AMRUT,ACT_DDA,,completed,28.5677777796311,76.9869444405028,No,Natural,Panchayat,https://mi6census.mowr.gov.in/mic/getWaterBodyImageByURL/MIC_133005000014000204004.jpeg,semi_structured_kml,0.95
ASSET_WB_272595,"Lake/Pond — Rewla Khanpur, Souh West",water_body,REG_DELHI,SCH_AMRUT,ACT_DDA,,completed,28.5652777801549,76.9783333299668,No,Natural,Panchayat,https://mi6census.mowr.gov.in/mic/getWaterBodyImageByURL/MIC_133005000014000204001.jpeg,semi_structured_kml,0.95
ASSET_WB_272596,"Lake/Pond — Rewla Khanpur, Souh West",water_body,REG_DELHI,SCH_AMRUT,ACT_DDA,,completed,28.5747222202273,76.9858333298491,No,Natural,Panchayat,https://mi6census.mowr.gov.in/mic/getWaterBodyImageByURL/MIC_133005000014000204010.jpeg,semi_structured_kml,0.95
ASSET_WB_272597,"Lake/Pond — Rewla Khanpur, Souh West",water_body,REG_DELHI,SCH_AMRUT,ACT_DDA,,completed,28.5705555599208,76.9891666702758,No,Natural,Panchayat,https://mi6census.mowr.gov.in/mic/getWaterBodyImageByURL/MIC_133005000014000204005.jpeg,semi_structured_kml,0.95
ASSET_WB_272598,"Lake/Pond — Rewla Khanpur, Souh West",water_body,REG_DELHI,SCH_AMRUT,ACT_DDA,,completed,28.5661111096585,76.9816666704058,No,Natural,Panchayat,https://mi6census.mowr.gov.in/mic/getWaterBodyImageByURL/MIC_133005000014000204003.jpeg,semi_structured_kml,0.95
ASSET_WB_272599,"Lake/Pond — Rewla Khanpur, Souh West",water_body,REG_DELHI,SCH_AMRUT,ACT_DDA,,completed,28.5630555595667,76.9819444396807,No,Natural,Panchayat,https://mi6census.mowr.gov.in/mic/getWaterBodyImageByURL/MIC_133005000014000204002.jpeg,semi_structured_kml,0.95
ASSET_WB_272600,"Lake/Pond — Rewla Khanpur, Souh West",water_body,REG_DELHI,SCH_AMRUT,ACT_DDA,,completed,28.5630555599727,76.9758333299577,No,Natural,Panchayat,https://mi6census.mowr.gov.in/mic/getWaterBodyImageByURL/MIC_133005000014000204006.jpeg,semi_structured_kml,0.95
ASSET_WB_272601,"Lake/Pond — Rewla Khanpur, Souh West",water_body,REG_DELHI,SCH_AMRUT,ACT_DDA,,completed,28.5761111100479,76.987777780051,No,Natural,Panchayat,https://mi6census.mowr.gov.in/mic/getWaterBodyImageByURL/MIC_133005000014000204007.jpeg,semi_structured_kml,0.95
ASSET_WB_272602,"Lake/Pond — Rewla Khanpur, Souh West",water_body,REG_DELHI,SCH_AMRUT,ACT_DDA,,completed,28.559999999837,76.9786111100527,No,Natural,Panchayat,https://mi6census.mowr.gov.in/mic/getWaterBodyImageByURL/MIC_133005000014000204009.jpeg,semi_structured_kml,0.95
ASSET_WB_272603,"Lake/Pond — Salahpur, Souh West",water_body,REG_DELHI,SCH_AMRUT,ACT_DDA,,completed,28.5161111101812,77.0605555604977,No,Natural,Panchayat,https://mi6census.mowr.gov.in/mic/getWaterBodyImageByURL/MIC_133005000014000205001.jpeg,semi_structured_kml,0.95
ASSET_WB_272604,"Lake/Pond — Shikarpur, Souh West",water_body,REG_DELHI,SCH_AMRUT,ACT_DDA,,completed,28.5352777800795,76.9452777798049,No,Natural,Panchayat,https://mi6census.mowr.gov.in/mic/getWaterBodyImageByURL/MIC_133005000014000206002.jpeg,semi_structured_kml,0.95
ASSET_WB_272605,"Lake/Pond — Shikarpur, Souh West",water_body,REG_DELHI,SCH_AMRUT,ACT_DDA,,completed,28.5283333300268,76.9558333296556,No,Natural,Panchayat,https://mi6census.mowr.gov.in/mic/getWaterBodyImageByURL/MIC_133005000014000206001.jpeg,semi_structured_kml,0.95
ASSET_WB_272606,"Lake/Pond — Tajpur Khurd, Souh West",water_body,REG_DELHI,SCH_AMRUT,ACT_DDA,,completed,28.5763888898401,77.0127777796183,No,Natural,Panchayat,https://mi6census.mowr.gov.in/mic/getWaterBodyImageByURL/MIC_133005000014000207001.jpeg,semi_structured_kml,0.95
ASSET_WB_272607,"Lake/Pond — Bakargarh, Souh West",water_body,REG_DELHI,SCH_AMRUT,ACT_DDA,,completed,28.595277779944,76.8763888899197,No,Natural,Panchayat,https://mi6census.mowr.gov.in/mic/getWaterBodyImageByURL/MIC_133005000015000213003.jpeg,semi_structured_kml,0.95
ASSET_WB_272608,"Lake/Pond — Bakargarh, Souh West",water_body,REG_DELHI,SCH_AMRUT,ACT_DDA,,completed,28.5830555601411,76.8844444403656,No,Natural,Panchayat,https://mi6census.mowr.gov.in/mic/getWaterBodyImageByURL/MIC_133005000015000213001.jpeg,semi_structured_kml,0.95
ASSET_WB_272609,"Lake/Pond — Bakargarh, Souh West",water_body,REG_DELHI,SCH_AMRUT,ACT_DDA,,completed,28.5897222200152,76.8822222197741,No,Natural,Panchayat,https://mi6census.mowr.gov.in/mic/getWaterBodyImageByURL/MIC_133005000015000213002.jpeg,semi_structured_kml,0.95
ASSET_WB_272610,"Lake/Pond — Dhansa, Souh West",water_body,REG_DELHI,SCH_AMRUT,ACT_DDA,,completed,28.5522222197024,76.8716666695557,No,Natural,Panchayat,https://mi6census.mowr.gov.in/mic/getWaterBodyImageByURL/MIC_133005000015000214004.jpeg,semi_structured_kml,0.95
ASSET_WB_272611,"Lake/Pond — Dhansa, Souh West",water_body,REG_DELHI,SCH_AMRUT,ACT_DDA,,completed,28.5552777796138,76.8730555599578,No,Natural,Panchayat,https://mi6census.mowr.gov.in/mic/getWaterBodyImageByURL/MIC_133005000015000214003.jpeg,semi_structured_kml,0.95
ASSET_WB_272612,"Lake/Pond — Dhansa, Souh West",water_body,REG_DELHI,SCH_AMRUT,ACT_DDA,,completed,28.5522222201957,76.8858333304794,No,Natural,Panchayat,https://mi6census.mowr.gov.in/mic/getWaterBodyImageByURL/MIC_133005000015000214006.jpeg,semi_structured_kml,0.95
ASSET_WB_272613,"Lake/Pond — Dhansa, Souh West",water_body,REG_DELHI,SCH_AMRUT,ACT_DDA,,completed,28.5549999999933,76.8483333301879,No,Natural,Panchayat,https://mi6census.mowr.gov.in/mic/getWaterBodyImageByURL/MIC_133005000015000214005.jpeg,semi_structured_kml,0.95
ASSET_WB_272614,"Lake/Pond — Dichaon Kalan, Souh West",water_body,REG_DELHI,SCH_AMRUT,ACT_DDA,,completed,28.6411111102559,76.9849999995321,No,Natural,Panchayat,https://mi6census.mowr.gov.in/mic/getWaterBodyImageByURL/MIC_133005000015000215002.jpeg,semi_structured_kml,0.95
ASSET_WB_272615,"Lake/Pond — Dichaon Kalan, Souh West",water_body,REG_DELHI,SCH_AMRUT,ACT_DDA,,completed,28.6380555596859,76.9794444401326,No,Natural,Panchayat,https://mi6census.mowr.gov.in/mic/getWaterBodyImageByURL/MIC_133005000015000215004.jpeg,semi_structured_kml,0.95
ASSET_WB_272616,"Lake/Pond — Dichaon Kalan, Souh West",water_body,REG_DELHI,SCH_AMRUT,ACT_DDA,,completed,28.637222220018,76.9827777799032,No,Natural,Panchayat,https://mi6census.mowr.gov.in/mic/getWaterBodyImageByURL/MIC_133005000015000215003.jpeg,semi_structured_kml,0.95
ASSET_WB_272617,"Lake/Pond — Dichaon Kalan, Souh West",water_body,REG_DELHI,SCH_AMRUT,ACT_DDA,,completed,28.6472222196465,76.9908333298808,No,Natural,Panchayat,https://mi6census.mowr.gov.in/mic/getWaterBodyImageByURL/MIC_133005000015000215001.jpeg,semi_structured_kml,0.95
ASSET_WB_272618,"Lake/Pond — Galib Pur, Souh West",water_body,REG_DELHI,SCH_AMRUT,ACT_DDA,,completed,28.5197222203412,76.8922222200132,No,Natural,Other Govt.Agency,https://mi6census.mowr.gov.in/mic/getWaterBodyImageByURL/MIC_133005000015000216002.jpeg,semi_structured_kml,0.95
ASSET_WB_272619,"Lake/Pond — Galib Pur, Souh West",water_body,REG_DELHI,SCH_AMRUT,ACT_DDA,,completed,28.5249999999339,76.8830555598404,No,Natural,Other Govt.Agency,https://mi6census.mowr.gov.in/mic/getWaterBodyImageByURL/MIC_133005000015000216001.jpeg,semi_structured_kml,0.95
ASSET_WB_272620,"Lake/Pond — Issa Pur, Souh West",water_body,REG_DELHI,SCH_AMRUT,ACT_DDA,,completed,28.5586111100184,76.8666666704944,No,Natural,Panchayat,https://mi6census.mowr.gov.in/mic/getWaterBodyImageByURL/MIC_133005000015000217004.jpeg,semi_structured_kml,0.95
ASSET_WB_272621,"Lake/Pond — Issa Pur, Souh West",water_body,REG_DELHI,SCH_AMRUT,ACT_DDA,,completed,28.5586111100544,76.8694444400388,No,Natural,Panchayat,https://mi6census.mowr.gov.in/mic/getWaterBodyImageByURL/MIC_133005000015000217006.jpeg,semi_structured_kml,0.95
ASSET_WB_272622,"Lake/Pond — Issa Pur, Souh West",water_body,REG_DELHI,SCH_AMRUT,ACT_DDA,,completed,28.5752777801122,76.8669444399604,No,Natural,Panchayat,https://mi6census.mowr.gov.in/mic/getWaterBodyImageByURL/MIC_133005000015000217001.jpeg,semi_structured_kml,0.95
ASSET_WB_272623,"Lake/Pond — Issa Pur, Souh West",water_body,REG_DELHI,SCH_AMRUT,ACT_DDA,,completed,28.570555559793,76.8747222201729,No,Natural,Panchayat,https://mi6census.mowr.gov.in/mic/getWaterBodyImageByURL/MIC_133005000015000217003.jpeg,semi_structured_kml,0.95
ASSET_WB_272624,"Lake/Pond — Issa Pur, Souh West",water_body,REG_DELHI,SCH_AMRUT,ACT_DDA,,completed,28.5586111097426,76.868055559583,No,Natural,Panchayat,https://mi6census.mowr.gov.in/mic/getWaterBodyImageByURL/MIC_133005000015000217005.jpeg,semi_structured_kml,0.95
ASSET_WB_272625,"Lake/Pond — Issa Pur, Souh West",water_body,REG_DELHI,SCH_AMRUT,ACT_DDA,,completed,28.5836111102087,76.8572222195055,No,Natural,Panchayat,https://mi6census.mowr.gov.in/mic/getWaterBodyImageByURL/MIC_133005000015000217002.jpeg,semi_structured_kml,0.95
ASSET_WB_272626,"Lake/Pond — Jaffar Pur Kalan, Souh West",water_body,REG_DELHI,SCH_AMRUT,ACT_DDA,,completed,28.5916666696656,76.9180555599387,No,Natural,Panchayat,https://mi6census.mowr.gov.in/mic/getWaterBodyImageByURL/MIC_133005000015000218001.jpeg,semi_structured_kml,0.95
ASSET_WB_272627,"Lake/Pond — Jaffar Pur Kalan, Souh West",water_body,REG_DELHI,SCH_AMRUT,ACT_DDA,,completed,28.5897222203727,76.9213888897275,No,Natural,Panchayat,https://mi6census.mowr.gov.in/mic/getWaterBodyImageByURL/MIC_133005000015000218002.jpeg,semi_structured_kml,0.95
ASSET_WB_272628,"Lake/Pond — Jharoda Kalan, Souh West",water_body,REG_DELHI,SCH_AMRUT,ACT_DDA,,completed,28.6575000003438,76.9455555601962,No,Natural,Panchayat,https://mi6census.mowr.gov.in/mic/getWaterBodyImageByURL/MIC_133005000015000219004.jpeg,semi_structured_kml,0.95
ASSET_WB_272629,"Lake/Pond — Jharoda Kalan, Souh West",water_body,REG_DELHI,SCH_AMRUT,ACT_DDA,,completed,28.6497222202104,76.9458333297376,No,Natural,Panchayat,https://mi6census.mowr.gov.in/mic/getWaterBodyImageByURL/MIC_133005000015000219002.jpeg,semi_structured_kml,0.95
ASSET_WB_272630,"Lake/Pond — Jharoda Kalan, Souh West",water_body,REG_DELHI,SCH_AMRUT,ACT_DDA,,completed,28.6502777800403,76.9416666698148,No,Natural,Panchayat,https://mi6census.mowr.gov.in/mic/getWaterBodyImageByURL/MIC_133005000015000219003.jpeg,semi_structured_kml,0.95
ASSET_WB_272631,"Lake/Pond — Jharoda Kalan, Souh West",water_body,REG_DELHI,SCH_AMRUT,ACT_DDA,,completed,28.6547222203201,76.9499999997465,No,Natural,Panchayat,https://mi6census.mowr.gov.in/mic/getWaterBodyImageByURL/MIC_133005000015000219001.jpeg,semi_structured_kml,0.95
ASSET_WB_272632,"Lake/Pond — Jhuljhuli, Souh West",water_body,REG_DELHI,SCH_AMRUT,ACT_DDA,,completed,28.5497222203988,76.9077777802822,No,Natural,Panchayat,https://mi6census.mowr.gov.in/mic/getWaterBodyImageByURL/MIC_133005000015000220004.jpeg,semi_structured_kml,0.95
ASSET_WB_272633,"Lake/Pond — Jhuljhuli, Souh West",water_body,REG_DELHI,SCH_AMRUT,ACT_DDA,,completed,28.5305555598349,76.9055555600473,No,Natural,Panchayat,https://mi6census.mowr.gov.in/mic/getWaterBodyImageByURL/MIC_133005000015000220001.jpeg,semi_structured_kml,0.95
ASSET_WB_272634,"Lake/Pond — Jhuljhuli, Souh West",water_body,REG_DELHI,SCH_AMRUT,ACT_DDA,,completed,28.5427777798548,76.9049999999701,No,Natural,Panchayat,https://mi6census.mowr.gov.in/mic/getWaterBodyImageByURL/MIC_133005000015000220002.jpeg,semi_structured_kml,0.95
ASSET_WB_272635,"Lake/Pond — Jhuljhuli, Souh West",water_body,REG_DELHI,SCH_AMRUT,ACT_DDA,,encroached,28.5355555598757,76.9097222196659,Yes,Natural,Panchayat,https://mi6census.mowr.gov.in/mic/getWaterBodyImageByURL/MIC_133005000015000220003.jpeg,semi_structured_kml,0.95
ASSET_WB_272636,"Lake/Pond — Kair, Souh West",water_body,REG_DELHI,SCH_AMRUT,ACT_DDA,,completed,28.622777780197,76.921388890445,No,Natural,Panchayat,https://mi6census.mowr.gov.in/mic/getWaterBodyImageByURL/MIC_133005000015000221002.jpeg,semi_structured_kml,0.95
ASSET_WB_272637,"Lake/Pond — Kair, Souh West",water_body,REG_DELHI,SCH_AMRUT,ACT_DDA,,completed,28.6219444401458,76.9127777799673,No,Natural,Panchayat,https://mi6census.mowr.gov.in/mic/getWaterBodyImageByURL/MIC_133005000015000221005.jpeg,semi_structured_kml,0.95
ASSET_WB_272638,"Lake/Pond — Kair, Souh West",water_body,REG_DELHI,SCH_AMRUT,ACT_DDA,,completed,28.6119444397193,76.915833330479,No,Natural,Panchayat,https://mi6census.mowr.gov.in/mic/getWaterBodyImageByURL/MIC_133005000015000221006.jpeg,semi_structured_kml,0.95
ASSET_WB_272639,"Lake/Pond — Kair, Souh West",water_body,REG_DELHI,SCH_AMRUT,ACT_DDA,,completed,28.6172222196389,76.9297222203334,No,Natural,Panchayat,https://mi6census.mowr.gov.in/mic/getWaterBodyImageByURL/MIC_133005000015000221001.jpeg,semi_structured_kml,0.95
ASSET_WB_272640,"Lake/Pond — Kair, Souh West",water_body,REG_DELHI,SCH_AMRUT,ACT_DDA,,completed,28.625277780072,76.9188888895568,No,Natural,Panchayat,https://mi6census.mowr.gov.in/mic/getWaterBodyImageByURL/MIC_133005000015000221004.jpeg,semi_structured_kml,0.95
ASSET_WB_272641,"Lake/Pond — Kair, Souh West",water_body,REG_DELHI,SCH_AMRUT,ACT_DDA,,completed,28.6108333296798,76.9116666700676,No,Natural,Panchayat,https://mi6census.mowr.gov.in/mic/getWaterBodyImageByURL/MIC_133005000015000221003.jpeg,semi_structured_kml,0.95
ASSET_WB_272642,"Lake/Pond — Khaira, Souh West",water_body,REG_DELHI,SCH_AMRUT,ACT_DDA,,completed,28.6008333295604,76.9608333296096,No,Natural,Panchayat,https://mi6census.mowr.gov.in/mic/getWaterBodyImageByURL/MIC_133005000015000223002.jpeg,semi_structured_kml,0.95
ASSET_WB_272643,"Lake/Pond — Khaira, Souh West",water_body,REG_DELHI,SCH_AMRUT,ACT_DDA,,completed,28.5900000002154,76.9611111100835,No,Natural,Panchayat,https://mi6census.mowr.gov.in/mic/getWaterBodyImageByURL/MIC_133005000015000223001.jpeg,semi_structured_kml,0.95
ASSET_WB_272644,"Lake/Pond — Khaira, Souh West",water_body,REG_DELHI,SCH_AMRUT,ACT_DDA,,completed,28.5969444401391,76.9711111101746,No,Natural,Panchayat,https://mi6census.mowr.gov.in/mic/getWaterBodyImageByURL/MIC_133005000015000223003.jpeg,semi_structured_kml,0.95
ASSET_WB_272645,"Lake/Pond — Kharkhari Nahar, Souh West",water_body,REG_DELHI,SCH_AMRUT,ACT_DDA,,completed,28.5863888900259,76.9625000002598,No,Natural,Panchayat,https://mi6census.mowr.gov.in/mic/getWaterBodyImageByURL/MIC_133005000015000222001.jpeg,semi_structured_kml,0.95
ASSET_WB_272646,"Lake/Pond — Kharkhari Nahar, Souh West",water_body,REG_DELHI,SCH_AMRUT,ACT_DDA,,completed,28.5894444400649,76.9608333295421,No,Natural,Panchayat,https://mi6census.mowr.gov.in/mic/getWaterBodyImageByURL/MIC_133005000015000222003.jpeg,semi_structured_kml,0.95
ASSET_WB_272647,"Lake/Pond — Kharkhari Nahar, Souh West",water_body,REG_DELHI,SCH_AMRUT,ACT_DDA,,completed,28.5813888903478,76.9563888900835,No,Natural,Panchayat,https://mi6census.mowr.gov.in/mic/getWaterBodyImageByURL/MIC_133005000015000222002.jpeg,semi_structured_kml,0.95
ASSET_WB_272648,"Lake/Pond — Khera Dabar, Souh West",water_body,REG_DELHI,SCH_AMRUT,ACT_DDA,,completed,28.5847222195722,76.9380555596162,No,Natural,Panchayat,https://mi6census.mowr.gov.in/mic/getWaterBodyImageByURL/MIC_133005000015000224002.jpeg,semi_structured_kml,0.95
ASSET_WB_272649,"Lake/Pond — Khera Dabar, Souh West",water_body,REG_DELHI,SCH_AMRUT,ACT_DDA,,completed,28.5894444397351,76.9319444395171,No,Natural,Panchayat,https://mi6census.mowr.gov.in/mic/getWaterBodyImageByURL/MIC_133005000015000224003.jpeg,semi_structured_kml,0.95
ASSET_WB_272650,"Lake/Pond — Khera Dabar, Souh West",water_body,REG_DELHI,SCH_AMRUT,ACT_DDA,,completed,28.5602777797365,76.9377777799819,No,Natural,Panchayat,https://mi6census.mowr.gov.in/mic/getWaterBodyImageByURL/MIC_133005000015000224004.jpeg,semi_structured_kml,0.95
ASSET_WB_272651,"Lake/Pond — Khera Dabar, Souh West",water_body,REG_DELHI,SCH_AMRUT,ACT_DDA,,completed,28.580555560259,76.94416666988,No,Natural,Panchayat,https://mi6census.mowr.gov.in/mic/getWaterBodyImageByURL/MIC_133005000015000224001.jpeg,semi_structured_kml,0.95
ASSET_WB_272652,"Lake/Pond — Malikpur Zer, Souh West",water_body,REG_DELHI,SCH_AMRUT,ACT_DDA,,completed,28.5661111096325,76.8922222202733,No,Natural,Panchayat,https://mi6census.mowr.gov.in/mic/getWaterBodyImageByURL/MIC_133005000015000225004.jpeg,semi_structured_kml,0.95
ASSET_WB_272653,"Lake/Pond — Malikpur Zer, Souh West",water_body,REG_DELHI,SCH_AMRUT,ACT_DDA,,completed,28.5588888895801,76.8844444401654,No,Natural,Panchayat,https://mi6census.mowr.gov.in/mic/getWaterBodyImageByURL/MIC_133005000015000225003.jpeg,semi_structured_kml,0.95
ASSET_WB_272654,"Lake/Pond — Malikpur Zer, Souh West",water_body,REG_DELHI,SCH_AMRUT,ACT_DDA,,completed,28.5491666704366,76.8986111100569,No,Natural,Panchayat,https://mi6census.mowr.gov.in/mic/getWaterBodyImageByURL/MIC_133005000015000225001.jpeg,semi_structured_kml,0.95
ASSET_WB_272655,"Lake/Pond — Mitraon, Souh West",water_body,REG_DELHI,SCH_AMRUT,ACT_DDA,,completed,28.6075000000182,76.9505555601329,No,Natural,Panchayat,https://mi6census.mowr.gov.in/mic/getWaterBodyImageByURL/MIC_133005000015000226003.jpeg,semi_structured_kml,0.95
ASSET_WB_272656,"Lake/Pond — Mitraon, Souh West",water_body,REG_DELHI,SCH_AMRUT,ACT_DDA,,completed,28.6147222197718,76.9474999994873,No,Natural,Panchayat,https://mi6census.mowr.gov.in/mic/getWaterBodyImageByURL/MIC_133005000015000226002.jpeg,semi_structured_kml,0.95
ASSET_WB_272657,"Lake/Pond — Mitraon, Souh West",water_body,REG_DELHI,SCH_AMRUT,ACT_DDA,,completed,28.6061111096084,76.9383333296851,No,Natural,Panchayat,https://mi6census.mowr.gov.in/mic/getWaterBodyImageByURL/MIC_133005000015000226004.jpeg,semi_structured_kml,0.95
ASSET_WB_272658,"Lake/Pond — Mitraon, Souh West",water_body,REG_DELHI,SCH_AMRUT,ACT_DDA,,completed,28.6230555600212,76.9483333295613,No,Natural,Panchayat,https://mi6census.mowr.gov.in/mic/getWaterBodyImageByURL/MIC_133005000015000226001.jpeg,semi_structured_kml,0.95
ASSET_WB_272659,"Lake/Pond — Mundela Kalan, Souh West",water_body,REG_DELHI,SCH_AMRUT,ACT_DDA,,completed,28.5966666698125,76.8902777801955,No,Natural,Panchayat,https://mi6census.mowr.gov.in/mic/getWaterBodyImageByURL/MIC_133005000015000227001.jpeg,semi_structured_kml,0.95
ASSET_WB_272660,"Lake/Pond — Mundela Kalan, Souh West",water_body,REG_DELHI,SCH_AMRUT,ACT_DDA,,completed,28.610555559693,76.8936111102771,No,Natural,Panchayat,https://mi6census.mowr.gov.in/mic/getWaterBodyImageByURL/MIC_133005000015000227003.jpeg,semi_structured_kml,0.95
ASSET_WB_272661,"Lake/Pond — Mundela Kalan, Souh West",water_body,REG_DELHI,SCH_AMRUT,ACT_DDA,,completed,28.6069444401711,76.8963888904755,No,Natural,Panchayat,https://mi6census.mowr.gov.in/mic/getWaterBodyImageByURL/MIC_133005000015000227005.jpeg,semi_structured_kml,0.95
ASSET_WB_272662,"Lake/Pond — Mundela Kalan, Souh West",water_body,REG_DELHI,SCH_AMRUT,ACT_DDA,,completed,28.6083333296852,76.8930555595343,No,Natural,Panchayat,https://mi6census.mowr.gov.in/mic/getWaterBodyImageByURL/MIC_133005000015000227004.jpeg,semi_structured_kml,0.95
ASSET_WB_272663,"Lake/Pond — Mundela Kalan, Souh West",water_body,REG_DELHI,SCH_AMRUT,ACT_DDA,,completed,28.6030555602336,76.8988888897619,No,Natural,Panchayat,https://mi6census.mowr.gov.in/mic/getWaterBodyImageByURL/MIC_133005000015000227002.jpeg,semi_structured_kml,0.95
ASSET_WB_272664,"Lake/Pond — Mundela Khurd, Souh West",water_body,REG_DELHI,SCH_AMRUT,ACT_DDA,,completed,28.6091666701249,76.9122222195392,No,Natural,Panchayat,https://mi6census.mowr.gov.in/mic/getWaterBodyImageByURL/MIC_133005000015000228001.jpeg,semi_structured_kml,0.95
ASSET_WB_272665,"Lake/Pond — Mundela Khurd, Souh West",water_body,REG_DELHI,SCH_AMRUT,ACT_DDA,,completed,28.6266666698141,76.8916666700989,No,Natural,Panchayat,https://mi6census.mowr.gov.in/mic/getWaterBodyImageByURL/MIC_133005000015000228004.jpeg,semi_structured_kml,0.95
ASSET_WB_272666,"Lake/Pond — Mundela Khurd, Souh West",water_body,REG_DELHI,SCH_AMRUT,ACT_DDA,,completed,28.613611109595,76.8963888901619,No,Natural,Panchayat,https://mi6census.mowr.gov.in/mic/getWaterBodyImageByURL/MIC_133005000015000228002.jpeg,semi_structured_kml,0.95
ASSET_WB_272667,"Lake/Pond — Mundela Khurd, Souh West",water_body,REG_DELHI,SCH_AMRUT,ACT_DDA,,completed,28.625555559988,76.8975000004241,No,Natural,Panchayat,https://mi6census.mowr.gov.in/mic/getWaterBodyImageByURL/MIC_133005000015000228003.jpeg,semi_structured_kml,0.95
ASSET_WB_272668,"Lake/Pond — Najafgarh, Souh West",water_body,REG_DELHI,SCH_AMRUT,ACT_DDA,,completed,28.6097222198606,76.9866666698972,No,Natural,Panchayat,https://mi6census.mowr.gov.in/mic/getWaterBodyImageByURL/MIC_133005000015000238001.jpeg,semi_structured_kml,0.95
ASSET_WB_272669,"Other Water Body — Najafgarh, Souh West",water_body,REG_DELHI,SCH_AMRUT,ACT_DDA,,encroached,28.6091666700221,76.9855555602621,Yes,Natural,Other Govt.Agency,https://mi6census.mowr.gov.in/mic/getWaterBodyImageByURL/MIC_133005000015000238002.jpeg,semi_structured_kml,0.95
ASSET_WB_272670,"Lake/Pond — Najafgarh, Souh West",water_body,REG_DELHI,SCH_AMRUT,ACT_DDA,,completed,28.6155555602664,76.9775000002736,No,Natural,Other Govt.Agency,https://mi6census.mowr.gov.in/mic/getWaterBodyImageByURL/MIC_133005000015000238003.jpeg,semi_structured_kml,0.95
ASSET_WB_272671,"Other Water Body — Najafgarh, Souh West",water_body,REG_DELHI,SCH_AMRUT,ACT_DDA,,encroached,28.6105555599349,76.9863888898169,Yes,Natural,Other Govt.Agency,https://mi6census.mowr.gov.in/mic/getWaterBodyImageByURL/MIC_133005000015000238004.jpeg,semi_structured_kml,0.95
ASSET_WB_272672,"Lake/Pond — Quazi Pur, Souh West",water_body,REG_DELHI,SCH_AMRUT,ACT_DDA,,completed,28.5588888895801,76.8844444401654,No,Natural,Panchayat,https://mi6census.mowr.gov.in/mic/getWaterBodyImageByURL/MIC_133005000015000229001.jpeg,semi_structured_kml,0.95
ASSET_WB_272673,"Lake/Pond — Quazi Pur, Souh West",water_body,REG_DELHI,SCH_AMRUT,ACT_DDA,,encroached,28.5575000001221,76.8655555599241,Yes,Natural,Panchayat,https://mi6census.mowr.gov.in/mic/getWaterBodyImageByURL/MIC_133005000015000229002.jpeg,semi_structured_kml,0.95
ASSET_WB_272674,"Other Water Body — Roshan Pura, Souh West",water_body,REG_DELHI,SCH_AMRUT,ACT_DDA,,encroached,28.6088888898719,76.9861111105104,Yes,Natural,Panchayat,https://mi6census.mowr.gov.in/mic/getWaterBodyImageByURL/MIC_133005000015000230001.jpeg,semi_structured_kml,0.95
ASSET_WB_272675,"Lake/Pond — Samas Pur Khalsa, Souh West",water_body,REG_DELHI,SCH_AMRUT,ACT_DDA,,completed,28.5855555603854,76.9074999997094,No,Natural,Panchayat,https://mi6census.mowr.gov.in/mic/getWaterBodyImageByURL/MIC_133005000015000231001.jpeg,semi_structured_kml,0.95
ASSET_WB_272676,"Lake/Pond — Samas Pur Khalsa, Souh West",water_body,REG_DELHI,SCH_AMRUT,ACT_DDA,,completed,28.5808333304545,76.9002777803661,No,Natural,Panchayat,https://mi6census.mowr.gov.in/mic/getWaterBodyImageByURL/MIC_133005000015000231002.jpeg,semi_structured_kml,0.95
ASSET_WB_272677,"Lake/Pond — Samas Pur Khalsa, Souh West",water_body,REG_DELHI,SCH_AMRUT,ACT_DDA,,completed,28.5808333296078,76.9055555596841,No,Natural,Panchayat,https://mi6census.mowr.gov.in/mic/getWaterBodyImageByURL/MIC_133005000015000231003.jpeg,semi_structured_kml,0.95
ASSET_WB_272678,"Lake/Pond — Sarang Pur, Souh West",water_body,REG_DELHI,SCH_AMRUT,ACT_DDA,,completed,28.5430555596286,76.8888888903308,No,Natural,Panchayat,https://mi6census.mowr.gov.in/mic/getWaterBodyImageByURL/MIC_133005000015000232001.jpeg,semi_structured_kml,0.95
ASSET_WB_272679,"Lake/Pond — Surehra, Souh West",water_body,REG_DELHI,SCH_AMRUT,ACT_DDA,,completed,28.5944444401267,76.9391666701309,No,Natural,Panchayat,https://mi6census.mowr.gov.in/mic/getWaterBodyImageByURL/MIC_133005000015000235005.jpeg,semi_structured_kml,0.95
ASSET_WB_272680,"Lake/Pond — Surehra, Souh West",water_body,REG_DELHI,SCH_AMRUT,ACT_DDA,,completed,28.5972222199304,76.9427777795501,No,Natural,Panchayat,https://mi6census.mowr.gov.in/mic/getWaterBodyImageByURL/MIC_133005000015000235004.jpeg,semi_structured_kml,0.95
ASSET_WB_272681,"Lake/Pond — Surehra, Souh West",water_body,REG_DELHI,SCH_AMRUT,ACT_DDA,,completed,28.6008333297803,76.9336111105023,No,Natural,Panchayat,https://mi6census.mowr.gov.in/mic/getWaterBodyImageByURL/MIC_133005000015000235002.jpeg,semi_structured_kml,0.95
ASSET_WB_272682,"Lake/Pond — Surehra, Souh West",water_body,REG_DELHI,SCH_AMRUT,ACT_DDA,,completed,28.5986111100203,76.9402777801301,No,Natural,Panchayat,https://mi6census.mowr.gov.in/mic/getWaterBodyImageByURL/MIC_133005000015000235003.jpeg,semi_structured_kml,0.95
ASSET_WB_272683,"Lake/Pond — Surehra, Souh West",water_body,REG_DELHI,SCH_AMRUT,ACT_DDA,,completed,28.6055555600444,76.9258333299807,No,Natural,Panchayat,https://mi6census.mowr.gov.in/mic/getWaterBodyImageByURL/MIC_133005000015000235001.jpeg,semi_structured_kml,0.95
ASSET_WB_272684,"Lake/Pond — Ujwa, Souh West",water_body,REG_DELHI,SCH_AMRUT,ACT_DDA,,completed,28.5641666699259,76.9108333303168,No,Natural,Panchayat,https://mi6census.mowr.gov.in/mic/getWaterBodyImageByURL/MIC_133005000015000236004.jpeg,semi_structured_kml,0.95
ASSET_WB_272685,"Lake/Pond — Ujwa, Souh West",water_body,REG_DELHI,SCH_AMRUT,ACT_DDA,,completed,28.5591666699306,76.9161111097342,No,Natural,Panchayat,https://mi6census.mowr.gov.in/mic/getWaterBodyImageByURL/MIC_133005000015000236007.jpeg,semi_structured_kml,0.95
ASSET_WB_272686,"Lake/Pond — Ujwa, Souh West",water_body,REG_DELHI,SCH_AMRUT,ACT_DDA,,completed,28.571388889919,76.9044444401951,No,Natural,Panchayat,https://mi6census.mowr.gov.in/mic/getWaterBodyImageByURL/MIC_133005000015000236001.jpeg,semi_structured_kml,0.95
ASSET_WB_272687,"Lake/Pond — Ujwa, Souh West",water_body,REG_DELHI,SCH_AMRUT,ACT_DDA,,completed,28.5611111098181,76.9113888896705,No,Natural,Panchayat,https://mi6census.mowr.gov.in/mic/getWaterBodyImageByURL/MIC_133005000015000236005.jpeg,semi_structured_kml,0.95
ASSET_WB_272688,"Lake/Pond — Ujwa, Souh West",water_body,REG_DELHI,SCH_AMRUT,ACT_DDA,,completed,28.5577777799326,76.9186111099379,No,Natural,Panchayat,https://mi6census.mowr.gov.in/mic/getWaterBodyImageByURL/MIC_133005000015000236008.jpeg,semi_structured_kml,0.95
ASSET_WB_272689,"Lake/Pond — Ujwa, Souh West",water_body,REG_DELHI,SCH_AMRUT,ACT_DDA,,completed,28.565833330129,76.9049999998235,No,Natural,Panchayat,https://mi6census.mowr.gov.in/mic/getWaterBodyImageByURL/MIC_133005000015000236003.jpeg,semi_structured_kml,0.95
ASSET_WB_272690,"Lake/Pond — Ujwa, Souh West",water_body,REG_DELHI,SCH_AMRUT,ACT_DDA,,completed,28.5661111100012,76.9236111100897,No,Natural,Panchayat,https://mi6census.mowr.gov.in/mic/getWaterBodyImageByURL/MIC_133005000015000236009.jpeg,semi_structured_kml,0.95
ASSET_WB_272691,"Lake/Pond — Ujwa, Souh West",water_body,REG_DELHI,SCH_AMRUT,ACT_DDA,,completed,28.5675000001368,76.9077777800836,No,Natural,Panchayat,https://mi6census.mowr.gov.in/mic/getWaterBodyImageByURL/MIC_133005000015000236006.jpeg,semi_structured_kml,0.95
ASSET_WB_272692,"Lake/Pond — Ujwa, Souh West",water_body,REG_DELHI,SCH_AMRUT,ACT_DDA,,completed,28.5699999997116,76.9013888904556,No,Natural,Panchayat,https://mi6census.mowr.gov.in/mic/getWaterBodyImageByURL/MIC_133005000015000236002.jpeg,semi_structured_kml,0.95
ASSET_WB_272693,"Other Water Body — Adhi Chini, South",water_body,REG_DELHI,SCH_AMRUT,ACT_DDA,,encroached,28.5400000002645,77.1913888901728,Yes,Natural,Other Govt.Agency,https://mi6census.mowr.gov.in/mic/getWaterBodyImageByURL/MIC_133004000012000162001.jpeg,semi_structured_kml,0.95
ASSET_WB_272694,"Other Water Body — Begumpur, South",water_body,REG_DELHI,SCH_AMRUT,ACT_DDA,,encroached,28.5324999997853,77.2038888903733,Yes,Natural,Other Govt.Agency,https://mi6census.mowr.gov.in/mic/getWaterBodyImageByURL/MIC_133004000012000166001.jpeg,semi_structured_kml,0.95
ASSET_WB_272695,"Other Water Body — Chirag Delhi, South",water_body,REG_DELHI,SCH_AMRUT,ACT_DDA,,completed,28.5469444395877,77.2197222197321,No,Natural,Other Govt.Agency,https://mi6census.mowr.gov.in/mic/getWaterBodyImageByURL/MIC_133004000012000159002.jpeg,semi_structured_kml,0.95
ASSET_WB_272696,"Other Water Body — Chirag Delhi, South",water_body,REG_DELHI,SCH_AMRUT,ACT_DDA,,completed,28.5430555602378,77.2202777803049,No,Natural,Other Govt.Agency,https://mi6census.mowr.gov.in/mic/getWaterBodyImageByURL/MIC_133004000012000159001.jpeg,semi_structured_kml,0.95
ASSET_WB_272697,"Other Water Body — Hauz Khas, South",water_body,REG_DELHI,SCH_AMRUT,ACT_DDA,,completed,28.5522222202461,77.1938888903345,No,Natural,Other Govt.Agency,https://mi6census.mowr.gov.in/mic/getWaterBodyImageByURL/MIC_133004000012000160002.jpeg,semi_structured_kml,0.95
ASSET_WB_272698,"Other Water Body — Hauz Khas, South",water_body,REG_DELHI,SCH_AMRUT,ACT_DDA,,encroached,28.5527777796862,77.1925000003023,Yes,Natural,Other Govt.Agency,https://mi6census.mowr.gov.in/mic/getWaterBodyImageByURL/MIC_133004000012000160003.jpeg,semi_structured_kml,0.95
ASSET_WB_272699,"Lake/Pond — Hauz Khas, South",water_body,REG_DELHI,SCH_AMRUT,ACT_DDA,,completed,28.5538888903357,77.1922222200525,No,Natural,Other Govt.Agency,https://mi6census.mowr.gov.in/mic/getWaterBodyImageByURL/MIC_133004000012000160001.jpeg,semi_structured_kml,0.95
ASSET_WB_272700,"Other Water Body — Hauz Rani, South",water_body,REG_DELHI,SCH_AMRUT,ACT_DDA,,encroached,28.5244444399662,77.2111111104819,Yes,Natural,Other Govt.Agency,https://mi6census.mowr.gov.in/mic/getWaterBodyImageByURL/MIC_133004000012000167001.jpeg,semi_structured_kml,0.95
ASSET_WB_272701,"Other Water Body — Humayunpur, South",water_body,REG_DELHI,SCH_AMRUT,ACT_DDA,,encroached,28.5611111100395,77.1949999995847,Yes,Natural,Other Govt.Agency,https://mi6census.mowr.gov.in/mic/getWaterBodyImageByURL/MIC_133004000012000157001.jpeg,semi_structured_kml,0.95
ASSET_WB_272702,"Other Water Body — Jamrood Pur, South",water_body,REG_DELHI,SCH_AMRUT,ACT_DDA,,completed,28.55611111033,77.2366666696866,No,Natural,Other private body,https://mi6census.mowr.gov.in/mic/getWaterBodyImageByURL/MIC_133004000012000156001.jpeg,semi_structured_kml,0.95
ASSET_WB_272703,"Other Water Body — Kalu Sarai, South",water_body,REG_DELHI,SCH_AMRUT,ACT_DDA,,encroached,28.5444444398349,77.1983333303264,Yes,Natural,Other Govt.Agency,https://mi6census.mowr.gov.in/mic/getWaterBodyImageByURL/MIC_133004000012000161001.jpeg,semi_structured_kml,0.95
ASSET_WB_272704,"Other Water Body — Khirki, South",water_body,REG_DELHI,SCH_AMRUT,ACT_DDA,,completed,28.5316666702219,77.2177777796888,No,Natural,Other private body,https://mi6census.mowr.gov.in/mic/getWaterBodyImageByURL/MIC_133004000012000168001.jpeg,semi_structured_kml,0.95
ASSET_WB_272705,"Other Water Body — Khirki, South",water_body,REG_DELHI,SCH_AMRUT,ACT_DDA,,completed,28.5350000001981,77.2294444399794,No,Natural,Other Govt.Agency,https://mi6census.mowr.gov.in/mic/getWaterBodyImageByURL/MIC_133004000012000168003.jpeg,semi_structured_kml,0.95
ASSET_WB_272706,"Other Water Body — Khirki, South",water_body,REG_DELHI,SCH_AMRUT,ACT_DDA,,completed,28.5316666702219,77.2177777796888,No,Natural,Other Govt.Agency,https://mi6census.mowr.gov.in/mic/getWaterBodyImageByURL/MIC_133004000012000168002.jpeg,semi_structured_kml,0.95
ASSET_WB_272707,"Other Water Body — Khirki, South",water_body,REG_DELHI,SCH_AMRUT,ACT_DDA,,completed,28.5341666702052,77.2241666703481,No,Natural,Other Govt.Agency,https://mi6census.mowr.gov.in/mic/getWaterBodyImageByURL/MIC_133004000012000168004.jpeg,semi_structured_kml,0.95
ASSET_WB_272708,"Other Water Body — Masjid Moth, South",water_body,REG_DELHI,SCH_AMRUT,ACT_DDA,,encroached,28.5588888900403,77.215833329484,Yes,Natural,Muncipal authority,https://mi6census.mowr.gov.in/mic/getWaterBodyImageByURL/MIC_133004000012000155001.jpeg,semi_structured_kml,0.95
ASSET_WB_272709,"Other Water Body — Masjid Moth, South",water_body,REG_DELHI,SCH_AMRUT,ACT_DDA,,encroached,28.5580555598289,77.2172222202377,Yes,Natural,Muncipal authority,https://mi6census.mowr.gov.in/mic/getWaterBodyImageByURL/MIC_133004000012000155002.jpeg,semi_structured_kml,0.95
ASSET_WB_272710,"Other Water Body — Sarai Sahi, South",water_body,REG_DELHI,SCH_AMRUT,ACT_DDA,,encroached,28.5386111096983,77.2072222196417,Yes,Natural,Muncipal authority,https://mi6census.mowr.gov.in/mic/getWaterBodyImageByURL/MIC_133004000012000163001.jpeg,semi_structured_kml,0.95
ASSET_WB_272711,"Other Water Body — Shahpur Jat, South",water_body,REG_DELHI,SCH_AMRUT,ACT_DDA,,completed,28.5513888902681,77.2113888904946,No,Natural,Other Govt.Agency,https://mi6census.mowr.gov.in/mic/getWaterBodyImageByURL/MIC_133004000012000158001.jpeg,semi_structured_kml,0.95
ASSET_WB_272712,"Other Water Body — Shahpur Jat, South",water_body,REG_DELHI,SCH_AMRUT,ACT_DDA,,completed,28.5444444399818,77.213055560282,No,Natural,Other Govt.Agency,https://mi6census.mowr.gov.in/mic/getWaterBodyImageByURL/MIC_133004000012000158002.jpeg,semi_structured_kml,0.95
ASSET_WB_272713,"Other Water Body — Shekh Sarai, South",water_body,REG_DELHI,SCH_AMRUT,ACT_DDA,,completed,28.5377777803645,77.2169444402492,No,Natural,Other Govt.Agency,https://mi6census.mowr.gov.in/mic/getWaterBodyImageByURL/MIC_133004000012000164001.jpeg,semi_structured_kml,0.95
ASSET_WB_272714,"Other Water Body — Shekh Sarai, South",water_body,REG_DELHI,SCH_AMRUT,ACT_DDA,,completed,28.543333329551,77.2175000005119,No,Natural,Other Govt.Agency,https://mi6census.mowr.gov.in/mic/getWaterBodyImageByURL/MIC_133004000012000164002.jpeg,semi_structured_kml,0.95
ASSET_WB_272715,"Other Water Body — Tut Sarai, South",water_body,REG_DELHI,SCH_AMRUT,ACT_DDA,,encroached,28.5344444396071,77.2130555601394,Yes,Natural,Muncipal authority,https://mi6census.mowr.gov.in/mic/getWaterBodyImageByURL/MIC_133004000012000165001.jpeg,semi_structured_kml,0.95
ASSET_WB_272716,"Other Water Body — Yusuf Sarai, South",water_body,REG_DELHI,SCH_AMRUT,ACT_DDA,,encroached,28.5619444400072,77.2038888902674,Yes,Natural,Muncipal authority,https://mi6census.mowr.gov.in/mic/getWaterBodyImageByURL/MIC_133004000012000154001.jpeg,semi_structured_kml,0.95
ASSET_WB_272717,"Lake/Pond — Aya Nagar, South",water_body,REG_DELHI,SCH_AMRUT,ACT_DDA,,encroached,28.4705555603874,77.1286111103746,Yes,Natural,Panchayat,https://mi6census.mowr.gov.in/mic/getWaterBodyImageByURL/MIC_133004000010000129001.jpeg,semi_structured_kml,0.95
ASSET_WB_272718,"Lake/Pond — Aya Nagar, South",water_body,REG_DELHI,SCH_AMRUT,ACT_DDA,,encroached,28.4752777804054,77.1302777797427,Yes,Natural,Panchayat,https://mi6census.mowr.gov.in/mic/getWaterBodyImageByURL/MIC_133004000010000129002.jpeg,semi_structured_kml,0.95
ASSET_WB_272719,"Other Water Body — Aya Nagar, South",water_body,REG_DELHI,SCH_AMRUT,ACT_DDA,,encroached,28.475277779613,77.1338888900507,Yes,Natural,Other Govt.Agency,https://mi6census.mowr.gov.in/mic/getWaterBodyImageByURL/MIC_133004000010000129003.jpeg,semi_structured_kml,0.95
ASSET_WB_272720,"Other Water Body — Ber Sarai, South",water_body,REG_DELHI,SCH_AMRUT,ACT_DDA,,completed,28.5433333295415,77.1777777795658,No,Natural,Other Govt.Agency,https://mi6census.mowr.gov.in/mic/getWaterBodyImageByURL/MIC_133004000010000136001.jpeg,semi_structured_kml,0.95
ASSET_WB_272721,"Lake/Pond — Chandan Hulla, South",water_body,REG_DELHI,SCH_AMRUT,ACT_DDA,,encroached,28.4688888900525,77.1819444394921,Yes,Natural,Panchayat,https://mi6census.mowr.gov.in/mic/getWaterBodyImageByURL/MIC_133004000010000130001.jpeg,semi_structured_kml,0.95
ASSET_WB_272722,"Lake/Pond — Dera Mandi, South",water_body,REG_DELHI,SCH_AMRUT,ACT_DDA,,completed,28.436944439787,77.1411111103043,No,Natural,Other Govt.Agency,https://mi6census.mowr.gov.in/mic/getWaterBodyImageByURL/MIC_133004000010000131002.jpeg,semi_structured_kml,0.95
ASSET_WB_272723,"Lake/Pond — Dera Mandi, South",water_body,REG_DELHI,SCH_AMRUT,ACT_DDA,,completed,28.435277779763,77.1794444395388,No,Natural,Other Govt.Agency,https://mi6census.mowr.gov.in/mic/getWaterBodyImageByURL/MIC_133004000010000131001.jpeg,semi_structured_kml,0.95
ASSET_WB_272724,"Other Water Body — Fatherpur Beri, South",water_body,REG_DELHI,SCH_AMRUT,ACT_DDA,,completed,28.4347222200278,77.1880555598656,No,Natural,Other Govt.Agency,https://mi6census.mowr.gov.in/mic/getWaterBodyImageByURL/MIC_133004000010000132003.jpeg,semi_structured_kml,0.95
ASSET_WB_272725,"Lake/Pond — Fatherpur Beri, South",water_body,REG_DELHI,SCH_AMRUT,ACT_DDA,,completed,28.4436111097425,77.1794444401061,No,Natural,Other Govt.Agency,https://mi6census.mowr.gov.in/mic/getWaterBodyImageByURL/MIC_133004000010000132002.jpeg,semi_structured_kml,0.95
ASSET_WB_272726,"Lake/Pond — Fatherpur Beri, South",water_body,REG_DELHI,SCH_AMRUT,ACT_DDA,,completed,28.4588888899985,77.1769444396066,No,Natural,Other Govt.Agency,https://mi6census.mowr.gov.in/mic/getWaterBodyImageByURL/MIC_133004000010000132001.jpeg,semi_structured_kml,0.95
ASSET_WB_272727,"Other Water Body — Gadai Pur, South",water_body,REG_DELHI,SCH_AMRUT,ACT_DDA,,encroached,28.4775000002627,77.1572222195305,Yes,Natural,Other Govt.Agency,https://mi6census.mowr.gov.in/mic/getWaterBodyImageByURL/MIC_133004000010000133001.jpeg,semi_structured_kml,0.95
ASSET_WB_272728,"Lake/Pond — Gadai Pur, South",water_body,REG_DELHI,SCH_AMRUT,ACT_DDA,,encroached,28.4747222201366,77.1427777805066,Yes,Natural,Other Govt.Agency,https://mi6census.mowr.gov.in/mic/getWaterBodyImageByURL/MIC_133004000010000133002.jpeg,semi_structured_kml,0.95
ASSET_WB_272729,"Other Water Body — Jia Sarai, South",water_body,REG_DELHI,SCH_AMRUT,ACT_DDA,,encroached,28.5466666702795,77.1938888902881,Yes,Natural,Other Govt.Agency,https://mi6census.mowr.gov.in/mic/getWaterBodyImageByURL/MIC_133004000010000138001.jpeg,semi_structured_kml,0.95
ASSET_WB_272730,"Lake/Pond — Jona Pur, South",water_body,REG_DELHI,SCH_AMRUT,ACT_DDA,,encroached,28.4658333300299,77.1394444402236,Yes,Natural,Other Govt.Agency,https://mi6census.mowr.gov.in/mic/getWaterBodyImageByURL/MIC_133004000010000134002.jpeg,semi_structured_kml,0.95
ASSET_WB_272731,"Other Water Body — Jona Pur, South",water_body,REG_DELHI,SCH_AMRUT,ACT_DDA,,encroached,28.4733333301382,77.1672222201731,Yes,Natural,Individual,https://mi6census.mowr.gov.in/mic/getWaterBodyImageByURL/MIC_133004000010000134001.jpeg,semi_structured_kml,0.95
ASSET_WB_272732,"Other Water Body — Jona Pur, South",water_body,REG_DELHI,SCH_AMRUT,ACT_DDA,,encroached,28.4647222198049,77.1536111102938,Yes,Natural,Other Govt.Agency,https://mi6census.mowr.gov.in/mic/getWaterBodyImageByURL/MIC_133004000010000134003.jpeg,semi_structured_kml,0.95
ASSET_WB_272733,"Lake/Pond — Katwaria Sarai, South",water_body,REG_DELHI,SCH_AMRUT,ACT_DDA,,completed,28.5388888902832,77.178888889614,No,Natural,Other Govt.Agency,https://mi6census.mowr.gov.in/mic/getWaterBodyImageByURL/MIC_133004000010000137002.jpeg,semi_structured_kml,0.95
ASSET_WB_272734,"Other Water Body — Katwaria Sarai, South",water_body,REG_DELHI,SCH_AMRUT,ACT_DDA,,encroached,28.5405555601741,77.1863888896344,Yes,Natural,Muncipal authority,https://mi6census.mowr.gov.in/mic/getWaterBodyImageByURL/MIC_133004000010000137001.jpeg,semi_structured_kml,0.95
ASSET_WB_272735,"Lake/Pond — Mehrauli, South",water_body,REG_DELHI,SCH_AMRUT,ACT_DDA,,completed,28.5188888901543,77.1808333301293,No,Natural,Other Govt.Agency,https://mi6census.mowr.gov.in/mic/getWaterBodyImageByURL/MIC_133004000010000139004.jpeg,semi_structured_kml,0.95
ASSET_WB_272736,"Other Water Body — Mehrauli, South",water_body,REG_DELHI,SCH_AMRUT,ACT_DDA,,completed,28.5172222203888,77.180833329558,No,Natural,Other Govt.Agency,https://mi6census.mowr.gov.in/mic/getWaterBodyImageByURL/MIC_133004000010000139014.jpeg,semi_structured_kml,0.95
ASSET_WB_272737,"Tank — Mehrauli, South",water_body,REG_DELHI,SCH_AMRUT,ACT_DDA,,completed,28.5205555601106,77.1816666697987,No,Natural,Other Govt.Agency,https://mi6census.mowr.gov.in/mic/getWaterBodyImageByURL/MIC_133004000010000139002.jpeg,semi_structured_kml,0.95
ASSET_WB_272738,"Lake/Pond — Mehrauli, South",water_body,REG_DELHI,SCH_AMRUT,ACT_DDA,,completed,28.5311111102437,77.1738888904422,No,Natural,Other Govt.Agency,https://mi6census.mowr.gov.in/mic/getWaterBodyImageByURL/MIC_133004000010000139006.jpeg,semi_structured_kml,0.95
ASSET_WB_272739,"Other Water Body — Mehrauli, South",water_body,REG_DELHI,SCH_AMRUT,ACT_DDA,,completed,28.5177777798614,77.1811111101629,No,Natural,Other Govt.Agency,https://mi6census.mowr.gov.in/mic/getWaterBodyImageByURL/MIC_133004000010000139003.jpeg,semi_structured_kml,0.95
ASSET_WB_272740,"Lake/Pond — Mehrauli, South",water_body,REG_DELHI,SCH_AMRUT,ACT_DDA,,completed,28.5100000003171,77.141944439952,No,Natural,Other Govt.Agency,https://mi6census.mowr.gov.in/mic/getWaterBodyImageByURL/MIC_133004000010000139015.jpeg,semi_structured_kml,0.95
ASSET_WB_272741,"Lake/Pond — Mehrauli, South",water_body,REG_DELHI,SCH_AMRUT,ACT_DDA,,completed,28.531944440227,77.1750000001925,No,Natural,Other Govt.Agency,https://mi6census.mowr.gov.in/mic/getWaterBodyImageByURL/MIC_133004000010000139005.jpeg,semi_structured_kml,0.95
ASSET_WB_272742,"Other Water Body — Mehrauli, South",water_body,REG_DELHI,SCH_AMRUT,ACT_DDA,,completed,28.5211111103027,77.1672222202634,No,Natural,Other Govt.Agency,https://mi6census.mowr.gov.in/mic/getWaterBodyImageByURL/MIC_133004000010000139016.jpeg,semi_structured_kml,0.95
ASSET_WB_272743,"Lake/Pond — Mehrauli, South",water_body,REG_DELHI,SCH_AMRUT,ACT_DDA,,completed,28.5286111102535,77.1700000002297,No,Natural,Other Govt.Agency,https://mi6census.mowr.gov.in/mic/getWaterBodyImageByURL/MIC_133004000010000139017.jpeg,semi_structured_kml,0.95
ASSET_WB_272744,"Lake/Pond — Mehrauli, South",water_body,REG_DELHI,SCH_AMRUT,ACT_DDA,,completed,28.5308333299179,77.1708333300086,No,Natural,Other Govt.Agency,https://mi6census.mowr.gov.in/mic/getWaterBodyImageByURL/MIC_133004000010000139012.jpeg,semi_structured_kml,0.95
ASSET_WB_272745,"Lake/Pond — Mehrauli, South",water_body,REG_DELHI,SCH_AMRUT,ACT_DDA,,completed,28.5200000003847,77.1616666696299,No,Natural,Other Govt.Agency,https://mi6census.mowr.gov.in/mic/getWaterBodyImageByURL/MIC_133004000010000139018.jpeg,semi_structured_kml,0.95
ASSET_WB_272746,"Lake/Pond — Mehrauli, South",water_body,REG_DELHI,SCH_AMRUT,ACT_DDA,,completed,28.5197222199832,77.161666670485,No,Natural,Other Govt.Agency,https://mi6census.mowr.gov.in/mic/getWaterBodyImageByURL/MIC_133004000010000139019.jpeg,semi_structured_kml,0.95
ASSET_WB_272747,"Lake/Pond — Mehrauli, South",water_body,REG_DELHI,SCH_AMRUT,ACT_DDA,,completed,28.5308333299179,77.1708333300086,No,Natural,Other Govt.Agency,https://mi6census.mowr.gov.in/mic/getWaterBodyImageByURL/MIC_133004000010000139011.jpeg,semi_structured_kml,0.95
ASSET_WB_272748,"Lake/Pond — Mehrauli, South",water_body,REG_DELHI,SCH_AMRUT,ACT_DDA,,completed,28.5186111095866,77.1691666697717,No,Natural,Other Govt.Agency,https://mi6census.mowr.gov.in/mic/getWaterBodyImageByURL/MIC_133004000010000139020.jpeg,semi_structured_kml,0.95
ASSET_WB_272749,"Lake/Pond — Mehrauli, South",water_body,REG_DELHI,SCH_AMRUT,ACT_DDA,,completed,28.5174999996467,77.1725000000518,No,Natural,Other Govt.Agency,https://mi6census.mowr.gov.in/mic/getWaterBodyImageByURL/MIC_133004000010000139021.jpeg,semi_structured_kml,0.95
ASSET_WB_272750,"Lake/Pond — Mehrauli, South",water_body,REG_DELHI,SCH_AMRUT,ACT_DDA,,completed,28.5197222199832,77.161666670485,No,Natural,Other Govt.Agency,https://mi6census.mowr.gov.in/mic/getWaterBodyImageByURL/MIC_133004000010000139022.jpeg,semi_structured_kml,0.95
ASSET_WB_272751,"Lake/Pond — Mehrauli, South",water_body,REG_DELHI,SCH_AMRUT,ACT_DDA,,completed,28.534166670052,77.1469444401711,No,Natural,Other Govt.Agency,https://mi6census.mowr.gov.in/mic/getWaterBodyImageByURL/MIC_133004000010000139023.jpeg,semi_structured_kml,0.95
ASSET_WB_272752,"Other Water Body — Mehrauli, South",water_body,REG_DELHI,SCH_AMRUT,ACT_DDA,,completed,28.532777780345,77.1855555599961,No,Natural,Other Govt.Agency,https://mi6census.mowr.gov.in/mic/getWaterBodyImageByURL/MIC_133004000010000139024.jpeg,semi_structured_kml,0.95
ASSET_WB_272753,"Lake/Pond — Mehrauli, South",water_body,REG_DELHI,SCH_AMRUT,ACT_DDA,,completed,28.514444439927,77.1772222201378,No,Natural,Other Govt.Agency,https://mi6census.mowr.gov.in/mic/getWaterBodyImageByURL/MIC_133004000010000139001.jpeg,semi_structured_kml,0.95
ASSET_WB_272754,"Lake/Pond — Mehrauli, South",water_body,REG_DELHI,SCH_AMRUT,ACT_DDA,,completed,28.5308333299179,77.1708333300086,No,Natural,Other Govt.Agency,https://mi6census.mowr.gov.in/mic/getWaterBodyImageByURL/MIC_133004000010000139010.jpeg,semi_structured_kml,0.95
ASSET_WB_272755,"Lake/Pond — Mehrauli, South",water_body,REG_DELHI,SCH_AMRUT,ACT_DDA,,completed,28.5308333299179,77.1708333300086,No,Natural,Other Govt.Agency,https://mi6census.mowr.gov.in/mic/getWaterBodyImageByURL/MIC_133004000010000139009.jpeg,semi_structured_kml,0.95
ASSET_WB_272756,"Lake/Pond — Mehrauli, South",water_body,REG_DELHI,SCH_AMRUT,ACT_DDA,,completed,28.5124999996876,77.1450000003276,No,Natural,Other Govt.Agency,https://mi6census.mowr.gov.in/mic/getWaterBodyImageByURL/MIC_133004000010000139013.jpeg,semi_structured_kml,0.95
ASSET_WB_272757,"Lake/Pond — Mehrauli, South",water_body,REG_DELHI,SCH_AMRUT,ACT_DDA,,completed,28.5308333295995,77.1783333299735,No,Natural,Other Govt.Agency,https://mi6census.mowr.gov.in/mic/getWaterBodyImageByURL/MIC_133004000010000139008.jpeg,semi_structured_kml,0.95
ASSET_WB_272758,"Lake/Pond — Mehrauli, South",water_body,REG_DELHI,SCH_AMRUT,ACT_DDA,,completed,28.530833329953,77.1744444399048,No,Natural,Other Govt.Agency,https://mi6census.mowr.gov.in/mic/getWaterBodyImageByURL/MIC_133004000010000139007.jpeg,semi_structured_kml,0.95
ASSET_WB_272759,"Other Water Body — Sultanpur, South",water_body,REG_DELHI,SCH_AMRUT,ACT_DDA,,encroached,28.4944444403154,77.1613888898296,Yes,Natural,Individual,https://mi6census.mowr.gov.in/mic/getWaterBodyImageByURL/MIC_133004000010000135002.jpeg,semi_structured_kml,0.95
ASSET_WB_272760,"Other Water Body — Sultanpur, South",water_body,REG_DELHI,SCH_AMRUT,ACT_DDA,,encroached,28.494722219917,77.1638888904291,Yes,Natural,Individual,https://mi6census.mowr.gov.in/mic/getWaterBodyImageByURL/MIC_133004000010000135001.jpeg,semi_structured_kml,0.95
ASSET_WB_272761,"Other Water Body — Sultanpur, South",water_body,REG_DELHI,SCH_AMRUT,ACT_DDA,,encroached,28.4899999998613,77.1613888904023,Yes,Natural,Individual,https://mi6census.mowr.gov.in/mic/getWaterBodyImageByURL/MIC_133004000010000135003.jpeg,semi_structured_kml,0.95
ASSET_WB_272762,"Lake/Pond — Asola, South",water_body,REG_DELHI,SCH_AMRUT,ACT_DDA,,completed,28.4522222202156,77.2083333303923,No,Natural,Other Govt.Agency,https://mi6census.mowr.gov.in/mic/getWaterBodyImageByURL/MIC_133004000011000140002.jpeg,semi_structured_kml,0.95
ASSET_WB_272763,"Lake/Pond — Asola, South",water_body,REG_DELHI,SCH_AMRUT,ACT_DDA,,completed,28.4866666698984,77.186944440203,No,Natural,Other Govt.Agency,https://mi6census.mowr.gov.in/mic/getWaterBodyImageByURL/MIC_133004000011000140007.jpeg,semi_structured_kml,0.95
ASSET_WB_272764,"Lake/Pond — Asola, South",water_body,REG_DELHI,SCH_AMRUT,ACT_DDA,,completed,28.5144444396422,77.203888890199,No,Natural,Other Govt.Agency,https://mi6census.mowr.gov.in/mic/getWaterBodyImageByURL/MIC_133004000011000140008.jpeg,semi_structured_kml,0.95
ASSET_WB_272765,"Other Water Body — Asola, South",water_body,REG_DELHI,SCH_AMRUT,ACT_DDA,,completed,28.4480555602575,77.1888888903898,No,Natural,Other Govt.Agency,https://mi6census.mowr.gov.in/mic/getWaterBodyImageByURL/MIC_133004000011000140005.jpeg,semi_structured_kml,0.95
ASSET_WB_272766,"Other Water Body — Asola, South",water_body,REG_DELHI,SCH_AMRUT,ACT_DDA,,encroached,28.4569444398732,77.1866666701281,Yes,Natural,Other Govt.Agency,https://mi6census.mowr.gov.in/mic/getWaterBodyImageByURL/MIC_133004000011000140004.jpeg,semi_structured_kml,0.95
ASSET_WB_272767,"Other Water Body — Asola, South",water_body,REG_DELHI,SCH_AMRUT,ACT_DDA,,encroached,28.4511111097384,77.2083333298001,Yes,Natural,Other private body,https://mi6census.mowr.gov.in/mic/getWaterBodyImageByURL/MIC_133004000011000140006.jpeg,semi_structured_kml,0.95
ASSET_WB_272768,"Lake/Pond — Asola, South",water_body,REG_DELHI,SCH_AMRUT,ACT_DDA,,completed,28.4541666696924,77.2088888902745,No,Natural,Other Govt.Agency,https://mi6census.mowr.gov.in/mic/getWaterBodyImageByURL/MIC_133004000011000140001.jpeg,semi_structured_kml,0.95
ASSET_WB_272769,"Lake/Pond — Asola, South",water_body,REG_DELHI,SCH_AMRUT,ACT_DDA,,completed,28.4586111100947,77.1819444403876,No,Natural,Other Govt.Agency,https://mi6census.mowr.gov.in/mic/getWaterBodyImageByURL/MIC_133004000011000140003.jpeg,semi_structured_kml,0.95
ASSET_WB_272770,"Lake/Pond — Bhati, South",water_body,REG_DELHI,SCH_AMRUT,ACT_DDA,,completed,28.4252777799545,77.1916666695508,No,Natural,Other Govt.Agency,https://mi6census.mowr.gov.in/mic/getWaterBodyImageByURL/MIC_133004000011000141002.jpeg,semi_structured_kml,0.95
ASSET_WB_272771,"Lake/Pond — Bhati, South",water_body,REG_DELHI,SCH_AMRUT,ACT_DDA,,completed,28.4300000002991,77.1938888901038,No,Natural,Other Govt.Agency,https://mi6census.mowr.gov.in/mic/getWaterBodyImageByURL/MIC_133004000011000141001.jpeg,semi_structured_kml,0.95
ASSET_WB_272772,"Lake/Pond — Bhati, South",water_body,REG_DELHI,SCH_AMRUT,ACT_DDA,,completed,28.4277777801862,77.1977777802698,No,Natural,Other Govt.Agency,https://mi6census.mowr.gov.in/mic/getWaterBodyImageByURL/MIC_133004000011000141003.jpeg,semi_structured_kml,0.95
ASSET_WB_272773,"Other Water Body — Chattarpur, South",water_body,REG_DELHI,SCH_AMRUT,ACT_DDA,,completed,28.5061111101469,77.1805555603737,No,Natural,Other Govt.Agency,https://mi6census.mowr.gov.in/mic/getWaterBodyImageByURL/MIC_133004000011000142001.jpeg,semi_structured_kml,0.95
ASSET_WB_272774,"Other Water Body — Devli, South",water_body,REG_DELHI,SCH_AMRUT,ACT_DDA,,completed,28.4941666697839,77.2299999996867,No,Natural,Other Govt.Agency,https://mi6census.mowr.gov.in/mic/getWaterBodyImageByURL/MIC_133004000011000143002.jpeg,semi_structured_kml,0.95
ASSET_WB_272775,"Other Water Body — Devli, South",water_body,REG_DELHI,SCH_AMRUT,ACT_DDA,,encroached,28.4936111103193,77.2472222197239,Yes,Natural,Panchayat,https://mi6census.mowr.gov.in/mic/getWaterBodyImageByURL/MIC_133004000011000143004.jpeg,semi_structured_kml,0.95
ASSET_WB_272776,"Other Water Body — Devli, South",water_body,REG_DELHI,SCH_AMRUT,ACT_DDA,,encroached,28.5091666704078,77.2122222204739,Yes,Natural,Panchayat,https://mi6census.mowr.gov.in/mic/getWaterBodyImageByURL/MIC_133004000011000143006.jpeg,semi_structured_kml,0.95
ASSET_WB_272777,"Other Water Body — Devli, South",water_body,REG_DELHI,SCH_AMRUT,ACT_DDA,,encroached,28.5008333296499,77.2283333304346,Yes,Natural,Panchayat,https://mi6census.mowr.gov.in/mic/getWaterBodyImageByURL/MIC_133004000011000143005.jpeg,semi_structured_kml,0.95
ASSET_WB_272778,"Other Water Body — Devli, South",water_body,REG_DELHI,SCH_AMRUT,ACT_DDA,,encroached,28.501111110266,77.2302777796987,Yes,Natural,Muncipal authority,https://mi6census.mowr.gov.in/mic/getWaterBodyImageByURL/MIC_133004000011000143003.jpeg,semi_structured_kml,0.95
ASSET_WB_272779,"Other Water Body — Devli, South",water_body,REG_DELHI,SCH_AMRUT,ACT_DDA,,completed,28.4897222204426,77.2208333299637,No,Natural,Other Govt.Agency,https://mi6census.mowr.gov.in/mic/getWaterBodyImageByURL/MIC_133004000011000143001.jpeg,semi_structured_kml,0.95
ASSET_WB_272780,"Other Water Body — Ladha Sarai, South",water_body,REG_DELHI,SCH_AMRUT,ACT_DDA,,completed,28.5205555597844,77.182777780275,No,Natural,Other Govt.Agency,https://mi6census.mowr.gov.in/mic/getWaterBodyImageByURL/MIC_133004000011000151001.jpeg,semi_structured_kml,0.95
ASSET_WB_272781,"Other Water Body — Lado Sarai, South",water_body,REG_DELHI,SCH_AMRUT,ACT_DDA,,encroached,28.5302777802197,77.196944439601,Yes,Natural,Other Govt.Agency,https://mi6census.mowr.gov.in/mic/getWaterBodyImageByURL/MIC_133004000011000149002.jpeg,semi_structured_kml,0.95
ASSET_WB_272782,"Lake/Pond — Lado Sarai, South",water_body,REG_DELHI,SCH_AMRUT,ACT_DDA,,completed,28.5225000002132,77.1927777796828,No,Natural,Other Govt.Agency,https://mi6census.mowr.gov.in/mic/getWaterBodyImageByURL/MIC_133004000011000149001.jpeg,semi_structured_kml,0.95
ASSET_WB_272783,"Other Water Body — Lado Sarai, South",water_body,REG_DELHI,SCH_AMRUT,ACT_DDA,,encroached,28.523888890168,77.1936111099259,Yes,Natural,Other Govt.Agency,https://mi6census.mowr.gov.in/mic/getWaterBodyImageByURL/MIC_133004000011000149003.jpeg,semi_structured_kml,0.95
ASSET_WB_272784,"Other Water Body — Maidan Garhi, South",water_body,REG_DELHI,SCH_AMRUT,ACT_DDA,,completed,28.4974999996129,77.1966666703388,No,Natural,Muncipal authority,https://mi6census.mowr.gov.in/mic/getWaterBodyImageByURL/MIC_133004000011000144001.jpeg,semi_structured_kml,0.95
ASSET_WB_272785,"Other Water Body — Maidan Garhi, South",water_body,REG_DELHI,SCH_AMRUT,ACT_DDA,,encroached,28.4838888903847,77.197500000065,Yes,Natural,Other Govt.Agency,https://mi6census.mowr.gov.in/mic/getWaterBodyImageByURL/MIC_133004000011000144003.jpeg,semi_structured_kml,0.95
ASSET_WB_272786,"Lake/Pond — Maidan Garhi, South",water_body,REG_DELHI,SCH_AMRUT,ACT_DDA,,completed,28.5019444395556,77.1938888900259,No,Natural,Other Govt.Agency,https://mi6census.mowr.gov.in/mic/getWaterBodyImageByURL/MIC_133004000011000144002.jpeg,semi_structured_kml,0.95
ASSET_WB_272787,"Other Water Body — Maidan Garhi, South",water_body,REG_DELHI,SCH_AMRUT,ACT_DDA,,completed,28.4786111102767,77.2077777797598,No,Natural,Other Govt.Agency,https://mi6census.mowr.gov.in/mic/getWaterBodyImageByURL/MIC_133004000011000144004.jpeg,semi_structured_kml,0.95
ASSET_WB_272788,"Lake/Pond — Neb Sarai, South",water_body,REG_DELHI,SCH_AMRUT,ACT_DDA,,encroached,28.5027777799842,77.2013888904616,Yes,Natural,Other Govt.Agency,https://mi6census.mowr.gov.in/mic/getWaterBodyImageByURL/MIC_133004000011000145001.jpeg,semi_structured_kml,0.95
ASSET_WB_272789,"Other Water Body — Neb Sarai, South",water_body,REG_DELHI,SCH_AMRUT,ACT_DDA,,completed,28.4997222196715,77.2052777800403,No,Natural,Other Govt.Agency,https://mi6census.mowr.gov.in/mic/getWaterBodyImageByURL/MIC_133004000011000145003.jpeg,semi_structured_kml,0.95
ASSET_WB_272790,"Other Water Body — Neb Sarai, South",water_body,REG_DELHI,SCH_AMRUT,ACT_DDA,,encroached,28.5094444401337,77.2033333295012,Yes,Natural,Individual,https://mi6census.mowr.gov.in/mic/getWaterBodyImageByURL/MIC_133004000011000145004.jpeg,semi_structured_kml,0.95
ASSET_WB_272791,"Other Water Body — Neb Sarai, South",water_body,REG_DELHI,SCH_AMRUT,ACT_DDA,,completed,28.5105555602735,77.2005555601601,No,Natural,Other Govt.Agency,https://mi6census.mowr.gov.in/mic/getWaterBodyImageByURL/MIC_133004000011000145002.jpeg,semi_structured_kml,0.95
ASSET_WB_272792,"Other Water Body — Rajpur Khurd, South",water_body,REG_DELHI,SCH_AMRUT,ACT_DDA,,encroached,28.4933333296171,77.1911111104615,Yes,Natural,Panchayat,https://mi6census.mowr.gov.in/mic/getWaterBodyImageByURL/MIC_133004000011000148001.jpeg,semi_structured_kml,0.95
ASSET_WB_272793,"Other Water Body — Sadulajab, South",water_body,REG_DELHI,SCH_AMRUT,ACT_DDA,,encroached,28.5172222198668,77.2024999997318,Yes,Natural,Muncipal authority,https://mi6census.mowr.gov.in/mic/getWaterBodyImageByURL/MIC_133004000011000150001.jpeg,semi_structured_kml,0.95
ASSET_WB_272794,"Other Water Body — Sahur Pur, South",water_body,REG_DELHI,SCH_AMRUT,ACT_DDA,,encroached,28.4744444402458,77.1899999995432,Yes,Natural,Other Govt.Agency,https://mi6census.mowr.gov.in/mic/getWaterBodyImageByURL/MIC_133004000011000146002.jpeg,semi_structured_kml,0.95
ASSET_WB_272795,"Other Water Body — Sahur Pur, South",water_body,REG_DELHI,SCH_AMRUT,ACT_DDA,,completed,28.4594444397348,77.2055555595326,No,Natural,Other Govt.Agency,https://mi6census.mowr.gov.in/mic/getWaterBodyImageByURL/MIC_133004000011000146001.jpeg,semi_structured_kml,0.95
ASSET_WB_272796,"Other Water Body — Sat Bari, South",water_body,REG_DELHI,SCH_AMRUT,ACT_DDA,,completed,28.4736111101009,77.2061111097435,No,Natural,Panchayat,https://mi6census.mowr.gov.in/mic/getWaterBodyImageByURL/MIC_133004000011000147001.jpeg,semi_structured_kml,0.95
ASSET_WB_272797,"Lake/Pond — Sat Bari, South",water_body,REG_DELHI,SCH_AMRUT,ACT_DDA,,completed,28.4872222202902,77.1905555601252,No,Natural,Other Govt.Agency,https://mi6census.mowr.gov.in/mic/getWaterBodyImageByURL/MIC_133004000011000147002.jpeg,semi_structured_kml,0.95
ASSET_WB_272798,"Other Water Body — Tigri, South",water_body,REG_DELHI,SCH_AMRUT,ACT_DDA,,encroached,28.511944439561,77.2397222199383,Yes,Natural,Other Govt.Agency,https://mi6census.mowr.gov.in/mic/getWaterBodyImageByURL/MIC_133004000011000152001.jpeg,semi_structured_kml,0.95
ASSET_WB_272799,"Other Water Body — Basai Darapur, West",water_body,REG_DELHI,SCH_AMRUT,ACT_DDA,,completed,28.658888889661,77.1366666696409,No,Natural,Other Govt.Agency,https://mi6census.mowr.gov.in/mic/getWaterBodyImageByURL/MIC_133007000019000277001.jpeg,semi_structured_kml,0.95
ASSET_WB_272800,"Other Water Body — Budhela, West",water_body,REG_DELHI,SCH_AMRUT,ACT_DDA,,completed,28.6394444403159,77.0683333299213,No,Natural,Other Govt.Agency,https://mi6census.mowr.gov.in/mic/getWaterBodyImageByURL/MIC_133007000019000273002.jpeg,semi_structured_kml,0.95
ASSET_WB_272801,"Other Water Body — Budhela, West",water_body,REG_DELHI,SCH_AMRUT,ACT_DDA,,completed,28.63444443989,77.0719444394929,No,Natural,Other Govt.Agency,https://mi6census.mowr.gov.in/mic/getWaterBodyImageByURL/MIC_133007000019000273001.jpeg,semi_structured_kml,0.95
ASSET_WB_272802,"Other Water Body — Budhela, West",water_body,REG_DELHI,SCH_AMRUT,ACT_DDA,,encroached,28.6377777804355,77.0680555600543,Yes,Natural,Other Govt.Agency,https://mi6census.mowr.gov.in/mic/getWaterBodyImageByURL/MIC_133007000019000273004.jpeg,semi_structured_kml,0.95
ASSET_WB_272803,"Other Water Body — Budhela, West",water_body,REG_DELHI,SCH_AMRUT,ACT_DDA,,completed,28.6388888900476,77.0680555597482,No,Natural,Other Govt.Agency,https://mi6census.mowr.gov.in/mic/getWaterBodyImageByURL/MIC_133007000019000273003.jpeg,semi_structured_kml,0.95
ASSET_WB_272804,"Lake/Pond — Hastsal, West",water_body,REG_DELHI,SCH_AMRUT,ACT_DDA,,completed,28.6302777798901,77.0549999997881,No,Natural,Panchayat,https://mi6census.mowr.gov.in/mic/getWaterBodyImageByURL/MIC_133007000019000266002.jpeg,semi_structured_kml,0.95
ASSET_WB_272805,"Lake/Pond — Hastsal, West",water_body,REG_DELHI,SCH_AMRUT,ACT_DDA,,completed,28.6300000004423,77.0561111097516,No,Natural,Panchayat,https://mi6census.mowr.gov.in/mic/getWaterBodyImageByURL/MIC_133007000019000266001.jpeg,semi_structured_kml,0.95
ASSET_WB_272806,"Other Water Body — Keso Pur, West",water_body,REG_DELHI,SCH_AMRUT,ACT_DDA,,completed,28.6458333304552,77.0794444399711,No,Natural,Muncipal authority,https://mi6census.mowr.gov.in/mic/getWaterBodyImageByURL/MIC_133007000019000274001.jpeg,semi_structured_kml,0.95
ASSET_WB_272807,"Other Water Body — Keso Pur, West",water_body,REG_DELHI,SCH_AMRUT,ACT_DDA,,encroached,28.6463888900435,77.0816666695008,Yes,Natural,Other Govt.Agency,https://mi6census.mowr.gov.in/mic/getWaterBodyImageByURL/MIC_133007000019000274002.jpeg,semi_structured_kml,0.95
ASSET_WB_272808,"Other Water Body — Keso Pur, West",water_body,REG_DELHI,SCH_AMRUT,ACT_DDA,,completed,28.6522222199933,77.0902777797429,No,Natural,Other Govt.Agency,https://mi6census.mowr.gov.in/mic/getWaterBodyImageByURL/MIC_133007000019000274003.jpeg,semi_structured_kml,0.95
ASSET_WB_272809,"Other Water Body — Khayala, West",water_body,REG_DELHI,SCH_AMRUT,ACT_DDA,,encroached,28.6505555602518,77.1022222201972,Yes,Natural,Other Govt.Agency,https://mi6census.mowr.gov.in/mic/getWaterBodyImageByURL/MIC_133007000019000276002.jpeg,semi_structured_kml,0.95
ASSET_WB_272810,"Other Water Body — Khayala, West",water_body,REG_DELHI,SCH_AMRUT,ACT_DDA,,completed,28.6577777798906,77.1005555597011,No,Natural,Other Govt.Agency,https://mi6census.mowr.gov.in/mic/getWaterBodyImageByURL/MIC_133007000019000276001.jpeg,semi_structured_kml,0.95
ASSET_WB_272811,"Other Water Body — Khayala, West",water_body,REG_DELHI,SCH_AMRUT,ACT_DDA,,completed,28.6563888904056,77.1027777797637,No,Natural,Other Govt.Agency,https://mi6census.mowr.gov.in/mic/getWaterBodyImageByURL/MIC_133007000019000276003.jpeg,semi_structured_kml,0.95
ASSET_WB_272812,"Lake/Pond — Matiala, West",water_body,REG_DELHI,SCH_AMRUT,ACT_DDA,,completed,28.6697222197095,77.1216666696074,No,Natural,Other Govt.Agency,https://mi6census.mowr.gov.in/mic/getWaterBodyImageByURL/MIC_133007000019000269001.jpeg,semi_structured_kml,0.95
ASSET_WB_272813,"Other Water Body — Matiala, West",water_body,REG_DELHI,SCH_AMRUT,ACT_DDA,,encroached,28.611666670136,77.0463888904386,Yes,Natural,Muncipal authority,https://mi6census.mowr.gov.in/mic/getWaterBodyImageByURL/MIC_133007000019000269004.jpeg,semi_structured_kml,0.95
ASSET_WB_272814,"Other Water Body — Matiala, West",water_body,REG_DELHI,SCH_AMRUT,ACT_DDA,,encroached,28.6152777804427,77.0408333298414,Yes,Natural,Muncipal authority,https://mi6census.mowr.gov.in/mic/getWaterBodyImageByURL/MIC_133007000019000269002.jpeg,semi_structured_kml,0.95
ASSET_WB_272815,"Other Water Body — Matiala, West",water_body,REG_DELHI,SCH_AMRUT,ACT_DDA,,completed,28.6141666697296,77.0436111096075,No,Natural,Muncipal authority,https://mi6census.mowr.gov.in/mic/getWaterBodyImageByURL/MIC_133007000019000269003.jpeg,semi_structured_kml,0.95
ASSET_WB_272816,"Other Water Body — Matiala, West",water_body,REG_DELHI,SCH_AMRUT,ACT_DDA,,completed,28.6175000001916,77.0477777799609,No,Natural,Muncipal authority,https://mi6census.mowr.gov.in/mic/getWaterBodyImageByURL/MIC_133007000019000269005.jpeg,semi_structured_kml,0.95
ASSET_WB_272817,"Other Water Body — Posangi Pur, West",water_body,REG_DELHI,SCH_AMRUT,ACT_DDA,,completed,28.6247222201389,77.0736111101172,No,Natural,Other Govt.Agency,https://mi6census.mowr.gov.in/mic/getWaterBodyImageByURL/MIC_133007000019000271001.jpeg,semi_structured_kml,0.95
ASSET_WB_272818,"Lake/Pond — Bakar Wala, West",water_body,REG_DELHI,SCH_AMRUT,ACT_DDA,,completed,28.665833329683,77.00944443953,No,Natural,Other Govt.Agency,https://mi6census.mowr.gov.in/mic/getWaterBodyImageByURL/MIC_133007000020000280002.jpeg,semi_structured_kml,0.95
ASSET_WB_272819,"Lake/Pond — Bakar Wala, West",water_body,REG_DELHI,SCH_AMRUT,ACT_DDA,,encroached,28.6674999997378,77.0177777795693,Yes,Natural,Other Govt.Agency,https://mi6census.mowr.gov.in/mic/getWaterBodyImageByURL/MIC_133007000020000280001.jpeg,semi_structured_kml,0.95
ASSET_WB_272820,"River/Stream — Bakar Wala, West",water_body,REG_DELHI,SCH_AMRUT,ACT_DDA,,completed,28.6600000002285,77.0055555603237,No,Natural,Other Govt.Agency,https://mi6census.mowr.gov.in/mic/getWaterBodyImageByURL/MIC_133007000020000280005.jpeg,semi_structured_kml,0.95
ASSET_WB_272821,"Lake/Pond — Bakar Wala, West",water_body,REG_DELHI,SCH_AMRUT,ACT_DDA,,completed,28.6672222201933,77.0172222204184,No,Natural,Other Govt.Agency,https://mi6census.mowr.gov.in/mic/getWaterBodyImageByURL/MIC_133007000020000280003.jpeg,semi_structured_kml,0.95
ASSET_WB_272822,"Lake/Pond — Bakar Wala, West",water_body,REG_DELHI,SCH_AMRUT,ACT_DDA,,encroached,28.6677777799747,77.0136111103464,Yes,Natural,Other Govt.Agency,https://mi6census.mowr.gov.in/mic/getWaterBodyImageByURL/MIC_133007000020000280004.jpeg,semi_structured_kml,0.95
ASSET_WB_272823,"Lake/Pond — Bakar Wala, West",water_body,REG_DELHI,SCH_AMRUT,ACT_DDA,,completed,28.6622222201189,77.0174999997581,No,Natural,Other Govt.Agency,https://mi6census.mowr.gov.in/mic/getWaterBodyImageByURL/MIC_133007000020000280006.jpeg,semi_structured_kml,0.95
ASSET_WB_272824,"Lake/Pond — Baprola, West",water_body,REG_DELHI,SCH_AMRUT,ACT_DDA,,encroached,28.6499999995929,77.0099999996897,Yes,Natural,Other Govt.Agency,https://mi6census.mowr.gov.in/mic/getWaterBodyImageByURL/MIC_133007000020000281005.jpeg,semi_structured_kml,0.95
ASSET_WB_272825,"Lake/Pond — Baprola, West",water_body,REG_DELHI,SCH_AMRUT,ACT_DDA,,encroached,28.6427777796654,77.0152777801478,Yes,Natural,Other Govt.Agency,https://mi6census.mowr.gov.in/mic/getWaterBodyImageByURL/MIC_133007000020000281001.jpeg,semi_structured_kml,0.95
ASSET_WB_272826,"Lake/Pond — Baprola, West",water_body,REG_DELHI,SCH_AMRUT,ACT_DDA,,encroached,28.6391666703732,77.0169444398102,Yes,Natural,Other Govt.Agency,https://mi6census.mowr.gov.in/mic/getWaterBodyImageByURL/MIC_133007000020000281002.jpeg,semi_structured_kml,0.95
ASSET_WB_272827,"Lake/Pond — Baprola, West",water_body,REG_DELHI,SCH_AMRUT,ACT_DDA,,completed,28.6405555598735,77.0105555595395,No,Natural,Other Govt.Agency,https://mi6census.mowr.gov.in/mic/getWaterBodyImageByURL/MIC_133007000020000281004.jpeg,semi_structured_kml,0.95
ASSET_WB_272828,"Tank — Baprola, West",water_body,REG_DELHI,SCH_AMRUT,ACT_DDA,,completed,28.6308333301982,77.0083333296019,No,Man-made,Other Govt.Agency,https://mi6census.mowr.gov.in/mic/getWaterBodyImageByURL/MIC_133007000020000281003.jpeg,semi_structured_kml,0.95
ASSET_WB_272829,"Lake/Pond — Hiran Kudna, West",water_body,REG_DELHI,SCH_AMRUT,ACT_DDA,,completed,28.6683333301646,77.0072222195643,No,Natural,Other Govt.Agency,https://mi6census.mowr.gov.in/mic/getWaterBodyImageByURL/MIC_133007000020000282007.jpeg,semi_structured_kml,0.95
ASSET_WB_272830,"Lake/Pond — Hiran Kudna, West",water_body,REG_DELHI,SCH_AMRUT,ACT_DDA,,completed,28.6725000001979,76.9963888899235,No,Natural,Other Govt.Agency,https://mi6census.mowr.gov.in/mic/getWaterBodyImageByURL/MIC_133007000020000282001.jpeg,semi_structured_kml,0.95
ASSET_WB_272831,"Lake/Pond — Hiran Kudna, West",water_body,REG_DELHI,SCH_AMRUT,ACT_DDA,,completed,28.6708333299761,77.0049999997025,No,Natural,Other Govt.Agency,https://mi6census.mowr.gov.in/mic/getWaterBodyImageByURL/MIC_133007000020000282004.jpeg,semi_structured_kml,0.95
ASSET_WB_272832,"Lake/Pond — Hiran Kudna, West",water_body,REG_DELHI,SCH_AMRUT,ACT_DDA,,completed,28.6741666697037,76.9997222203766,No,Natural,Other Govt.Agency,https://mi6census.mowr.gov.in/mic/getWaterBodyImageByURL/MIC_133007000020000282002.jpeg,semi_structured_kml,0.95
ASSET_WB_272833,"Lake/Pond — Hiran Kudna, West",water_body,REG_DELHI,SCH_AMRUT,ACT_DDA,,completed,28.6708333296323,76.991388890524,No,Natural,Other Govt.Agency,https://mi6census.mowr.gov.in/mic/getWaterBodyImageByURL/MIC_133007000020000282005.jpeg,semi_structured_kml,0.95
ASSET_WB_272834,"Lake/Pond — Hiran Kudna, West",water_body,REG_DELHI,SCH_AMRUT,ACT_DDA,,completed,28.6705555597472,77.0005555596444,No,Natural,Other Govt.Agency,https://mi6census.mowr.gov.in/mic/getWaterBodyImageByURL/MIC_133007000020000282003.jpeg,semi_structured_kml,0.95
ASSET_WB_272835,"Lake/Pond — Hiran Kudna, West",water_body,REG_DELHI,SCH_AMRUT,ACT_DDA,,completed,28.6813888896703,76.99805556009,No,Natural,Other Govt.Agency,https://mi6census.mowr.gov.in/mic/getWaterBodyImageByURL/MIC_133007000020000282006.jpeg,semi_structured_kml,0.95
ASSET_WB_272836,"Lake/Pond — Kamruddin Nagar, West",water_body,REG_DELHI,SCH_AMRUT,ACT_DDA,,completed,28.6783333303732,77.0533333297345,No,Natural,Other Govt.Agency,https://mi6census.mowr.gov.in/mic/getWaterBodyImageByURL/MIC_133007000020000291001.jpeg,semi_structured_kml,0.95
ASSET_WB_272837,"Lake/Pond — Madi Pur, West",water_body,REG_DELHI,SCH_AMRUT,ACT_DDA,,completed,28.6686111104467,77.1222222202634,No,Natural,Other Govt.Agency,https://mi6census.mowr.gov.in/mic/getWaterBodyImageByURL/MIC_133007000020000294002.jpeg,semi_structured_kml,0.95
ASSET_WB_272838,"Reservoir — Madi Pur, West",water_body,REG_DELHI,SCH_AMRUT,ACT_DDA,,completed,28.6694444403338,77.1174999998161,No,Natural,Other Govt.Agency,https://mi6census.mowr.gov.in/mic/getWaterBodyImageByURL/MIC_133007000020000294003.jpeg,semi_structured_kml,0.95
ASSET_WB_272839,"Reservoir — Madi Pur, West",water_body,REG_DELHI,SCH_AMRUT,ACT_DDA,,completed,28.669166670198,77.1199999996052,No,Natural,Other Govt.Agency,https://mi6census.mowr.gov.in/mic/getWaterBodyImageByURL/MIC_133007000020000294004.jpeg,semi_structured_kml,0.95
ASSET_WB_272840,"Lake/Pond — Madi Pur, West",water_body,REG_DELHI,SCH_AMRUT,ACT_DDA,,completed,28.6697222197095,77.1216666696074,No,Natural,Other Govt.Agency,https://mi6census.mowr.gov.in/mic/getWaterBodyImageByURL/MIC_133007000020000294001.jpeg,semi_structured_kml,0.95
ASSET_WB_272841,"Lake/Pond — Mundka, West",water_body,REG_DELHI,SCH_AMRUT,ACT_DDA,,completed,28.6905555597674,77.0194444395608,No,Natural,Other Govt.Agency,https://mi6census.mowr.gov.in/mic/getWaterBodyImageByURL/MIC_133007000020000283004.jpeg,semi_structured_kml,0.95
ASSET_WB_272842,"Other Water Body — Mundka, West",water_body,REG_DELHI,SCH_AMRUT,ACT_DDA,,completed,28.6805555601398,77.0263888901213,No,Natural,Other Govt.Agency,https://mi6census.mowr.gov.in/mic/getWaterBodyImageByURL/MIC_133007000020000283006.jpeg,semi_structured_kml,0.95
ASSET_WB_272843,"Lake/Pond — Mundka, West",water_body,REG_DELHI,SCH_AMRUT,ACT_DDA,,completed,28.6805555604352,77.0091666701411,No,Natural,Other Govt.Agency,https://mi6census.mowr.gov.in/mic/getWaterBodyImageByURL/MIC_133007000020000283007.jpeg,semi_structured_kml,0.95
ASSET_WB_272844,"Lake/Pond — Mundka, West",water_body,REG_DELHI,SCH_AMRUT,ACT_DDA,,completed,28.6938888898098,77.0277777800057,No,Natural,Other Govt.Agency,https://mi6census.mowr.gov.in/mic/getWaterBodyImageByURL/MIC_133007000020000283005.jpeg,semi_structured_kml,0.95
ASSET_WB_272845,"Lake/Pond — Mundka, West",water_body,REG_DELHI,SCH_AMRUT,ACT_DDA,,completed,28.6833333301283,77.029166670235,No,Natural,Other Govt.Agency,https://mi6census.mowr.gov.in/mic/getWaterBodyImageByURL/MIC_133007000020000283003.jpeg,semi_structured_kml,0.95
ASSET_WB_272846,"Lake/Pond — Mundka, West",water_body,REG_DELHI,SCH_AMRUT,ACT_DDA,,completed,28.6777777799069,77.0258333302927,No,Natural,Other Govt.Agency,https://mi6census.mowr.gov.in/mic/getWaterBodyImageByURL/MIC_133007000020000283002.jpeg,semi_structured_kml,0.95
ASSET_WB_272847,"Other Water Body — Mundka, West",water_body,REG_DELHI,SCH_AMRUT,ACT_DDA,,completed,28.6772222198981,77.0330555597881,No,Natural,Other Govt.Agency,https://mi6census.mowr.gov.in/mic/getWaterBodyImageByURL/MIC_133007000020000283001.jpeg,semi_structured_kml,0.95
ASSET_WB_272848,"Lake/Pond — Nangloi Jat, West",water_body,REG_DELHI,SCH_AMRUT,ACT_DDA,,completed,28.6780555601287,77.0625000000233,No,Natural,Other Govt.Agency,https://mi6census.mowr.gov.in/mic/getWaterBodyImageByURL/MIC_133007000020000290003.jpeg,semi_structured_kml,0.95
ASSET_WB_272849,"Lake/Pond — Nangloi Jat, West",water_body,REG_DELHI,SCH_AMRUT,ACT_DDA,,encroached,28.6813888904215,77.0630555597776,Yes,Natural,Other Govt.Agency,https://mi6census.mowr.gov.in/mic/getWaterBodyImageByURL/MIC_133007000020000290001.jpeg,semi_structured_kml,0.95
ASSET_WB_272850,"Lake/Pond — Nangloi Jat, West",water_body,REG_DELHI,SCH_AMRUT,ACT_DDA,,completed,28.6758333297273,77.065833330059,No,Natural,Other Govt.Agency,https://mi6census.mowr.gov.in/mic/getWaterBodyImageByURL/MIC_133007000020000290002.jpeg,semi_structured_kml,0.95
ASSET_WB_272851,"Lake/Pond — Nangloi Sayed, West",water_body,REG_DELHI,SCH_AMRUT,ACT_DDA,,encroached,28.6600000001533,77.0858333297287,Yes,Natural,Other Govt.Agency,https://mi6census.mowr.gov.in/mic/getWaterBodyImageByURL/MIC_133007000020000289001.jpeg,semi_structured_kml,0.95
ASSET_WB_272852,"Lake/Pond — Neelwal, West",water_body,REG_DELHI,SCH_AMRUT,ACT_DDA,,completed,28.6675000002967,76.9763888898108,No,Natural,Other Govt.Agency,https://mi6census.mowr.gov.in/mic/getWaterBodyImageByURL/MIC_133007000020000284001.jpeg,semi_structured_kml,0.95
ASSET_WB_272853,"Lake/Pond — Neelwal, West",water_body,REG_DELHI,SCH_AMRUT,ACT_DDA,,completed,28.6683333298677,76.9794444400442,No,Natural,Other Govt.Agency,https://mi6census.mowr.gov.in/mic/getWaterBodyImageByURL/MIC_133007000020000284002.jpeg,semi_structured_kml,0.95
ASSET_WB_272854,"Other Water Body — Neelwal, West",water_body,REG_DELHI,SCH_AMRUT,ACT_DDA,,completed,28.6711111098241,76.9899999998076,No,Natural,Other Govt.Agency,https://mi6census.mowr.gov.in/mic/getWaterBodyImageByURL/MIC_133007000020000284003.jpeg,semi_structured_kml,0.95
ASSET_WB_272855,"Lake/Pond — Nilothi, West",water_body,REG_DELHI,SCH_AMRUT,ACT_DDA,,completed,28.6477777800456,77.0572222197152,No,Natural,Other Govt.Agency,https://mi6census.mowr.gov.in/mic/getWaterBodyImageByURL/MIC_133007000020000285001.jpeg,semi_structured_kml,0.95
ASSET_WB_272856,"Other Water Body — Peera Garhi, West",water_body,REG_DELHI,SCH_AMRUT,ACT_DDA,,completed,28.6777777803595,77.0849999996214,No,Natural,Other Govt.Agency,https://mi6census.mowr.gov.in/mic/getWaterBodyImageByURL/MIC_133007000020000292001.jpeg,semi_structured_kml,0.95
ASSET_WB_272857,"Reservoir — Peera Garhi, West",water_body,REG_DELHI,SCH_AMRUT,ACT_DDA,,completed,28.670833330434,77.0955555600488,No,Natural,Other Govt.Agency,https://mi6census.mowr.gov.in/mic/getWaterBodyImageByURL/MIC_133007000020000292003.jpeg,semi_structured_kml,0.95
ASSET_WB_272858,"Other Water Body — Peera Garhi, West",water_body,REG_DELHI,SCH_AMRUT,ACT_DDA,,completed,28.6766666699589,77.0888888898841,No,Natural,Other Govt.Agency,https://mi6census.mowr.gov.in/mic/getWaterBodyImageByURL/MIC_133007000020000292002.jpeg,semi_structured_kml,0.95
ASSET_WB_272859,"Lake/Pond — Shafipur Ranhola, West",water_body,REG_DELHI,SCH_AMRUT,ACT_DDA,,encroached,28.6555555597117,77.0394444396404,Yes,Natural,Other Govt.Agency,https://mi6census.mowr.gov.in/mic/getWaterBodyImageByURL/MIC_133007000020000286001.jpeg,semi_structured_kml,0.95
ASSET_WB_272860,"Lake/Pond — Shafipur Ranhola, West",water_body,REG_DELHI,SCH_AMRUT,ACT_DDA,,completed,28.6638888904121,77.0511111099013,No,Natural,Other Govt.Agency,https://mi6census.mowr.gov.in/mic/getWaterBodyImageByURL/MIC_133007000020000286003.jpeg,semi_structured_kml,0.95
ASSET_WB_272861,"Lake/Pond — Shafipur Ranhola, West",water_body,REG_DELHI,SCH_AMRUT,ACT_DDA,,encroached,28.6588888898515,77.0380555594908,Yes,Natural,Other Govt.Agency,https://mi6census.mowr.gov.in/mic/getWaterBodyImageByURL/MIC_133007000020000286002.jpeg,semi_structured_kml,0.95
ASSET_WB_272862,"Lake/Pond — Tikri Kalan, West",water_body,REG_DELHI,SCH_AMRUT,ACT_DDA,,completed,28.6836111101426,76.971111110018,No,Natural,Other Govt.Agency,https://mi6census.mowr.gov.in/mic/getWaterBodyImageByURL/MIC_133007000020000287008.jpeg,semi_structured_kml,0.95
ASSET_WB_272863,"Lake/Pond — Tikri Kalan, West",water_body,REG_DELHI,SCH_AMRUT,ACT_DDA,,completed,28.6841666700321,76.9686111098238,No,Natural,Other Govt.Agency,https://mi6census.mowr.gov.in/mic/getWaterBodyImageByURL/MIC_133007000020000287001.jpeg,semi_structured_kml,0.95
ASSET_WB_272864,"Lake/Pond — Tikri Kalan, West",water_body,REG_DELHI,SCH_AMRUT,ACT_DDA,,completed,28.6791666697366,76.9661111098526,No,Natural,Other Govt.Agency,https://mi6census.mowr.gov.in/mic/getWaterBodyImageByURL/MIC_133007000020000287002.jpeg,semi_structured_kml,0.95
ASSET_WB_272865,"Lake/Pond — Tikri Kalan, West",water_body,REG_DELHI,SCH_AMRUT,ACT_DDA,,completed,28.6747222204309,76.961388890104,No,Natural,Other Govt.Agency,https://mi6census.mowr.gov.in/mic/getWaterBodyImageByURL/MIC_133007000020000287003.jpeg,semi_structured_kml,0.95
ASSET_WB_272866,"Lake/Pond — Tikri Kalan, West",water_body,REG_DELHI,SCH_AMRUT,ACT_DDA,,completed,28.6794444404464,76.9838888901543,No,Natural,Other Govt.Agency,https://mi6census.mowr.gov.in/mic/getWaterBodyImageByURL/MIC_133007000020000287006.jpeg,semi_structured_kml,0.95
ASSET_WB_272867,"Lake/Pond — Tikri Kalan, West",water_body,REG_DELHI,SCH_AMRUT,ACT_DDA,,completed,28.6747222200504,76.9794444402041,No,Natural,Other Govt.Agency,https://mi6census.mowr.gov.in/mic/getWaterBodyImageByURL/MIC_133007000020000287005.jpeg,semi_structured_kml,0.95
ASSET_WB_272868,"Lake/Pond — Tikri Kalan, West",water_body,REG_DELHI,SCH_AMRUT,ACT_DDA,,completed,28.6963888900467,76.9663888903983,No,Natural,Other Govt.Agency,https://mi6census.mowr.gov.in/mic/getWaterBodyImageByURL/MIC_133007000020000287009.jpeg,semi_structured_kml,0.95
ASSET_WB_272869,"Lake/Pond — Tikri Kalan, West",water_body,REG_DELHI,SCH_AMRUT,ACT_DDA,,completed,28.6825000000507,76.973611109676,No,Natural,Other Govt.Agency,https://mi6census.mowr.gov.in/mic/getWaterBodyImageByURL/MIC_133007000020000287007.jpeg,semi_structured_kml,0.95
ASSET_WB_272870,"Lake/Pond — Tikri Kalan, West",water_body,REG_DELHI,SCH_AMRUT,ACT_DDA,,completed,28.6866666696025,76.9752777803913,No,Natural,Other Govt.Agency,https://mi6census.mowr.gov.in/mic/getWaterBodyImageByURL/MIC_133007000020000287010.jpeg,semi_structured_kml,0.95
ASSET_WB_272871,"Lake/Pond — Tikri Kalan, West",water_body,REG_DELHI,SCH_AMRUT,ACT_DDA,,completed,28.6811111095678,76.969166670106,No,Natural,Other Govt.Agency,https://mi6census.mowr.gov.in/mic/getWaterBodyImageByURL/MIC_133007000020000287004.jpeg,semi_structured_kml,0.95
ASSET_WB_272872,"Lake/Pond — Tilang Pur Kotla, West",water_body,REG_DELHI,SCH_AMRUT,ACT_DDA,,completed,28.6463888902037,77.0283333303796,No,Natural,Other Govt.Agency,https://mi6census.mowr.gov.in/mic/getWaterBodyImageByURL/MIC_133007000020000288001.jpeg,semi_structured_kml,0.95
ASSET_WB_272873,"Reservoir — Tihar, West",water_body,REG_DELHI,SCH_AMRUT,ACT_DDA,,completed,28.632222219919,77.1055555599237,No,Natural,Other Govt.Agency,https://mi6census.mowr.gov.in/mic/getWaterBodyImageByURL/MIC_133007000021000295001.jpeg,semi_structured_kml,0.95
ASSET_WB_272874,"Other Water Body — Tihar, West",water_body,REG_DELHI,SCH_AMRUT,ACT_DDA,,completed,28.6302777800058,77.1111111095677,No,Natural,Other Govt.Agency,https://mi6census.mowr.gov.in/mic/getWaterBodyImageByURL/MIC_133007000021000295002.jpeg,semi_structured_kml,0.95
ASSET_WB_272875,"Other Water Body — Titar Pur, West",water_body,REG_DELHI,SCH_AMRUT,ACT_DDA,,encroached,28.6441666702901,77.1149999995081,Yes,Natural,Other Govt.Agency,https://mi6census.mowr.gov.in/mic/getWaterBodyImageByURL/MIC_133007000021000296001.jpeg,semi_structured_kml,0.95
ASSET_WB_1087351,"Lake/Pond — Burari, Central",water_body,REG_DELHI,SCH_AMRUT,ACT_DDA,,encroached,28.7516666698969,77.1919444401926,Yes,Natural,Other Govt.Agency,https://mi6census.mowr.gov.in/mic/getWaterBodyImageByURL/MIC_233010276401000016006.jpeg,semi_structured_kml,0.95
ASSET_WB_1087352,"Other Water Body — Burari, Central",water_body,REG_DELHI,SCH_AMRUT,ACT_DDA,,completed,28.7397222197576,77.18444444006,No,Natural,Other Govt.Agency,https://mi6census.mowr.gov.in/mic/getWaterBodyImageByURL/MIC_233010276401000016005.jpeg,semi_structured_kml,0.95
ASSET_WB_1087353,"Lake/Pond — Burari, Central",water_body,REG_DELHI,SCH_AMRUT,ACT_DDA,,encroached,28.7555555602101,77.1963888898734,Yes,Natural,Other Govt.Agency,https://mi6census.mowr.gov.in/mic/getWaterBodyImageByURL/MIC_233010276401000016008.jpeg,semi_structured_kml,0.95
ASSET_WB_1087354,"Lake/Pond — Burari, Central",water_body,REG_DELHI,SCH_AMRUT,ACT_DDA,,completed,28.7558333300637,77.191944440215,No,Natural,Other Govt.Agency,https://mi6census.mowr.gov.in/mic/getWaterBodyImageByURL/MIC_233010276401000016007.jpeg,semi_structured_kml,0.95
ASSET_WB_1087355,"Other Water Body — Delhi Gate, Central",water_body,REG_DELHI,SCH_AMRUT,ACT_DDA,,completed,28.6424999996452,77.2455555601844,No,Natural,Other Govt.Agency,https://mi6census.mowr.gov.in/mic/getWaterBodyImageByURL/MIC_233010276401000019004.jpeg,semi_structured_kml,0.95
ASSET_WB_1087356,"Other Water Body — Delhi Gate, Central",water_body,REG_DELHI,SCH_AMRUT,ACT_DDA,,completed,28.6611111098272,77.2405555600819,No,Natural,Other Govt.Agency,https://mi6census.mowr.gov.in/mic/getWaterBodyImageByURL/MIC_233010276401000019001.jpeg,semi_structured_kml,0.95
ASSET_WB_1087357,"Reservoir — Delhi Gate, Central",water_body,REG_DELHI,SCH_AMRUT,ACT_DDA,,completed,28.6433333296527,77.2469444403335,No,Natural,Other Govt.Agency,https://mi6census.mowr.gov.in/mic/getWaterBodyImageByURL/MIC_233010276401000019003.jpeg,semi_structured_kml,0.95
ASSET_WB_1087358,"Other Water Body — Delhi Gate, Central",water_body,REG_DELHI,SCH_AMRUT,ACT_DDA,,completed,28.6513888897752,77.2519444395819,No,Natural,Other Govt.Agency,https://mi6census.mowr.gov.in/mic/getWaterBodyImageByURL/MIC_233010276401000019002.jpeg,semi_structured_kml,0.95
ASSET_WB_1087359,"Other Water Body — Delhi Gate, Central",water_body,REG_DELHI,SCH_AMRUT,ACT_DDA,,completed,28.6336111096102,77.2488888899986,No,Natural,Other Govt.Agency,https://mi6census.mowr.gov.in/mic/getWaterBodyImageByURL/MIC_233010276401000019005.jpeg,semi_structured_kml,0.95
ASSET_WB_1087360,"Lake/Pond — Kamla Nagar, Central",water_body,REG_DELHI,SCH_AMRUT,ACT_DDA,,completed,28.6741666697075,77.1983333297076,No,Man-made,Muncipal authority,https://mi6census.mowr.gov.in/mic/getWaterBodyImageByURL/MIC_233010276401000032001.jpeg,semi_structured_kml,0.95
ASSET_WB_1087361,"Reservoir — Karol Bagh, Central",water_body,REG_DELHI,SCH_AMRUT,ACT_DDA,,completed,28.6469444404398,77.1780555597055,No,Man-made,Muncipal authority,https://mi6census.mowr.gov.in/mic/getWaterBodyImageByURL/MIC_233010276401000035001.jpeg,semi_structured_kml,0.95
ASSET_WB_1087362,"Reservoir — Model Town, Central",water_body,REG_DELHI,SCH_AMRUT,ACT_DDA,,completed,28.7072222200792,77.1938888898605,No,Natural,Muncipal authority,https://mi6census.mowr.gov.in/mic/getWaterBodyImageByURL/MIC_233010276401000045001.jpeg,semi_structured_kml,0.95
ASSET_WB_1087363,"Other Water Body — Sadar Bazar, Central",water_body,REG_DELHI,SCH_AMRUT,ACT_DDA,,completed,28.6763888897076,77.2122222194979,No,Man-made,Other Govt.Agency,https://mi6census.mowr.gov.in/mic/getWaterBodyImageByURL/MIC_233010276401000084001.jpeg,semi_structured_kml,0.95
ASSET_WB_1087364,"Other Water Body — Anand Vihar, East",water_body,REG_DELHI,SCH_AMRUT,ACT_DDA,,completed,28.663611110391,77.3027777795147,No,Natural,Other Govt.Agency,https://mi6census.mowr.gov.in/mic/getWaterBodyImageByURL/MIC_233008276400000001001.jpeg,semi_structured_kml,0.95
ASSET_WB_1087365,"Other Water Body — Anand Vihar, East",water_body,REG_DELHI,SCH_AMRUT,ACT_DDA,,encroached,28.6491666702155,77.3041666699989,Yes,Natural,Other Govt.Agency,https://mi6census.mowr.gov.in/mic/getWaterBodyImageByURL/MIC_233008276400000001002.jpeg,semi_structured_kml,0.95
ASSET_WB_1087366,"Other Water Body — Dallupura, East",water_body,REG_DELHI,SCH_AMRUT,ACT_DDA,,encroached,28.6033333303622,77.3224999995679,Yes,Natural,Other Govt.Agency,https://mi6census.mowr.gov.in/mic/getWaterBodyImageByURL/MIC_233008276400000008001.jpeg,semi_structured_kml,0.95
ASSET_WB_1087367,"Other Water Body — I.P. Extension, East",water_body,REG_DELHI,SCH_AMRUT,ACT_DDA,,encroached,28.6238888900642,77.2858333298513,Yes,Natural,Other Govt.Agency,https://mi6census.mowr.gov.in/mic/getWaterBodyImageByURL/MIC_233008276400000018001.jpeg,semi_structured_kml,0.95
ASSET_WB_1087368,"Other Water Body — Mandawali, East",water_body,REG_DELHI,SCH_AMRUT,ACT_DDA,,encroached,28.6288888902503,77.293333329836,Yes,Natural,Other private body,https://mi6census.mowr.gov.in/mic/getWaterBodyImageByURL/MIC_233008276400000032004.jpeg,semi_structured_kml,0.95
ASSET_WB_1087369,"Other Water Body — Mandawali, East",water_body,REG_DELHI,SCH_AMRUT,ACT_DDA,,encroached,28.6349999999469,77.3074999998815,Yes,Natural,Other Govt.Agency,https://mi6census.mowr.gov.in/mic/getWaterBodyImageByURL/MIC_233008276400000032003.jpeg,semi_structured_kml,0.95
ASSET_WB_1087370,"Other Water Body — Mandawali, East",water_body,REG_DELHI,SCH_AMRUT,ACT_DDA,,completed,28.639722220331,77.3019444395406,No,Natural,Other Govt.Agency,https://mi6census.mowr.gov.in/mic/getWaterBodyImageByURL/MIC_233008276400000032002.jpeg,semi_structured_kml,0.95
ASSET_WB_1087371,"Other Water Body — Mandawali, East",water_body,REG_DELHI,SCH_AMRUT,ACT_DDA,,completed,28.630277779649,77.2961111100331,No,Natural,Other Govt.Agency,https://mi6census.mowr.gov.in/mic/getWaterBodyImageByURL/MIC_233008276400000032001.jpeg,semi_structured_kml,0.95
ASSET_WB_1087372,"Other Water Body — Nand Nagri, East",water_body,REG_DELHI,SCH_AMRUT,ACT_DDA,,completed,28.697500000386,77.3155555598585,No,Natural,Other Govt.Agency,https://mi6census.mowr.gov.in/mic/getWaterBodyImageByURL/MIC_233008276400000037001.jpeg,semi_structured_kml,0.95
ASSET_WB_1087373,"Other Water Body — Preet Vihar, East",water_body,REG_DELHI,SCH_AMRUT,ACT_DDA,,encroached,28.6402777795756,77.2997222196913,Yes,Natural,Other private body,https://mi6census.mowr.gov.in/mic/getWaterBodyImageByURL/MIC_233008276400000043001.jpeg,semi_structured_kml,0.95
ASSET_WB_1087374,"Other Water Body — Seelampur, East",water_body,REG_DELHI,SCH_AMRUT,ACT_DDA,,completed,28.6683333303508,77.2569444400935,No,Natural,Other Govt.Agency,https://mi6census.mowr.gov.in/mic/getWaterBodyImageByURL/MIC_233008276400000049001.jpeg,semi_structured_kml,0.95
ASSET_WB_1087375,"Other Water Body — Shahdara, East",water_body,REG_DELHI,SCH_AMRUT,ACT_DDA,,completed,28.6744444404133,77.2755555601734,No,Natural,Other Govt.Agency,https://mi6census.mowr.gov.in/mic/getWaterBodyImageByURL/MIC_233008276400000050002.jpeg,semi_structured_kml,0.95
ASSET_WB_1087376,"Other Water Body — Shahdara, East",water_body,REG_DELHI,SCH_AMRUT,ACT_DDA,,encroached,28.6705555604323,77.2922222195679,Yes,Natural,Other private body,https://mi6census.mowr.gov.in/mic/getWaterBodyImageByURL/MIC_233008276400000050001.jpeg,semi_structured_kml,0.95
ASSET_WB_1087377,"Other Water Body — Shahdara, East",water_body,REG_DELHI,SCH_AMRUT,ACT_DDA,,completed,28.676111110058,77.2794444400836,No,Natural,Other Govt.Agency,https://mi6census.mowr.gov.in/mic/getWaterBodyImageByURL/MIC_233008276400000050003.jpeg,semi_structured_kml,0.95
ASSET_WB_1087378,"Other Water Body — Shakarpur, East",water_body,REG_DELHI,SCH_AMRUT,ACT_DDA,,encroached,28.6275000000209,77.2786111103378,Yes,Natural,Other private body,https://mi6census.mowr.gov.in/mic/getWaterBodyImageByURL/MIC_233008276400000051007.jpeg,semi_structured_kml,0.95
ASSET_WB_1087379,"Other Water Body — Shakarpur, East",water_body,REG_DELHI,SCH_AMRUT,ACT_DDA,,encroached,28.6311111104403,77.2822222201754,Yes,Natural,Other private body,https://mi6census.mowr.gov.in/mic/getWaterBodyImageByURL/MIC_233008276400000051005.jpeg,semi_structured_kml,0.95
ASSET_WB_1087380,"Other Water Body — Shakarpur, East",water_body,REG_DELHI,SCH_AMRUT,ACT_DDA,,encroached,28.6291666703467,77.2797222200418,Yes,Natural,Other private body,https://mi6census.mowr.gov.in/mic/getWaterBodyImageByURL/MIC_233008276400000051006.jpeg,semi_structured_kml,0.95
ASSET_WB_1087381,"Other Water Body — Shakarpur, East",water_body,REG_DELHI,SCH_AMRUT,ACT_DDA,,encroached,28.6305555595816,77.2811111103689,Yes,Natural,Other Govt.Agency,https://mi6census.mowr.gov.in/mic/getWaterBodyImageByURL/MIC_233008276400000051004.jpeg,semi_structured_kml,0.95
ASSET_WB_1087382,"Other Water Body — Shakarpur, East",water_body,REG_DELHI,SCH_AMRUT,ACT_DDA,,completed,28.6219444399075,77.2775000004593,No,Natural,Other Govt.Agency,https://mi6census.mowr.gov.in/mic/getWaterBodyImageByURL/MIC_233008276400000051001.jpeg,semi_structured_kml,0.95
ASSET_WB_1087383,"Other Water Body — Shakarpur, East",water_body,REG_DELHI,SCH_AMRUT,ACT_DDA,,encroached,28.6302777799607,77.2750000000761,Yes,Natural,Other Govt.Agency,https://mi6census.mowr.gov.in/mic/getWaterBodyImageByURL/MIC_233008276400000051002.jpeg,semi_structured_kml,0.95
ASSET_WB_1087384,"Other Water Body — Shakarpur, East",water_body,REG_DELHI,SCH_AMRUT,ACT_DDA,,encroached,28.6305555597363,77.2802777804765,Yes,Natural,Other Govt.Agency,https://mi6census.mowr.gov.in/mic/getWaterBodyImageByURL/MIC_233008276400000051003.jpeg,semi_structured_kml,0.95
ASSET_WB_1087385,"Other Water Body — Shastri Park, East",water_body,REG_DELHI,SCH_AMRUT,ACT_DDA,,completed,28.6763888895508,77.2627777802207,No,Natural,Other Govt.Agency,https://mi6census.mowr.gov.in/mic/getWaterBodyImageByURL/MIC_233008276400000052003.jpeg,semi_structured_kml,0.95
ASSET_WB_1087386,"Other Water Body — Shastri Park, East",water_body,REG_DELHI,SCH_AMRUT,ACT_DDA,,completed,28.669166669774,77.2597222202879,No,Natural,Other Govt.Agency,https://mi6census.mowr.gov.in/mic/getWaterBodyImageByURL/MIC_233008276400000052001.jpeg,semi_structured_kml,0.95
ASSET_WB_1087387,"Other Water Body — Shastri Park, East",water_body,REG_DELHI,SCH_AMRUT,ACT_DDA,,completed,28.6797222196217,77.2627777797291,No,Natural,Other Govt.Agency,https://mi6census.mowr.gov.in/mic/getWaterBodyImageByURL/MIC_233008276400000052002.jpeg,semi_structured_kml,0.95
ASSET_WB_1087388,"Other Water Body — Sunder Nagri, East",water_body,REG_DELHI,SCH_AMRUT,ACT_DDA,,encroached,28.6941666701051,77.3216666700122,Yes,Natural,Other Govt.Agency,https://mi6census.mowr.gov.in/mic/getWaterBodyImageByURL/MIC_233008276400000057001.jpeg,semi_structured_kml,0.95
ASSET_WB_1087389,"Other Water Body — Trilokpuri-East, East",water_body,REG_DELHI,SCH_AMRUT,ACT_DDA,,completed,28.6127777801578,77.3016666696642,No,Natural,Other Govt.Agency,https://mi6census.mowr.gov.in/mic/getWaterBodyImageByURL/MIC_233008276400000058001.jpeg,semi_structured_kml,0.95
ASSET_WB_1087390,"Other Water Body — Vinod Nagar, East",water_body,REG_DELHI,SCH_AMRUT,ACT_DDA,,completed,28.6230555602487,77.2891666704309,No,Natural,Other Govt.Agency,https://mi6census.mowr.gov.in/mic/getWaterBodyImageByURL/MIC_233008276400000060002.jpeg,semi_structured_kml,0.95
ASSET_WB_1087391,"Other Water Body — Vinod Nagar, East",water_body,REG_DELHI,SCH_AMRUT,ACT_DDA,,completed,28.6236111098604,77.2888888898653,No,Natural,Other Govt.Agency,https://mi6census.mowr.gov.in/mic/getWaterBodyImageByURL/MIC_233008276400000060004.jpeg,semi_structured_kml,0.95
ASSET_WB_1087392,"Other Water Body — Vinod Nagar, East",water_body,REG_DELHI,SCH_AMRUT,ACT_DDA,,encroached,28.6291666700473,77.3052777802767,Yes,Natural,Other private body,https://mi6census.mowr.gov.in/mic/getWaterBodyImageByURL/MIC_233008276400000060001.jpeg,semi_structured_kml,0.95
ASSET_WB_1087393,"Other Water Body — Vinod Nagar, East",water_body,REG_DELHI,SCH_AMRUT,ACT_DDA,,completed,28.6225000000177,77.2888888901743,No,Natural,Other Govt.Agency,https://mi6census.mowr.gov.in/mic/getWaterBodyImageByURL/MIC_233008276400000060005.jpeg,semi_structured_kml,0.95
ASSET_WB_1087394,"Other Water Body — Vinod Nagar, East",water_body,REG_DELHI,SCH_AMRUT,ACT_DDA,,completed,28.6236111098604,77.2888888898653,No,Natural,Other Govt.Agency,https://mi6census.mowr.gov.in/mic/getWaterBodyImageByURL/MIC_233008276400000060003.jpeg,semi_structured_kml,0.95
ASSET_PARK_SNZ_1,"Park Near H.NO. A-29, Vivek Vihar.",park,REG_W216,SCH_AMRUT,ACT_SUP_MUKESH_KUMAR,,completed,28.67258,77.317301,,Area: 1.24 acres,MCD,,semi_structured_xlsx,0.9
ASSET_PARK_SNZ_2,"Park Near H.NO. A-135, Vivek Vihar.",park,REG_W216,SCH_AMRUT,ACT_SUP_MUKESH_KUMAR,,completed,28.672849,77.319192,,Area: 0.57 acres,MCD,,semi_structured_xlsx,0.9
ASSET_PARK_SNZ_3,"Park Near H.NO. A-114, Vivek Vihar.",park,REG_W216,SCH_AMRUT,ACT_SUP_MUKESH_KUMAR,,completed,28.67181,77.319929,,Area: 0.43 acres,MCD,,semi_structured_xlsx,0.9
ASSET_PARK_SNZ_4,Vivek  Vihar Nursery-1,park,REG_W216,SCH_AMRUT,ACT_SUP_MUKESH_KUMAR,,completed,28.672794,77.319315,,Area: 0.54 acres,MCD,,semi_structured_xlsx,0.9
ASSET_PARK_SNZ_5,"Vivek  Vihar H. No.-A/76, 77, Vivek Vihar, Store",park,REG_W216,SCH_AMRUT,ACT_SUP_MUKESH_KUMAR,,completed,28.672592,77.318213,,Area: 0.47 acres,MCD,,semi_structured_xlsx,0.9
ASSET_PARK_SNZ_6,"Park Near H.NO. A-77, Vivek  Vihar.",park,REG_W216,SCH_AMRUT,ACT_SUP_MUKESH_KUMAR,,completed,28.672592,77.319192,,Area: 0.47 acres,MCD,,semi_structured_xlsx,0.9
ASSET_PARK_SNZ_7,"Park Near H.NO. B-190, Vivek Vihar.",park,REG_W216,SCH_AMRUT,ACT_SUP_MUKESH_KUMAR,,completed,28.671058,77.319891,,Area: 0.84 acres,MCD,,semi_structured_xlsx,0.9
ASSET_PARK_SNZ_8,"Park Near H.NO. B-224, Vivek Vihar.",park,REG_W216,SCH_AMRUT,ACT_SUP_MUKESH_KUMAR,,completed,28.670738,77.321127,,Area: 0.32 acres,MCD,,semi_structured_xlsx,0.9
ASSET_PARK_SNZ_9,"Park Near H.NO. B-75, Vivek Vihar.",park,REG_W216,SCH_AMRUT,ACT_SUP_MUKESH_KUMAR,,completed,28.669342,77.320893,,Area: 0.68 acres,MCD,,semi_structured_xlsx,0.9
ASSET_PARK_SNZ_10,"Park Near H.NO. B-63, Vivek Vihar.",park,REG_W216,SCH_AMRUT,ACT_SUP_MUKESH_KUMAR,,completed,28.668897,77.320737,,Area: 0.5 acres,MCD,,semi_structured_xlsx,0.9
ASSET_PARK_SNZ_11,"Park Near H.NO. B-40, Vivek Vihar.",park,REG_W216,SCH_AMRUT,ACT_SUP_MUKESH_KUMAR,,completed,28.669721,77.318997,,Area: 0.59 acres,MCD,,semi_structured_xlsx,0.9
ASSET_PARK_SNZ_12,"Park Near H.NO. B-163, Vivek Vihar.",park,REG_W216,SCH_AMRUT,ACT_SUP_MUKESH_KUMAR,,completed,28.670287,77.31889,,Area: 0.37 acres,MCD,,semi_structured_xlsx,0.9
ASSET_PARK_SNZ_13,"Park Near H.NO. C-100, 109, Vivek Vihar.",park,REG_W216,SCH_AMRUT,ACT_SUP_MUKESH_KUMAR,,completed,28.669587,77.317573,,Area: 0.43 acres,MCD,,semi_structured_xlsx,0.9
ASSET_PARK_SNZ_14,"Park Near H.NO. C-126, Vivek Vihar.",park,REG_W216,SCH_AMRUT,ACT_SUP_MUKESH_KUMAR,,completed,28.66987,77.316501,,Area: 0.57 acres,MCD,,semi_structured_xlsx,0.9
ASSET_PARK_SNZ_15,Park Near H.NO. C-174 Vivek Vihar.,park,REG_W216,SCH_AMRUT,ACT_SUP_MUKESH_KUMAR,,completed,28.669601,77.315679,,Area: 0.92 acres,MCD,,semi_structured_xlsx,0.9
ASSET_PARK_SNZ_16,"Park Near H.NO. C-190, 231 Vivek Vihar.",park,REG_W216,SCH_AMRUT,ACT_SUP_MUKESH_KUMAR,,completed,28.668467,77.315364,,Area: 0.57 acres,MCD,,semi_structured_xlsx,0.9
ASSET_PARK_SNZ_17,"Park Near H.NO. C-281, Vivek Vihar.",park,REG_W216,SCH_AMRUT,ACT_SUP_MUKESH_KUMAR,,completed,28.667379,77.315703,,Area: 0.38 acres,MCD,,semi_structured_xlsx,0.9
ASSET_PARK_SNZ_18,"Mahavir Vatika, Cent. Park, Vivek Vihar C-Block.",park,REG_W216,SCH_AMRUT,ACT_SUP_MUKESH_KUMAR,,completed,28.667674,77.318759,,Area: 1.89 acres,MCD,,semi_structured_xlsx,0.9
ASSET_PARK_SNZ_19,"Park Near F. NO. 162, 204,  Janta Flat. Vivek  Vihar.",park,REG_W216,SCH_AMRUT,ACT_SUP_MUKESH_KUMAR,,completed,28.672638,77.321518,,Area: 0.08 acres,MCD,,semi_structured_xlsx,0.9
ASSET_PARK_SNZ_20,"A-Block  Near H. NO. 41, Janta Flat Vivek  Vihar.",park,REG_W216,SCH_AMRUT,ACT_SUP_MUKESH_KUMAR,,completed,28.672482,77.321184,,Area: 0.22 acres,MCD,,semi_structured_xlsx,0.9
ASSET_PARK_SNZ_21,"Park  Near H.NO.A-5/10, Jhilmil  Ind. Area.",park,REG_W216,SCH_AMRUT,ACT_SUP_MAHESH,,completed,28.674788,77.312525,,Area: 0.75 acres,MCD,,semi_structured_xlsx,0.9
ASSET_PARK_SNZ_22,Park  Near H.NO. B-12/2 Jhilmil  Ind. Area.,park,REG_W216,SCH_AMRUT,ACT_SUP_MAHESH,,completed,28.675,77.319524,,Area: 2.25 acres,MCD,,semi_structured_xlsx,0.9
ASSET_PARK_SNZ_23,Park Near H. No. A-1 to 42 Jhilmil Colony.,park,REG_W216,SCH_AMRUT,ACT_SUP_MAHESH,,completed,28.671356,77.306944,,Area: 0.36 acres,MCD,,semi_structured_xlsx,0.9
ASSET_PARK_SNZ_24,"Park Near H. No. A-85 to 126, Jhilmil Colony.",park,REG_W216,SCH_AMRUT,ACT_SUP_MAHESH,,completed,28.670537,77.30747,,Area: 0.26 acres,MCD,,semi_structured_xlsx,0.9
ASSET_PARK_SNZ_25,Park Near H. No. A-130 To 168 Jhilmil Colony.,park,REG_W216,SCH_AMRUT,ACT_SUP_MAHESH,,completed,28.670537,77.307358,,Area: 0.22 acres,MCD,,semi_structured_xlsx,0.9
ASSET_PARK_SNZ_26,Park Near H. No. A-170 to 210 Jhilmil Colony.,park,REG_W216,SCH_AMRUT,ACT_SUP_MAHESH,,completed,28.669746,77.30843,,Area: 0.35 acres,MCD,,semi_structured_xlsx,0.9
ASSET_PARK_SNZ_27,Park Near  H. NO. A-211 to 252 Jhilmil Colony.,park,REG_W216,SCH_AMRUT,ACT_SUP_MAHESH,,completed,28.670506,77.308626,,Area: 0.27 acres,MCD,,semi_structured_xlsx,0.9
ASSET_PARK_SNZ_28,Park Opp. H. NO. A-29 Jhilmil  Colony.,park,REG_W216,SCH_AMRUT,ACT_SUP_MAHESH,,completed,28.670957,77.307452,,Area: 0.06 acres,MCD,,semi_structured_xlsx,0.9
ASSET_PARK_SNZ_29,"park A-44 to A-84, Jhilmil, Guru dawara wala",park,REG_W216,SCH_AMRUT,ACT_SUP_MAHESH,,completed,28.671346,77.307868,,Area: 0.35 acres,MCD,,semi_structured_xlsx,0.9
ASSET_PARK_SNZ_30,"Park  Community center,  Jhilmil  Colony, A-Block",park,REG_W216,SCH_AMRUT,ACT_SUP_MAHESH,,completed,28.669604,77.309903,,Area: 0.19 acres,MCD,,semi_structured_xlsx,0.9
ASSET_PARK_SNZ_31,Park Near  H.NO. B-1 to 42 Jhilmil Colony.,park,REG_W216,SCH_AMRUT,ACT_SUP_MAHESH,,completed,28.671682,77.311407,,Area: 0.35 acres,MCD,,semi_structured_xlsx,0.9
ASSET_PARK_SNZ_32,Park Near  H.NO. B-43 to 84 Jhilmil Colony.,park,REG_W216,SCH_AMRUT,ACT_SUP_MAHESH,,completed,28.671264,77.311879,,Area: 0.35 acres,MCD,,semi_structured_xlsx,0.9
ASSET_PARK_SNZ_33,Park Near H.NO. B-85 to  126 Jhilmil  Colony.,park,REG_W216,SCH_AMRUT,ACT_SUP_MAHESH,,completed,28.670737,77.311219,,Area: 0.29 acres,MCD,,semi_structured_xlsx,0.9
ASSET_PARK_SNZ_34,Park Near H.NO. B-130 to 168 Jhilmil Colony.,park,REG_W216,SCH_AMRUT,ACT_SUP_MAHESH,,completed,28.669945,77.311644,,Area: 0.34 acres,MCD,,semi_structured_xlsx,0.9
ASSET_PARK_SNZ_35,Park Near  H.NO. B-169 to 210 Jhilmil Colony,park,REG_W216,SCH_AMRUT,ACT_SUP_MAHESH,,completed,28.669995,77.312121,,Area: 0.34 acres,MCD,,semi_structured_xlsx,0.9
ASSET_PARK_SNZ_36,Park Near H.NO. B-211 to 252  Jhilmil Colony.,park,REG_W216,SCH_AMRUT,ACT_SUP_MAHESH,,completed,28.670565,77.312468,,Area: 0.23 acres,MCD,,semi_structured_xlsx,0.9
ASSET_PARK_SNZ_37,Park Between  H.NO. B-29 & D.S.I.D.C Jhilmil Colony.,park,REG_W216,SCH_AMRUT,ACT_SUP_MAHESH,,completed,28.670724,77.311571,,Area: 0.05 acres,MCD,,semi_structured_xlsx,0.9
ASSET_PARK_SNZ_38,H.NO. 35 Govind Khand  Jhilmil  Colony (Sotre Wala Park),park,REG_W216,SCH_AMRUT,ACT_SUP_MAHESH,,completed,28.64017,77.290682,,Area: 0.26 acres,MCD,,semi_structured_xlsx,0.9
ASSET_PARK_SNZ_39,Park Near  H.NO. 65 to 66Govind Khand  Jhilmil  Colony.,park,REG_W216,SCH_AMRUT,ACT_SUP_MAHESH,,completed,28.67236,77.310627,,Area: 0.17 acres,MCD,,semi_structured_xlsx,0.9
ASSET_PARK_SNZ_40,"Park Near  H.NO. 113, Govind Khand  Jhilmil  Colony.",park,REG_W216,SCH_AMRUT,ACT_SUP_MAHESH,,completed,28.672435,77.311129,,Area: 0.37 acres,MCD,,semi_structured_xlsx,0.9
ASSET_PARK_SNZ_41,Park Near  H.NO. 242 Govind Khand  Jhilmil  Colony.,park,REG_W216,SCH_AMRUT,ACT_SUP_MAHESH,,completed,28.672289,77.311447,,Area: 0.39 acres,MCD,,semi_structured_xlsx,0.9
ASSET_PARK_SNZ_42,Park Near  H.NO. 72 Govind Khand  Jhilmil  Colony.,park,REG_W216,SCH_AMRUT,ACT_SUP_MAHESH,,completed,28.671139,77.310706,,Area: 0.09 acres,MCD,,semi_structured_xlsx,0.9
ASSET_PARK_SNZ_43,Park Near  H.NO. 156 Govind Khand  Jhilmil  Colony.,park,REG_W216,SCH_AMRUT,ACT_SUP_MAHESH,,completed,28.679829,77.311805,,Area: 0.18 acres,MCD,,semi_structured_xlsx,0.9
ASSET_PARK_SNZ_44,"H.No.87, Shiva Khand",park,REG_W216,SCH_AMRUT,ACT_SUP_MAHESH,,completed,28.672327,77.303962,,Area: 0.54 acres,MCD,,semi_structured_xlsx,0.9
ASSET_PARK_SNZ_45,"H.No.117, Shiva Khand",park,REG_W216,SCH_AMRUT,ACT_SUP_MAHESH,,completed,28.672042,77.304811,,Area: 0.29 acres,MCD,,semi_structured_xlsx,0.9
ASSET_PARK_SNZ_46,"H.No.205, Shiva Khand",park,REG_W216,SCH_AMRUT,ACT_SUP_MAHESH,,completed,28.671589,77.306693,,Area: 0.29 acres,MCD,,semi_structured_xlsx,0.9
ASSET_PARK_SNZ_47,"229, Shiva Khand ,",park,REG_W216,SCH_AMRUT,ACT_SUP_MAHESH,,completed,28.672367,77.305842,,Area: 0.35 acres,MCD,,semi_structured_xlsx,0.9
ASSET_PARK_SNZ_48,"131, Shivakhand. Jhilmil Colony",park,REG_W216,SCH_AMRUT,ACT_SUP_MAHESH,,completed,28.671727,77.30466,,Area: 0.13 acres,MCD,,semi_structured_xlsx,0.9
ASSET_PARK_SNZ_49,"156, Shivakhand,Jhilmil Colony",park,REG_W216,SCH_AMRUT,ACT_SUP_MAHESH,,completed,28.671555,77.30568,,Area: 0.2 acres,MCD,,semi_structured_xlsx,0.9
ASSET_PARK_SNZ_50,"29, Pratap Khand",park,REG_W216,SCH_AMRUT,ACT_SUP_MAHESH,,completed,28.672514,77.30419,,Area: 0.4 acres,MCD,,semi_structured_xlsx,0.9
ASSET_PARK_SNZ_51,"41, 44, Pratap Khand",park,REG_W216,SCH_AMRUT,ACT_SUP_MAHESH,,completed,28.672677,77.305253,,Area: 0.13 acres,MCD,,semi_structured_xlsx,0.9
ASSET_PARK_SNZ_52,"32, Pratap Khand",park,REG_W216,SCH_AMRUT,ACT_SUP_MAHESH,,completed,28.672453,77.304192,,Area: 0.5 acres,MCD,,semi_structured_xlsx,0.9
ASSET_PARK_SNZ_53,"C-BLK, H.No. 1 to 42, Jhilmil Colony.",park,REG_W216,SCH_AMRUT,ACT_SUP_MAHESH,,completed,28.669497,77.310857,,Area: 0.3 acres,MCD,,semi_structured_xlsx,0.9
ASSET_PARK_SNZ_54,"C-BLK, H.No. 43to 84, Jhilmil Colony.",park,REG_W216,SCH_AMRUT,ACT_SUP_MAHESH,,completed,28.669478,77.311495,,Area: 0.35 acres,MCD,,semi_structured_xlsx,0.9
ASSET_PARK_SNZ_55,"C-BLK, H.No. 85 to126, Jhilmil Colony.",park,REG_W216,SCH_AMRUT,ACT_SUP_MAHESH,,completed,28.668755,77.310276,,Area: 0.26 acres,MCD,,semi_structured_xlsx,0.9
ASSET_PARK_SNZ_56,"C-BLK,H.NO.127 to 168, Jhilmil Colony.",park,REG_W216,SCH_AMRUT,ACT_SUP_MAHESH,,completed,28.66796,77.310639,,Area: 0.35 acres,MCD,,semi_structured_xlsx,0.9
ASSET_PARK_SNZ_57,"C-BLK, H.No.211-252 Jhilmil Colony.",park,REG_W216,SCH_AMRUT,ACT_SUP_MAHESH,,completed,28.668788,77.311416,,Area: 0.28 acres,MCD,,semi_structured_xlsx,0.9
ASSET_PARK_SNZ_58,"C-BLK, H.No. 172 to 210, Jhilmil Colony.",park,REG_W216,SCH_AMRUT,ACT_SUP_MAHESH,,completed,28.66807,77.311609,,Area: 0.36 acres,MCD,,semi_structured_xlsx,0.9
ASSET_PARK_SNZ_59,"C-29, Jhilmil Colony",park,REG_W216,SCH_AMRUT,ACT_SUP_MAHESH,,completed,28.667133,77.311265,,Area: 0.06 acres,MCD,,semi_structured_xlsx,0.9
ASSET_PARK_SNZ_60,"C-225,  Jhilmil Colony",park,REG_W216,SCH_AMRUT,ACT_SUP_MAHESH,,completed,28.67015,77.311881,,Area: 0.03 acres,MCD,,semi_structured_xlsx,0.9
ASSET_PARK_SNZ_61,"D-BLK, H.No.212 to250, Jhilmil Colony.",park,REG_W216,SCH_AMRUT,ACT_SUP_MAHESH,,completed,28.668823,77.31007,,Area: 0.26 acres,MCD,,semi_structured_xlsx,0.9
ASSET_PARK_SNZ_62,"D-BLK, H.No. 1 to 42, Jhilmil Colony.",park,REG_W216,SCH_AMRUT,ACT_SUP_MAHESH,,completed,28.669451,77.308804,,Area: 0.15 acres,MCD,,semi_structured_xlsx,0.9
ASSET_PARK_SNZ_63,"D-BLK, H.No. 43 to 83, Jhilmil Colony.",park,REG_W216,SCH_AMRUT,ACT_SUP_MAHESH,,completed,28.669443,77.309555,,Area: 0.36 acres,MCD,,semi_structured_xlsx,0.9
ASSET_PARK_SNZ_64,"D-130 TO 170, Jhilmil Colony",park,REG_W216,SCH_AMRUT,ACT_SUP_MAHESH,,completed,28.667976,77.308712,,Area: 0.36 acres,MCD,,semi_structured_xlsx,0.9
ASSET_PARK_SNZ_65,"D-29, 99, Jhilmil Colony",park,REG_W216,SCH_AMRUT,ACT_SUP_MAHESH,,completed,28.668605,77.309033,,Area: 0.06 acres,MCD,,semi_structured_xlsx,0.9
ASSET_PARK_SNZ_66,"D-225, Jhilmil Colony",park,REG_W216,SCH_AMRUT,ACT_SUP_MAHESH,,completed,28.668051,77.310029,,Area: 0.03 acres,MCD,,semi_structured_xlsx,0.9
ASSET_PARK_SNZ_67,D-85 to 126 Jhilmil Colony,park,REG_W216,SCH_AMRUT,ACT_SUP_MAHESH,,completed,28.66871,77.30849,,Area: 0.22 acres,MCD,,semi_structured_xlsx,0.9
ASSET_PARK_SNZ_68,D-170 to 210 Jhilmil Colony,park,REG_W216,SCH_AMRUT,ACT_SUP_MAHESH,,completed,28.668041,77.309454,,Area: 0.36 acres,MCD,,semi_structured_xlsx,0.9
ASSET_PARK_SNZ_69,E -Block 1 to 42 Jhilmil Colony,park,REG_W216,SCH_AMRUT,ACT_SUP_MAHESH,,completed,28.668314,77.306801,,Area: 0.28 acres,MCD,,semi_structured_xlsx,0.9
ASSET_PARK_SNZ_70,E-43 to 84 Jhilmil Colony,park,REG_W216,SCH_AMRUT,ACT_SUP_MAHESH,,completed,28.668211,77.307567,,Area: 0.37 acres,MCD,,semi_structured_xlsx,0.9
ASSET_PARK_SNZ_71,E-85 to 127 Jhilmil Colony,park,REG_W216,SCH_AMRUT,ACT_SUP_MAHESH,,completed,28.667561,77.306485,,Area: 0.27 acres,MCD,,semi_structured_xlsx,0.9
ASSET_PARK_SNZ_72,E-127 to 168 Jhilmil Colony,park,REG_W216,SCH_AMRUT,ACT_SUP_MAHESH,,completed,28.667557,77.307796,,Area: 0.21 acres,MCD,,semi_structured_xlsx,0.9
ASSET_PARK_SNZ_73,E-141 Jhilmil Colony,park,REG_W216,SCH_AMRUT,ACT_SUP_MAHESH,,completed,28.667118,77.307853,,Area: 0.03 acres,MCD,,semi_structured_xlsx,0.9
ASSET_PARK_SNZ_74,E-29 Jhilmil Colony,park,REG_W216,SCH_AMRUT,ACT_SUP_MAHESH,,completed,28.667815,77.307047,,Area: 0.06 acres,MCD,,semi_structured_xlsx,0.9
ASSET_PARK_SNZ_75,E -Block Krishna Market,park,REG_W216,SCH_AMRUT,ACT_SUP_MAHESH,,completed,28.669429,77.306972,,Area: 0.35 acres,MCD,,semi_structured_xlsx,0.9
ASSET_PARK_SNZ_76,"H.No.216 D.D.A FLT., Jhilmil Colony. Satyam Enclave",park,REG_W216,SCH_AMRUT,ACT_SUP_MAHESH,,completed,28.667081,77.305614,,Area: 0.33 acres,MCD,,semi_structured_xlsx,0.9
ASSET_PARK_SNZ_77,"205, D.D.A Flt, Jhilmil Colony, Satyam Enclave",park,REG_W216,SCH_AMRUT,ACT_SUP_MAHESH,,completed,28.667871,77.305689,,Area: 0.21 acres,MCD,,semi_structured_xlsx,0.9
ASSET_PARK_SNZ_78,"142, D.D.A FLT, Jhilmil Colony, Satyam Enclave",park,REG_W216,SCH_AMRUT,ACT_SUP_MAHESH,,completed,28.667347,77.305144,,Area: 0.21 acres,MCD,,semi_structured_xlsx,0.9
ASSET_PARK_SNZ_79,"56, D.D.A Flt., Jhilmil Colony, Satyam Enclave",park,REG_W216,SCH_AMRUT,ACT_SUP_MAHESH,,completed,28.66685,77.304508,,Area: 0.34 acres,MCD,,semi_structured_xlsx,0.9
ASSET_PARK_SNZ_80,"H.NO.122, D.D.A Flt, Jhilmil Colony, Satyam Enclave",park,REG_W216,SCH_AMRUT,ACT_SUP_MAHESH,,completed,28.668084,77.304879,,Area: 0.27 acres,MCD,,semi_structured_xlsx,0.9
ASSET_PARK_SNZ_81,"H.NO.49, D.D.A Flt, Jhilmil Colony, Satyam Enclave",park,REG_W216,SCH_AMRUT,ACT_SUP_MAHESH,,completed,28.667832,77.304037,,Area: 0.57 acres,MCD,,semi_structured_xlsx,0.9
ASSET_PARK_SNZ_82,H.No.50-B Vivek  Vihar-II,park,REG_W216,SCH_AMRUT,ACT_SUP_MAHESH,,completed,28.671987,77.301826,,Area: 0.44 acres,MCD,,semi_structured_xlsx,0.9
ASSET_PARK_SNZ_83,"H.No. 30, A Block Vivek Vihar",park,REG_W216,SCH_AMRUT,ACT_SUP_MAHESH,,completed,28.670575,77.305466,,Area: 0.08 acres,MCD,,semi_structured_xlsx,0.9
ASSET_PARK_SNZ_84,"H.No. 62, 123,  A Block Vivek Vihar Ph-II",park,REG_W216,SCH_AMRUT,ACT_SUP_MAHESH,,completed,28.669021,77.305323,,Area: 0.93 acres,MCD,,semi_structured_xlsx,0.9
ASSET_PARK_SNZ_85,"8-B, D.D.A Flt. Vivek Vihar -II",park,REG_W216,SCH_AMRUT,ACT_SUP_MAHESH,,completed,28.671208,77.302272,,Area: 0.08 acres,MCD,,semi_structured_xlsx,0.9
ASSET_PARK_SNZ_86,"15B, D.D.A Flt. Vivek  Vihar -II",park,REG_W216,SCH_AMRUT,ACT_SUP_MAHESH,,completed,28.67058,77.301556,,Area: 0.28 acres,MCD,,semi_structured_xlsx,0.9
ASSET_PARK_SNZ_87,"20B, D.D.A Flt. Vivek  Vihar -II",park,REG_W216,SCH_AMRUT,ACT_SUP_MAHESH,,completed,28.67058,77.301556,,Area: 0.18 acres,MCD,,semi_structured_xlsx,0.9
ASSET_PARK_SNZ_88,"9-B, D.D.A Flt. Vivek  Vihar -II",park,REG_W216,SCH_AMRUT,ACT_SUP_MAHESH,,completed,28.671217,77.301642,,Area: 0.08 acres,MCD,,semi_structured_xlsx,0.9
ASSET_PARK_SNZ_89,"36-B, D.D.A Flt. Vivek  Vihar -II",park,REG_W216,SCH_AMRUT,ACT_SUP_MAHESH,,completed,28.670092,77.302389,,Area: 0.14 acres,MCD,,semi_structured_xlsx,0.9
ASSET_PARK_SNZ_90,Shamshan Ghat I,park,REG_W216,SCH_AMRUT,ACT_SUP_MAHESH,,completed,28.670674,77.300991,,Area: 0.35 acres,MCD,,semi_structured_xlsx,0.9
ASSET_PARK_SNZ_91,Shamshan Ghat  Park,park,REG_W216,SCH_AMRUT,ACT_SUP_MAHESH,,completed,28.677055,77.301358,,Area: 0.37 acres,MCD,,semi_structured_xlsx,0.9
ASSET_PARK_SNZ_92,"Indira Park, Jwala Nagar",park,REG_W216,SCH_AMRUT,ACT_SUP_MAHESH,,completed,28.670117,77.298398,,Area: 1.55 acres,MCD,,semi_structured_xlsx,0.9
ASSET_PARK_SNZ_93,Mukesh Nagar Park I,park,REG_W216,SCH_AMRUT,ACT_SUP_MAHESH,,completed,28.671392,77.296318,,Area: 0.24 acres,MCD,,semi_structured_xlsx,0.9
ASSET_PARK_SNZ_94,Mukesh Nagar Park II (Mini Stadium),park,REG_W216,SCH_AMRUT,ACT_SUP_MAHESH,,completed,28.671392,77.296318,,Area: 1.3 acres,MCD,,semi_structured_xlsx,0.9
ASSET_PARK_SNZ_95,Park B-Pocket Near H.NO. 60-A Dilshad Garden.,park,REG_W217,SCH_AMRUT,ACT_SUP_BRIJBIR,,completed,28.680779,77.315605,,Area: 0.74 acres,MCD,,semi_structured_xlsx,0.9
ASSET_PARK_SNZ_96,Park B-Pkt. Near H.NO. 101-A Dilshad Garden.,park,REG_W217,SCH_AMRUT,ACT_SUP_BRIJBIR,,completed,28.680164,77.315018,,Area: 0.1 acres,MCD,,semi_structured_xlsx,0.9
ASSET_PARK_SNZ_97,"Park  B-Pkt. H.NO.-138, 139-A Dilshad Garden.",park,REG_W217,SCH_AMRUT,ACT_SUP_BRIJBIR,,completed,28.680016,77.315785,,Area: 0.74 acres,MCD,,semi_structured_xlsx,0.9
ASSET_PARK_SNZ_98,Park B-PKT. Near H.NO. 8-A Dilshad Garden.,park,REG_W217,SCH_AMRUT,ACT_SUP_BRIJBIR,,completed,28.681272,77.31484,,Area: 0.27 acres,MCD,,semi_structured_xlsx,0.9
ASSET_PARK_SNZ_99,"Park B-Pocket A-31, Dilshad Garden, Store wala Park",park,REG_W217,SCH_AMRUT,ACT_SUP_BRIJBIR,,completed,28.680866,77.315206,,Area: 0.54 acres,MCD,,semi_structured_xlsx,0.9
ASSET_PARK_SNZ_100,Park E-Pkt. Near H.NO. 172-A Dilshad Garden.,park,REG_W217,SCH_AMRUT,ACT_SUP_BRIJBIR,,completed,28.681778,77.317358,,Area: 0.26 acres,MCD,,semi_structured_xlsx,0.9
ASSET_PARK_SNZ_101,"Park E-Pkt. Near H.NO. 181-A, 183,  Dilshad  Garden.",park,REG_W217,SCH_AMRUT,ACT_SUP_BRIJBIR,,completed,28.680687,77.317662,,Area: 0.49 acres,MCD,,semi_structured_xlsx,0.9
ASSET_PARK_SNZ_102,Park E-Pkt.Near H.NO. 65-A Dilshad Garden.,park,REG_W217,SCH_AMRUT,ACT_SUP_BRIJBIR,,completed,28.682025,77.31641,,Area: 0.08 acres,MCD,,semi_structured_xlsx,0.9
ASSET_PARK_SNZ_103,Park E-Pkt.Near H.NO. 128-A Dilshad Garden.,park,REG_W217,SCH_AMRUT,ACT_SUP_BRIJBIR,,completed,28.681327,77.31759,,Area: 0.18 acres,MCD,,semi_structured_xlsx,0.9
ASSET_PARK_SNZ_104,"Park E-Pkt.Near H.NO. 68-A Dilshad Garden, Lokesh Park",park,REG_W217,SCH_AMRUT,ACT_SUP_BRIJBIR,,completed,28.682285,77.316637,,Area: 0.36 acres,MCD,,semi_structured_xlsx,0.9
ASSET_PARK_SNZ_105,Park E-Pkt.Near H.NO. 152-A Dilshad Garden.,park,REG_W217,SCH_AMRUT,ACT_SUP_BRIJBIR,,completed,28.674057,77.316771,,Area: 0.08 acres,MCD,,semi_structured_xlsx,0.9
ASSET_PARK_SNZ_106,Park E-Pkt.Near H.NO. 13-A Dilshad Garden.,park,REG_W217,SCH_AMRUT,ACT_SUP_BRIJBIR,,completed,28.682459,77.317318,,Area: 0.1 acres,MCD,,semi_structured_xlsx,0.9
ASSET_PARK_SNZ_107,Park F-Pkt.Near H.NO. 208-A Dilshad Garden.,park,REG_W217,SCH_AMRUT,ACT_SUP_BRIJBIR,,completed,28.679952,77.318555,,Area: 1.72 acres,MCD,,semi_structured_xlsx,0.9
ASSET_PARK_SNZ_108,Park H-Pkt.Near H.NO. 42-A Dilshad Garden.,park,REG_W217,SCH_AMRUT,ACT_SUP_BRIJBIR,,completed,28.681128,77.320076,,Area: 0.37 acres,MCD,,semi_structured_xlsx,0.9
ASSET_PARK_SNZ_109,Park H-Pkt.Near H.NO. 195-A Dilshad Garden.,park,REG_W217,SCH_AMRUT,ACT_SUP_BRIJBIR,,completed,28.680995,77.317825,,Area: 0.16 acres,MCD,,semi_structured_xlsx,0.9
ASSET_PARK_SNZ_110,Park H-Pkt.Near H.NO. 30-A Dilshad Garden.,park,REG_W217,SCH_AMRUT,ACT_SUP_BRIJBIR,,completed,28.680644,77.319617,,Area: 0.25 acres,MCD,,semi_structured_xlsx,0.9
ASSET_PARK_SNZ_111,"Park A-Block H.NO. 14/G-3, Dilshad Garden.",park,REG_W217,SCH_AMRUT,ACT_SUP_BRIJBIR,,completed,28.679963,77.314101,,Area: 0.25 acres,MCD,,semi_structured_xlsx,0.9
ASSET_PARK_SNZ_112,"Park A-Block H.NO. 21-A/G2, Dilshad  Garden.",park,REG_W217,SCH_AMRUT,ACT_SUP_BRIJBIR,,completed,28.679139,77.313511,,Area: 1.98 acres,MCD,,semi_structured_xlsx,0.9
ASSET_PARK_SNZ_113,Park A-Block H.NO. A-20/G2 Dilshad Garden.,park,REG_W217,SCH_AMRUT,ACT_SUP_BRIJBIR,,completed,28.678878,77.313398,,Area: 0.05 acres,MCD,,semi_structured_xlsx,0.9
ASSET_PARK_SNZ_114,"Park  A-Block Opp . H.NO. A-3/G-2, Dilshad Garden.",park,REG_W217,SCH_AMRUT,ACT_SUP_BRIJBIR,,completed,28.678536,77.313495,,Area: 0.46 acres,MCD,,semi_structured_xlsx,0.9
ASSET_PARK_SNZ_115,"Park A-Block H.NO. A-30/G-3, Dilshad Garden.",park,REG_W217,SCH_AMRUT,ACT_SUP_BRIJBIR,,completed,28.680343,77.313207,,Area: 0.09 acres,MCD,,semi_structured_xlsx,0.9
ASSET_PARK_SNZ_116,"Park A-Block H.NO. A-20/G-1, Dilshad Garden.",park,REG_W217,SCH_AMRUT,ACT_SUP_BRIJBIR,,completed,28.679818,77.313314,,Area: 0.12 acres,MCD,,semi_structured_xlsx,0.9
ASSET_PARK_SNZ_117,"Park B-Block H.NO. B-11/G-2, Dilshad Garden.",park,REG_W217,SCH_AMRUT,ACT_SUP_BRIJBIR,,completed,28.678293,77.311341,,Area: 0.19 acres,MCD,,semi_structured_xlsx,0.9
ASSET_PARK_SNZ_118,"Park B-Block H.NO. B-43/G-2, Dilshad  Garden.",park,REG_W217,SCH_AMRUT,ACT_SUP_BRIJBIR,,completed,28.678717,77.310884,,Area: 0.47 acres,MCD,,semi_structured_xlsx,0.9
ASSET_PARK_SNZ_119,"Park B-Block H.NO. B-44, Dilshad Garden.",park,REG_W217,SCH_AMRUT,ACT_SUP_BRIJBIR,,completed,28.678233,77.310647,,Area: 0.85 acres,MCD,,semi_structured_xlsx,0.9
ASSET_PARK_SNZ_120,"Park  B-Block H.NO. B-1/G2,  Dilshad Garden.",park,REG_W217,SCH_AMRUT,ACT_SUP_BRIJBIR,,completed,28.678223,77.311796,,Area: 0.02 acres,MCD,,semi_structured_xlsx,0.9
ASSET_PARK_SNZ_121,"Park B-Block H.NO. B-30 G-2,Dilshad Garden.",park,REG_W217,SCH_AMRUT,ACT_SUP_BRIJBIR,,completed,28.67923,77.310958,,Area: 0.35 acres,MCD,,semi_structured_xlsx,0.9
ASSET_PARK_SNZ_122,"Park B-Block H.NO. B-19/G-2, Dilshad  Garden.",park,REG_W217,SCH_AMRUT,ACT_SUP_BRIJBIR,,completed,28.678685,77.311855,,Area: 0.07 acres,MCD,,semi_structured_xlsx,0.9
ASSET_PARK_SNZ_123,Park B-Block H.NO. B-51/ G-2Dilshad  Garden.,park,REG_W217,SCH_AMRUT,ACT_SUP_BRIJBIR,,completed,28.6787,77.309327,,Area: 0.31 acres,MCD,,semi_structured_xlsx,0.9
ASSET_PARK_SNZ_124,Park B-Block H.NO. B-7/ G-2Dilshad  Garden.,park,REG_W217,SCH_AMRUT,ACT_SUP_BRIJBIR,,completed,28.678169,77.311348,,Area: 0.26 acres,MCD,,semi_structured_xlsx,0.9
ASSET_PARK_SNZ_125,Park R-Block alongwith H.NO. 15-A Dilshad Garden,park,REG_W217,SCH_AMRUT,ACT_SUP_BRIJBIR,,completed,28.677133,77.309826,,Area: 0.56 acres,MCD,,semi_structured_xlsx,0.9
ASSET_PARK_SNZ_126,"Park R-Block Behind H.NO. R-9 Dogra Park, Dilshad  Garden.",park,REG_W217,SCH_AMRUT,ACT_SUP_BRIJBIR,,completed,28.676773,77.309139,,Area: 0.08 acres,MCD,,semi_structured_xlsx,0.9
ASSET_PARK_SNZ_127,Park R-Block Behind H.NO. R-12 Dilshad Garden,park,REG_W217,SCH_AMRUT,ACT_SUP_BRIJBIR,,completed,28.676436,77.308835,,Area: 0.07 acres,MCD,,semi_structured_xlsx,0.9
ASSET_PARK_SNZ_128,Park R-Block Behind H.NO. R-19 Dilshad Garden.,park,REG_W217,SCH_AMRUT,ACT_SUP_BRIJBIR,,completed,28.677086,77.310782,,Area: 0.09 acres,MCD,,semi_structured_xlsx,0.9
ASSET_PARK_SNZ_129,Park R-Block H.NO. R-72-A Dilshad  Garden.,park,REG_W217,SCH_AMRUT,ACT_SUP_BRIJBIR,,completed,28.677159,77.312879,,Area: 0.08 acres,MCD,,semi_structured_xlsx,0.9
ASSET_PARK_SNZ_130,Park R-Block Behind H.NO. R-61-A Dilshad Garden,park,REG_W217,SCH_AMRUT,ACT_SUP_BRIJBIR,,completed,28.677908,77.312065,,Area: 0.08 acres,MCD,,semi_structured_xlsx,0.9
ASSET_PARK_SNZ_131,"Park R-Block Behind H.No. 40, Dilshad Garden.",park,REG_W217,SCH_AMRUT,ACT_SUP_BRIJBIR,,completed,28.678015,77.311065,,Area: 0.07 acres,MCD,,semi_structured_xlsx,0.9
ASSET_PARK_SNZ_132,"Park R-Block Behind H.NO. 33A, Dilshad Garden.",park,REG_W217,SCH_AMRUT,ACT_SUP_BRIJBIR,,completed,28.677079,77.311237,,Area: 0.08 acres,MCD,,semi_structured_xlsx,0.9
ASSET_PARK_SNZ_133,Park R-Block Behind H.NO. 29 B. Dilshad Garden.,park,REG_W217,SCH_AMRUT,ACT_SUP_BRIJBIR,,completed,28.677898,77.310746,,Area: 0.07 acres,MCD,,semi_structured_xlsx,0.9
ASSET_PARK_SNZ_134,Park R-Block Behind H.NO. 45-A. Dilshad Garden.,park,REG_W217,SCH_AMRUT,ACT_SUP_BRIJBIR,,completed,28.678227,77.311897,,Area: 0.09 acres,MCD,,semi_structured_xlsx,0.9
ASSET_PARK_SNZ_135,"Park R-Block Green Belt H.O. 78-A, Dilshad  Garden.",park,REG_W217,SCH_AMRUT,ACT_SUP_BRIJBIR,,completed,28.677906,77.312895,,Area: 0.23 acres,MCD,,semi_structured_xlsx,0.9
ASSET_PARK_SNZ_136,"Park R-Block with H.NO. 75-A, Dilshad Garden Green Belt.",park,REG_W217,SCH_AMRUT,ACT_SUP_BRIJBIR,,completed,28.676967,77.312391,,Area: 0.02 acres,MCD,,semi_structured_xlsx,0.9
ASSET_PARK_SNZ_137,"Park R-Block  H.NO. 54, Dilshad  Garden.",park,REG_W217,SCH_AMRUT,ACT_SUP_BRIJBIR,,completed,28.677007,77.311757,,Area: 0.07 acres,MCD,,semi_structured_xlsx,0.9
ASSET_PARK_SNZ_138,"Totlot at R block, Dilshad Garden (3 no. Parks)",park,REG_W217,SCH_AMRUT,ACT_SUP_BRIJBIR,,completed,28.677042,77.314341,,Area: 1.97 acres,MCD,,semi_structured_xlsx,0.9
ASSET_PARK_SNZ_139,"Park I – H.No. 1, Dilshad Garden",park,REG_W217,SCH_AMRUT,ACT_SUP_JAI_PRAKASH,,completed,28.680607,77.320795,,Area: 0.32 acres,MCD,,semi_structured_xlsx,0.9
ASSET_PARK_SNZ_140,"Park I – H.No.8–9, Dilshad Garden",park,REG_W217,SCH_AMRUT,ACT_SUP_JAI_PRAKASH,,completed,28.680564,77.321638,,Area: 0.5 acres,MCD,,semi_structured_xlsx,0.9
ASSET_PARK_SNZ_141,"Park I – H.No. 16-17, Dilshad Garden",park,REG_W217,SCH_AMRUT,ACT_SUP_JAI_PRAKASH,,completed,28.681003,77.322218,,Area: 0.5 acres,MCD,,semi_structured_xlsx,0.9
ASSET_PARK_SNZ_142,"Park I – H.No.22-21, Dilshad Garden",park,REG_W217,SCH_AMRUT,ACT_SUP_JAI_PRAKASH,,completed,28.681154,77.321564,,Area: 0.5 acres,MCD,,semi_structured_xlsx,0.9
ASSET_PARK_SNZ_143,"Park I – H.No.29-30, Dilshad Garden",park,REG_W217,SCH_AMRUT,ACT_SUP_JAI_PRAKASH,,completed,28.680513,77.321084,,Area: 0.5 acres,MCD,,semi_structured_xlsx,0.9
ASSET_PARK_SNZ_144,"Park I – H.No. 35-36, Dilshad Garden",park,REG_W217,SCH_AMRUT,ACT_SUP_JAI_PRAKASH,,completed,28.680106,77.321052,,Area: 0.22 acres,MCD,,semi_structured_xlsx,0.9
ASSET_PARK_SNZ_145,"Park I – H.No.41-42, Dilshad Garden",park,REG_W217,SCH_AMRUT,ACT_SUP_JAI_PRAKASH,,completed,28.680271,77.322178,,Area: 0.22 acres,MCD,,semi_structured_xlsx,0.9
ASSET_PARK_SNZ_146,"Park I – H.No.60-61, Dilshad Garden",park,REG_W217,SCH_AMRUT,ACT_SUP_JAI_PRAKASH,,completed,28.688016,77.322269,,Area: 0.81 acres,MCD,,semi_structured_xlsx,0.9
ASSET_PARK_SNZ_147,"Park I – H.No.63, Dilshad Garden",park,REG_W217,SCH_AMRUT,ACT_SUP_JAI_PRAKASH,,completed,28.679828,77.322073,,Area: 0.22 acres,MCD,,semi_structured_xlsx,0.9
ASSET_PARK_SNZ_148,"Park I – H.No. 38-39, Dilshad Garden",park,REG_W217,SCH_AMRUT,ACT_SUP_JAI_PRAKASH,,completed,28.679991,77.32198,,Area: 0.12 acres,MCD,,semi_structured_xlsx,0.9
ASSET_PARK_SNZ_149,"Park I – H.No.69-70, Dilshad Garden",park,REG_W217,SCH_AMRUT,ACT_SUP_JAI_PRAKASH,,completed,28.680195,77.322155,,Area: 0.53 acres,MCD,,semi_structured_xlsx,0.9
ASSET_PARK_SNZ_150,"Park I – H.No.49-50, Dilshad Garden",park,REG_W217,SCH_AMRUT,ACT_SUP_JAI_PRAKASH,,completed,28.67964,77.321254,,Area: 0.53 acres,MCD,,semi_structured_xlsx,0.9
ASSET_PARK_SNZ_151,"Park I – H.No.75-76, Dilshad Garden",park,REG_W217,SCH_AMRUT,ACT_SUP_JAI_PRAKASH,,completed,28.679693,77.321695,,Area: 0.22 acres,MCD,,semi_structured_xlsx,0.9
ASSET_PARK_SNZ_152,"Park I – H.No. 94-95, Dilshad Garden",park,REG_W217,SCH_AMRUT,ACT_SUP_JAI_PRAKASH,,completed,28.679822,77.322489,,Area: 1.83 acres,MCD,,semi_structured_xlsx,0.9
ASSET_PARK_SNZ_153,"Park I – H.No. 93-9, Dilshad Garden",park,REG_W217,SCH_AMRUT,ACT_SUP_JAI_PRAKASH,,completed,28.679143,77.322456,,Area: 0.5 acres,MCD,,semi_structured_xlsx,0.9
ASSET_PARK_SNZ_154,"Park I – H.No. 47-48, Dilshad Garden",park,REG_W217,SCH_AMRUT,ACT_SUP_JAI_PRAKASH,,completed,28.679872,77.321423,,Area: 0.12 acres,MCD,,semi_structured_xlsx,0.9
ASSET_PARK_SNZ_155,"Park I – H.No.82, Dilshad Garden",park,REG_W217,SCH_AMRUT,ACT_SUP_JAI_PRAKASH,,completed,28.679748,77.322,,Area: 0.05 acres,MCD,,semi_structured_xlsx,0.9
ASSET_PARK_SNZ_156,"Park I – H.No. 97, Dilshad Garden",park,REG_W217,SCH_AMRUT,ACT_SUP_JAI_PRAKASH,,completed,28.67964,77.32278,,Area: 0.12 acres,MCD,,semi_structured_xlsx,0.9
ASSET_PARK_SNZ_157,"Park I – H.No. 125, Dilshad Garden",park,REG_W217,SCH_AMRUT,ACT_SUP_JAI_PRAKASH,,completed,28.679622,77.322698,,Area: 0.12 acres,MCD,,semi_structured_xlsx,0.9
ASSET_PARK_SNZ_158,"Park I – H.No. 120, Dilshad Garden",park,REG_W217,SCH_AMRUT,ACT_SUP_JAI_PRAKASH,,completed,28.679597,77.322973,,Area: 0.05 acres,MCD,,semi_structured_xlsx,0.9
ASSET_PARK_SNZ_159,"Park I – H.No. 111, Dilshad Garden",park,REG_W217,SCH_AMRUT,ACT_SUP_JAI_PRAKASH,,completed,28.679898,77.322029,,Area: 0.47 acres,MCD,,semi_structured_xlsx,0.9
ASSET_PARK_SNZ_160,"Park I – H.No. 115, Dilshad Garden",park,REG_W217,SCH_AMRUT,ACT_SUP_JAI_PRAKASH,,completed,28.680449,77.328109,,Area: 0.47 acres,MCD,,semi_structured_xlsx,0.9
ASSET_PARK_SNZ_161,"Park J & K H.No. 389, Dilshad Garden",park,REG_W217,SCH_AMRUT,ACT_SUP_NISHANT,,completed,28.681929,77.32294,,Area: 0.03 acres,MCD,,semi_structured_xlsx,0.9
ASSET_PARK_SNZ_162,"Park J & K H.No. 390, Dilshad Garden",park,REG_W217,SCH_AMRUT,ACT_SUP_NISHANT,,completed,28.681752,77.323884,,Area: 0.14 acres,MCD,,semi_structured_xlsx,0.9
ASSET_PARK_SNZ_163,"Park J & K H.No.382, Dilshad Garden",park,REG_W217,SCH_AMRUT,ACT_SUP_NISHANT,,completed,28.682504,77.324601,,Area: 0.14 acres,MCD,,semi_structured_xlsx,0.9
ASSET_PARK_SNZ_164,"Park J & K H.No. 366-368, Dilshad Garden",park,REG_W217,SCH_AMRUT,ACT_SUP_NISHANT,,completed,28.682678,77.32546,,Area: 0.16 acres,MCD,,semi_structured_xlsx,0.9
ASSET_PARK_SNZ_165,"Park J & K H.No. 355-354, Dilshad Garden",park,REG_W217,SCH_AMRUT,ACT_SUP_NISHANT,,completed,28.68333,77.326376,,Area: 0.16 acres,MCD,,semi_structured_xlsx,0.9
ASSET_PARK_SNZ_166,"Park J & K H.No. 255-305, Dilshad Garden",park,REG_W217,SCH_AMRUT,ACT_SUP_NISHANT,,completed,28.683078,77.326462,,Area: 2.41 acres,MCD,,semi_structured_xlsx,0.9
ASSET_PARK_SNZ_167,"Park J & K H.No. 213-214, Dilshad Garden",park,REG_W217,SCH_AMRUT,ACT_SUP_NISHANT,,completed,28.681249,77.324713,,Area: 0.14 acres,MCD,,semi_structured_xlsx,0.9
ASSET_PARK_SNZ_168,"Park J & K H.No. 194-195, Dilshad Garden",park,REG_W217,SCH_AMRUT,ACT_SUP_NISHANT,,completed,28.681098,77.324598,,Area: 0.22 acres,MCD,,semi_structured_xlsx,0.9
ASSET_PARK_SNZ_169,"Park J & K H.No. 223-224, Dilshad Garden",park,REG_W217,SCH_AMRUT,ACT_SUP_NISHANT,,completed,28.681474,77.325814,,Area: 0.13 acres,MCD,,semi_structured_xlsx,0.9
ASSET_PARK_SNZ_170,"Park J & K H.No. 181-182, Dilshad Garden",park,REG_W217,SCH_AMRUT,ACT_SUP_NISHANT,,completed,28.681926,77.325287,,Area: 0.13 acres,MCD,,semi_structured_xlsx,0.9
ASSET_PARK_SNZ_171,"Park J & K H.No. 235-236, Dilshad Garden",park,REG_W217,SCH_AMRUT,ACT_SUP_NISHANT,,completed,28.68195,77.326231,,Area: 0.13 acres,MCD,,semi_structured_xlsx,0.9
ASSET_PARK_SNZ_172,"Park J & K H.No. 252-236, Dilshad Garden",park,REG_W217,SCH_AMRUT,ACT_SUP_NISHANT,,completed,28.682702,77.326804,,Area: 0.13 acres,MCD,,semi_structured_xlsx,0.9
ASSET_PARK_SNZ_173,"Park J & K H.No. 172, Dilshad Garden",park,REG_W217,SCH_AMRUT,ACT_SUP_NISHANT,,completed,28.681956,77.325903,,Area: 0.13 acres,MCD,,semi_structured_xlsx,0.9
ASSET_PARK_SNZ_174,"Park J & K H.No. 109-140, Dilshad Garden",park,REG_W217,SCH_AMRUT,ACT_SUP_NISHANT,,completed,28.681417,77.325641,,Area: 2.27 acres,MCD,,semi_structured_xlsx,0.9
ASSET_PARK_SNZ_175,"Park J & K H.No. 41-42, Dilshad Garden",park,REG_W217,SCH_AMRUT,ACT_SUP_NISHANT,,completed,28.681687,77.328092,,Area: 0.04 acres,MCD,,semi_structured_xlsx,0.9
ASSET_PARK_SNZ_176,"Park J & K H.No. 56-57, Dilshad Garden",park,REG_W217,SCH_AMRUT,ACT_SUP_NISHANT,,completed,28.680996,77.326286,,Area: 0.92 acres,MCD,,semi_structured_xlsx,0.9
ASSET_PARK_SNZ_177,"Park J & K H.No. 66-67, Dilshad Garden",park,REG_W217,SCH_AMRUT,ACT_SUP_NISHANT,,completed,28.680915,77.326001,,Area: 0.37 acres,MCD,,semi_structured_xlsx,0.9
ASSET_PARK_SNZ_178,"Park J & K H.No. 101-103, Dilshad Garden",park,REG_W217,SCH_AMRUT,ACT_SUP_NISHANT,,completed,28.680311,77.325661,,Area: 0.13 acres,MCD,,semi_structured_xlsx,0.9
ASSET_PARK_SNZ_179,"Park J & K H.No. 85-86, Dilshad Garden",park,REG_W217,SCH_AMRUT,ACT_SUP_NISHANT,,completed,28.680409,77.325053,,Area: 0.13 acres,MCD,,semi_structured_xlsx,0.9
ASSET_PARK_SNZ_180,"Park J & K H.No. 78-79, Dilshad Garden",park,REG_W217,SCH_AMRUT,ACT_SUP_NISHANT,,completed,28.679955,77.324037,,Area: 0.35 acres,MCD,,semi_structured_xlsx,0.9
ASSET_PARK_SNZ_181,"Park J & K H.No. 1-34, Dilshad Garden",park,REG_W217,SCH_AMRUT,ACT_SUP_NISHANT,,completed,28.680266,77.325501,,Area: 2.27 acres,MCD,,semi_structured_xlsx,0.9
ASSET_PARK_SNZ_182,"Park G– Block H.No. 16 , Dilshad colony",park,REG_W217,SCH_AMRUT,ACT_SUP_NISHANT,,completed,28.681745,77.328576,,Area: 0.63 acres,MCD,,semi_structured_xlsx,0.9
ASSET_PARK_SNZ_183,"Park G– Block Mandir Wala Park, H.No.  214 Old Seemapuri  Dilshad colony",park,REG_W217,SCH_AMRUT,ACT_SUP_NISHANT,,completed,28.683127,77.329887,,Area: 1.13 acres,MCD,,semi_structured_xlsx,0.9
ASSET_PARK_SNZ_184,"Park-G Block H. No. 43-45 & 70,Dilshad colony Durga mata Mandir",park,REG_W217,SCH_AMRUT,ACT_SUP_NISHANT,,completed,28.683025,77.328808,,Area: 1.03 acres,MCD,,semi_structured_xlsx,0.9
ASSET_PARK_SNZ_185,"Park Near Masjid, G– Block H.No. 168 , Dilshad colony",park,REG_W217,SCH_AMRUT,ACT_SUP_NISHANT,,completed,28.6833,77.331118,,Area: 1.05 acres,MCD,,semi_structured_xlsx,0.9
ASSET_PARK_SNZ_186,"Park F– Block H.No. 16 , Dilshad colony",park,REG_W217,SCH_AMRUT,ACT_SUP_NISHANT,,completed,28.680462,77.327902,,Area: 0.84 acres,MCD,,semi_structured_xlsx,0.9
ASSET_PARK_SNZ_187,"ParkE-Block, Market + Park Dilshad colony",park,REG_W217,SCH_AMRUT,ACT_SUP_NISHANT,,completed,28.684634,77.329089,,Area: 0.79 acres,MCD,,semi_structured_xlsx,0.9
ASSET_PARK_SNZ_188,"Park H.No. 290 & 291 , B Block, Sabji Mandi  Old Seempuri-110095",park,REG_W217,SCH_AMRUT,ACT_SUP_NISHANT,,completed,28.686006,77.329987,,Area: 0.3 acres,MCD,,semi_structured_xlsx,0.9
ASSET_PARK_SNZ_189,"DDA Mkt.J-Bl Shop No.100, Park-1,Old Seemapuri",park,REG_W217,SCH_AMRUT,ACT_SUP_NISHANT,,completed,28.680624,77.327721,,Area: 0.1 acres,MCD,,semi_structured_xlsx,0.9
ASSET_PARK_SNZ_190,"DDA Mkt.J-Bl Shop No.100-101, Park-2,Old Seemapuri",park,REG_W217,SCH_AMRUT,ACT_SUP_NISHANT,,completed,28.680624,77.327721,,Area: 0.1 acres,MCD,,semi_structured_xlsx,0.9
ASSET_PARK_SNZ_191,"DDA Mkt.J-Bl Shop No.100-101, Park-3,Old Seemapuri",park,REG_W217,SCH_AMRUT,ACT_SUP_NISHANT,,completed,28.680624,77.327721,,Area: 0.1 acres,MCD,,semi_structured_xlsx,0.9
ASSET_PARK_SNZ_192,"Park J- Block Near H.No. 273, Old Seema Puri",park,REG_W217,SCH_AMRUT,ACT_SUP_NISHANT,,completed,28.680941,77.326989,,Area: 0.61 acres,MCD,,semi_structured_xlsx,0.9
ASSET_PARK_SNZ_193,"Park G-Block school , Old seema  puri",park,REG_W217,SCH_AMRUT,ACT_SUP_NISHANT,,completed,28.681183,77.331273,,Area: 0.57 acres,MCD,,semi_structured_xlsx,0.9
ASSET_PARK_SNZ_194,"Park L-Pocket, H.No.-13-A Dilshad Garden",park,REG_W217,SCH_AMRUT,ACT_SUP_JAI_PRAKASH,,completed,28.681751,77.321697,,Area: 0.38 acres,MCD,,semi_structured_xlsx,0.9
ASSET_PARK_SNZ_195,"Park L-Pocket, H.No.-152/A Dilshad Garden",park,REG_W217,SCH_AMRUT,ACT_SUP_JAI_PRAKASH,,completed,28.681773,77.323078,,Area: 0.38 acres,MCD,,semi_structured_xlsx,0.9
ASSET_PARK_SNZ_196,"Park L-Pocket, H.No.-162/A Dilshad Garden",park,REG_W217,SCH_AMRUT,ACT_SUP_JAI_PRAKASH,,completed,28.683056,77.323576,,Area: 0.2 acres,MCD,,semi_structured_xlsx,0.9
ASSET_PARK_SNZ_197,"Park L-Pocket, H.No.174-A Dilshad Garden",park,REG_W217,SCH_AMRUT,ACT_SUP_JAI_PRAKASH,,completed,28.682102,77.322727,,Area: 0.1 acres,MCD,,semi_structured_xlsx,0.9
ASSET_PARK_SNZ_198,"Park SG Pocket, H.No. 23 A Dilshad Garden",park,REG_W217,SCH_AMRUT,ACT_SUP_JAI_PRAKASH,,completed,28.683811,77.323443,,Area: 0.2 acres,MCD,,semi_structured_xlsx,0.9
ASSET_PARK_SNZ_199,"Park SG Pocket, H.No. 58 A Dilshad Garden",park,REG_W217,SCH_AMRUT,ACT_SUP_JAI_PRAKASH,,completed,28.68387,77.324624,,Area: 0.38 acres,MCD,,semi_structured_xlsx,0.9
ASSET_PARK_SNZ_200,"Park SG Pocket, H.No. 33 A Dilshad Garden",park,REG_W217,SCH_AMRUT,ACT_SUP_JAI_PRAKASH,,completed,28.684472,77.3241,,Area: 0.21 acres,MCD,,semi_structured_xlsx,0.9
ASSET_PARK_SNZ_201,"Park M Pocket H.No. M14/A 5, Dilshad Garden",park,REG_W217,SCH_AMRUT,ACT_SUP_JAI_PRAKASH,,completed,28.68416,77.324959,,Area: 0.19 acres,MCD,,semi_structured_xlsx,0.9
ASSET_PARK_SNZ_202,"Park M Pocket H.No. 30A, Dilshad Garden",park,REG_W217,SCH_AMRUT,ACT_SUP_JAI_PRAKASH,,completed,28.684548,77.325128,,Area: 0.52 acres,MCD,,semi_structured_xlsx,0.9
ASSET_PARK_SNZ_203,"Park M Pocket H.No. 20/A2, Dilshad Garden",park,REG_W217,SCH_AMRUT,ACT_SUP_JAI_PRAKASH,,completed,28.684412,77.325715,,Area: 0.17 acres,MCD,,semi_structured_xlsx,0.9
ASSET_PARK_SNZ_204,"Park N Pocket H.No. N3/A4, Dilshad Garden",park,REG_W217,SCH_AMRUT,ACT_SUP_JAI_PRAKASH,,completed,28.685711,77.325231,,Area: 0.2 acres,MCD,,semi_structured_xlsx,0.9
ASSET_PARK_SNZ_205,"Park N Pocket H.No. 24/A5, Dilshad Garden",park,REG_W217,SCH_AMRUT,ACT_SUP_JAI_PRAKASH,,completed,28.684785,77.324385,,Area: 0.19 acres,MCD,,semi_structured_xlsx,0.9
ASSET_PARK_SNZ_206,Park N Pocket H.No. N7/A3 Dilshad Garden,park,REG_W217,SCH_AMRUT,ACT_SUP_JAI_PRAKASH,,completed,28.686141,77.324478,,Area: 0.32 acres,MCD,,semi_structured_xlsx,0.9
ASSET_PARK_SNZ_207,"Park N Pocket H.No. 21 & 32,A 2, Dilshad Garden",park,REG_W217,SCH_AMRUT,ACT_SUP_JAI_PRAKASH,,completed,28.685716,77.323854,,Area: 0.32 acres,MCD,,semi_structured_xlsx,0.9
ASSET_PARK_SNZ_208,"ParkN Pocket H.No. 26/A4, Dilshad Garden",park,REG_W217,SCH_AMRUT,ACT_SUP_JAI_PRAKASH,,completed,28.685654,77.323506,,Area: 0.16 acres,MCD,,semi_structured_xlsx,0.9
ASSET_PARK_SNZ_209,"Park N Pocket H.No.  N29/A 5, Dilshad Garden",park,REG_W217,SCH_AMRUT,ACT_SUP_JAI_PRAKASH,,completed,28.685181,77.324322,,Area: 1.21 acres,MCD,,semi_structured_xlsx,0.9
ASSET_PARK_SNZ_210,"Park N Pocket H.No. N3/A4, Dilshad Garden",park,REG_W217,SCH_AMRUT,ACT_SUP_JAI_PRAKASH,,completed,28.685332,77.324836,,Area: 0.14 acres,MCD,,semi_structured_xlsx,0.9
ASSET_PARK_SNZ_211,"Park H-Block, In Sunder Nagari",park,REG_W218,SCH_AMRUT,ACT_SUP_KRIPAL_SINGH,,completed,28.695768,77.319784,,Area: 0.59 acres,MCD,,semi_structured_xlsx,0.9
ASSET_PARK_SNZ_212,"Park F-1, H.No.-47 Sunder Nagari",park,REG_W218,SCH_AMRUT,ACT_SUP_KRIPAL_SINGH,,completed,,,,Area: 0.42 acres,MCD,,semi_structured_xlsx,0.9
ASSET_PARK_SNZ_213,"Park F-1,  H.No.-225 Sunder Nagari",park,REG_W218,SCH_AMRUT,ACT_SUP_KRIPAL_SINGH,,completed,,,,Area: 0.42 acres,MCD,,semi_structured_xlsx,0.9
ASSET_PARK_SNZ_214,"Park F-1,  H.No. 241 Sunder Nagari",park,REG_W218,SCH_AMRUT,ACT_SUP_KRIPAL_SINGH,,completed,28.697337,77.317798,,Area: 0.41 acres,MCD,,semi_structured_xlsx,0.9
ASSET_PARK_SNZ_215,"Park F-1, H.No. 170  Sunder Nagari",park,REG_W218,SCH_AMRUT,ACT_SUP_KRIPAL_SINGH,,completed,,,,Area: 0.57 acres,MCD,,semi_structured_xlsx,0.9
ASSET_PARK_SNZ_216,"K-Block,Park Sunder Nagari",park,REG_W218,SCH_AMRUT,ACT_SUP_KRIPAL_SINGH,,completed,28.697017,77.317715,,Area: 0.46 acres,MCD,,semi_structured_xlsx,0.9
ASSET_PARK_SNZ_217,"Park F-1,  H.No.386 Sunder Nagari",park,REG_W218,SCH_AMRUT,ACT_SUP_KRIPAL_SINGH,,completed,,,,Area: 0.57 acres,MCD,,semi_structured_xlsx,0.9
ASSET_PARK_SNZ_218,"Park F-1, H.No. 373 Sunder Nagari",park,REG_W218,SCH_AMRUT,ACT_SUP_KRIPAL_SINGH,,completed,,,,Area: 0.42 acres,MCD,,semi_structured_xlsx,0.9
ASSET_PARK_SNZ_219,"Park F-1, H.No. 116  Sunder Nagari",park,REG_W218,SCH_AMRUT,ACT_SUP_KRIPAL_SINGH,,completed,,,,Area: 0.42 acres,MCD,,semi_structured_xlsx,0.9
ASSET_PARK_SNZ_220,"Park F-2, H.No. 312  Sunder Nagari",park,REG_W218,SCH_AMRUT,ACT_SUP_KRIPAL_SINGH,,completed,,,,Area: 0.42 acres,MCD,,semi_structured_xlsx,0.9
ASSET_PARK_SNZ_221,"Park F-2,  H.No. 395,Sunder Nagari",park,REG_W218,SCH_AMRUT,ACT_SUP_KRIPAL_SINGH,,completed,,,,Area: 0.42 acres,MCD,,semi_structured_xlsx,0.9
ASSET_PARK_SNZ_222,"Park F-2, H.No. 447,Sunder Nagari",park,REG_W218,SCH_AMRUT,ACT_SUP_KRIPAL_SINGH,,completed,,,,Area: 0.42 acres,MCD,,semi_structured_xlsx,0.9
ASSET_PARK_SNZ_223,"Park F-2,H.No.56,Sunder Nagari",park,REG_W218,SCH_AMRUT,ACT_SUP_KRIPAL_SINGH,,completed,28.720588,77.332922,,Area: 0.07 acres,MCD,,semi_structured_xlsx,0.9
ASSET_PARK_SNZ_224,"Park F-2,H.No.381,Sunder Nagari",park,REG_W218,SCH_AMRUT,ACT_SUP_KRIPAL_SINGH,,completed,,,,Area: 0.45 acres,MCD,,semi_structured_xlsx,0.9
ASSET_PARK_SNZ_225,"Park F-2, H.No. 359,Sunder Nagari",park,REG_W218,SCH_AMRUT,ACT_SUP_KRIPAL_SINGH,,completed,,,,Area: 0.56 acres,MCD,,semi_structured_xlsx,0.9
ASSET_PARK_SNZ_226,"Park F-2, H.No. 221Sunder Nagari",park,REG_W218,SCH_AMRUT,ACT_SUP_KRIPAL_SINGH,,completed,,,,Area: 0.41 acres,MCD,,semi_structured_xlsx,0.9
ASSET_PARK_SNZ_227,"Park F-2, H.No. 246 Sunder Nagari",park,REG_W218,SCH_AMRUT,ACT_SUP_KRIPAL_SINGH,,completed,28.719908,77.331911,,Area: 0.64 acres,MCD,,semi_structured_xlsx,0.9
ASSET_PARK_SNZ_228,"Park F-2, H.No. 187 Sunder Nagari",park,REG_W218,SCH_AMRUT,ACT_SUP_KRIPAL_SINGH,,completed,,,,Area: 0.42 acres,MCD,,semi_structured_xlsx,0.9
ASSET_PARK_SNZ_229,"Park F-2, H.No. 152 Sunder Nagari",park,REG_W218,SCH_AMRUT,ACT_SUP_KRIPAL_SINGH,,completed,,,,Area: 0.42 acres,MCD,,semi_structured_xlsx,0.9
ASSET_PARK_SNZ_230,"Park F-2, H.No. 78 Sunder Nagari",park,REG_W218,SCH_AMRUT,ACT_SUP_KRIPAL_SINGH,,completed,,,,Area: 0.42 acres,MCD,,semi_structured_xlsx,0.9
ASSET_PARK_SNZ_231,"M-Block, Sunder Nargi-110093",park,REG_W218,SCH_AMRUT,ACT_SUP_KRIPAL_SINGH,,completed,,,,Area: 0.1 acres,MCD,,semi_structured_xlsx,0.9
ASSET_PARK_SNZ_232,"I-Block ,  Ambedkar Park Sunder Nagari",park,REG_W218,SCH_AMRUT,ACT_SUP_KRIPAL_SINGH,,completed,28.715731,77.326654,,Area: 0.67 acres,MCD,,semi_structured_xlsx,0.9
ASSET_PARK_SNZ_233,"M-Block , H.No. - 110, Sunder Nagari",park,REG_W218,SCH_AMRUT,ACT_SUP_KRIPAL_SINGH,,completed,28.718518,77.326684,,Area: 3.09 acres,MCD,,semi_structured_xlsx,0.9
ASSET_PARK_SNZ_234,"M-Block, H. No.- 283, Sunder Nagari",park,REG_W218,SCH_AMRUT,ACT_SUP_KRIPAL_SINGH,,completed,,,,Area: 0.5 acres,MCD,,semi_structured_xlsx,0.9
ASSET_PARK_SNZ_235,"M-Block , Dhobi Ghat Sunder Nagari",park,REG_W218,SCH_AMRUT,ACT_SUP_KRIPAL_SINGH,,completed,,,,Area: 0.2 acres,MCD,,semi_structured_xlsx,0.9
ASSET_PARK_SNZ_236,"N-Block, H.No. 442 Sunder Nagari",park,REG_W218,SCH_AMRUT,ACT_SUP_KRIPAL_SINGH,,completed,28.721016,77.33237,,Area: 0.94 acres,MCD,,semi_structured_xlsx,0.9
ASSET_PARK_SNZ_237,"O- Block , Park, H.No. 33, Sunder Nagari",park,REG_W218,SCH_AMRUT,ACT_SUP_KRIPAL_SINGH,,completed,28.719687,77.327712,,Area: 0.52 acres,MCD,,semi_structured_xlsx,0.9
ASSET_PARK_SNZ_238,"O- Block ,Park, H.No. 297 Sunder Nagari",park,REG_W218,SCH_AMRUT,ACT_SUP_KRIPAL_SINGH,,completed,,,,Area: 0.03 acres,MCD,,semi_structured_xlsx,0.9
ASSET_PARK_SNZ_239,"O- Block , Park, H.No. 430 Sunder Nagari",park,REG_W218,SCH_AMRUT,ACT_SUP_KRIPAL_SINGH,,completed,,,,Area: 0.05 acres,MCD,,semi_structured_xlsx,0.9
ASSET_PARK_SNZ_240,"J-Block, Park Sunder Nagari",park,REG_W218,SCH_AMRUT,ACT_SUP_KRIPAL_SINGH,,completed,28.693366,77.323984,,Area: 0.48 acres,MCD,,semi_structured_xlsx,0.9
ASSET_PARK_SNZ_241,"K-Block,ParkSunder Nagari",park,REG_W218,SCH_AMRUT,ACT_SUP_KRIPAL_SINGH,,completed,,,,Area: 0.48 acres,MCD,,semi_structured_xlsx,0.9
ASSET_PARK_SNZ_242,"S.K.F.Block, 10-11, No.- 85, Sunder Nagari",park,REG_W218,SCH_AMRUT,ACT_SUP_KRIPAL_SINGH,,completed,,,,Area: 1.2 acres,MCD,,semi_structured_xlsx,0.9
ASSET_PARK_SNZ_243,"S.K.F.Block, 3-4, No. 42, Sunder Nagari",park,REG_W218,SCH_AMRUT,ACT_SUP_KRIPAL_SINGH,,completed,,,,Area: 0.7 acres,MCD,,semi_structured_xlsx,0.9
ASSET_PARK_SNZ_244,"S.K.F.Block, 2-3, No. 21-40,, Sunder Nagari",park,REG_W218,SCH_AMRUT,ACT_SUP_KRIPAL_SINGH,,completed,28.719063,77.327063,,Area: 0.45 acres,MCD,,semi_structured_xlsx,0.9
ASSET_PARK_SNZ_245,"S.K.F.- Block, L/2, Flat No. 26-27, Sunder Nagari",park,REG_W218,SCH_AMRUT,ACT_SUP_KRIPAL_SINGH,,completed,28.694713,77.322951,,Area: 0.77 acres,MCD,,semi_structured_xlsx,0.9
ASSET_PARK_SNZ_246,"S.K.F.- Block,L/7, Flat No. 125,, Sunder Nagari",park,REG_W218,SCH_AMRUT,ACT_SUP_KRIPAL_SINGH,,completed,,,,Area: 0.51 acres,MCD,,semi_structured_xlsx,0.9
ASSET_PARK_SNZ_247,"S.K.F.- Block, L/8, Flat No, 148, Sunder Nagari",park,REG_W218,SCH_AMRUT,ACT_SUP_KRIPAL_SINGH,,completed,,,,Area: 0.39 acres,MCD,,semi_structured_xlsx,0.9
ASSET_PARK_SNZ_248,"S.K.F.- Block, L/7, Flat No, 122, Sunder Nagari",park,REG_W218,SCH_AMRUT,ACT_SUP_KRIPAL_SINGH,,completed,,,,Area: 0.41 acres,MCD,,semi_structured_xlsx,0.9
ASSET_PARK_SNZ_249,"S.K.F.- Block,L/6, flat No. 6-7, Sunder Nagari",park,REG_W218,SCH_AMRUT,ACT_SUP_KRIPAL_SINGH,,completed,,,,Area: 0.51 acres,MCD,,semi_structured_xlsx,0.9
ASSET_PARK_SNZ_250,"S.K.F.- Block, L/5, Flat No. 82-83,, Sunder Nagari",park,REG_W218,SCH_AMRUT,ACT_SUP_KRIPAL_SINGH,,completed,,,,Area: 0.44 acres,MCD,,semi_structured_xlsx,0.9
ASSET_PARK_SNZ_251,"L-Block , Sundar Nagari-110093",park,REG_W218,SCH_AMRUT,ACT_SUP_KRIPAL_SINGH,,completed,,,,Area: 0.48 acres,MCD,,semi_structured_xlsx,0.9
ASSET_PARK_SNZ_252,"E Block Near Depot , New Seemapuri",park,REG_W218,SCH_AMRUT,ACT_SUP_KRIPAL_SINGH,,completed,28.687685,77.328436,,Area: 0.98 acres,MCD,,semi_structured_xlsx,0.9
ASSET_PARK_SNZ_253,"Park A- Block N. No. 1-26 , New Seemapuri DLF Modh 70 Foota",park,REG_W218,SCH_AMRUT,ACT_SUP_KRIPAL_SINGH,,completed,28.690716,77.327582,,Area: 0.7 acres,MCD,,semi_structured_xlsx,0.9
ASSET_PARK_SNZ_254,"Park A-Block H. No. 21-26, New Seemapuri",park,REG_W218,SCH_AMRUT,ACT_SUP_KRIPAL_SINGH,,completed,28.684718,77.313666,,Area: 0.62 acres,MCD,,semi_structured_xlsx,0.9
ASSET_PARK_SNZ_255,"Park B-Block H.No. 30-31,442 New Seemapuri",park,REG_W218,SCH_AMRUT,ACT_SUP_KRIPAL_SINGH,,completed,28.691317,77.328033,,Area: 0.7 acres,MCD,,semi_structured_xlsx,0.9
ASSET_PARK_SNZ_256,"Park B-Block H.No. 30-31, New Seemapuri",park,REG_W218,SCH_AMRUT,ACT_SUP_KRIPAL_SINGH,,completed,28.689581,77.328447,,Area: 0.64 acres,MCD,,semi_structured_xlsx,0.9
ASSET_PARK_SNZ_257,Park F-Block near Police Both. New Seemapuri,park,REG_W218,SCH_AMRUT,ACT_SUP_KRIPAL_SINGH,,completed,28.687594,77.328367,,Area: 0.06 acres,MCD,,semi_structured_xlsx,0.9
ASSET_PARK_SNZ_258,Green area at  (Ambedkar Park New Seema Puri,park,REG_W218,SCH_AMRUT,ACT_SUP_KRIPAL_SINGH,,completed,28.4129947,77.1940521,,Area: 1.07 acres,MCD,,semi_structured_xlsx,0.9
ASSET_PARK_SNZ_259,"Park LIG Pocket Opp. H.No. 137,  (Pooja Park) G.T.B. Enclave",park,REG_W219,SCH_AMRUT,ACT_SUP_SANJEEV_KUMAR,,completed,28.6888,77.310849,,Area: 1.01 acres,MCD,,semi_structured_xlsx,0.9
ASSET_PARK_SNZ_260,"Park LIG Pocket Opp. H.No. 353, (Chanayak Park) G.T.B. Enclave",park,REG_W219,SCH_AMRUT,ACT_SUP_SANJEEV_KUMAR,,completed,28.688533,77.310052,,Area: 1.05 acres,MCD,,semi_structured_xlsx,0.9
ASSET_PARK_SNZ_261,"Park LIG Pocket Opp. H.No.81-A, G.T.B. Enclave (Neta Ji Subhash Chand Park)",park,REG_W219,SCH_AMRUT,ACT_SUP_SANJEEV_KUMAR,,completed,28.687194,77.311423,,Area: 0.87 acres,MCD,,semi_structured_xlsx,0.9
ASSET_PARK_SNZ_262,"Park LIG Pocket Opp. H.No. 18-A, (Luthra Park) G.T.B. Enclave",park,REG_W219,SCH_AMRUT,ACT_SUP_SANJEEV_KUMAR,,completed,28.68767,77.309908,,Area: 0.38 acres,MCD,,semi_structured_xlsx,0.9
ASSET_PARK_SNZ_263,"Park LIG Pocket Opp. H.No. 221-A, (Lab Garg Park) G.T.B. Enclave",park,REG_W219,SCH_AMRUT,ACT_SUP_SANJEEV_KUMAR,,completed,28.687959,77.309557,,Area: 0.8 acres,MCD,,semi_structured_xlsx,0.9
ASSET_PARK_SNZ_264,"Park LIG Pocket Opp. Near Mother Dairy , G.T.B. Enclave",park,REG_W219,SCH_AMRUT,ACT_SUP_SANJEEV_KUMAR,,completed,28.687419,77.310519,,Area: 0.18 acres,MCD,,semi_structured_xlsx,0.9
ASSET_PARK_SNZ_265,"Park LIG E-Pocket, H.No. 262-291 (Rama Krishana Park)  G.T.B. Enclave",park,REG_W219,SCH_AMRUT,ACT_SUP_SANJEEV_KUMAR,,completed,28.688304,77.309655,,Area: 0.91 acres,MCD,,semi_structured_xlsx,0.9
ASSET_PARK_SNZ_266,"Park MIG E- Pocket H.No. 185-142A, Store G.T.B. Enclave",park,REG_W219,SCH_AMRUT,ACT_SUP_SANJEEV_KUMAR,,completed,28.687421,77.310764,,Area: 1.49 acres,MCD,,semi_structured_xlsx,0.9
ASSET_PARK_SNZ_267,"Park MIG, F- Pocket  H.No. 239+240, Park No. 1 G.T.B. Enclave",park,REG_W219,SCH_AMRUT,ACT_SUP_DINESH,,completed,28.674216,77.31096,,Area: 0.02 acres,MCD,,semi_structured_xlsx,0.9
ASSET_PARK_SNZ_268,"Park MIG, F- Pocket  H.No.137-138, Park No. 2 G.T.B. Enclave",park,REG_W219,SCH_AMRUT,ACT_SUP_DINESH,,completed,28.683809,77.312135,,Area: 0.18 acres,MCD,,semi_structured_xlsx,0.9
ASSET_PARK_SNZ_269,"Park MIG, F- Pocket  H.No. 129-130, Park No. 3 G.T.B. Enclave",park,REG_W219,SCH_AMRUT,ACT_SUP_DINESH,,completed,28.684452,77.312857,,Area: 0.1 acres,MCD,,semi_structured_xlsx,0.9
ASSET_PARK_SNZ_270,"Park MIG, F- Pocket  H.No.191-192, Park No.4  G.T.B. Enclave",park,REG_W219,SCH_AMRUT,ACT_SUP_DINESH,,completed,28.686339,77.313054,,Area: 0.49 acres,MCD,,semi_structured_xlsx,0.9
ASSET_PARK_SNZ_271,"Park MIG, F- Pocket  H.No. 233-234, Park No.5 G.T.B. Enclave",park,REG_W219,SCH_AMRUT,ACT_SUP_DINESH,,completed,28.684533,77.311553,,Area: 0.02 acres,MCD,,semi_structured_xlsx,0.9
ASSET_PARK_SNZ_272,"Park MIG, F- Pocket  H.No. 231-243 A, Park No. 6 G.T.B. Enclave",park,REG_W219,SCH_AMRUT,ACT_SUP_DINESH,,completed,28.684666,77.311543,,Area: 0.02 acres,MCD,,semi_structured_xlsx,0.9
ASSET_PARK_SNZ_273,"Park MIG, F- Pocket  H.No. 141-132, Park No. 7 G.T.B. Enclave",park,REG_W219,SCH_AMRUT,ACT_SUP_DINESH,,completed,28.684263,77.312378,,Area: 0.1 acres,MCD,,semi_structured_xlsx,0.9
ASSET_PARK_SNZ_274,"MIG, Park No. 08 F-Pocket  G.T.B. Enclave",park,REG_W219,SCH_AMRUT,ACT_SUP_DINESH,,completed,28.68395,77.312585,,Area: 0.11 acres,MCD,,semi_structured_xlsx,0.9
ASSET_PARK_SNZ_275,"Park MIG, F- Pocket  H.No. 239+240, Park No. 1 G.T.B. Enclave",park,REG_W219,SCH_AMRUT,ACT_SUP_DINESH,,completed,28.683655,77.312279,,Area: 0.44 acres,MCD,,semi_structured_xlsx,0.9
ASSET_PARK_SNZ_276,"MIG Park No. 10 F-Pocket H. No. 175 A, G.T.B Enclave",park,REG_W219,SCH_AMRUT,ACT_SUP_DINESH,,completed,28.68463,77.31261,,Area: 0.44 acres,MCD,,semi_structured_xlsx,0.9
ASSET_PARK_SNZ_277,"Park MIG, F- Pocket  H.No. 173A , Park No. 11 G.T.B. Enclave",park,REG_W219,SCH_AMRUT,ACT_SUP_DINESH,,completed,28.68817,77.312933,,Area: 0.43 acres,MCD,,semi_structured_xlsx,0.9
ASSET_PARK_SNZ_278,"Park MIG, F- Pocket  H.No. 87A, Park No. 12 G.T.B. Enclave",park,REG_W219,SCH_AMRUT,ACT_SUP_DINESH,,completed,28.686186,77.313028,,Area: 1.32 acres,MCD,,semi_structured_xlsx,0.9
ASSET_PARK_SNZ_279,"Park MIG, F- Pocket  H.No. 127, Park No. 13 G.T.B. Enclave",park,REG_W219,SCH_AMRUT,ACT_SUP_DINESH,,completed,28.685001,77.312335,,Area: 0.4 acres,MCD,,semi_structured_xlsx,0.9
ASSET_PARK_SNZ_280,"Park MIG, F- Pocket  H.No. 221, Park No.14 G.T.B. Enclave",park,REG_W219,SCH_AMRUT,ACT_SUP_DINESH,,completed,28.685433,77.313295,,Area: 0.02 acres,MCD,,semi_structured_xlsx,0.9
ASSET_PARK_SNZ_281,"Park MIG, F- Pocket  H.No. 201, Park No. 15 G.T.B. Enclave",park,REG_W219,SCH_AMRUT,ACT_SUP_DINESH,,completed,28.688707,77.313216,,Area: 0.16 acres,MCD,,semi_structured_xlsx,0.9
ASSET_PARK_SNZ_282,"Park MIG, F- Pocket  H.No. 121, Park No. 16 G.T.B. Enclave",park,REG_W219,SCH_AMRUT,ACT_SUP_DINESH,,completed,28.684932,77.313654,,Area: 0.1 acres,MCD,,semi_structured_xlsx,0.9
ASSET_PARK_SNZ_283,"Park MIG, F- Pocket  H.No. 109, Park No. 17 G.T.B. Enclave",park,REG_W219,SCH_AMRUT,ACT_SUP_DINESH,,completed,28.684639,77.313317,,Area: 0.44 acres,MCD,,semi_structured_xlsx,0.9
ASSET_PARK_SNZ_284,"Park MIG, F- Pocket  H.No.205 Park No. 18 G.T.B. Enclave",park,REG_W219,SCH_AMRUT,ACT_SUP_DINESH,,completed,28.685246,77.31309,,Area: 0.01 acres,MCD,,semi_structured_xlsx,0.9
ASSET_PARK_SNZ_285,"Park MIG, F- Pocket  H.No. 167, Park No. 19 G.T.B. Enclave",park,REG_W219,SCH_AMRUT,ACT_SUP_DINESH,,completed,28.68519,77.313293,,Area: 0.44 acres,MCD,,semi_structured_xlsx,0.9
ASSET_PARK_SNZ_286,"Park MIG, F- Pocket  H.No. 157, Park No. 20 G.T.B. Enclave",park,REG_W219,SCH_AMRUT,ACT_SUP_DINESH,,completed,28.685267,77.313349,,Area: 0.44 acres,MCD,,semi_structured_xlsx,0.9
ASSET_PARK_SNZ_287,"Park MIG, F- Pocket  H.No.113, Park No. 21 G.T.B. Enclave",park,REG_W219,SCH_AMRUT,ACT_SUP_DINESH,,completed,28.684587,77.31334,,Area: 0.01 acres,MCD,,semi_structured_xlsx,0.9
ASSET_PARK_SNZ_288,"Park MIG, F- Pocket Park No. 22 G.T.B. Enclave",park,REG_W219,SCH_AMRUT,ACT_SUP_DINESH,,completed,28.687721,77.315367,,Area: 0.32 acres,MCD,,semi_structured_xlsx,0.9
ASSET_PARK_SNZ_289,"Park MIG, F- Pocket  H.No.90, Park No. 23 G.T.B. Enclave",park,REG_W219,SCH_AMRUT,ACT_SUP_DINESH,,completed,28.684198,77.31346,,Area: 0.44 acres,MCD,,semi_structured_xlsx,0.9
ASSET_PARK_SNZ_290,"Park MIG, F- Pocket  H.No. 40, Park No. 24 G.T.B. Enclave",park,REG_W219,SCH_AMRUT,ACT_SUP_DINESH,,completed,28.686665,77.310393,,Area: 0.89 acres,MCD,,semi_structured_xlsx,0.9
ASSET_PARK_SNZ_291,"Park MIG, F- Pocket  H.No. 95, Park No. 25 G.T.B. Enclave",park,REG_W219,SCH_AMRUT,ACT_SUP_DINESH,,completed,28.682713,77.312164,,Area: 0.44 acres,MCD,,semi_structured_xlsx,0.9
ASSET_PARK_SNZ_292,"Park MIG, F- Pocket  H.No. 1-2, Park No. 26 G.T.B. Enclave",park,REG_W219,SCH_AMRUT,ACT_SUP_DINESH,,completed,28.682717,77.311887,,Area: 0.01 acres,MCD,,semi_structured_xlsx,0.9
ASSET_PARK_SNZ_293,"Park MIG, F- Pocket Green Belt , Park No. 27 G.T.B. Enclave",park,REG_W219,SCH_AMRUT,ACT_SUP_DINESH,,completed,28.685832,77.314711,,Area: 0.54 acres,MCD,,semi_structured_xlsx,0.9
ASSET_PARK_SNZ_294,"Park MIG, F- Pocket  H.No. 9-10A, Park No. 28 G.T.B. Enclave",park,REG_W219,SCH_AMRUT,ACT_SUP_DINESH,,completed,28.682827,77.3129,,Area: 0.42 acres,MCD,,semi_structured_xlsx,0.9
ASSET_PARK_SNZ_295,"Park MIG, F- Pocket  H.No. 15, Park No. 29 G.T.B. Enclave",park,REG_W219,SCH_AMRUT,ACT_SUP_DINESH,,completed,28.68325,77.313674,,Area: 0.39 acres,MCD,,semi_structured_xlsx,0.9
ASSET_PARK_SNZ_296,"Park MIG, F- Pocket  H.No. 57-58, Park No. 30 G.T.B. Enclave",park,REG_W219,SCH_AMRUT,ACT_SUP_DINESH,,completed,28.683987,77.313032,,Area: 0.01 acres,MCD,,semi_structured_xlsx,0.9
ASSET_PARK_SNZ_297,"Park MIG, F- Pocket  H.No. 31-32, Park No. 31 G.T.B. Enclave",park,REG_W219,SCH_AMRUT,ACT_SUP_DINESH,,completed,28.684302,77.31388,,Area: 0.44 acres,MCD,,semi_structured_xlsx,0.9
ASSET_PARK_SNZ_298,"Park MIG, F- Pocket  H.No. 19-20, Park No. 32 G.T.B. Enclave",park,REG_W219,SCH_AMRUT,ACT_SUP_DINESH,,completed,28.683699,77.31375,,Area: 0.44 acres,MCD,,semi_structured_xlsx,0.9
ASSET_PARK_SNZ_299,"Park MIG, F- Pocket , Park No. 33 G.T.B. Enclave",park,REG_W219,SCH_AMRUT,ACT_SUP_DINESH,,completed,28.686611,77.314347,,Area: 0.24 acres,MCD,,semi_structured_xlsx,0.9
ASSET_PARK_SNZ_300,"Park MIG, F- Pocket  H.No. 65, Park No.34 G.T.B. Enclave",park,REG_W219,SCH_AMRUT,ACT_SUP_DINESH,,completed,28.684418,77.314477,,Area: 0.02 acres,MCD,,semi_structured_xlsx,0.9
ASSET_PARK_SNZ_301,"Park MIG, F- Pocket  H.No. 67, Park No. 35 G.T.B. Enclave",park,REG_W219,SCH_AMRUT,ACT_SUP_DINESH,,completed,28.684163,77.31451,,Area: 0.48 acres,MCD,,semi_structured_xlsx,0.9
ASSET_PARK_SNZ_302,"Park MIG, F- Pocket  H.No. 69, Park No. 36 G.T.B. Enclave",park,REG_W219,SCH_AMRUT,ACT_SUP_DINESH,,completed,28.687364,77.315135,,Area: 0.5 acres,MCD,,semi_structured_xlsx,0.9
ASSET_PARK_SNZ_303,"Park MIG, F- Pocket  H.No. 72, Park No. 37 G.T.B. Enclave",park,REG_W219,SCH_AMRUT,ACT_SUP_DINESH,,completed,28.684277,77.314066,,Area: 0.01 acres,MCD,,semi_structured_xlsx,0.9
ASSET_PARK_SNZ_304,"Park MIG, F- Pocket  Green Belt  H.No. 97 G.T.B. Enclave",park,REG_W219,SCH_AMRUT,ACT_SUP_DINESH,,completed,28.683206,77.311969,,Area: 0.41 acres,MCD,,semi_structured_xlsx,0.9
ASSET_PARK_SNZ_305,"Park MIG, F- Pocket  Green Belt  G.T.B. Enclave",park,REG_W219,SCH_AMRUT,ACT_SUP_DINESH,,completed,28.682978,77.311811,,Area: 0.04 acres,MCD,,semi_structured_xlsx,0.9
ASSET_PARK_SNZ_306,"Park MIG, F- Pocket  H.No. 185, G.T.B. Enclave",park,REG_W219,SCH_AMRUT,ACT_SUP_DINESH,,completed,28.683586,77.311904,,Area: 0.03 acres,MCD,,semi_structured_xlsx,0.9
ASSET_PARK_SNZ_307,"Mahila Park C-Block, H.No. C-69X2  Dilshad Garden",park,REG_W219,SCH_AMRUT,ACT_SUP_SANJEEV_KUMAR,,completed,28.68053,77.308867,,Area: 0.67 acres,MCD,,semi_structured_xlsx,0.9
ASSET_PARK_SNZ_308,C-Block Store Park C-68X4 Dilshad Garnden,park,REG_W219,SCH_AMRUT,ACT_SUP_SANJEEV_KUMAR,,completed,28.68038,77.308838,,Area: 1.19 acres,MCD,,semi_structured_xlsx,0.9
ASSET_PARK_SNZ_309,C-Block Opp. H.No. C-68X2 Park Dilshad Garnden,park,REG_W219,SCH_AMRUT,ACT_SUP_SANJEEV_KUMAR,,completed,28.677395,77.30481,,Area: 0.51 acres,MCD,,semi_structured_xlsx,0.9
ASSET_PARK_SNZ_310,C-Block Opp. H.No. C-63X3 Park Dilshad Garnden,park,REG_W219,SCH_AMRUT,ACT_SUP_SANJEEV_KUMAR,,completed,28.68038,77.308638,,Area: 2.04 acres,MCD,,semi_structured_xlsx,0.9
ASSET_PARK_SNZ_311,C-Block Opp. H.No. C-68X3 Park Dilshad Garnden,park,REG_W219,SCH_AMRUT,ACT_SUP_SANJEEV_KUMAR,,completed,28.677665,77.305521,,Area: 0.49 acres,MCD,,semi_structured_xlsx,0.9
ASSET_PARK_SNZ_312,C-Block Opp. H.No. C-51X4 Park Dilshad Garnden,park,REG_W219,SCH_AMRUT,ACT_SUP_SANJEEV_KUMAR,,completed,28.680731,77.308953,,Area: 0.42 acres,MCD,,semi_structured_xlsx,0.9
ASSET_PARK_SNZ_313,C-Block Opp. H.No. C 53X1  Park Dilshad Garnden,park,REG_W219,SCH_AMRUT,ACT_SUP_SANJEEV_KUMAR,,completed,28.677834,77.307085,,Area: 0.43 acres,MCD,,semi_structured_xlsx,0.9
ASSET_PARK_SNZ_314,C-Block Opp. H.No. C 62Y2 Park Dilshad Garnden,park,REG_W219,SCH_AMRUT,ACT_SUP_SANJEEV_KUMAR,,completed,28.677421,77.305585,,Area: 0.23 acres,MCD,,semi_structured_xlsx,0.9
ASSET_PARK_SNZ_315,C-Block Golchakar Park Dilshad Garnden,park,REG_W219,SCH_AMRUT,ACT_SUP_SANJEEV_KUMAR,,completed,28.677742,77.307063,,Area: 0.25 acres,MCD,,semi_structured_xlsx,0.9
ASSET_PARK_SNZ_316,C-Block Opp. H.No.  C–2/G-2 Park Dilshad Garnden,park,REG_W219,SCH_AMRUT,ACT_SUP_SANJEEV_KUMAR,,completed,28.68043,77.308867,,Area: 0.16 acres,MCD,,semi_structured_xlsx,0.9
ASSET_PARK_SNZ_317,C-Block Opp. H.No. C–9 Park Dilshad Garnden,park,REG_W219,SCH_AMRUT,ACT_SUP_SANJEEV_KUMAR,,completed,28.680656,77.308867,,Area: 0.54 acres,MCD,,semi_structured_xlsx,0.9
ASSET_PARK_SNZ_318,C-Block Opp. H.No. C–6 Park Dilshad Garnden,park,REG_W219,SCH_AMRUT,ACT_SUP_SANJEEV_KUMAR,,completed,28.680555,77.308524,,Area: 0.86 acres,MCD,,semi_structured_xlsx,0.9
ASSET_PARK_SNZ_319,C-Block Opp. H.No. C–18X1 Park Dilshad Garnden,park,REG_W219,SCH_AMRUT,ACT_SUP_SANJEEV_KUMAR,,completed,28.679755,77.309381,,Area: 0.07 acres,MCD,,semi_structured_xlsx,0.9
ASSET_PARK_SNZ_320,C-Block Opp. H.No. C–19X1 Park Dilshad Garnden,park,REG_W219,SCH_AMRUT,ACT_SUP_SANJEEV_KUMAR,,completed,28.679905,77.309295,,Area: 0.02 acres,MCD,,semi_structured_xlsx,0.9
ASSET_PARK_SNZ_321,C-Block Opp. H.No. C–19X1 Park Dilshad Garnden,park,REG_W219,SCH_AMRUT,ACT_SUP_SANJEEV_KUMAR,,completed,28.679811,77.309316,,Area: 0.04 acres,MCD,,semi_structured_xlsx,0.9
ASSET_PARK_SNZ_322,C-Block Opp. H.No. C–28Y1 Park Dilshad Garnden,park,REG_W219,SCH_AMRUT,ACT_SUP_SANJEEV_KUMAR,,completed,28.680508,77.301776,,Area: 0.47 acres,MCD,,semi_structured_xlsx,0.9
ASSET_PARK_SNZ_323,C-Block Opp. H.No. C–40 Park Dilshad Garnden,park,REG_W219,SCH_AMRUT,ACT_SUP_SANJEEV_KUMAR,,completed,28.681015,77.308544,,Area: 0.13 acres,MCD,,semi_structured_xlsx,0.9
ASSET_PARK_SNZ_324,"C-Block Central Park,  H.No. C-23 (Maharaja Surjmal) Dilshad Garnden,-110095",park,REG_W219,SCH_AMRUT,ACT_SUP_SANJEEV_KUMAR,,completed,28.680563,77.310049,,Area: 3.14 acres,MCD,,semi_structured_xlsx,0.9
ASSET_PARK_SNZ_325,"Central Park A-Pocket , Opp. H.No. 40A. Dilshal Garden",park,REG_W219,SCH_AMRUT,ACT_SUP_DINESH,,completed,28.666639,77.320664,,Area: 0.4 acres,MCD,,semi_structured_xlsx,0.9
ASSET_PARK_SNZ_326,"Opp. Store Park A-Pocket , Opp. H.No. 154A. Dilshal Garden",park,REG_W219,SCH_AMRUT,ACT_SUP_DINESH,,completed,28.683388,77.313711,,Area: 0.25 acres,MCD,,semi_structured_xlsx,0.9
ASSET_PARK_SNZ_327,"Park A-Pocket , Opp. H.No. 81A. Dilshal Garden",park,REG_W219,SCH_AMRUT,ACT_SUP_DINESH,,completed,28.681342,77.313086,,Area: 0.06 acres,MCD,,semi_structured_xlsx,0.9
ASSET_PARK_SNZ_328,"Tikona Big Park A-Pocket , Opp. H.No. 6A. Dilshal Garden",park,REG_W219,SCH_AMRUT,ACT_SUP_DINESH,,completed,28.681393,77.314093,,Area: 0.6 acres,MCD,,semi_structured_xlsx,0.9
ASSET_PARK_SNZ_329,"Tikona Small Park A-Pocket , Opp. H.No. 16A. Dilshal Garden",park,REG_W219,SCH_AMRUT,ACT_SUP_DINESH,,completed,28.681734,77.314503,,Area: 0.46 acres,MCD,,semi_structured_xlsx,0.9
ASSET_PARK_SNZ_330,"Park D-Pocket Opp. H.No. 547, Dilshad Garden",park,REG_W219,SCH_AMRUT,ACT_SUP_DINESH,,completed,28.684146,77.317085,,Area: 0.51 acres,MCD,,semi_structured_xlsx,0.9
ASSET_PARK_SNZ_331,"Park D-Pocket Opp. H.No. 781, Dilshad Garden",park,REG_W219,SCH_AMRUT,ACT_SUP_DINESH,,completed,28.68272,77.317541,,Area: 0.1 acres,MCD,,semi_structured_xlsx,0.9
ASSET_PARK_SNZ_332,"Park D-Pocket Opp. H.No. 866, Dilshad Garden",park,REG_W219,SCH_AMRUT,ACT_SUP_DINESH,,completed,28.682805,77.317412,,Area: 0.03 acres,MCD,,semi_structured_xlsx,0.9
ASSET_PARK_SNZ_333,"Park D-Pocket Opp. H.No. 266, Dilshad Garden",park,REG_W219,SCH_AMRUT,ACT_SUP_DINESH,,completed,28.682986,77.315736,,Area: 0.44 acres,MCD,,semi_structured_xlsx,0.9
ASSET_PARK_SNZ_334,"Park D-Pocket Opp. H.No.525,(Goyal Park) Dilshad Garden",park,REG_W219,SCH_AMRUT,ACT_SUP_DINESH,,completed,28.684681,77.316443,,Area: 0.2 acres,MCD,,semi_structured_xlsx,0.9
ASSET_PARK_SNZ_335,"Park R-Pocket Opp. H.No. 24A, Dilshad Garden",park,REG_W219,SCH_AMRUT,ACT_SUP_DINESH,,completed,28.684912,77.318496,,Area: 0.25 acres,MCD,,semi_structured_xlsx,0.9
ASSET_PARK_SNZ_336,"Park R-Pocket Opp. H.No. 54A, Dilshad Garden",park,REG_W219,SCH_AMRUT,ACT_SUP_DINESH,,completed,28.684792,77.318421,,Area: 0.49 acres,MCD,,semi_structured_xlsx,0.9
ASSET_PARK_SNZ_337,"Park Q-Pocket Opp. H.No. 303, Dilshad Garden",park,REG_W219,SCH_AMRUT,ACT_SUP_DINESH,,completed,28.686218,77.321053,,Area: 0.65 acres,MCD,,semi_structured_xlsx,0.9
ASSET_PARK_SNZ_338,"Park Q-Pocket Opp. H.No. 554, Dilshad Garden",park,REG_W219,SCH_AMRUT,ACT_SUP_DINESH,,completed,28.685109,77.319252,,Area: 0.03 acres,MCD,,semi_structured_xlsx,0.9
ASSET_PARK_SNZ_339,"Park Q-Pocket Opp. H.No.2014& 213, Dilshad Garden",park,REG_W219,SCH_AMRUT,ACT_SUP_DINESH,,completed,28.684682,77.320007,,Area: 0.12 acres,MCD,,semi_structured_xlsx,0.9
ASSET_PARK_SNZ_340,"Park Q-Pocket Opp. H.No. 322, Dilshad Garden",park,REG_W219,SCH_AMRUT,ACT_SUP_DINESH,,completed,28.685296,77.321169,,Area: 0.3 acres,MCD,,semi_structured_xlsx,0.9
ASSET_PARK_SNZ_341,"Park Q-Pocket Opp. H.No. 392, Dilshad Garden",park,REG_W219,SCH_AMRUT,ACT_SUP_DINESH,,completed,28.686216,77.32073,,Area: 0.58 acres,MCD,,semi_structured_xlsx,0.9
ASSET_PARK_SNZ_342,Store Park Swami Dayanand  Hospital,park,REG_W219,SCH_AMRUT,ACT_SUP_KALU_RAM,,completed,28.678558,77.304586,,Area: 0.11 acres,MCD,,semi_structured_xlsx,0.9
ASSET_PARK_SNZ_343,Swami Dayanand Hospital Opp. Blood Bank,park,REG_W219,SCH_AMRUT,ACT_SUP_KALU_RAM,,completed,28.678605,77.304588,,Area: 0.1 acres,MCD,,semi_structured_xlsx,0.9
ASSET_PARK_SNZ_344,Swami Dayanand Hospital Behind of Kitchen,park,REG_W219,SCH_AMRUT,ACT_SUP_KALU_RAM,,completed,28.679,77.304951,,Area: 0.07 acres,MCD,,semi_structured_xlsx,0.9
ASSET_PARK_SNZ_345,Park Swami Dayanand Hospital inside the ward,park,REG_W219,SCH_AMRUT,ACT_SUP_KALU_RAM,,completed,28.67883,77.304654,,Area: 0.13 acres,MCD,,semi_structured_xlsx,0.9
ASSET_PARK_SNZ_346,Swami Dayanand Hospital Park opp. Police Room,park,REG_W219,SCH_AMRUT,ACT_SUP_KALU_RAM,,completed,28.67841,77.303801,,Area: 0.27 acres,MCD,,semi_structured_xlsx,0.9
ASSET_PARK_SNZ_347,Swami Dayanand Hospital Park opp. Emergency,park,REG_W219,SCH_AMRUT,ACT_SUP_KALU_RAM,,completed,28.678138,77.303972,,Area: 0.14 acres,MCD,,semi_structured_xlsx,0.9
ASSET_PARK_SNZ_348,"Park of Bustar Pump, Swami Dayanand Hospital",park,REG_W219,SCH_AMRUT,ACT_SUP_KALU_RAM,,completed,28.678319,77.303138,,Area: 0.13 acres,MCD,,semi_structured_xlsx,0.9
ASSET_PARK_SNZ_349,"Park Green Belt Opp. C.T.Scane, Swami Dayanand Hospital",park,REG_W219,SCH_AMRUT,ACT_SUP_KALU_RAM,,completed,28.678906,77.30338,,Area: 0.06 acres,MCD,,semi_structured_xlsx,0.9
ASSET_PARK_SNZ_350,"Park Opp. Ayurvedic, Swami Dayanand Hospital",park,REG_W219,SCH_AMRUT,ACT_SUP_KALU_RAM,,completed,28.679287,77.303954,,Area: 0.04 acres,MCD,,semi_structured_xlsx,0.9
ASSET_PARK_SNZ_351,"Pak Opp. MS. Office, Dayanand Park",park,REG_W219,SCH_AMRUT,ACT_SUP_KALU_RAM,,completed,28.679733,77.303588,,Area: 0.17 acres,MCD,,semi_structured_xlsx,0.9
ASSET_PARK_SNZ_352,"Park Behind . Ms. Office , Dayanand Park",park,REG_W219,SCH_AMRUT,ACT_SUP_KALU_RAM,,completed,28.678963,77.302419,,Area: 0.14 acres,MCD,,semi_structured_xlsx,0.9
ASSET_PARK_SNZ_353,"Park (Patti) Child Infornt Privete Ward., Dayanand Hospital",park,REG_W219,SCH_AMRUT,ACT_SUP_KALU_RAM,,completed,28.679416,77.303659,,Area: 0.1 acres,MCD,,semi_structured_xlsx,0.9
ASSET_PARK_SNZ_354,"Park, Dr. Quarter wala, Dayanand Hospital",park,REG_W219,SCH_AMRUT,ACT_SUP_KALU_RAM,,completed,28.677195,77.303075,,Area: 0.17 acres,MCD,,semi_structured_xlsx,0.9
ASSET_PARK_SNZ_355,"Park Opp. Works Division, Dayanand Park",park,REG_W219,SCH_AMRUT,ACT_SUP_KALU_RAM,,completed,28.678548,77.302225,,Area: 0.03 acres,MCD,,semi_structured_xlsx,0.9
ASSET_PARK_SNZ_356,"Park of Staff Quarter, Pump wala, Dayanand Hospital -110095",park,REG_W219,SCH_AMRUT,ACT_SUP_KALU_RAM,,completed,28.679043,77.302498,,Area: 0.07 acres,MCD,,semi_structured_xlsx,0.9
ASSET_PARK_SNZ_357,"Park of Staff Quarter, Dayanand Hospital -110095",park,REG_W219,SCH_AMRUT,ACT_SUP_KALU_RAM,,completed,28.67965,77.301467,,Area: 0.19 acres,MCD,,semi_structured_xlsx,0.9
ASSET_PARK_SNZ_358,"Park Opp. Homeopathic, Dayanand Hospital -110095",park,REG_W219,SCH_AMRUT,ACT_SUP_KALU_RAM,,completed,28.679161,77.301673,,Area: 0.41 acres,MCD,,semi_structured_xlsx,0.9
ASSET_PARK_SNZ_359,"Park Infornt of Narsing Collage, Dayanand Hospital -110095",park,REG_W219,SCH_AMRUT,ACT_SUP_KALU_RAM,,completed,28.672873,77.303125,,Area: 0.51 acres,MCD,,semi_structured_xlsx,0.9
ASSET_PARK_SNZ_360,"Park Infornt of Gate No. 2, Dayanand Hospital -110095",park,REG_W219,SCH_AMRUT,ACT_SUP_KALU_RAM,,completed,28.677781,77.303502,,Area: 0.5 acres,MCD,,semi_structured_xlsx,0.9
ASSET_PARK_SNZ_361,"Park Opp. Record Room, Dayanand Hospital -110095",park,REG_W219,SCH_AMRUT,ACT_SUP_KALU_RAM,,completed,28.679012,77.305143,,Area: 0.12 acres,MCD,,semi_structured_xlsx,0.9
ASSET_PARK_SNZ_362,"Park Opp. Janta Flat, H.No. 138,",park,REG_W219,SCH_AMRUT,ACT_SUP_KALU_RAM,,completed,28.691279,77.310894,,Area: 2.19 acres,MCD,,semi_structured_xlsx,0.9
ASSET_PARK_SNZ_363,"Park Opp. Janta Flat, H.No. 111,",park,REG_W219,SCH_AMRUT,ACT_SUP_KALU_RAM,,completed,28.689968,77.310602,,Area: 0.3 acres,MCD,,semi_structured_xlsx,0.9
ASSET_PARK_SNZ_364,"Park Opp. Janta Flat, H.No. 498,",park,REG_W219,SCH_AMRUT,ACT_SUP_KALU_RAM,,completed,28.690421,77.310369,,Area: 0.34 acres,MCD,,semi_structured_xlsx,0.9
ASSET_PARK_SNZ_365,"Park Opp. Janta Flat, H.No. 810",park,REG_W219,SCH_AMRUT,ACT_SUP_KALU_RAM,,completed,28.688404,77.311988,,Area: 0.29 acres,MCD,,semi_structured_xlsx,0.9
ASSET_PARK_SNZ_366,"Park Opp. Janta Flat, H.No. 1530",park,REG_W219,SCH_AMRUT,ACT_SUP_KALU_RAM,,completed,28.689925,77.313252,,Area: 0.34 acres,MCD,,semi_structured_xlsx,0.9
ASSET_PARK_SNZ_367,"Park Opp. Janta Flat, H.No.1264",park,REG_W219,SCH_AMRUT,ACT_SUP_KALU_RAM,,completed,28.690493,77.314874,,Area: 0.28 acres,MCD,,semi_structured_xlsx,0.9
ASSET_PARK_SNZ_368,"Park Opp. Janta Flat, H.No. 2044",park,REG_W219,SCH_AMRUT,ACT_SUP_KALU_RAM,,completed,28.692446,77.312938,,Area: 0.34 acres,MCD,,semi_structured_xlsx,0.9
ASSET_PARK_SNZ_369,"Park Opp. Janta Flat, H.No. 1805",park,REG_W219,SCH_AMRUT,ACT_SUP_KALU_RAM,,completed,28.69171,77.313136,,Area: 0.34 acres,MCD,,semi_structured_xlsx,0.9
ASSET_PARK_SNZ_370,"Park MIG, A-Pocket Opp. H.No. 59, G.T.B. Enclave",park,REG_W219,SCH_AMRUT,ACT_SUP_NABAB,,completed,28.693149,77.315124,,Area: 0.44 acres,MCD,,semi_structured_xlsx,0.9
ASSET_PARK_SNZ_371,"Park MIG, A-Pocket Opp. H.No. 55, G.T.B. Enclave",park,REG_W219,SCH_AMRUT,ACT_SUP_NABAB,,completed,28.69333,77.315035,,Area: 0.3 acres,MCD,,semi_structured_xlsx,0.9
ASSET_PARK_SNZ_372,"Park MIG, A-Pocket Opp. H.No. 51, G.T.B. Enclave",park,REG_W219,SCH_AMRUT,ACT_SUP_NABAB,,completed,28.692602,77.315011,,Area: 0.14 acres,MCD,,semi_structured_xlsx,0.9
ASSET_PARK_SNZ_373,"Park MIG, A-Pocket Opp. H.No.18 G.T.B. Enclave",park,REG_W219,SCH_AMRUT,ACT_SUP_NABAB,,completed,28.691858,77.316379,,Area: 0.14 acres,MCD,,semi_structured_xlsx,0.9
ASSET_PARK_SNZ_374,"Park MIG, A-Pocket Opp. H.No. 36, G.T.B. Enclave",park,REG_W219,SCH_AMRUT,ACT_SUP_NABAB,,completed,28.691766,77.316113,,Area: 0.3 acres,MCD,,semi_structured_xlsx,0.9
ASSET_PARK_SNZ_375,"Park MIG, A-Pocket Opp. H.No. 30, G.T.B. Enclave",park,REG_W219,SCH_AMRUT,ACT_SUP_NABAB,,completed,28.69138,77.316417,,Area: 0.47 acres,MCD,,semi_structured_xlsx,0.9
ASSET_PARK_SNZ_376,"Park LIG,B- Pocket Opp. H. No. 126, G.T.B.V Enclave -110095",park,REG_W219,SCH_AMRUT,ACT_SUP_NABAB,,completed,28.693641,77.314719,,Area: 0.47 acres,MCD,,semi_structured_xlsx,0.9
ASSET_PARK_SNZ_377,"Park LIG,B- Pocket Opp. H. No.82, G.T.B.V Enclave -110095",park,REG_W219,SCH_AMRUT,ACT_SUP_NABAB,,completed,28.693359,77.314483,,Area: 0.28 acres,MCD,,semi_structured_xlsx,0.9
ASSET_PARK_SNZ_378,"Park LIG,B- Pocket Opp. H. No.42 , G.T.B.V Enclave -110095",park,REG_W219,SCH_AMRUT,ACT_SUP_NABAB,,completed,28.692918,77.313831,,Area: 0.14 acres,MCD,,semi_structured_xlsx,0.9
ASSET_PARK_SNZ_379,"Park LIG, C–Pocket, Ambedkar park , G.T.B. Inclave  -110095",park,REG_W219,SCH_AMRUT,ACT_SUP_NABAB,,completed,28.69247,77.312939,,Area: 0.62 acres,MCD,,semi_structured_xlsx,0.9
ASSET_PARK_SNZ_380,"Parl LIG, C– Pocket Opp. H.No. 74 , G.T.B. Enclave",park,REG_W219,SCH_AMRUT,ACT_SUP_NABAB,,completed,28.692181,77.312396,,Area: 0.12 acres,MCD,,semi_structured_xlsx,0.9
ASSET_PARK_SNZ_381,"Parl LIG, C– Pocket Opp. H.No. 2 , G.T.B. Enclave",park,REG_W219,SCH_AMRUT,ACT_SUP_NABAB,,completed,28.692145,77.312104,,Area: 0.2 acres,MCD,,semi_structured_xlsx,0.9
ASSET_PARK_SNZ_382,"Parl LIG, D– Pocket Opp. H.No.64 , G.T.B. Enclave",park,REG_W219,SCH_AMRUT,ACT_SUP_NABAB,,completed,28.690297,77.310427,,Area: 0.25 acres,MCD,,semi_structured_xlsx,0.9
ASSET_PARK_SNZ_383,"Parl LIG, D– Pocket Opp. H.No. 46, G.T.B. Enclave",park,REG_W219,SCH_AMRUT,ACT_SUP_NABAB,,completed,28.690912,77.310308,,Area: 0.1 acres,MCD,,semi_structured_xlsx,0.9
ASSET_PARK_SNZ_384,"Parl LIG, D– Pocket Opp. H.No. 67 , G.T.B. Enclave",park,REG_W219,SCH_AMRUT,ACT_SUP_NABAB,,completed,28.690698,77.309473,,Area: 0.47 acres,MCD,,semi_structured_xlsx,0.9
ASSET_PARK_SNZ_385,"Park P-Pkt. Opp. H.No. P 7/4A, (Central Park) Dilshad Garden",park,REG_W219,SCH_AMRUT,ACT_SUP_NABAB,,completed,28.686901,77.329815,,Area: 0.63 acres,MCD,,semi_structured_xlsx,0.9
ASSET_PARK_SNZ_386,"Park P-Pkt. Opp. H.No.P14/A2, (Cow wala) Dilshad Garden",park,REG_W219,SCH_AMRUT,ACT_SUP_NABAB,,completed,28.686801,77.321528,,Area: 0.21 acres,MCD,,semi_structured_xlsx,0.9
ASSET_PARK_SNZ_387,"Park P-Pkt. Opp. H.No. P35, Dilshad Garden",park,REG_W219,SCH_AMRUT,ACT_SUP_NABAB,,completed,28.686762,77.321599,,Area: 0.08 acres,MCD,,semi_structured_xlsx,0.9
ASSET_PARK_SNZ_388,"Park O-Pkt. Opp. H.No. O-28/A2, Dilshad Garden",park,REG_W219,SCH_AMRUT,ACT_SUP_NABAB,,completed,28.687115,77.323486,,Area: 0.26 acres,MCD,,semi_structured_xlsx,0.9
ASSET_PARK_SNZ_389,"Park O-Pkt. Opp. H.No. O-18/A2, Dilshad Garden",park,REG_W219,SCH_AMRUT,ACT_SUP_NABAB,,completed,28.686504,77.322841,,Area: 0.11 acres,MCD,,semi_structured_xlsx,0.9
ASSET_PARK_SNZ_390,"Park O-Pkt. Opp. H.No. O.34/A3, Dilshad Garden",park,REG_W219,SCH_AMRUT,ACT_SUP_NABAB,,completed,28.687408,77.323655,,Area: 0.15 acres,MCD,,semi_structured_xlsx,0.9
ASSET_PARK_SNZ_391,Park O-Pkt. Opp. H.No.O.23/A4 Dilshad Garden,park,REG_W219,SCH_AMRUT,ACT_SUP_NABAB,,completed,28.696168,77.292893,,Area: 0.12 acres,MCD,,semi_structured_xlsx,0.9
ASSET_PARK_SNZ_392,"Subhash Park , Kushtha Ashram, Dilshad Garden",park,REG_W219,SCH_AMRUT,ACT_SUP_KALU_RAM,,completed,,,,Area: 0.25 acres,MCD,,semi_structured_xlsx,0.9
ASSET_PARK_SNZ_393,Main Road Tahirpur-110095 (Ahilaya Bai),park,REG_W219,SCH_AMRUT,ACT_SUP_KALU_RAM,,completed,28.653451,77.380026,,Area: 0.53 acres,MCD,,semi_structured_xlsx,0.9
ASSET_PARK_SNZ_394,"Park Inforent Mpl School Laproshi Home , Tahirpur-110095",park,REG_W219,SCH_AMRUT,ACT_SUP_KALU_RAM,,completed,28.692325,77.321222,,Area: 0.16 acres,MCD,,semi_structured_xlsx,0.9
ASSET_PARK_SNZ_395,"Park H.No.18 ,417 Main road , Mandir wala , Tahirpur-110095",park,REG_W219,SCH_AMRUT,ACT_SUP_KALU_RAM,,completed,28.688237,77.319572,,Area: 0.54 acres,MCD,,semi_structured_xlsx,0.9
ASSET_PARK_SNZ_396,Green Belt  No. 1 Tahirpur  (Ambedker Park),park,REG_W219,SCH_AMRUT,ACT_SUP_KALU_RAM,,completed,,,,Area: 0.45 acres,MCD,,semi_structured_xlsx,0.9
ASSET_PARK_SNZ_397,Green Belt  Tahirpur (Bhagat Singh Park),park,REG_W219,SCH_AMRUT,ACT_SUP_KALU_RAM,,completed,28.687777,77.317626,,Area: 0.77 acres,MCD,,semi_structured_xlsx,0.9
ASSET_PARK_SNZ_398,"A & B - Block , Near Desu, Dilshad colony (Near Surkhsa Nursing Home)",park,REG_W219,SCH_AMRUT,ACT_SUP_KALU_RAM,,completed,28.689519,77.32531,,Area: 1.35 acres,MCD,,semi_structured_xlsx,0.9
ASSET_PARK_SNZ_399,Park DDA  Flat H. No. 292 & 294  New Seemapuri,park,REG_W219,SCH_AMRUT,ACT_SUP_KALU_RAM,,completed,,,,Area: 0.06 acres,MCD,,semi_structured_xlsx,0.9
ASSET_PARK_SNZ_400,Park DDA  Flat H. No.143 & 173  New Seemapuri,park,REG_W219,SCH_AMRUT,ACT_SUP_KALU_RAM,,completed,28.690449,77.32509,,Area: 0.53 acres,MCD,,semi_structured_xlsx,0.9
ASSET_PARK_SNZ_401,"Park E-Block, Mkt. Park, Dilshard Garden",park,REG_W219,SCH_AMRUT,ACT_SUP_KALU_RAM,,completed,28.687325,77.32482,,Area: 0.79 acres,MCD,,semi_structured_xlsx,0.9
ASSET_PARK_SNZ_402,"Green Area,Near Dilshad Colony (3 No. Gate) New SeemaPuri-110095",park,REG_W219,SCH_AMRUT,ACT_SUP_KALU_RAM,,completed,,,,Area: 2.79 acres,MCD,,semi_structured_xlsx,0.9
ASSET_PARK_SNZ_403,Park & Water Body at New Seemapuri,park,REG_W219,SCH_AMRUT,ACT_SUP_KALU_RAM,,completed,28.68957,77.319118,,Area: 1.86 acres,MCD,,semi_structured_xlsx,0.9
ASSET_PARK_SNZ_404,"Park A-1 H.No. 141, Nand Nagari",park,REG_W220,SCH_AMRUT,ACT_SUP_SHAKTI_SINGH,,completed,28.689938,77.307896,,Area: 0.66 acres,MCD,,semi_structured_xlsx,0.9
ASSET_PARK_SNZ_405,"Park A-2 Market Wala , Nand Nagari",park,REG_W220,SCH_AMRUT,ACT_SUP_SHAKTI_SINGH,,completed,28.690538,77.3093,,Area: 0.48 acres,MCD,,semi_structured_xlsx,0.9
ASSET_PARK_SNZ_406,"Park A-2 Inside, H.No. 141, Nand Nagari",park,REG_W220,SCH_AMRUT,ACT_SUP_SHAKTI_SINGH,,completed,28.690619,77.3093,,Area: 0.16 acres,MCD,,semi_structured_xlsx,0.9
ASSET_PARK_SNZ_407,"Park A-2, Subhash Souchalaya Wala, Nand Nagari",park,REG_W220,SCH_AMRUT,ACT_SUP_SHAKTI_SINGH,,completed,28.690038,77.307811,,Area: 1.08 acres,MCD,,semi_structured_xlsx,0.9
ASSET_PARK_SNZ_408,"Park A-3, Near, H.No. 391, Nand Nagari",park,REG_W220,SCH_AMRUT,ACT_SUP_SHAKTI_SINGH,,completed,28.693958,77.303827,,Area: 0.27 acres,MCD,,semi_structured_xlsx,0.9
ASSET_PARK_SNZ_409,"Park A-4, H.No. 249, Behind School, Nand Nagari",park,REG_W220,SCH_AMRUT,ACT_SUP_SHAKTI_SINGH,,completed,28.690675,77.309031,,Area: 0.86 acres,MCD,,semi_structured_xlsx,0.9
ASSET_PARK_SNZ_410,"Park A-4, H.No. 391. Nand Nagari",park,REG_W220,SCH_AMRUT,ACT_SUP_SHAKTI_SINGH,,completed,28.689897,77.307507,,Area: 0.66 acres,MCD,,semi_structured_xlsx,0.9
ASSET_PARK_SNZ_411,"Park B-1, Near H.No. 391, Nand Nagari",park,REG_W220,SCH_AMRUT,ACT_SUP_SHAKTI_SINGH,,completed,28.689748,77.307521,,Area: 0.28 acres,MCD,,semi_structured_xlsx,0.9
ASSET_PARK_SNZ_412,"Park B-2, Mkt. Wala , H. No. 250, Nand Nagari",park,REG_W220,SCH_AMRUT,ACT_SUP_SHAKTI_SINGH,,completed,28.689871,77.307097,,Area: 0.48 acres,MCD,,semi_structured_xlsx,0.9
ASSET_PARK_SNZ_413,"Park B-2, H. No. 430, Nand Nagari",park,REG_W220,SCH_AMRUT,ACT_SUP_SHAKTI_SINGH,,completed,28.691261,77.307923,,Area: 0.23 acres,MCD,,semi_structured_xlsx,0.9
ASSET_PARK_SNZ_414,"Park B-2, Community Wala, Nand Nagari",park,REG_W220,SCH_AMRUT,ACT_SUP_SHAKTI_SINGH,,completed,28.694193,77.304289,,Area: 0.66 acres,MCD,,semi_structured_xlsx,0.9
ASSET_PARK_SNZ_415,"Park B-2, Sulabh Souchalaya Wala Nand Nagari",park,REG_W220,SCH_AMRUT,ACT_SUP_SHAKTI_SINGH,,completed,28.690432,77.309278,,Area: 0.8 acres,MCD,,semi_structured_xlsx,0.9
ASSET_PARK_SNZ_416,"Park B-3, near H.No. 141, Nand Nagari",park,REG_W220,SCH_AMRUT,ACT_SUP_SHAKTI_SINGH,,completed,28.690433,77.309252,,Area: 0.7 acres,MCD,,semi_structured_xlsx,0.9
ASSET_PARK_SNZ_417,"Park B-4, Inside H.No. 359, Nand Nagari",park,REG_W220,SCH_AMRUT,ACT_SUP_SHAKTI_SINGH,,completed,28.690475,77.309232,,Area: 0.29 acres,MCD,,semi_structured_xlsx,0.9
ASSET_PARK_SNZ_418,"Park B-4, Market Wala , H.No. 244, Nand Nagari",park,REG_W220,SCH_AMRUT,ACT_SUP_SHAKTI_SINGH,,completed,28.690439,77.308919,,Area: 0.48 acres,MCD,,semi_structured_xlsx,0.9
ASSET_PARK_SNZ_419,"Park B-5, H.No. 349, Nand Nagari",park,REG_W220,SCH_AMRUT,ACT_SUP_SHAKTI_SINGH,,completed,28.691209,77.306889,,Area: 0.59 acres,MCD,,semi_structured_xlsx,0.9
ASSET_PARK_SNZ_420,"Park Between B-5 & B-6, Wala Nand Nagari",park,REG_W220,SCH_AMRUT,ACT_SUP_SHAKTI_SINGH,,completed,28.699809,77.30709,,Area: 0.36 acres,MCD,,semi_structured_xlsx,0.9
ASSET_PARK_SNZ_421,"Park B-6, in Side, Nand Nagari",park,REG_W220,SCH_AMRUT,ACT_SUP_SHAKTI_SINGH,,completed,28.691772,77.306648,,Area: 0.56 acres,MCD,,semi_structured_xlsx,0.9
ASSET_PARK_SNZ_422,"Park D-1, Near Mandir, Nand Nagari",park,REG_W220,SCH_AMRUT,ACT_SUP_SHAKTI_SINGH,,completed,28.69167,77.306697,,Area: 0.27 acres,MCD,,semi_structured_xlsx,0.9
ASSET_PARK_SNZ_423,"Park D1, Indira Park, Near Mkt, Nand Nagari",park,REG_W220,SCH_AMRUT,ACT_SUP_SHAKTI_SINGH,,completed,28.691743,77.306627,,Area: 0.33 acres,MCD,,semi_structured_xlsx,0.9
ASSET_PARK_SNZ_424,"Park D-2, Nand Nagari",park,REG_W220,SCH_AMRUT,ACT_SUP_SHAKTI_SINGH,,completed,28.691745,77.30667,,Area: 0.24 acres,MCD,,semi_structured_xlsx,0.9
ASSET_PARK_SNZ_425,"Park near D-3, Nand Nagari",park,REG_W220,SCH_AMRUT,ACT_SUP_SHAKTI_SINGH,,completed,28.690473,77.30883,,Area: 0.52 acres,MCD,,semi_structured_xlsx,0.9
ASSET_PARK_SNZ_426,"Park B-5, H.No.252 Green Belt, Nand Nagari",park,REG_W220,SCH_AMRUT,ACT_SUP_SHAKTI_SINGH,,completed,28.691769,77.307843,,Area: 0.81 acres,MCD,,semi_structured_xlsx,0.9
ASSET_PARK_SNZ_427,"Park near B-5, Nursery, Nand Nagari",park,REG_W220,SCH_AMRUT,ACT_SUP_SHAKTI_SINGH,,completed,28.691663,77.308039,,Area: 0.33 acres,MCD,,semi_structured_xlsx,0.9
ASSET_PARK_SNZ_428,"Park near B-6,H.No 239 Near Nursery Green Belt, Nand Nagari",park,REG_W220,SCH_AMRUT,ACT_SUP_SHAKTI_SINGH,,completed,28.690169,77.308926,,Area: 0.33 acres,MCD,,semi_structured_xlsx,0.9
ASSET_PARK_SNZ_429,"Park E-1, , Gagan Cinema  Nand Nagari",park,REG_W220,SCH_AMRUT,ACT_SUP_SHAKTI_SINGH,,completed,28.690211,77.308909,,Area: 1.04 acres,MCD,,semi_structured_xlsx,0.9
ASSET_PARK_SNZ_430,"Park E-1, (Sadbhawana Park) Nand Nagari",park,REG_W220,SCH_AMRUT,ACT_SUP_SHAKTI_SINGH,,completed,28.690309,77.308809,,Area: 0.32 acres,MCD,,semi_structured_xlsx,0.9
ASSET_PARK_SNZ_431,"Park E-2,  (Mahila Park)  Nand Nagari",park,REG_W220,SCH_AMRUT,ACT_SUP_SHAKTI_SINGH,,completed,28.696824,77.310724,,Area: 0.61 acres,MCD,,semi_structured_xlsx,0.9
ASSET_PARK_SNZ_432,"Park E-Block, Flat No,. 121 Nand Nagari",park,REG_W220,SCH_AMRUT,ACT_SUP_SHAKTI_SINGH,,completed,28.690329,77.308846,,Area: 0.47 acres,MCD,,semi_structured_xlsx,0.9
ASSET_PARK_SNZ_433,"Park E-, Flat No, 221, Nand Nagari",park,REG_W220,SCH_AMRUT,ACT_SUP_SHAKTI_SINGH,,completed,28.697626,77.311441,,Area: 0.94 acres,MCD,,semi_structured_xlsx,0.9
ASSET_PARK_SNZ_434,"Park E-Block , Park No. -3, Nand Nagari",park,REG_W220,SCH_AMRUT,ACT_SUP_SHAKTI_SINGH,,completed,28.691741,77.3066,,Area: 1.03 acres,MCD,,semi_structured_xlsx,0.9
ASSET_PARK_SNZ_435,"Park E-3, Central Park Nand Nagari",park,REG_W220,SCH_AMRUT,ACT_SUP_SHAKTI_SINGH,,completed,28.691723,77.306584,,Area: 0.43 acres,MCD,,semi_structured_xlsx,0.9
ASSET_PARK_SNZ_436,"Park E-4, Central Park Nand Nagari",park,REG_W220,SCH_AMRUT,ACT_SUP_SHAKTI_SINGH,,completed,28.4145193,77.1831218,,Area: 0.53 acres,MCD,,semi_structured_xlsx,0.9
ASSET_PARK_SNZ_437,Green area at Kanchipura Village Nand Nagari,park,REG_W220,SCH_AMRUT,ACT_SUP_SHAKTI_SINGH,,completed,28.4139725,77.1834251,,Area: 1.5 acres,MCD,,semi_structured_xlsx,0.9
ASSET_PARK_SNZ_438,NHP Kanchipura - Nand Nagari,park,REG_W220,SCH_AMRUT,ACT_SUP_SHAKTI_SINGH,,completed,,,,Area: 0.93 acres,MCD,,semi_structured_xlsx,0.9
ASSET_PARK_SNZ_439,"Park Near H.No. 243, Sunil Dariy, GIL",park,REG_W221,SCH_AMRUT,ACT_SUP_LOKENDER,,completed,28.696168,77.292893,,Area: 0.48 acres,MCD,,semi_structured_xlsx,0.9
ASSET_PARK_SNZ_440,"Park Near H.No. 1761, Pal Wala Loni Road",park,REG_W221,SCH_AMRUT,ACT_SUP_LOKENDER,,completed,28.696189,77.293147,,Area: 0.2 acres,MCD,,semi_structured_xlsx,0.9
ASSET_PARK_SNZ_441,"Park Near H.No. 240, Budh Mandir Wala Loni Road",park,REG_W221,SCH_AMRUT,ACT_SUP_LOKENDER,,completed,28.695187,77.292618,,Area: 0.07 acres,MCD,,semi_structured_xlsx,0.9
ASSET_PARK_SNZ_442,"D.A.V. School Wala H. No. 168-145, Loni Road",park,REG_W221,SCH_AMRUT,ACT_SUP_LOKENDER,,completed,28.695783,77.292411,,Area: 0.1 acres,MCD,,semi_structured_xlsx,0.9
ASSET_PARK_SNZ_443,"Behind Jal Board, Loni Road",park,REG_W221,SCH_AMRUT,ACT_SUP_LOKENDER,,completed,28.695,77.292831,,Area: 2.99 acres,MCD,,semi_structured_xlsx,0.9
ASSET_PARK_SNZ_444,"Behind Jal Board,Choti Pkt,, H.No. 65/80  Loni Road",park,REG_W221,SCH_AMRUT,ACT_SUP_LOKENDER,,completed,28.695429,77.292347,,Area: 0.51 acres,MCD,,semi_structured_xlsx,0.9
ASSET_PARK_SNZ_445,"Store Wala Park,  , LIG Flat,Loni Road",park,REG_W221,SCH_AMRUT,ACT_SUP_LOKENDER,,completed,28.697219,77.29669,,Area: 0.02 acres,MCD,,semi_structured_xlsx,0.9
ASSET_PARK_SNZ_446,"Kikar Wala Park, , LIG Flat Loni Road",park,REG_W221,SCH_AMRUT,ACT_SUP_LOKENDER,,completed,28.695395,77.295902,,Area: 0.29 acres,MCD,,semi_structured_xlsx,0.9
ASSET_PARK_SNZ_447,"Solanki Wala Park, Loni, H.No. 978 Loni Road",park,REG_W221,SCH_AMRUT,ACT_SUP_LOKENDER,,completed,28.695102,77.296058,,Area: 0.51 acres,MCD,,semi_structured_xlsx,0.9
ASSET_PARK_SNZ_448,"Mahila Park, H.No. 116, Loni Road",park,REG_W221,SCH_AMRUT,ACT_SUP_LOKENDER,,completed,28.697184,77.296756,,Area: 0.33 acres,MCD,,semi_structured_xlsx,0.9
ASSET_PARK_SNZ_449,"Gulab Vatika 593, Loni Road",park,REG_W221,SCH_AMRUT,ACT_SUP_LOKENDER,,completed,28.697052,77.296928,,Area: 0.25 acres,MCD,,semi_structured_xlsx,0.9
ASSET_PARK_SNZ_450,Shishu Vatika Loni Road,park,REG_W221,SCH_AMRUT,ACT_SUP_LOKENDER,,completed,28.696995,77.293368,,Area: 0.26 acres,MCD,,semi_structured_xlsx,0.9
ASSET_PARK_SNZ_451,"Pradhan Wala Park, H.No. 733,Loni Road",park,REG_W221,SCH_AMRUT,ACT_SUP_LOKENDER,,completed,28.696319,77.295217,,Area: 0.32 acres,MCD,,semi_structured_xlsx,0.9
ASSET_PARK_SNZ_452,"Sandeep Thekedar Wala Park, H.No. 881 Loni Road",park,REG_W221,SCH_AMRUT,ACT_SUP_LOKENDER,,completed,28.696227,77.295378,,Area: 2.21 acres,MCD,,semi_structured_xlsx,0.9
ASSET_PARK_SNZ_453,Chhoti Pkt. H.No. 802  Loni Road,park,REG_W221,SCH_AMRUT,ACT_SUP_LOKENDER,,completed,28.695951,77.295444,,Area: 0.49 acres,MCD,,semi_structured_xlsx,0.9
ASSET_PARK_SNZ_454,Green Belt along with Shiv Mandir Loni Road,park,REG_W221,SCH_AMRUT,ACT_SUP_LOKENDER,,completed,28.694507,77.29415,,Area: 0.78 acres,MCD,,semi_structured_xlsx,0.9
ASSET_PARK_SNZ_455,DDA Mkt. LIG Flat 4 Nos. Chhoti Pkt.Loni Road,park,REG_W221,SCH_AMRUT,ACT_SUP_LOKENDER,,completed,28.694808,77.294279,,Area: 0.73 acres,MCD,,semi_structured_xlsx,0.9
ASSET_PARK_SNZ_456,"Park H.No. 195 MIG Flat, Loni Road",park,REG_W221,SCH_AMRUT,ACT_SUP_LOKENDER,,completed,28.69705,77.296534,,Area: 0.64 acres,MCD,,semi_structured_xlsx,0.9
ASSET_PARK_SNZ_457,"Park H.No.202 MIG Flat, Loni Road",park,REG_W221,SCH_AMRUT,ACT_SUP_LOKENDER,,completed,28.699942,77.292795,,Area: 0.02 acres,MCD,,semi_structured_xlsx,0.9
ASSET_PARK_SNZ_458,"Park H.No. 210 MIG Flat, Loni Road",park,REG_W221,SCH_AMRUT,ACT_SUP_LOKENDER,,completed,28.700132,77.292867,,Area: 0.02 acres,MCD,,semi_structured_xlsx,0.9
ASSET_PARK_SNZ_459,"Park H.No. 17 & 19 MIG Flat, Loni Road",park,REG_W221,SCH_AMRUT,ACT_SUP_LOKENDER,,completed,28.70006,77.29224,,Area: 0.43 acres,MCD,,semi_structured_xlsx,0.9
ASSET_PARK_SNZ_460,"Park H.No. 33-35 MIG Flat, Loni Road",park,REG_W221,SCH_AMRUT,ACT_SUP_LOKENDER,,completed,28.699547,77.292231,,Area: 0.56 acres,MCD,,semi_structured_xlsx,0.9
ASSET_PARK_SNZ_461,"Park H.No. 49-50 MIG Flat, Loni Road",park,REG_W221,SCH_AMRUT,ACT_SUP_LOKENDER,,completed,28.698892,77.292356,,Area: 0.5 acres,MCD,,semi_structured_xlsx,0.9
ASSET_PARK_SNZ_462,"Park H.No. 65-66 MIG Flat, Loni Road",park,REG_W221,SCH_AMRUT,ACT_SUP_LOKENDER,,completed,28.698792,77.292138,,Area: 0.41 acres,MCD,,semi_structured_xlsx,0.9
ASSET_PARK_SNZ_463,"Park H.No. 89-90 MIG Flat, Loni Road",park,REG_W221,SCH_AMRUT,ACT_SUP_LOKENDER,,completed,28.698141,77.292441,,Area: 0.41 acres,MCD,,semi_structured_xlsx,0.9
ASSET_PARK_SNZ_464,"Park H.No.113-114 MIG Flat, Loni Road",park,REG_W221,SCH_AMRUT,ACT_SUP_LOKENDER,,completed,28.697201,77.29647,,Area: 0.51 acres,MCD,,semi_structured_xlsx,0.9
ASSET_PARK_SNZ_465,"Park H.No. 281 MIG Flat, Loni Road",park,REG_W221,SCH_AMRUT,ACT_SUP_LOKENDER,,completed,28.696881,77.296427,,Area: 0.6 acres,MCD,,semi_structured_xlsx,0.9
ASSET_PARK_SNZ_466,"Park H.No. 265 MIG Flat, Loni Road",park,REG_W221,SCH_AMRUT,ACT_SUP_LOKENDER,,completed,28.699647,77.292815,,Area: 0.51 acres,MCD,,semi_structured_xlsx,0.9
ASSET_PARK_SNZ_467,"Park H.No. 233-234 MIG Flat, Loni Road",park,REG_W221,SCH_AMRUT,ACT_SUP_LOKENDER,,completed,28.699934,77.29257,,Area: 0.4 acres,MCD,,semi_structured_xlsx,0.9
ASSET_PARK_SNZ_468,"Park H.No. 411-412 MIG Flat, Loni Road",park,REG_W221,SCH_AMRUT,ACT_SUP_LOKENDER,,completed,28.699603,77.293602,,Area: 0.5 acres,MCD,,semi_structured_xlsx,0.9
ASSET_PARK_SNZ_469,"Park H.No. 433 MIG Flat, Loni Road",park,REG_W221,SCH_AMRUT,ACT_SUP_LOKENDER,,completed,28.700052,77.293101,,Area: 0.5 acres,MCD,,semi_structured_xlsx,0.9
ASSET_PARK_SNZ_470,"Park H.No. 385 MIG Flat, Loni Road",park,REG_W221,SCH_AMRUT,ACT_SUP_LOKENDER,,completed,28.698856,77.293615,,Area: 0.4 acres,MCD,,semi_structured_xlsx,0.9
ASSET_PARK_SNZ_471,"Park H.No. 457 MIG Flat, Loni Road",park,REG_W221,SCH_AMRUT,ACT_SUP_LOKENDER,,completed,28.699033,77.293528,,Area: 0.02 acres,MCD,,semi_structured_xlsx,0.9
ASSET_PARK_SNZ_472,"Park H.No. 361 MIG Flat, Loni Road",park,REG_W221,SCH_AMRUT,ACT_SUP_LOKENDER,,completed,28.698748,77.293233,,Area: 0.5 acres,MCD,,semi_structured_xlsx,0.9
ASSET_PARK_SNZ_473,"Park H.No.481 MIG Flat, Loni Road",park,REG_W221,SCH_AMRUT,ACT_SUP_LOKENDER,,completed,28.698717,77.293694,,Area: 0.5 acres,MCD,,semi_structured_xlsx,0.9
ASSET_PARK_SNZ_474,"Park H.No. 505 MIG Flat, Loni Road",park,REG_W221,SCH_AMRUT,ACT_SUP_LOKENDER,,completed,28.698343,77.293663,,Area: 0.4 acres,MCD,,semi_structured_xlsx,0.9
ASSET_PARK_SNZ_475,"Park H.No. 337 MIG Flat, Loni Road",park,REG_W221,SCH_AMRUT,ACT_SUP_LOKENDER,,completed,28.697955,77.293502,,Area: 0.4 acres,MCD,,semi_structured_xlsx,0.9
ASSET_PARK_SNZ_476,"Park H.No. 657 MIG Flat, Loni Road",park,REG_W221,SCH_AMRUT,ACT_SUP_LOKENDER,,completed,28.698049,77.293913,,Area: 0.53 acres,MCD,,semi_structured_xlsx,0.9
ASSET_PARK_SNZ_477,"Park H.No. 649 MIG Flat, Loni Road",park,REG_W221,SCH_AMRUT,ACT_SUP_LOKENDER,,completed,28.698744,77.295524,,Area: 0.86 acres,MCD,,semi_structured_xlsx,0.9
ASSET_PARK_SNZ_478,"Park H.No.617 MIG Flat, Loni Road",park,REG_W221,SCH_AMRUT,ACT_SUP_LOKENDER,,completed,28.698855,77.293989,,Area: 0.4 acres,MCD,,semi_structured_xlsx,0.9
ASSET_PARK_SNZ_479,"Park H.No. 601MIG Flat, Loni Road",park,REG_W221,SCH_AMRUT,ACT_SUP_LOKENDER,,completed,28.698051,77.2939,,Area: 0.39 acres,MCD,,semi_structured_xlsx,0.9
ASSET_PARK_SNZ_480,"Park H.No.745 MIG Flat, Loni Road",park,REG_W221,SCH_AMRUT,ACT_SUP_LOKENDER,,completed,28.699846,77.294732,,Area: 0.45 acres,MCD,,semi_structured_xlsx,0.9
ASSET_PARK_SNZ_481,"Park H.No. 721 MIG Flat, Loni Road",park,REG_W221,SCH_AMRUT,ACT_SUP_LOKENDER,,completed,28.699105,77.294374,,Area: 0.4 acres,MCD,,semi_structured_xlsx,0.9
ASSET_PARK_SNZ_482,"Park H.No. 769 MIG Flat, Loni Road",park,REG_W221,SCH_AMRUT,ACT_SUP_LOKENDER,,completed,28.698769,77.29485,,Area: 0.4 acres,MCD,,semi_structured_xlsx,0.9
ASSET_PARK_SNZ_483,"Park H.No.697 MIG Flat, Loni Road",park,REG_W221,SCH_AMRUT,ACT_SUP_LOKENDER,,completed,28.698158,77.29495,,Area: 0.11 acres,MCD,,semi_structured_xlsx,0.9
ASSET_PARK_SNZ_484,"Park Near H.No. 793, MIG Flat, Loni Road",park,REG_W221,SCH_AMRUT,ACT_SUP_LOKENDER,,completed,28.6986,77.29517,,Area: 0.22 acres,MCD,,semi_structured_xlsx,0.9
ASSET_PARK_SNZ_485,"Park Near H.No.817, MIG Flat, Loni Road",park,REG_W221,SCH_AMRUT,ACT_SUP_LOKENDER,,completed,28.69802,77.295111,,Area: 0.4 acres,MCD,,semi_structured_xlsx,0.9
ASSET_PARK_SNZ_486,"Park Near H.No 673, MIG Flat, Loni Road",park,REG_W221,SCH_AMRUT,ACT_SUP_LOKENDER,,completed,28.698181,77.29516,,Area: 0.71 acres,MCD,,semi_structured_xlsx,0.9
ASSET_PARK_SNZ_487,"Park Near H.No.865, MIG Flat, Loni Road (Store wala)",park,REG_W221,SCH_AMRUT,ACT_SUP_LOKENDER,,completed,28.696769,77.29575,,Area: 0.71 acres,MCD,,semi_structured_xlsx,0.9
ASSET_PARK_SNZ_488,"Park Near H.No. 889, MIG Flat, Loni Road",park,REG_W221,SCH_AMRUT,ACT_SUP_LOKENDER,,completed,28.697201,77.296361,,Area: 0.34 acres,MCD,,semi_structured_xlsx,0.9
ASSET_PARK_SNZ_489,"Park Near H.No. 108/109, MIG Flat, Loni Road",park,REG_W221,SCH_AMRUT,ACT_SUP_LOKENDER,,completed,28.698892,77.295075,,Area: 0.9 acres,MCD,,semi_structured_xlsx,0.9
ASSET_PARK_SNZ_490,"Park Near H.NO. 1009, MIG Flat Loni Road",park,REG_W221,SCH_AMRUT,ACT_SUP_LOKENDER,,completed,28.698405,77.29537,,Area: 0.83 acres,MCD,,semi_structured_xlsx,0.9
ASSET_PARK_SNZ_491,"Park Near H.NO. 1067, MIG Flat Loni Road",park,REG_W221,SCH_AMRUT,ACT_SUP_LOKENDER,,completed,28.699123,77.296106,,Area: 0.69 acres,MCD,,semi_structured_xlsx,0.9
ASSET_PARK_SNZ_492,"Park Near H.No.1100, MIG Flat, Loni Road",park,REG_W221,SCH_AMRUT,ACT_SUP_LOKENDER,,completed,28.699591,77.295942,,Area: 0.71 acres,MCD,,semi_structured_xlsx,0.9
ASSET_PARK_SNZ_493,"DDA Flat, Pocket-I,  H.No. 835 MIG Loni Road",park,REG_W221,SCH_AMRUT,ACT_SUP_LOKENDER,,completed,28.698267,77.29574,,Area: 0.4 acres,MCD,,semi_structured_xlsx,0.9
ASSET_PARK_SNZ_494,"DDA Flat, Pocket-II,  H.No. 586 MIG Loni Road",park,REG_W221,SCH_AMRUT,ACT_SUP_LOKENDER,,completed,28.699337,77.293774,,Area: 0.32 acres,MCD,,semi_structured_xlsx,0.9
ASSET_PARK_SNZ_495,"DDA Flat, Pocket-III,  H.No. 418 MIG Loni Road",park,REG_W221,SCH_AMRUT,ACT_SUP_LOKENDER,,completed,28.698707,77.293808,,Area: 0.12 acres,MCD,,semi_structured_xlsx,0.9
ASSET_PARK_SNZ_496,"DDA Flat, Pocket-IV,  H.No. 470 MIG Loni Road",park,REG_W221,SCH_AMRUT,ACT_SUP_LOKENDER,,completed,28.698434,77.293344,,Area: 0.15 acres,MCD,,semi_structured_xlsx,0.9
ASSET_PARK_SNZ_497,"DDA Flat,Pocket-V,  H.No. 370 MIG Loni Road",park,REG_W221,SCH_AMRUT,ACT_SUP_LOKENDER,,completed,28.698824,77.293539,,Area: 0.2 acres,MCD,,semi_structured_xlsx,0.9
ASSET_PARK_SNZ_498,"MIG Flate ,Pocket-I,  H.No. 706 MIG Loni Road",park,REG_W221,SCH_AMRUT,ACT_SUP_LOKENDER,,completed,28.698417,77.294976,,Area: 0.7 acres,MCD,,semi_structured_xlsx,0.9
ASSET_PARK_SNZ_499,"MIG Flate ,Pocket-II,  H.No. 790 MIG Loni Road",park,REG_W221,SCH_AMRUT,ACT_SUP_LOKENDER,,completed,28.698346,77.295124,,Area: 0.8 acres,MCD,,semi_structured_xlsx,0.9
ASSET_PARK_SNZ_500,"MIG Flate ,Pocket-III,  H.No. 790 MIG Loni Road",park,REG_W221,SCH_AMRUT,ACT_SUP_LOKENDER,,completed,28.698134,77.29558,,Area: 0.6 acres,MCD,,semi_structured_xlsx,0.9
ASSET_PARK_SNZ_501,"MIG Flate Pocket-IV,   Ashok Nagar-110018",park,REG_W221,SCH_AMRUT,ACT_SUP_LOKENDER,,completed,28.697581,77.29546,,Area: 0.6 acres,MCD,,semi_structured_xlsx,0.9
ASSET_PARK_SNZ_502,Ram Park West  Jyoti Nagar-110094,park,REG_W221,SCH_AMRUT,ACT_SUP_LOKENDER,,completed,28.691962,77.293731,,Area: 0.87 acres,MCD,,semi_structured_xlsx,0.9
ASSET_PARK_SNZ_503,Green belt at Wazirabad Road  Ashok Nagar-110018,park,REG_W221,SCH_AMRUT,ACT_SUP_LOKENDER,,completed,28.4157915,77.1746461,,Area: 0.55 acres,MCD,,semi_structured_xlsx,0.9
ASSET_PARK_SNZ_504,"Park C-1, Near H. No. 399, Nand Nagari",park,REG_W222,SCH_AMRUT,ACT_SUP_SHAKTI_SINGH,,completed,28.691696,77.306741,,Area: 0.27 acres,MCD,,semi_structured_xlsx,0.9
ASSET_PARK_SNZ_505,"Park C-2, Near H. No. 141, Nand Nagari",park,REG_W222,SCH_AMRUT,ACT_SUP_SHAKTI_SINGH,,completed,28.691746,77.306664,,Area: 0.27 acres,MCD,,semi_structured_xlsx,0.9
ASSET_PARK_SNZ_506,"Park C-3, Near H. No. 580, Nand Nagari",park,REG_W222,SCH_AMRUT,ACT_SUP_SHAKTI_SINGH,,completed,28.691769,77.306659,,Area: 0.58 acres,MCD,,semi_structured_xlsx,0.9
ASSET_PARK_SNZ_507,"Park Near nathu Colony (Barat ghar), Nand Nagari",park,REG_W222,SCH_AMRUT,ACT_SUP_SHAKTI_SINGH,,completed,28.691822,77.304106,,Area: 0.54 acres,MCD,,semi_structured_xlsx,0.9
ASSET_PARK_SNZ_508,"Park C-3, H.No. 189 Near Masjid,  Nand Nagari",park,REG_W222,SCH_AMRUT,ACT_SUP_SHAKTI_SINGH,,completed,28.691764,77.306843,,Area: 0.7 acres,MCD,,semi_structured_xlsx,0.9
ASSET_PARK_SNZ_509,"Park C-3, sulabh souchalaya Wala , Nand Nagari",park,REG_W222,SCH_AMRUT,ACT_SUP_SHAKTI_SINGH,,completed,28.691865,77.304501,,Area: 0.81 acres,MCD,,semi_structured_xlsx,0.9
ASSET_PARK_SNZ_510,"Park C-3, Near Police Station, Nand Nagari",park,REG_W222,SCH_AMRUT,ACT_SUP_SHAKTI_SINGH,,completed,28.691846,77.30671,,Area: 0.9 acres,MCD,,semi_structured_xlsx,0.9
ASSET_PARK_SNZ_511,"Park Near State Bank , Nand Nagari",park,REG_W222,SCH_AMRUT,ACT_SUP_SHAKTI_SINGH,,completed,28.691761,77.306694,,Area: 3.72 acres,MCD,,semi_structured_xlsx,0.9
ASSET_PARK_SNZ_512,"Park Opp. H.No. 402,DDA Flats, M.S Park-110032",park,REG_W222,SCH_AMRUT,ACT_SUP_JAI_VEER,,completed,28.682422,77.2982,,Area: 0.04 acres,MCD,,semi_structured_xlsx,0.9
ASSET_PARK_SNZ_513,"Park Opp. H.No. 388,DDA Flats, M.S Park-110032",park,REG_W222,SCH_AMRUT,ACT_SUP_JAI_VEER,,completed,28.682481,77.297603,,Area: 0.03 acres,MCD,,semi_structured_xlsx,0.9
ASSET_PARK_SNZ_514,"Park Opp. H.No. 258,DDA Flats, M.S Park-110032",park,REG_W222,SCH_AMRUT,ACT_SUP_JAI_VEER,,completed,28.68271,77.297498,,Area: 0.04 acres,MCD,,semi_structured_xlsx,0.9
ASSET_PARK_SNZ_515,"Park Opp. H.No. 291,DDA Flats, M.S Park-110032",park,REG_W222,SCH_AMRUT,ACT_SUP_JAI_VEER,,completed,28.683118,77.297214,,Area: 0.22 acres,MCD,,semi_structured_xlsx,0.9
ASSET_PARK_SNZ_516,"Satsang DDA Flats, M.S. Park, -110032",park,REG_W222,SCH_AMRUT,ACT_SUP_JAI_VEER,,completed,28.682783,77.298174,,Area: 0.34 acres,MCD,,semi_structured_xlsx,0.9
ASSET_PARK_SNZ_517,"Kunj Bihari Vatika DDA Flats, M.S.Park",park,REG_W222,SCH_AMRUT,ACT_SUP_JAI_VEER,,completed,28.681608,77.297675,,Area: 0.4 acres,MCD,,semi_structured_xlsx,0.9
ASSET_PARK_SNZ_518,"Park Opp. H.No. 81,DDA Flats, M.S Park-110032",park,REG_W222,SCH_AMRUT,ACT_SUP_JAI_VEER,,completed,28.683118,77.297214,,Area: 0.07 acres,MCD,,semi_structured_xlsx,0.9
ASSET_PARK_SNZ_519,"Park Opp. H.No. 194,DDA Flats, M.S Park-110032",park,REG_W222,SCH_AMRUT,ACT_SUP_JAI_VEER,,completed,28.681865,77.297383,,Area: 0.26 acres,MCD,,semi_structured_xlsx,0.9
ASSET_PARK_SNZ_520,"Park Opp. H.No. 288,DDA Flats, M.S Park-110032",park,REG_W222,SCH_AMRUT,ACT_SUP_JAI_VEER,,completed,28.683277,77.297265,,Area: 0.22 acres,MCD,,semi_structured_xlsx,0.9
ASSET_PARK_SNZ_521,"Park Opp. H.No.66,DDA Flats, M.S Park-110032",park,REG_W222,SCH_AMRUT,ACT_SUP_JAI_VEER,,completed,28.683365,77.298681,,Area: 0.39 acres,MCD,,semi_structured_xlsx,0.9
ASSET_PARK_SNZ_522,"Park Opp. H.No. 56,DDA Flats, M.S Park-110032",park,REG_W222,SCH_AMRUT,ACT_SUP_JAI_VEER,,completed,28.681554,77.298972,,Area: 0.05 acres,MCD,,semi_structured_xlsx,0.9
ASSET_PARK_SNZ_523,"Park Opp. H.No. 37A,DDA Flats, M.S Park-110032",park,REG_W222,SCH_AMRUT,ACT_SUP_JAI_VEER,,completed,28.682262,77.299226,,Area: 0.16 acres,MCD,,semi_structured_xlsx,0.9
ASSET_PARK_SNZ_524,"Park Opp. H.No. 34,DDA Flats, M.S Park-110032",park,REG_W222,SCH_AMRUT,ACT_SUP_JAI_VEER,,completed,28.681927,77.298361,,Area: 0.15 acres,MCD,,semi_structured_xlsx,0.9
ASSET_PARK_SNZ_525,"Park Opp. H.No. 4A,DDA Flats, M.S Park-110032",park,REG_W222,SCH_AMRUT,ACT_SUP_JAI_VEER,,completed,28.683701,77.299681,,Area: 0.05 acres,MCD,,semi_structured_xlsx,0.9
ASSET_PARK_SNZ_526,"Park Opp. H.No. 102,DDA Flats, M.S Park-110032",park,REG_W222,SCH_AMRUT,ACT_SUP_JAI_VEER,,completed,28.68342,77.299879,,Area: 0.56 acres,MCD,,semi_structured_xlsx,0.9
ASSET_PARK_SNZ_527,"Park Opp. H.No. 22A,DDA Flats, M.S Park-110032",park,REG_W222,SCH_AMRUT,ACT_SUP_JAI_VEER,,completed,28.682747,77.299529,,Area: 0.04 acres,MCD,,semi_structured_xlsx,0.9
ASSET_PARK_SNZ_528,"Park Opp. H.No. 91A,DDA Flats, M.S Park-110032",park,REG_W222,SCH_AMRUT,ACT_SUP_JAI_VEER,,completed,28.682814,77.299928,,Area: 0.04 acres,MCD,,semi_structured_xlsx,0.9
ASSET_PARK_SNZ_529,"Park Opp. H.No.93A,DDA Flats, M.S Park-110032",park,REG_W222,SCH_AMRUT,ACT_SUP_JAI_VEER,,completed,28.682826,77.300477,,Area: 0.04 acres,MCD,,semi_structured_xlsx,0.9
ASSET_PARK_SNZ_530,"Park Opp. H.No.118A,DDA Flats, M.S Park-110032",park,REG_W222,SCH_AMRUT,ACT_SUP_JAI_VEER,,completed,28.683655,77.300528,,Area: 0.22 acres,MCD,,semi_structured_xlsx,0.9
ASSET_PARK_SNZ_531,"Park Opp. H.No.131A,DDA Flats, M.S Park-110032",park,REG_W222,SCH_AMRUT,ACT_SUP_JAI_VEER,,completed,28.68297,77.300884,,Area: 0.04 acres,MCD,,semi_structured_xlsx,0.9
ASSET_PARK_SNZ_532,"Park Opp. H.No. 134,DDA Flats, M.S Park-110032",park,REG_W222,SCH_AMRUT,ACT_SUP_JAI_VEER,,completed,28.682691,77.30079,,Area: 0.04 acres,MCD,,semi_structured_xlsx,0.9
ASSET_PARK_SNZ_533,"Park Opp. H.No. 143A,DDA Flats, M.S Park-110032",park,REG_W222,SCH_AMRUT,ACT_SUP_JAI_VEER,,completed,28.681914,77.300888,,Area: 0.24 acres,MCD,,semi_structured_xlsx,0.9
ASSET_PARK_SNZ_534,"Park Opp. H.No. 154A,DDA Flats, M.S Park-110032",park,REG_W222,SCH_AMRUT,ACT_SUP_JAI_VEER,,completed,28.681724,77.300584,,Area: 0.41 acres,MCD,,semi_structured_xlsx,0.9
ASSET_PARK_SNZ_535,"Park Opp. H.No. 162A,DDA Flats, M.S Park-110032",park,REG_W222,SCH_AMRUT,ACT_SUP_JAI_VEER,,completed,28.681328,77.300391,,Area: 0.52 acres,MCD,,semi_structured_xlsx,0.9
ASSET_PARK_SNZ_536,"Park Green Belt Opp. Satsang Park, H.No 450DDA Flats, M.S Park-110032",park,REG_W222,SCH_AMRUT,ACT_SUP_JAI_VEER,,completed,28.683262,77.297626,,Area: 0.56 acres,MCD,,semi_structured_xlsx,0.9
ASSET_PARK_SNZ_537,"Park Opp. H.No. 70A,DDA Flats, M.S Park-110032",park,REG_W222,SCH_AMRUT,ACT_SUP_JAI_VEER,,completed,28.681496,77.298097,,Area: 0.15 acres,MCD,,semi_structured_xlsx,0.9
ASSET_PARK_SNZ_538,"Park Opp. H.No. 72A,DDA Flats, M.S Park-110032",park,REG_W222,SCH_AMRUT,ACT_SUP_JAI_VEER,,completed,28.682129,77.300272,,Area: 0.52 acres,MCD,,semi_structured_xlsx,0.9
ASSET_PARK_SNZ_539,"Park Opp. H.No. 88A,DDA Flats, M.S Park-110032",park,REG_W222,SCH_AMRUT,ACT_SUP_JAI_VEER,,completed,28.683561,77.300446,,Area: 0.52 acres,MCD,,semi_structured_xlsx,0.9
ASSET_PARK_SNZ_540,Park Near Mother Dairy MS. Park-110032,park,REG_W222,SCH_AMRUT,ACT_SUP_JAI_VEER,,completed,28.676389,77.298885,,Area: 0.36 acres,MCD,,semi_structured_xlsx,0.9
ASSET_PARK_SNZ_541,Green area at Nova Mill Ram Nagar-110032 Ahinsha Vatika,park,REG_W222,SCH_AMRUT,ACT_SUP_JAI_VEER,,completed,28.679269,77.294318,,Area: 0.85 acres,MCD,,semi_structured_xlsx,0.9
ASSET_PARK_SNZ_542,Park at Rolling Mill Ram Nagar. Ram Park,park,REG_W222,SCH_AMRUT,ACT_SUP_JAI_VEER,,completed,28.4048129,77.1740095,,Area: 1.84 acres,MCD,,semi_structured_xlsx,0.9
ASSET_PARK_SNZ_543,"Tikona Park, Loni Road",park,REG_W223,SCH_AMRUT,ACT_SUP_OMKAR,,completed,28.677943,77.2921,,Area: 1.05 acres,MCD,,semi_structured_xlsx,0.9
ASSET_PARK_SNZ_544,"Park H.No. 1/6254, Gali No 4, East Rohtash Nagar",park,REG_W223,SCH_AMRUT,ACT_SUP_OMKAR,,completed,,,,Area: 0.4 acres,MCD,,semi_structured_xlsx,0.9
ASSET_PARK_SNZ_545,"Shiwaji Park, Gol park",park,REG_W223,SCH_AMRUT,ACT_SUP_OMKAR,,completed,28.68226,77.286988,,Area: 0.23 acres,MCD,,semi_structured_xlsx,0.9
ASSET_PARK_SNZ_546,"Park H.No. 278, Shri Ram Nagar Colony",park,REG_W223,SCH_AMRUT,ACT_SUP_OMKAR,,completed,28.675015,77.2956,,Area: 0.1 acres,MCD,,semi_structured_xlsx,0.9
ASSET_PARK_SNZ_547,"H.No. 1/6124, Sanjeevani Vatika, Rohtash Nagar",park,REG_W223,SCH_AMRUT,ACT_SUP_OMKAR,,completed,28.679729,77.291606,,Area: 0.46 acres,MCD,,semi_structured_xlsx,0.9
ASSET_PARK_SNZ_548,"Kabool Nagar, Opp. Ho.No. 1/5969 D.K. Jain -II",park,REG_W223,SCH_AMRUT,ACT_SUP_OMKAR,,completed,28.69693,77.292227,,Area: 0.45 acres,MCD,,semi_structured_xlsx,0.9
ASSET_PARK_SNZ_549,"Kabool Nagar, Near- Pipal Tree H.No. 4/26",park,REG_W223,SCH_AMRUT,ACT_SUP_OMKAR,,completed,28.697917,77.293109,,Area: 0.44 acres,MCD,,semi_structured_xlsx,0.9
ASSET_PARK_SNZ_550,"Double Story Guru Dwara park, K. Nagar H.No. 1/6635",park,REG_W223,SCH_AMRUT,ACT_SUP_OMKAR,,completed,28.697624,77.290098,,Area: 0.13 acres,MCD,,semi_structured_xlsx,0.9
ASSET_PARK_SNZ_551,"Kabool Nagar, Opp. H.No.  223 Ghode wala",park,REG_W223,SCH_AMRUT,ACT_SUP_OMKAR,,completed,28.677398,77.2904,,Area: 0.43 acres,MCD,,semi_structured_xlsx,0.9
ASSET_PARK_SNZ_552,"Taxi Stand Park, H.No. 3/64 Kabool Nagar",park,REG_W223,SCH_AMRUT,ACT_SUP_OMKAR,,completed,28.675487,77.291079,,Area: 0.41 acres,MCD,,semi_structured_xlsx,0.9
ASSET_PARK_SNZ_553,"Kabool Nagar , Opp. H. No. 113 (Shishu Vatika)",park,REG_W223,SCH_AMRUT,ACT_SUP_OMKAR,,completed,28.677566,77.2902,,Area: 0.48 acres,MCD,,semi_structured_xlsx,0.9
ASSET_PARK_SNZ_554,"Kabool Nagar, Double Story, H.No. 305",park,REG_W223,SCH_AMRUT,ACT_SUP_OMKAR,,completed,28.677089,77.2903,,Area: 0.44 acres,MCD,,semi_structured_xlsx,0.9
ASSET_PARK_SNZ_555,"Kabool Nagar Double Story, H.No. 261",park,REG_W223,SCH_AMRUT,ACT_SUP_OMKAR,,completed,28.673231,77.291442,,Area: 0.41 acres,MCD,,semi_structured_xlsx,0.9
ASSET_PARK_SNZ_556,"Double Story, Near D.K. Jain Park H.No. 1/5955",park,REG_W223,SCH_AMRUT,ACT_SUP_OMKAR,,completed,28.677244,77.292018,,Area: 0.48 acres,MCD,,semi_structured_xlsx,0.9
ASSET_PARK_SNZ_557,"Kabool Nagar, Double Story, H.No.339",park,REG_W223,SCH_AMRUT,ACT_SUP_OMKAR,,completed,28.675854,77.291336,,Area: 0.48 acres,MCD,,semi_structured_xlsx,0.9
ASSET_PARK_SNZ_558,"Tikona Park, Dwarkapuri",park,REG_W223,SCH_AMRUT,ACT_SUP_OMKAR,,completed,28.676406,77.281229,,Area: 0.21 acres,MCD,,semi_structured_xlsx,0.9
ASSET_PARK_SNZ_559,Green land G.D. Rath Mill Loni Road Shahdara,park,REG_W223,SCH_AMRUT,ACT_SUP_OMKAR,,completed,28.405365,77.173081,,Area: 1.94 acres,MCD,,semi_structured_xlsx,0.9
ASSET_PARK_SNZ_560,"Parshu Ram Park, P.S. Garden",park,REG_W224,SCH_AMRUT,ACT_SUP_RAVINDER,,completed,28.672406,77.277324,,Area: 0.25 acres,MCD,,semi_structured_xlsx,0.9
ASSET_PARK_SNZ_561,"Near MPL School, P.S. Garden Anurag Vatika -110032",park,REG_W224,SCH_AMRUT,ACT_SUP_RAVINDER,,completed,28.677566,77.284112,,Area: 0.09 acres,MCD,,semi_structured_xlsx,0.9
ASSET_PARK_SNZ_562,"Radha Swami Park, P.S. Garden",park,REG_W224,SCH_AMRUT,ACT_SUP_RAVINDER,,completed,28.67844,77.282452,,Area: 0.17 acres,MCD,,semi_structured_xlsx,0.9
ASSET_PARK_SNZ_563,Malaria Wala Park,park,REG_W224,SCH_AMRUT,ACT_SUP_RAVINDER,,completed,28.67776,77.281508,,Area: 0.09 acres,MCD,,semi_structured_xlsx,0.9
ASSET_PARK_SNZ_564,"Subhash Park, P.S. Garden",park,REG_W224,SCH_AMRUT,ACT_SUP_RAVINDER,,completed,28.676223,77.286972,,Area: 0.2 acres,MCD,,semi_structured_xlsx,0.9
ASSET_PARK_SNZ_565,"Maszid Wala Park, Kabooter Market",park,REG_W224,SCH_AMRUT,ACT_SUP_RAVINDER,,completed,28.679125,77.274842,,Area: 0.9 acres,MCD,,semi_structured_xlsx,0.9
ASSET_PARK_SNZ_566,"H.No. JB-92 Bhagat Singh park, Welcome Market  -110032",park,REG_W224,SCH_AMRUT,ACT_SUP_RAVINDER,,completed,28.676791,77.27505,,Area: 0.18 acres,MCD,,semi_structured_xlsx,0.9
ASSET_PARK_SNZ_567,"H.No. JB-10 Ravi Das Park,",park,REG_W224,SCH_AMRUT,ACT_SUP_RAVINDER,,completed,28.675717,77.275372,,Area: 0.65 acres,MCD,,semi_structured_xlsx,0.9
ASSET_PARK_SNZ_568,Park A-1 / 20  Near Mother Dairy Welcome  -110032,park,REG_W224,SCH_AMRUT,ACT_SUP_RAVINDER,,completed,28.674788,77.274999,,Area: 0.03 acres,MCD,,semi_structured_xlsx,0.9
ASSET_PARK_SNZ_569,H.No. S-70 Amer Singh Rothor Park Welcome,park,REG_W224,SCH_AMRUT,ACT_SUP_RAVINDER,,completed,,,,Area: 0.3 acres,MCD,,semi_structured_xlsx,0.9
ASSET_PARK_SNZ_570,JB-6/59 Imambada Welcome,park,REG_W224,SCH_AMRUT,ACT_SUP_RAVINDER,,completed,28.676981,77.275639,,Area: 0.89 acres,MCD,,semi_structured_xlsx,0.9
ASSET_PARK_SNZ_571,"Park Z-Block, Near H.No. 174",park,REG_W224,SCH_AMRUT,ACT_SUP_RAVINDER,,completed,28.676452,77.274271,,Area: 0.25 acres,MCD,,semi_structured_xlsx,0.9
ASSET_PARK_SNZ_572,H.No. Z-109 Kabristan Welcome,park,REG_W224,SCH_AMRUT,ACT_SUP_RAVINDER,,completed,28.676786,77.273327,,Area: 0.13 acres,MCD,,semi_structured_xlsx,0.9
ASSET_PARK_SNZ_573,"Photo Chock, Y-Block, H.NO. 7",park,REG_W224,SCH_AMRUT,ACT_SUP_RAVINDER,,completed,28.67748,77.272816,,Area: 0.68 acres,MCD,,semi_structured_xlsx,0.9
ASSET_PARK_SNZ_574,Park  H.No. Z-II/325 ZA Khan wala,park,REG_W224,SCH_AMRUT,ACT_SUP_RAVINDER,,completed,28.679528,77.274939,,Area: 0.89 acres,MCD,,semi_structured_xlsx,0.9
ASSET_PARK_SNZ_575,"C-5, Welcome  Park.",park,REG_W224,SCH_AMRUT,ACT_SUP_RAVINDER,,completed,28.678263,77.273764,,Area: 0.15 acres,MCD,,semi_structured_xlsx,0.9
ASSET_PARK_SNZ_576,"C-1/82, Pipla Mandir Welcome  Park.",park,REG_W224,SCH_AMRUT,ACT_SUP_RAVINDER,,completed,28.772795,77.275679,,Area: 0.15 acres,MCD,,semi_structured_xlsx,0.9
ASSET_PARK_SNZ_577,H.No. A-1/23 Opp. Welcome,park,REG_W224,SCH_AMRUT,ACT_SUP_RAVINDER,,completed,28.764711,77.275196,,Area: 0.15 acres,MCD,,semi_structured_xlsx,0.9
ASSET_PARK_SNZ_578,H.No. B-1/1 Opp. Welcome,park,REG_W224,SCH_AMRUT,ACT_SUP_RAVINDER,,completed,28.776744,77.275192,,Area: 0.23 acres,MCD,,semi_structured_xlsx,0.9
ASSET_PARK_SNZ_579,F& F Garden-,park,REG_W224,SCH_AMRUT,ACT_SUP_RAVINDER,,completed,28.674305,77.275984,,Area: 32.0 acres,MCD,,semi_structured_xlsx,0.9
ASSET_PARK_SNZ_580,"Small Park, Opp. Bagh Wali Masjid",park,REG_W224,SCH_AMRUT,ACT_SUP_RAVINDER,,completed,28.67781,77.275008,,Area: 0.12 acres,MCD,,semi_structured_xlsx,0.9
ASSET_PARK_SNZ_581,Rahman Building Small Park,park,REG_W224,SCH_AMRUT,ACT_SUP_RAVINDER,,completed,28.675802,77.289079,,Area: 0.13 acres,MCD,,semi_structured_xlsx,0.9
ASSET_PARK_SNZ_582,Rahman Building Big Park,park,REG_W224,SCH_AMRUT,ACT_SUP_RAVINDER,,completed,28.675762,77.282896,,Area: 0.42 acres,MCD,,semi_structured_xlsx,0.9
ASSET_PARK_SNZ_583,Park H Block Chatri Wala Park,park,REG_W224,SCH_AMRUT,ACT_SUP_RAVINDER,,completed,28.677173,77.283229,,Area: 0.6 acres,MCD,,semi_structured_xlsx,0.9
ASSET_PARK_SNZ_584,Park Anda  Park Naveen Shahdara,park,REG_W224,SCH_AMRUT,ACT_SUP_RAVINDER,,completed,28.675722,77.285143,,Area: 0.21 acres,MCD,,semi_structured_xlsx,0.9
ASSET_PARK_SNZ_585,Park Fuwara Wala G.T.Road,park,REG_W224,SCH_AMRUT,ACT_SUP_RAVINDER,,completed,28.676257,77.276982,,Area: 0.12 acres,MCD,,semi_structured_xlsx,0.9
ASSET_PARK_SNZ_586,G.T. Road P.S. Green Belt (Pkt.-6),park,REG_W224,SCH_AMRUT,ACT_SUP_RAVINDER,,completed,28.674247,77.285546,,Area: 0.71 acres,MCD,,semi_structured_xlsx,0.9
ASSET_PARK_SNZ_587,"Tikona Park, Near Welcome P.S.",park,REG_W225,SCH_AMRUT,ACT_SUP_AMRESH,,completed,28.674607,77.273539,,Area: 0.33 acres,MCD,,semi_structured_xlsx,0.9
ASSET_PARK_SNZ_588,"N-Block, Welcome H.No. 10 (Ramlial Park)",park,REG_W225,SCH_AMRUT,ACT_SUP_AMRESH,,completed,28.674911,77.272814,,Area: 0.86 acres,MCD,,semi_structured_xlsx,0.9
ASSET_PARK_SNZ_589,"Loha Market, Welcome Shop No.  4",park,REG_W225,SCH_AMRUT,ACT_SUP_AMRESH,,completed,28.676192,77.271161,,Area: 0.07 acres,MCD,,semi_structured_xlsx,0.9
ASSET_PARK_SNZ_590,Razia Sultana Park,park,REG_W225,SCH_AMRUT,ACT_SUP_AMRESH,,completed,28.675012,77.272963,,Area: 0.2 acres,MCD,,semi_structured_xlsx,0.9
ASSET_PARK_SNZ_591,Double Story  Park H. No. 194,park,REG_W225,SCH_AMRUT,ACT_SUP_AMRESH,,completed,28.677046,77.266506,,Area: 0.51 acres,MCD,,semi_structured_xlsx,0.9
ASSET_PARK_SNZ_592,Double Story Park H. No. 198,park,REG_W225,SCH_AMRUT,ACT_SUP_AMRESH,,completed,28.677318,77.267229,,Area: 0.48 acres,MCD,,semi_structured_xlsx,0.9
ASSET_PARK_SNZ_593,"Double Story Park, Mandir Wala",park,REG_W225,SCH_AMRUT,ACT_SUP_AMRESH,,completed,28.67714,77.26751,,Area: 0.41 acres,MCD,,semi_structured_xlsx,0.9
ASSET_PARK_SNZ_594,"New Seelampur, B-Block, Park",park,REG_W225,SCH_AMRUT,ACT_SUP_AMRESH,,completed,28.676766,77.268128,,Area: 0.14 acres,MCD,,semi_structured_xlsx,0.9
ASSET_PARK_SNZ_595,"C-Block, H. No. 71",park,REG_W225,SCH_AMRUT,ACT_SUP_AMRESH,,completed,28.67762,77.268639,,Area: 0.52 acres,MCD,,semi_structured_xlsx,0.9
ASSET_PARK_SNZ_596,"C-Block, H. No. 20",park,REG_W225,SCH_AMRUT,ACT_SUP_AMRESH,,completed,28.677453,77.267894,,Area: 0.05 acres,MCD,,semi_structured_xlsx,0.9
ASSET_PARK_SNZ_597,"D-Block, H.No.- 122",park,REG_W225,SCH_AMRUT,ACT_SUP_AMRESH,,completed,28.675604,77.269789,,Area: 0.11 acres,MCD,,semi_structured_xlsx,0.9
ASSET_PARK_SNZ_598,"D-Block, H.No.- 145",park,REG_W225,SCH_AMRUT,ACT_SUP_AMRESH,,completed,28.67447,77.267687,,Area: 0.26 acres,MCD,,semi_structured_xlsx,0.9
ASSET_PARK_SNZ_599,"D-Block, Small Park",park,REG_W225,SCH_AMRUT,ACT_SUP_AMRESH,,completed,28.678076,77.26818,,Area: 0.51 acres,MCD,,semi_structured_xlsx,0.9
ASSET_PARK_SNZ_600,"E-Block, Small Park",park,REG_W225,SCH_AMRUT,ACT_SUP_AMRESH,,completed,28.678116,77.270542,,Area: 0.41 acres,MCD,,semi_structured_xlsx,0.9
ASSET_PARK_SNZ_601,Hanipudin Central Park,park,REG_W225,SCH_AMRUT,ACT_SUP_AMRESH,,completed,28.675852,77.270333,,Area: 0.95 acres,MCD,,semi_structured_xlsx,0.9
ASSET_PARK_SNZ_602,"F-Block, Near Desu Office",park,REG_W225,SCH_AMRUT,ACT_SUP_AMRESH,,completed,28.673988,77.269294,,Area: 0.4 acres,MCD,,semi_structured_xlsx,0.9
ASSET_PARK_SNZ_603,"CPJ-Park, Mandir Wala",park,REG_W225,SCH_AMRUT,ACT_SUP_AMRESH,,completed,28.673756,77.265672,,Area: 0.51 acres,MCD,,semi_structured_xlsx,0.9
ASSET_PARK_SNZ_604,"CPJ-Park, Small-I",park,REG_W225,SCH_AMRUT,ACT_SUP_AMRESH,,completed,28.673101,77.266421,,Area: 0.41 acres,MCD,,semi_structured_xlsx,0.9
ASSET_PARK_SNZ_605,"CPJ-Park, Small-II",park,REG_W225,SCH_AMRUT,ACT_SUP_AMRESH,,completed,28.673156,77.266344,,Area: 0.02 acres,MCD,,semi_structured_xlsx,0.9
ASSET_PARK_SNZ_606,"OPQR Block, Welcome",park,REG_W225,SCH_AMRUT,ACT_SUP_AMRESH,,completed,28.675234,77.274243,,Area: 0.31 acres,MCD,,semi_structured_xlsx,0.9
ASSET_PARK_SNZ_607,Old Orachard at Seelam Pur,park,REG_W225,SCH_AMRUT,ACT_SUP_AMRESH,,completed,,,,Area: 0.95 acres,MCD,,semi_structured_xlsx,0.9
ASSET_PARK_SNZ_608,Green area at Seelampur.(Opp. Petrol Pump),park,REG_W225,SCH_AMRUT,ACT_SUP_SHAHDARA_SOUTH_ZONE,,completed,28.40167,77.161555,,Area: 2.5 acres,MCD,,semi_structured_xlsx,0.9
ASSET_PARK_SNZ_609,"Park alongwith Nala, B.S.Mohalla   Usmanpur",park,REG_W226,SCH_AMRUT,ACT_SUP_RAKESH_KASHYAP,,completed,28.683651,77.262574,,Area: 0.36 acres,MCD,,semi_structured_xlsx,0.9
ASSET_PARK_SNZ_610,"Small Park, B.S.Mohalla   Usmanpur",park,REG_W226,SCH_AMRUT,ACT_SUP_RAKESH_KASHYAP,,completed,28.683301,77.262425,,Area: 0.65 acres,MCD,,semi_structured_xlsx,0.9
ASSET_PARK_SNZ_611,"Nadia Park, B.S.Mohalla   Usmanpur",park,REG_W226,SCH_AMRUT,ACT_SUP_RAKESH_KASHYAP,,completed,28.68236,77.260967,,Area: 0.45 acres,MCD,,semi_structured_xlsx,0.9
ASSET_PARK_SNZ_612,"C-Block , MCD Flat, No. 202,Usmanpur",park,REG_W226,SCH_AMRUT,ACT_SUP_RAKESH_KASHYAP,,completed,28.681823,77.260279,,Area: 0.77 acres,MCD,,semi_structured_xlsx,0.9
ASSET_PARK_SNZ_613,"C-Block MCD Flat , No. 241   Usmanpur-110053",park,REG_W226,SCH_AMRUT,ACT_SUP_RAKESH_KASHYAP,,completed,28.682199,77.260427,,Area: 0.61 acres,MCD,,semi_structured_xlsx,0.9
ASSET_PARK_SNZ_614,"C-Block MCD Flat , No. 360   Usmanpur-110053",park,REG_W226,SCH_AMRUT,ACT_SUP_RAKESH_KASHYAP,,completed,28.680367,77.260946,,Area: 0.07 acres,MCD,,semi_structured_xlsx,0.9
ASSET_PARK_SNZ_615,D-Block H.No. 18 MCD Flat No. 4   Usmanpur-110053,park,REG_W226,SCH_AMRUT,ACT_SUP_RAKESH_KASHYAP,,completed,28.680712,77.258809,,Area: 0.46 acres,MCD,,semi_structured_xlsx,0.9
ASSET_PARK_SNZ_616,"A-Block H. No. 81 , MCD Flat No. 4   Usmanpur-110053",park,REG_W226,SCH_AMRUT,ACT_SUP_RAKESH_KASHYAP,,completed,28.680712,77.258809,,Area: 0.65 acres,MCD,,semi_structured_xlsx,0.9
ASSET_PARK_SNZ_617,"A-Block H. No. 65 , MCD Flat No. 4   Usmanpur-110053",park,REG_W226,SCH_AMRUT,ACT_SUP_RAKESH_KASHYAP,,completed,28.680787,77.25846,,Area: 0.65 acres,MCD,,semi_structured_xlsx,0.9
ASSET_PARK_SNZ_618,Park of Kaith Wara   Usmanpur,park,REG_W226,SCH_AMRUT,ACT_SUP_RAKESH_KASHYAP,,completed,28.686938,77.259251,,Area: 0.8 acres,MCD,,semi_structured_xlsx,0.9
ASSET_PARK_SNZ_619,D-Block Mahila Park   Usmanpur,park,REG_W226,SCH_AMRUT,ACT_SUP_RAKESH_KASHYAP,,completed,28.682166,77.25987,,Area: 1.01 acres,MCD,,semi_structured_xlsx,0.9
ASSET_PARK_SNZ_620,"D-34, MCD Flat NO.  Usmanpur",park,REG_W226,SCH_AMRUT,ACT_SUP_RAKESH_KASHYAP,,completed,28.680668,77.258654,,Area: 0.75 acres,MCD,,semi_structured_xlsx,0.9
ASSET_PARK_SNZ_621,"B-336, MCD Flat No. Usamanpur",park,REG_W226,SCH_AMRUT,ACT_SUP_RAKESH_KASHYAP,,completed,28.679757,77.261195,,Area: 0.69 acres,MCD,,semi_structured_xlsx,0.9
ASSET_PARK_SNZ_622,"A Block, Behind Mpl School",park,REG_W226,SCH_AMRUT,ACT_SUP_RAKESH_KASHYAP,,completed,28.680325,77.259743,,Area: 0.65 acres,MCD,,semi_structured_xlsx,0.9
ASSET_PARK_SNZ_623,Village Maujpur Park,park,REG_W228,SCH_AMRUT,ACT_SUP_SORAN_SINGH,,completed,28.690174,77.27536,,Area: 0.25 acres,MCD,,semi_structured_xlsx,0.9
ASSET_PARK_SNZ_624,Panchwati Park at Ghonda Chowk,park,REG_W228,SCH_AMRUT,ACT_SUP_SORAN_SINGH,,completed,28.4124092,77.1613479,,Area: 2.6 acres,MCD,,semi_structured_xlsx,0.9
ASSET_PARK_SNZ_625,Park Gamri Village,park,REG_W230,SCH_AMRUT,ACT_SUP_RAKESH_KASHYAP,,completed,28.695678,77.253031,,Area: 0.75 acres,MCD,,semi_structured_xlsx,0.9
ASSET_PARK_SNZ_626,Green area Children Memorial Park at Ghari Mandu,park,REG_W230,SCH_AMRUT,ACT_SUP_RAKESH_KASHYAP,,completed,28.426958,77.159328,,Area: 1.16 acres,MCD,,semi_structured_xlsx,0.9
ASSET_PARK_SNZ_627,"B-1/303, Green Belt Park Yamuna Vihar",park,REG_W232,SCH_AMRUT,ACT_SUP_RAJVEER,,completed,28.700996,77.270671,,Area: 0.3 acres,MCD,,semi_structured_xlsx,0.9
ASSET_PARK_SNZ_628,"B-1/105, Green Belt Park Yamuna Vihar",park,REG_W232,SCH_AMRUT,ACT_SUP_RAJVEER,,completed,28.701322,77.271243,,Area: 0.3 acres,MCD,,semi_structured_xlsx,0.9
ASSET_PARK_SNZ_629,"B-1/282, Singla Wala  Park  Yamuna Vihar",park,REG_W232,SCH_AMRUT,ACT_SUP_RAJVEER,,completed,28.701122,77.270385,,Area: 0.29 acres,MCD,,semi_structured_xlsx,0.9
ASSET_PARK_SNZ_630,"B-1/83, Park (Choti Poket)  Yamuna Vihar",park,REG_W232,SCH_AMRUT,ACT_SUP_RAJVEER,,completed,28.701949,77.271372,,Area: 0.43 acres,MCD,,semi_structured_xlsx,0.9
ASSET_PARK_SNZ_631,B-1 & B-2 ke Bich Geeta Bhawan Park (Harbal Park)  Yamuna Vihar,park,REG_W232,SCH_AMRUT,ACT_SUP_RAJVEER,,completed,28.701222,77.270743,,Area: 0.4 acres,MCD,,semi_structured_xlsx,0.9
ASSET_PARK_SNZ_632,"B-2/254, Green Belt Park  Yamuna Vihar",park,REG_W232,SCH_AMRUT,ACT_SUP_RAJVEER,,completed,28.701333,77.269323,,Area: 0.14 acres,MCD,,semi_structured_xlsx,0.9
ASSET_PARK_SNZ_633,"B-2/281, Faware Wala, park   Yamuna Vihar",park,REG_W232,SCH_AMRUT,ACT_SUP_RAJVEER,,completed,28.701135,77.269065,,Area: 0.25 acres,MCD,,semi_structured_xlsx,0.9
ASSET_PARK_SNZ_634,B-2/410 Park   Yamuna Vihar,park,REG_W232,SCH_AMRUT,ACT_SUP_RAJVEER,,completed,28.701422,77.269642,,Area: 0.36 acres,MCD,,semi_structured_xlsx,0.9
ASSET_PARK_SNZ_635,B-2/8 Park (Choti Poket)  Yamuna Vihar,park,REG_W232,SCH_AMRUT,ACT_SUP_RAJVEER,,completed,28.702032,77.268705,,Area: 0.11 acres,MCD,,semi_structured_xlsx,0.9
ASSET_PARK_SNZ_636,B-2/28 Park (Choti Poket)  Yamuna Vihar,park,REG_W232,SCH_AMRUT,ACT_SUP_RAJVEER,,completed,28.702039,77.268468,,Area: 0.43 acres,MCD,,semi_structured_xlsx,0.9
ASSET_PARK_SNZ_637,B-2/361 Maharaja Agrsain Park  Yamuna Vihar,park,REG_W232,SCH_AMRUT,ACT_SUP_RAJVEER,,completed,28.701096,77.269614,,Area: 2.37 acres,MCD,,semi_structured_xlsx,0.9
ASSET_PARK_SNZ_638,B-2 & B-3 ke bich Shivaji Park  Yamuna Vihar,park,REG_W232,SCH_AMRUT,ACT_SUP_RAJVEER,,completed,28.701361,77.267791,,Area: 0.75 acres,MCD,,semi_structured_xlsx,0.9
ASSET_PARK_SNZ_639,B-2/380 behind  Maharaja Agrsain Park  Yamuna Vihar,park,REG_W232,SCH_AMRUT,ACT_SUP_RAJVEER,,completed,28.701156,77.26871,,Area: 0.15 acres,MCD,,semi_structured_xlsx,0.9
ASSET_PARK_SNZ_640,B-2/115 Goyal Wala Park  Yamuna Vihar,park,REG_W232,SCH_AMRUT,ACT_SUP_RAJVEER,,completed,28.701426,77.268049,,Area: 0.11 acres,MCD,,semi_structured_xlsx,0.9
ASSET_PARK_SNZ_641,B-3/103 Park  Yamuna Vihar,park,REG_W232,SCH_AMRUT,ACT_SUP_RAJVEER,,completed,28.701887,77.266972,,Area: 1.9 acres,MCD,,semi_structured_xlsx,0.9
ASSET_PARK_SNZ_642,"B-3/148, Ram,Janki Park Yamuna Vihar",park,REG_W232,SCH_AMRUT,ACT_SUP_RAJVEER,,completed,28.701472,77.266309,,Area: 0.37 acres,MCD,,semi_structured_xlsx,0.9
ASSET_PARK_SNZ_643,"B-3/156, Mahender Singh Vatika Park   Yamuna Vihar",park,REG_W232,SCH_AMRUT,ACT_SUP_RAJVEER,,completed,28.70143,77.266354,,Area: 0.41 acres,MCD,,semi_structured_xlsx,0.9
ASSET_PARK_SNZ_644,"B-4/81, Pram Hans ji Maharaj Vatika Park  Yamuna Vihar",park,REG_W232,SCH_AMRUT,ACT_SUP_RAJVEER,,completed,28.699708,77.266687,,Area: 0.74 acres,MCD,,semi_structured_xlsx,0.9
ASSET_PARK_SNZ_645,"B-4/82, Mahila Park  Yamuna Vihar",park,REG_W232,SCH_AMRUT,ACT_SUP_RAJVEER,,completed,28.699394,77.266756,,Area: 0.39 acres,MCD,,semi_structured_xlsx,0.9
ASSET_PARK_SNZ_646,"B-4/156, Park  Yamuna Vihar",park,REG_W232,SCH_AMRUT,ACT_SUP_RAJVEER,,completed,28.699939,77.26613,,Area: 0.26 acres,MCD,,semi_structured_xlsx,0.9
ASSET_PARK_SNZ_647,"B-4/75, Park   Yamuna Vihar",park,REG_W232,SCH_AMRUT,ACT_SUP_RAJVEER,,completed,28.699124,77.26658,,Area: 0.76 acres,MCD,,semi_structured_xlsx,0.9
ASSET_PARK_SNZ_648,"B-4/158, Park   Yamuna Vihar",park,REG_W232,SCH_AMRUT,ACT_SUP_RAJVEER,,completed,28.699283,77.267671,,Area: 0.17 acres,MCD,,semi_structured_xlsx,0.9
ASSET_PARK_SNZ_649,B-5/423 Shashi kant Park Yamuna Vihar,park,REG_W232,SCH_AMRUT,ACT_SUP_RAJVEER,,completed,28.69927,77.268952,,Area: 0.32 acres,MCD,,semi_structured_xlsx,0.9
ASSET_PARK_SNZ_650,"B-5/326, Madhev Park  Yamuna Vihar",park,REG_W232,SCH_AMRUT,ACT_SUP_RAJVEER,,completed,28.698804,77.268942,,Area: 0.28 acres,MCD,,semi_structured_xlsx,0.9
ASSET_PARK_SNZ_651,"B-5/261, Rameshwer Park  Yamuna Vihar",park,REG_W232,SCH_AMRUT,ACT_SUP_RAJVEER,,completed,28.690001,77.2699,,Area: 0.21 acres,MCD,,semi_structured_xlsx,0.9
ASSET_PARK_SNZ_652,"B-5/274, Store wala Park  Yamuna Vihar",park,REG_W232,SCH_AMRUT,ACT_SUP_RAJVEER,,completed,28.698594,77.269525,,Area: 0.42 acres,MCD,,semi_structured_xlsx,0.9
ASSET_PARK_SNZ_653,"B-5/160, Mahadev Park  Yamuna Vihar",park,REG_W232,SCH_AMRUT,ACT_SUP_RAJVEER,,completed,28.698574,77.270998,,Area: 0.21 acres,MCD,,semi_structured_xlsx,0.9
ASSET_PARK_SNZ_654,"B-5/327, Nishad Raj Vatika Yamuna Vihar",park,REG_W232,SCH_AMRUT,ACT_SUP_RAJVEER,,completed,28.700469,77.268318,,Area: 0.25 acres,MCD,,semi_structured_xlsx,0.9
ASSET_PARK_SNZ_655,"C-1/185, Bhawani Park Yamuna Vihar",park,REG_W232,SCH_AMRUT,ACT_SUP_RAJVEER,,completed,28.701378,77.274184,,Area: 0.25 acres,MCD,,semi_structured_xlsx,0.9
ASSET_PARK_SNZ_656,"C-1/211, Bhairo Park Yamuna Vihar",park,REG_W232,SCH_AMRUT,ACT_SUP_RAJVEER,,completed,28.700796,77.274059,,Area: 0.18 acres,MCD,,semi_structured_xlsx,0.9
ASSET_PARK_SNZ_657,"C-2/196, Krishna Park  Yamuna Vihar",park,REG_W232,SCH_AMRUT,ACT_SUP_RAJVEER,,completed,28.700412,77.277115,,Area: 0.28 acres,MCD,,semi_structured_xlsx,0.9
ASSET_PARK_SNZ_658,"C-2/246, Shri Ram Park  Yamuna Vihar",park,REG_W232,SCH_AMRUT,ACT_SUP_RAJVEER,,completed,28.701334,77.276772,,Area: 0.14 acres,MCD,,semi_structured_xlsx,0.9
ASSET_PARK_SNZ_659,"C-3/291, Maha Rana Pratap Park  Yamuna Vihar",park,REG_W232,SCH_AMRUT,ACT_SUP_RAJVEER,,completed,28.70077,77.2784,,Area: 0.97 acres,MCD,,semi_structured_xlsx,0.9
ASSET_PARK_SNZ_660,"C-3/113, Bal Samriti Vatika Park  Yamuna Vihar",park,REG_W232,SCH_AMRUT,ACT_SUP_RAJVEER,,completed,28.700506,77.279713,,Area: 0.35 acres,MCD,,semi_structured_xlsx,0.9
ASSET_PARK_SNZ_661,"C-3/196, Mahavir Vatika  Yamuna Vihar",park,REG_W232,SCH_AMRUT,ACT_SUP_RAJVEER,,completed,28.700149,77.279692,,Area: 0.27 acres,MCD,,semi_structured_xlsx,0.9
ASSET_PARK_SNZ_662,"C-4/104, Behind Rathwala Mandir  Yamuna Vihar",park,REG_W232,SCH_AMRUT,ACT_SUP_RAJVEER,,completed,28.700697,77.28089,,Area: 0.56 acres,MCD,,semi_structured_xlsx,0.9
ASSET_PARK_SNZ_663,"C-4/115, Panchsheel  Park   Yamuna Vihar",park,REG_W232,SCH_AMRUT,ACT_SUP_RAJVEER,,completed,28.700287,77.282048,,Area: 0.15 acres,MCD,,semi_structured_xlsx,0.9
ASSET_PARK_SNZ_664,C-4/73A Panchwati Park  Yamuna Vihar,park,REG_W232,SCH_AMRUT,ACT_SUP_RAJVEER,,completed,28.700674,77.282449,,Area: 0.14 acres,MCD,,semi_structured_xlsx,0.9
ASSET_PARK_SNZ_665,"C-4/335, Chitra Gupt Vatika Park  Yamuna Vihar",park,REG_W232,SCH_AMRUT,ACT_SUP_RAJVEER,,completed,28.700597,77.282044,,Area: 0.51 acres,MCD,,semi_structured_xlsx,0.9
ASSET_PARK_SNZ_666,"C-5/206, Vijay Laxmi Bahal Park  Yamuna Vihar",park,REG_W232,SCH_AMRUT,ACT_SUP_RAJVEER,,completed,28.700202,77.283747,,Area: 0.28 acres,MCD,,semi_structured_xlsx,0.9
ASSET_PARK_SNZ_667,"C-5/185, Rajesh Pilot Park  Yamuna Vihar",park,REG_W232,SCH_AMRUT,ACT_SUP_RAJVEER,,completed,28.699237,77.28312,,Area: 1.33 acres,MCD,,semi_structured_xlsx,0.9
ASSET_PARK_SNZ_668,"C-5/81, Atul Park  Yamuna Vihar",park,REG_W232,SCH_AMRUT,ACT_SUP_RAJVEER,,completed,28.69845,77.282672,,Area: 0.12 acres,MCD,,semi_structured_xlsx,0.9
ASSET_PARK_SNZ_669,"C-5/67, Keshav Vatika  Yamuna Vihar",park,REG_W232,SCH_AMRUT,ACT_SUP_RAJVEER,,completed,28.698718,77.282014,,Area: 0.36 acres,MCD,,semi_structured_xlsx,0.9
ASSET_PARK_SNZ_670,"C-5/63, Keshav Vatika ke samne Park  Yamuna Vihar",park,REG_W232,SCH_AMRUT,ACT_SUP_RAJVEER,,completed,28.699056,77.281885,,Area: 0.29 acres,MCD,,semi_structured_xlsx,0.9
ASSET_PARK_SNZ_671,"C-5/106, Opp. Shiv Shakti Mandir  Yamuna Vihar",park,REG_W232,SCH_AMRUT,ACT_SUP_RAJVEER,,completed,28.699021,77.282084,,Area: 0.83 acres,MCD,,semi_structured_xlsx,0.9
ASSET_PARK_SNZ_672,"C-6/425, Pkt, Park Near Keshav Vatika  Yamuna Vihar",park,REG_W232,SCH_AMRUT,ACT_SUP_RAJVEER,,completed,28.698378,77.282219,,Area: 0.46 acres,MCD,,semi_structured_xlsx,0.9
ASSET_PARK_SNZ_673,"C-6/172, Dayanand  Park  Yamuna Vihar",park,REG_W232,SCH_AMRUT,ACT_SUP_RAJVEER,,completed,28.698863,77.280914,,Area: 0.62 acres,MCD,,semi_structured_xlsx,0.9
ASSET_PARK_SNZ_674,"C-6/42, Pkt, Near Mahila Park  Yamuna Vihar",park,REG_W232,SCH_AMRUT,ACT_SUP_RAJVEER,,completed,28.698777,77.280911,,Area: 0.47 acres,MCD,,semi_structured_xlsx,0.9
ASSET_PARK_SNZ_675,"C-6/37, Mahila Park  Yamuna Vihar",park,REG_W232,SCH_AMRUT,ACT_SUP_RAJVEER,,completed,28.698585,77.27965,,Area: 0.4 acres,MCD,,semi_structured_xlsx,0.9
ASSET_PARK_SNZ_676,"C-6/196,  Krishna Park Desu Office  Yamuna Vihar",park,REG_W232,SCH_AMRUT,ACT_SUP_RAJVEER,,completed,28.69915,77.279328,,Area: 0.31 acres,MCD,,semi_structured_xlsx,0.9
ASSET_PARK_SNZ_677,"C-6/292,  Prahlad Vatika Park  Yamuna Vihar",park,REG_W232,SCH_AMRUT,ACT_SUP_RAJVEER,,completed,28.6993,77.280357,,Area: 0.51 acres,MCD,,semi_structured_xlsx,0.9
ASSET_PARK_SNZ_678,"C-6/101,  Hanuman Vatika  Yamuna Vihar",park,REG_W232,SCH_AMRUT,ACT_SUP_RAJVEER,,completed,28.698623,77.279671,,Area: 0.61 acres,MCD,,semi_structured_xlsx,0.9
ASSET_PARK_SNZ_679,"C-7/24, Shishu Vatika  Yamuna Vihar",park,REG_W232,SCH_AMRUT,ACT_SUP_RAJVEER,,completed,28.698084,77.2725,,Area: 0.49 acres,MCD,,semi_structured_xlsx,0.9
ASSET_PARK_SNZ_680,"C-7/100, Shri Ram  Park  Yamuna Vihar",park,REG_W232,SCH_AMRUT,ACT_SUP_RAJVEER,,completed,28.698248,77.28015,,Area: 0.54 acres,MCD,,semi_structured_xlsx,0.9
ASSET_PARK_SNZ_681,"C-7/148,Vadahi Park  Yamuna Vihar",park,REG_W232,SCH_AMRUT,ACT_SUP_RAJVEER,,completed,28.696813,77.28015,,Area: 0.3 acres,MCD,,semi_structured_xlsx,0.9
ASSET_PARK_SNZ_682,"C-8/92, Mohan Chand Park  Yamuna Vihar",park,REG_W232,SCH_AMRUT,ACT_SUP_RAJVEER,,completed,28.696901,77.279091,,Area: 0.29 acres,MCD,,semi_structured_xlsx,0.9
ASSET_PARK_SNZ_683,C-8/174 Gottam Budh Park   Yamuna Vihar,park,REG_W232,SCH_AMRUT,ACT_SUP_RAJVEER,,completed,28.69862,77.275407,,Area: 0.35 acres,MCD,,semi_structured_xlsx,0.9
ASSET_PARK_SNZ_684,"C-8/35, Ambedkar Park  Yamuna Vihar",park,REG_W232,SCH_AMRUT,ACT_SUP_RAJVEER,,completed,28.697906,77.274802,,Area: 0.35 acres,MCD,,semi_structured_xlsx,0.9
ASSET_PARK_SNZ_685,"C-8/170, Tulsi Vatika Park  Yamuna Vihar",park,REG_W232,SCH_AMRUT,ACT_SUP_RAJVEER,,completed,28.697138,77.275192,,Area: 0.24 acres,MCD,,semi_structured_xlsx,0.9
ASSET_PARK_SNZ_686,"C-9/242, Guru Govind Singh Park  Yamuna Vihar",park,REG_W232,SCH_AMRUT,ACT_SUP_RAJVEER,,completed,28.697053,77.278011,,Area: 0.56 acres,MCD,,semi_structured_xlsx,0.9
ASSET_PARK_SNZ_687,"C-9/96, Ram Park  Yamuna Vihar",park,REG_W232,SCH_AMRUT,ACT_SUP_RAJVEER,,completed,28.698162,77.2749,,Area: 0.12 acres,MCD,,semi_structured_xlsx,0.9
ASSET_PARK_SNZ_688,"C-9/168, Shayam  Park  Yamuna Vihar",park,REG_W232,SCH_AMRUT,ACT_SUP_RAJVEER,,completed,28.696285,77.27422,,Area: 0.18 acres,MCD,,semi_structured_xlsx,0.9
ASSET_PARK_SNZ_689,C-9/150 Bhagat Singh Park  Yamuna Vihar,park,REG_W232,SCH_AMRUT,ACT_SUP_RAJVEER,,completed,28.697394,77.274123,,Area: 3.64 acres,MCD,,semi_structured_xlsx,0.9
ASSET_PARK_SNZ_690,"C-10, T.C. Sharma Wala Park   Yamuna Vihar",park,REG_W232,SCH_AMRUT,ACT_SUP_MUKESH,,completed,28.69767,77.374452,,Area: 0.14 acres,MCD,,semi_structured_xlsx,0.9
ASSET_PARK_SNZ_691,"C-10, Behaind Nursary Yamuna Vihar",park,REG_W232,SCH_AMRUT,ACT_SUP_MUKESH,,completed,28.697115,77.277047,,Area: 0.1 acres,MCD,,semi_structured_xlsx,0.9
ASSET_PARK_SNZ_692,"C-10, Parshuram Vatika  Yamuna Vihar",park,REG_W232,SCH_AMRUT,ACT_SUP_MUKESH,,completed,28.697463,77.277321,,Area: 0.36 acres,MCD,,semi_structured_xlsx,0.9
ASSET_PARK_SNZ_693,"C-10 Nursery, Yamuna Vihar",park,REG_W232,SCH_AMRUT,ACT_SUP_MUKESH,,completed,28.697216,77.276816,,Area: 1.51 acres,MCD,,semi_structured_xlsx,0.9
ASSET_PARK_SNZ_694,"C-10/100, Chatri Wala Park Yamuna Vihar",park,REG_W232,SCH_AMRUT,ACT_SUP_MUKESH,,completed,28.697256,77.277566,,Area: 0.13 acres,MCD,,semi_structured_xlsx,0.9
ASSET_PARK_SNZ_695,"C-10/178, Park Yamuna Vihar",park,REG_W232,SCH_AMRUT,ACT_SUP_MUKESH,,completed,28.696844,77.275038,,Area: 0.14 acres,MCD,,semi_structured_xlsx,0.9
ASSET_PARK_SNZ_696,"C-10/44, Park Yamuna Vihar",park,REG_W232,SCH_AMRUT,ACT_SUP_MUKESH,,completed,28.697372,77.275192,,Area: 0.13 acres,MCD,,semi_structured_xlsx,0.9
ASSET_PARK_SNZ_697,C-12 Pocket Goyal Wala  Yamuna Vihar,park,REG_W232,SCH_AMRUT,ACT_SUP_MUKESH,,completed,28.697033,77.275167,,Area: 0.45 acres,MCD,,semi_structured_xlsx,0.9
ASSET_PARK_SNZ_698,C-12 Park Jangle Jalebe wala  Yamuna Vihar,park,REG_W232,SCH_AMRUT,ACT_SUP_MUKESH,,completed,28.697665,77.281387,,Area: 0.09 acres,MCD,,semi_structured_xlsx,0.9
ASSET_PARK_SNZ_699,"B-4, Near Subhash Mohalla",park,REG_W233,SCH_AMRUT,ACT_SUP_SORAN_SINGH,,completed,28.692953,77.268585,,Area: 0.91 acres,MCD,,semi_structured_xlsx,0.9
ASSET_PARK_SNZ_700,Ghonda Shivaji Park,park,REG_W233,SCH_AMRUT,ACT_SUP_SORAN_SINGH,,completed,28.699097,77.267577,,Area: 0.21 acres,MCD,,semi_structured_xlsx,0.9
ASSET_PARK_SNZ_701,"C-11/59, Green Belt, Yamuna Vihar",park,REG_W233,SCH_AMRUT,ACT_SUP_SORAN_SINGH,,completed,28.60097244,77.27,,Area: 0.07 acres,MCD,,semi_structured_xlsx,0.9
ASSET_PARK_SNZ_702,"C-11/186, Fawara Wala Park",park,REG_W233,SCH_AMRUT,ACT_SUP_SORAN_SINGH,,completed,28.60097516,77.277,,Area: 0.39 acres,MCD,,semi_structured_xlsx,0.9
ASSET_PARK_SNZ_703,"C-11/60, Green Belt Park",park,REG_W233,SCH_AMRUT,ACT_SUP_SORAN_SINGH,,completed,28.60097607,77.276,,Area: 0.19 acres,MCD,,semi_structured_xlsx,0.9
ASSET_PARK_SNZ_704,"C-11/100, Alongwith Vijaya Park colony",park,REG_W233,SCH_AMRUT,ACT_SUP_SORAN_SINGH,,completed,28.6009690069,77.27,,Area: 0.49 acres,MCD,,semi_structured_xlsx,0.9
ASSET_PARK_SNZ_705,"C-12, Krishna  Park",park,REG_W233,SCH_AMRUT,ACT_SUP_SORAN_SINGH,,completed,28.60097252,77.27,,Area: 0.75 acres,MCD,,semi_structured_xlsx,0.9
ASSET_PARK_SNZ_706,"C-12/67, Choti Pocket Yauna Vihar",park,REG_W233,SCH_AMRUT,ACT_SUP_SORAN_SINGH,,completed,28.60097246,77.27,,Area: 0.1 acres,MCD,,semi_structured_xlsx,0.9
ASSET_PARK_SNZ_707,"C-12/239 , Green Belt",park,REG_W233,SCH_AMRUT,ACT_SUP_SORAN_SINGH,,completed,28.697132,77.279,,Area: 0.23 acres,MCD,,semi_structured_xlsx,0.9
ASSET_PARK_SNZ_708,"C-12/428, Near Community Bhawan",park,REG_W233,SCH_AMRUT,ACT_SUP_SORAN_SINGH,,completed,28.60097072,77.28,,Area: 0.15 acres,MCD,,semi_structured_xlsx,0.9
ASSET_PARK_SNZ_709,"C-12/225, Park Yamuna Vihar",park,REG_W233,SCH_AMRUT,ACT_SUP_SORAN_SINGH,,completed,28.697462,77.27,,Area: 0.31 acres,MCD,,semi_structured_xlsx,0.9
ASSET_PARK_SNZ_710,C-12/320  Park,park,REG_W233,SCH_AMRUT,ACT_SUP_SORAN_SINGH,,completed,28.696772,77.27,,Area: 0.42 acres,MCD,,semi_structured_xlsx,0.9
ASSET_PARK_SNZ_711,"C-12/484, Ekta Park",park,REG_W233,SCH_AMRUT,ACT_SUP_SORAN_SINGH,,completed,28.69686,77.28,,Area: 0.9 acres,MCD,,semi_structured_xlsx,0.9
ASSET_PARK_SNZ_712,C-12/477  Jaiky Park,park,REG_W233,SCH_AMRUT,ACT_SUP_SORAN_SINGH,,completed,28.697074,77.28,,Area: 0.79 acres,MCD,,semi_structured_xlsx,0.9
ASSET_PARK_SNZ_713,C-12/387,park,REG_W233,SCH_AMRUT,ACT_SUP_SORAN_SINGH,,completed,28.696546,77.28,,Area: 0.27 acres,MCD,,semi_structured_xlsx,0.9
ASSET_PARK_SNZ_714,"Central Park, H.No. 2, B Block Store Wala New Zafrabad",park,REG_W235,SCH_AMRUT,ACT_SUP_TEJ_PAL_SHARMA,,completed,28.684132,77.278127,,Area: 1.19 acres,MCD,,semi_structured_xlsx,0.9
ASSET_PARK_SNZ_715,"H.No. A-22, A Block, Masjid Wala Park, New Zafrabad",park,REG_W235,SCH_AMRUT,ACT_SUP_TEJ_PAL_SHARMA,,completed,28.684368,77.279502,,Area: 0.22 acres,MCD,,semi_structured_xlsx,0.9
ASSET_PARK_SNZ_716,"H.No. A-36, A Block Mkt, Wala Park, New Zafrabad",park,REG_W235,SCH_AMRUT,ACT_SUP_TEJ_PAL_SHARMA,,completed,28.685237,77.280022,,Area: 0.22 acres,MCD,,semi_structured_xlsx,0.9
ASSET_PARK_SNZ_717,"H.No. 57, B-Block, Jal Board Office Wala Park, New Zafrabad",park,REG_W235,SCH_AMRUT,ACT_SUP_TEJ_PAL_SHARMA,,completed,28.684675,77.279465,,Area: 0.21 acres,MCD,,semi_structured_xlsx,0.9
ASSET_PARK_SNZ_718,"H.No. 36, A-Block, Hudda Public School",park,REG_W235,SCH_AMRUT,ACT_SUP_TEJ_PAL_SHARMA,,completed,28.685792,77.276807,,Area: 0.12 acres,MCD,,semi_structured_xlsx,0.9
ASSET_PARK_SNZ_719,"H.No. 2, A-Block, Mahila Park",park,REG_W235,SCH_AMRUT,ACT_SUP_TEJ_PAL_SHARMA,,completed,28.689576,77.282295,,Area: 0.29 acres,MCD,,semi_structured_xlsx,0.9
ASSET_PARK_SNZ_720,"H.No. 28, B-Block, Balmiki Mandir, Z.B.",park,REG_W235,SCH_AMRUT,ACT_SUP_TEJ_PAL_SHARMA,,completed,28.683452,77.278733,,Area: 0.75 acres,MCD,,semi_structured_xlsx,0.9
ASSET_PARK_SNZ_721,"H.No. 36, C Block, Bhagwan Mahavir Swami Park, Z.B.",park,REG_W235,SCH_AMRUT,ACT_SUP_TEJ_PAL_SHARMA,,completed,28.68311,77.279625,,Area: 0.27 acres,MCD,,semi_structured_xlsx,0.9
ASSET_PARK_SNZ_722,"H.No. 37, D Block, Yog Sadhana Park, Z.B.",park,REG_W235,SCH_AMRUT,ACT_SUP_TEJ_PAL_SHARMA,,completed,28.68269,77.27828,,Area: 0.12 acres,MCD,,semi_structured_xlsx,0.9
ASSET_PARK_SNZ_723,"H.No. 45, D Block, Azmid Dev Park",park,REG_W235,SCH_AMRUT,ACT_SUP_TEJ_PAL_SHARMA,,completed,28.683195,77.278069,,Area: 0.69 acres,MCD,,semi_structured_xlsx,0.9
ASSET_PARK_SNZ_724,"H.No. D-2, D Block, Shaddi  Wala Park, Mini Stadium",park,REG_W235,SCH_AMRUT,ACT_SUP_TEJ_PAL_SHARMA,,completed,28.685177,77.27842,,,MCD,,semi_structured_xlsx,0.9
ASSET_PARK_SNZ_725,"H.No. 3, C Block DDA Flat, Kasyap  Park",park,REG_W235,SCH_AMRUT,ACT_SUP_TEJ_PAL_SHARMA,,completed,28.683468,77.279584,,Area: 2.15 acres,MCD,,semi_structured_xlsx,0.9
ASSET_PARK_SNZ_726,"H.No. B-11, A Block DDA FLAT",park,REG_W235,SCH_AMRUT,ACT_SUP_TEJ_PAL_SHARMA,,completed,28.685031,77.27739,,Area: 1.83 acres,MCD,,semi_structured_xlsx,0.9
ASSET_PARK_SNZ_727,"H.No. A-25, A Block Chotti Pockit",park,REG_W235,SCH_AMRUT,ACT_SUP_TEJ_PAL_SHARMA,,completed,28.688388,77.281186,,Area: 0.53 acres,MCD,,semi_structured_xlsx,0.9
ASSET_PARK_SNZ_728,C BLOCK Shiv Mandir Wala Park,park,REG_W235,SCH_AMRUT,ACT_SUP_TEJ_PAL_SHARMA,,completed,28.685089,77.280426,,Area: 0.53 acres,MCD,,semi_structured_xlsx,0.9
ASSET_PARK_SNZ_729,"H.No. C-19, C Block Shishu Vatika Park, New Zafrabad",park,REG_W235,SCH_AMRUT,ACT_SUP_TEJ_PAL_SHARMA,,completed,28.682326,77.280497,,Area: 0.34 acres,MCD,,semi_structured_xlsx,0.9
ASSET_PARK_SNZ_730,"H.No. 75, C Block Mahila Park, New Zafrabad",park,REG_W235,SCH_AMRUT,ACT_SUP_TEJ_PAL_SHARMA,,completed,28.682546,77.280217,,Area: 0.04 acres,MCD,,semi_structured_xlsx,0.9
ASSET_PARK_SNZ_731,"H.No. 104, C Block Maharaja Agarsein Park, Ghorakh Park",park,REG_W235,SCH_AMRUT,ACT_SUP_TEJ_PAL_SHARMA,,completed,28.682671,77.281521,,Area: 0.72 acres,MCD,,semi_structured_xlsx,0.9
ASSET_PARK_SNZ_732,Chahha Kashiram Rattor  Park B Block New Jafrabad,park,REG_W235,SCH_AMRUT,ACT_SUP_TEJ_PAL_SHARMA,,completed,,,,Area: 0.25 acres,MCD,,semi_structured_xlsx,0.9
ASSET_PARK_SNZ_733,"H.No. A-22, A PKT. Khatte Wala Park",park,REG_W235,SCH_AMRUT,ACT_SUP_TEJ_PAL_SHARMA,,completed,28.689064,77.281691,,Area: 0.23 acres,MCD,,semi_structured_xlsx,0.9
ASSET_PARK_SNZ_734,Green land K.L. Rathi Mill Loni Road Shahdara (Divyang Park),park,REG_W235,SCH_AMRUT,ACT_SUP_TEJ_PAL_SHARMA,,completed,28.40514,77.173025,,Area: 2.79 acres,MCD,,semi_structured_xlsx,0.9
ASSET_PARK_SNZ_735,"West Jyoti Nagar, Big Park",park,REG_W236,SCH_AMRUT,ACT_SUP_RAJENDER_PAL_RANA,,completed,28.691651,77.276592,,Area: 1.92 acres,MCD,,semi_structured_xlsx,0.9
ASSET_PARK_SNZ_736,"Mandir Wala Park, West Jyoti Nagar",park,REG_W236,SCH_AMRUT,ACT_SUP_RAJENDER_PAL_RANA,,completed,28.684168,77.279265,,Area: 0.54 acres,MCD,,semi_structured_xlsx,0.9
ASSET_PARK_SNZ_737,"Small Park, West Jyoti Nagar",park,REG_W236,SCH_AMRUT,ACT_SUP_RAJENDER_PAL_RANA,,completed,28.682848,77.274842,,Area: 0.13 acres,MCD,,semi_structured_xlsx,0.9
ASSET_PARK_SNZ_738,Park Balbir Nagar Wala,park,REG_W236,SCH_AMRUT,ACT_SUP_RAJENDER_PAL_RANA,,completed,28.689125,77.274842,,Area: 0.25 acres,MCD,,semi_structured_xlsx,0.9
ASSET_PARK_SNZ_739,"A-Block, H. No. 322, Gokulpuri",park,REG_W239,SCH_AMRUT,ACT_SUP_MUKESH,,completed,28.704435,77.281069,,Area: 0.52 acres,MCD,,semi_structured_xlsx,0.9
ASSET_PARK_SNZ_740,"B-Block, H.No. 375 Gokulpuri",park,REG_W239,SCH_AMRUT,ACT_SUP_MUKESH,,completed,28.704769,77.285567,,Area: 0.53 acres,MCD,,semi_structured_xlsx,0.9
ASSET_PARK_SNZ_741,"C-Block, H. No. 495, Gokulpuri (Billu)",park,REG_W239,SCH_AMRUT,ACT_SUP_MUKESH,,completed,28.704386,77.284204,,Area: 0.14 acres,MCD,,semi_structured_xlsx,0.9
ASSET_PARK_SNZ_742,C/D Block H. No. 270 Gokulpuri,park,REG_W239,SCH_AMRUT,ACT_SUP_MUKESH,,completed,28.704015,77.282996,,Area: 0.53 acres,MCD,,semi_structured_xlsx,0.9
ASSET_PARK_SNZ_743,"D-Block, H. No. 594, Gokulpuri( Mahila Park)",park,REG_W239,SCH_AMRUT,ACT_SUP_MUKESH,,completed,28.703798,77.280111,,Area: 0.9 acres,MCD,,semi_structured_xlsx,0.9
ASSET_PARK_SNZ_744,"D-Block, Community Hall, Gokulpuri H.No. D-6",park,REG_W239,SCH_AMRUT,ACT_SUP_MUKESH,,completed,28.70438,77.282143,,Area: 0.91 acres,MCD,,semi_structured_xlsx,0.9
ASSET_PARK_SNZ_745,"A-Block, Green Belt, Gokulpuri",park,REG_W239,SCH_AMRUT,ACT_SUP_MUKESH,,completed,28.703269,77.283852,,Area: 0.18 acres,MCD,,semi_structured_xlsx,0.9
ASSET_PARK_SNZ_746,"D-Block, Green Belt, Main Road, Wazirabad (Ambedker Park)",park,REG_W239,SCH_AMRUT,ACT_SUP_MUKESH,,completed,28.703236,77.1727019,,Area: 2.66 acres,MCD,,semi_structured_xlsx,0.9
ASSET_PARK_SNZ_747,Gokalpur Village (Jagat Wali Dairy),park,REG_W239,SCH_AMRUT,ACT_SUP_MUKESH,,completed,28.4211772,77.280217,,Area: 0.52 acres,MCD,,semi_structured_xlsx,0.9
ASSET_PARK_SNZ_748,Chauhan Pur Park,park,REG_W241,SCH_AMRUT,ACT_SUP_MUKESH,,completed,28.723196,77.268366,,Area: 0.25 acres,MCD,,semi_structured_xlsx,0.9
ASSET_PARK_SNZ_749,Park at Ashoka Colour Mill Karawal Nagar,park,REG_W242,SCH_AMRUT,ACT_SUP_MUKESH,,completed,28.440532,77.1636515,,Area: 0.34 acres,MCD,,semi_structured_xlsx,0.9
ASSET_PARK_SNZ_750,Sabha Pur Park,park,REG_W250,SCH_AMRUT,ACT_SUP_MUKESH,,completed,28.747208,77.247407,,Area: 0.12 acres,MCD,,semi_structured_xlsx,0.9
ASSET_W12_DRAIN_MAIN,Main Channel Drain Renovation — Ward 12,drain,REG_W12,SCH_AMRUT,ACT_W12_WORKS_DEPT,1450000.0,completed,28.6878,77.2411,,,,,,
ASSET_W12_ROAD_SECTOR5,Road Resurfacing — Sector 5 Ward 12,road,REG_W12,SCH_SFC,ACT_W12_WORKS_DEPT,1100000.0,completed,28.6891,77.2435,,,,,,
ASSET_W12_WATER_KIOSK,Community Water Kiosk — Ward 12,water_body,REG_W12,SCH_JJBY,ACT_W12_WORKS_DEPT,350000.0,in_progress,28.6872,77.2422,,,,,,
ASSET_W12_TOILET_BLOCK,Community Toilet Block — Ward 12,toilet,REG_W12,SCH_SWACHH,ACT_MCD_SHAHDARA_WORKS,480000.0,completed,28.6865,77.2409,,,,,,
ASSET_W12_STREETLIGHT,LED Streetlight Upgrade — Ward 12,streetlight,REG_W12,SCH_LOCAL_LIGHTS,ACT_W12_WORKS_DEPT,620000.0,completed,28.6883,77.2428,,,,,,
ASSET_W28_DRAIN_A,Storm Drain Reconstruction — Block A Ward 28,drain,REG_W28,SCH_AMRUT,ACT_W28_SANITATION_DEPT,1080000.0,completed,28.6548,77.2774,,,,,,
ASSET_W28_ROAD_MAIN,Main Road Repair — Ward 28,road,REG_W28,SCH_SFC,ACT_W28_SANITATION_DEPT,920000.0,in_progress,28.6535,77.2761,,,,,,
ASSET_W28_PARK,Neighbourhood Park — Ward 28,park,REG_W28,SCH_AMRUT,ACT_W28_COUNCILLOR,730000.0,completed,28.6542,77.2769,,,,,,
ASSET_W28_TOILET_BLOCK,Public Toilet Complex — Ward 28,toilet,REG_W28,SCH_SWACHH,ACT_W28_SANITATION_DEPT,510000.0,completed,28.6555,77.2781,,,,,,
