beneficiary_id,asset_id,scheme_id,region_id,count,description
BEN_W45_GALI7_DRAIN,ASSET_W45_GALI7_DRAIN,SCH_SFC,REG_W45_GALI7,784,Households protected from waterlogging — Gali No. 7 (~5% of Ward 45 households)
BEN_W45_GALI12_DRAIN,ASSET_W45_GALI12_DRAIN,SCH_AMRUT,REG_W45_GALI12,713,Households benefiting from drain — Gali No. 12
BEN_W45_GALI3_DRAIN,ASSET_W45_GALI3_DRAIN,SCH_SFC,REG_W45_GALI3,627,Households on Gali No. 3 drain project
BEN_W45_ROAD_GALI7,ASSET_W45_ROAD_GALI7,SCH_SFC,REG_W45_GALI7,872,Households benefiting from road resurfacing — Gali No. 7
BEN_W45_TOILET,ASSET_W45_TOILET,SCH_SWACHH,REG_W45_MARKET_ROAD,7849,Daily users of community toilet — Shahdara Market (~12% of ward pop)
BEN_W45_PMAY,ASSET_W45_PMAY_HOUSING_A,SCH_PMAY,REG_W45_COLONY_Y,120,Residents in 30 PMAY units — Colony Y (4 persons/unit)
BEN_W45_LIGHTS,ASSET_W45_GALI12_STREETLIGHT,SCH_LOCAL_LIGHTS,REG_W45_GALI12,1569,Households with improved night lighting — Gali No. 12
BEN_W45_PARK,ASSET_W45_PARK,SCH_AMRUT,REG_W45,62796,Ward 45 residents with access to community park (census pop: 62796)
BEN_DELHI_PMAY,ASSET_W45_PMAY_HOUSING_A,SCH_PMAY,REG_DELHI,17067,Houses occupied under PMAY-Urban in Delhi — source: data.gov.in
BEN_DELHI_SBM,ASSET_W45_TOILET,SCH_SWACHH,REG_DELHI,28981,Toilets (IHHL + CT/PT) constructed in Delhi under SBM-Urban till Mar 2022 — source: data.gov.in
BEN_DELHI_SVANIDHI,ASSET_W45_PARK,SCH_AMRUT,REG_DELHI,145160,Street vendors receiving PM SVANidhi loans in Delhi (cumulative 2020-24) — source: data.gov.in
BEN_W12_DRAIN,ASSET_W12_DRAIN_MAIN,SCH_AMRUT,REG_W12,4170,Households protected from seasonal flooding — Ward 12 main drain
BEN_W12_ROAD,ASSET_W12_ROAD_SECTOR5,SCH_SFC,REG_W12,3820,Residents using Sector 5 road — Ward 12
BEN_W12_WATER,ASSET_W12_WATER_KIOSK,SCH_JJBY,REG_W12,1240,Families accessing safe drinking water — Ward 12 kiosk
BEN_W12_TOILET,ASSET_W12_TOILET_BLOCK,SCH_SWACHH,REG_W12,2890,Daily users of community toilet block — Ward 12
BEN_W12_LIGHTS,ASSET_W12_STREETLIGHT,SCH_LOCAL_LIGHTS,REG_W12,41703,Ward 12 total population with improved street lighting
BEN_W28_DRAIN,ASSET_W28_DRAIN_A,SCH_AMRUT,REG_W28,3891,Households protected from waterlogging — Ward 28 Block A
BEN_W28_ROAD,ASSET_W28_ROAD_MAIN,SCH_SFC,REG_W28,3250,Residents benefiting from main road repair — Ward 28
BEN_W28_PARK,ASSET_W28_PARK,SCH_AMRUT,REG_W28,38912,Ward 28 population with access to neighbourhood park
BEN_W28_TOILET,ASSET_W28_TOILET_BLOCK,SCH_SWACHH,REG_W28,2160,Daily users of Ward 28 public toilet complex
BEN_AUTO_ASSET_AMRUT_DRAIN_DELHI_STATE,ASSET_AMRUT_DRAIN_DELHI_STATE,SCH_AMRUT,REG_DELHI,100,Auto-estimated beneficiaries for AMRUT Storm-Water Drainage — Delhi State (2 works completed) (drain)
BEN_AUTO_ASSET_WB_272027,ASSET_WB_272027,SCH_AMRUT,REG_DELHI,100,"Auto-estimated beneficiaries for Lake/Pond — Burari, Central (water_body)"
BEN_AUTO_ASSET_WB_272028,ASSET_WB_272028,SCH_AMRUT,REG_DELHI,100,"Auto-estimated beneficiaries for Lake/Pond — Jharoda Mazra Burari, Central (water_body)"
BEN_AUTO_ASSET_WB_272029,ASSET_WB_272029,SCH_AMRUT,REG_DELHI,100,"Auto-estimated beneficiaries for Lake/Pond — Jharoda Mazra Burari, Central (water_body)"
BEN_AUTO_ASSET_WB_272030,ASSET_WB_272030,SCH_AMRUT,REG_DELHI,100,"Auto-estimated beneficiaries for Other Water Body — Timarpur, Central (water_body)"
BEN_AUTO_ASSET_WB_272031,ASSET_WB_272031,SCH_AMRUT,REG_DELHI,100,"Auto-estimated beneficiaries for Other Water Body — Wazirabad, Central (water_body)"
BEN_AUTO_ASSET_WB_272032,ASSET_WB_272032,SCH_AMRUT,REG_DELHI,100,"Auto-estimated beneficiaries for Other Water Body — Chilla Saroda Bangar, East (water_body)"
BEN_AUTO_ASSET_WB_272033,ASSET_WB_272033,SCH_AMRUT,REG_DELHI,100,"Auto-estimated beneficiaries for Other Water Body — Chilla Saroda Khadar, East (water_body)"
BEN_AUTO_ASSET_WB_272034,ASSET_WB_272034,SCH_AMRUT,REG_DELHI,100,"Auto-estimated beneficiaries for Other Water Body — Dallupura, East (water_body)"
BEN_AUTO_ASSET_WB_272035,ASSET_WB_272035,SCH_AMRUT,REG_DELHI,100,"Auto-estimated beneficiaries for Other Water Body — Gharoli, East (water_body)"
BEN_AUTO_ASSET_WB_272036,ASSET_WB_272036,SCH_AMRUT,REG_DELHI,100,"Auto-estimated beneficiaries for Other Water Body — Ghronda Neem Ka Bangar, East (water_body)"
BEN_AUTO_ASSET_WB_272037,ASSET_WB_272037,SCH_AMRUT,REG_DELHI,100,"Auto-estimated beneficiaries for Other Water Body — Ghronda Neem Ka Bangar, East (water_body)"
BEN_AUTO_ASSET_WB_272038,ASSET_WB_272038,SCH_AMRUT,REG_DELHI,100,"Auto-estimated beneficiaries for Other Water Body — Khichripur, East (water_body)"
BEN_AUTO_ASSET_WB_272039,ASSET_WB_272039,SCH_AMRUT,REG_DELHI,100,"Auto-estimated beneficiaries for Other Water Body — Khichripur, East (water_body)"
BEN_AUTO_ASSET_WB_272040,ASSET_WB_272040,SCH_AMRUT,REG_DELHI,100,"Auto-estimated beneficiaries for Other Water Body — Kondli, East (water_body)"
BEN_AUTO_ASSET_WB_272041,ASSET_WB_272041,SCH_AMRUT,REG_DELHI,100,"Auto-estimated beneficiaries for Lake/Pond — Kondli, East (water_body)"
BEN_AUTO_ASSET_WB_272042,ASSET_WB_272042,SCH_AMRUT,REG_DELHI,100,"Auto-estimated beneficiaries for Other Water Body — Kondli, East (water_body)"
BEN_AUTO_ASSET_WB_272043,ASSET_WB_272043,SCH_AMRUT,REG_DELHI,100,"Auto-estimated beneficiaries for Other Water Body — Kotla, East (water_body)"
BEN_AUTO_ASSET_WB_272044,ASSET_WB_272044,SCH_AMRUT,REG_DELHI,100,"Auto-estimated beneficiaries for Other Water Body — Gazipur, East (water_body)"
BEN_AUTO_ASSET_WB_272045,ASSET_WB_272045,SCH_AMRUT,REG_DELHI,100,"Auto-estimated beneficiaries for Other Water Body — Gazipur, East (water_body)"
BEN_AUTO_ASSET_WB_272046,ASSET_WB_272046,SCH_AMRUT,REG_DELHI,100,"Auto-estimated beneficiaries for Other Water Body — Gazipur, East (water_body)"
BEN_AUTO_ASSET_WB_272047,ASSET_WB_272047,SCH_AMRUT,REG_DELHI,100,"Auto-estimated beneficiaries for Lake/Pond — Gazipur, East (water_body)"
BEN_AUTO_ASSET_WB_272048,ASSET_WB_272048,SCH_AMRUT,REG_DELHI,100,"Auto-estimated beneficiaries for Other Water Body — Gazipur, East (water_body)"
BEN_AUTO_ASSET_WB_272049,ASSET_WB_272049,SCH_AMRUT,REG_DELHI,100,"Auto-estimated beneficiaries for Other Water Body — Khureji Khas, East (water_body)"
BEN_AUTO_ASSET_WB_272050,ASSET_WB_272050,SCH_AMRUT,REG_DELHI,100,"Auto-estimated beneficiaries for Other Water Body — Khureji Khas, East (water_body)"
BEN_AUTO_ASSET_WB_272051,ASSET_WB_272051,SCH_AMRUT,REG_DELHI,100,"Auto-estimated beneficiaries for Other Water Body — Khureji Khas, East (water_body)"
BEN_AUTO_ASSET_WB_272052,ASSET_WB_272052,SCH_AMRUT,REG_DELHI,100,"Auto-estimated beneficiaries for Other Water Body — Bagrola, New Delhi (water_body)"
BEN_AUTO_ASSET_WB_272053,ASSET_WB_272053,SCH_AMRUT,REG_DELHI,100,"Auto-estimated beneficiaries for Lake/Pond — Bagrola, New Delhi (water_body)"
BEN_AUTO_ASSET_WB_272054,ASSET_WB_272054,SCH_AMRUT,REG_DELHI,100,"Auto-estimated beneficiaries for Lake/Pond — Bagrola, New Delhi (water_body)"
BEN_AUTO_ASSET_WB_272055,ASSET_WB_272055,SCH_AMRUT,REG_DELHI,100,"Auto-estimated beneficiaries for Other Water Body — Bagrola, New Delhi (water_body)"
BEN_AUTO_ASSET_WB_272056,ASSET_WB_272056,SCH_AMRUT,REG_DELHI,100,"Auto-estimated beneficiaries for Other Water Body — Nangal Raya, New Delhi (water_body)"
BEN_AUTO_ASSET_WB_272057,ASSET_WB_272057,SCH_AMRUT,REG_DELHI,100,"Auto-estimated beneficiaries for Lake/Pond — Naraina, New Delhi (water_body)"
BEN_AUTO_ASSET_WB_272058,ASSET_WB_272058,SCH_AMRUT,REG_DELHI,100,"Auto-estimated beneficiaries for Lake/Pond — Shahbad Mohd. Pur, New Delhi (water_body)"
BEN_AUTO_ASSET_WB_272059,ASSET_WB_272059,SCH_AMRUT,REG_DELHI,100,"Auto-estimated beneficiaries for Lake/Pond — Shahbad Mohd. Pur, New Delhi (water_body)"
BEN_AUTO_ASSET_WB_272060,ASSET_WB_272060,SCH_AMRUT,REG_DELHI,100,"Auto-estimated beneficiaries for Other Water Body — Shahbad Mohd. Pur, New Delhi (water_body)"
BEN_AUTO_ASSET_WB_272061,ASSET_WB_272061,SCH_AMRUT,REG_DELHI,100,"Auto-estimated beneficiaries for Other Water Body — Shahbad Mohd. Pur, New Delhi (water_body)"
BEN_AUTO_ASSET_WB_272062,ASSET_WB_272062,SCH_AMRUT,REG_DELHI,100,"Auto-estimated beneficiaries for Lake/Pond — Shahbad Mohd. Pur, New Delhi (water_body)"
BEN_AUTO_ASSET_WB_272063,ASSET_WB_272063,SCH_AMRUT,REG_DELHI,100,"Auto-estimated beneficiaries for Lake/Pond — Todapur, New Delhi (water_body)"
BEN_AUTO_ASSET_WB_272064,ASSET_WB_272064,SCH_AMRUT,REG_DELHI,100,"Auto-estimated beneficiaries for Lake/Pond — Todapur, New Delhi (water_body)"
BEN_AUTO_ASSET_WB_272065,ASSET_WB_272065,SCH_AMRUT,REG_DELHI,100,"Auto-estimated beneficiaries for Other Water Body — Todapur, New Delhi (water_body)"
BEN_AUTO_ASSET_WB_272066,ASSET_WB_272066,SCH_AMRUT,REG_DELHI,100,"Auto-estimated beneficiaries for Lake/Pond — Basant Nagar, New Delhi (water_body)"
BEN_AUTO_ASSET_WB_272067,ASSET_WB_272067,SCH_AMRUT,REG_DELHI,100,"Auto-estimated beneficiaries for Lake/Pond — Ghatorni, New Delhi (water_body)"
BEN_AUTO_ASSET_WB_272068,ASSET_WB_272068,SCH_AMRUT,REG_DELHI,100,"Auto-estimated beneficiaries for Other Water Body — Mahipalpur, New Delhi (water_body)"
BEN_AUTO_ASSET_WB_272069,ASSET_WB_272069,SCH_AMRUT,REG_DELHI,100,"Auto-estimated beneficiaries for Other Water Body — Mahipalpur, New Delhi (water_body)"
BEN_AUTO_ASSET_WB_272070,ASSET_WB_272070,SCH_AMRUT,REG_DELHI,100,"Auto-estimated beneficiaries for Other Water Body — Mahipalpur, New Delhi (water_body)"
BEN_AUTO_ASSET_WB_272071,ASSET_WB_272071,SCH_AMRUT,REG_DELHI,100,"Auto-estimated beneficiaries for Lake/Pond — Mahipalpur, New Delhi (water_body)"
BEN_AUTO_ASSET_WB_272072,ASSET_WB_272072,SCH_AMRUT,REG_DELHI,100,"Auto-estimated beneficiaries for Lake/Pond — Mahipalpur, New Delhi (water_body)"
BEN_AUTO_ASSET_WB_272073,ASSET_WB_272073,SCH_AMRUT,REG_DELHI,100,"Auto-estimated beneficiaries for Lake/Pond — Masood Pur, New Delhi (water_body)"
BEN_AUTO_ASSET_WB_272074,ASSET_WB_272074,SCH_AMRUT,REG_DELHI,100,"Auto-estimated beneficiaries for Other Water Body — Mohd. Pur Munirka, New Delhi (water_body)"
BEN_AUTO_ASSET_WB_272075,ASSET_WB_272075,SCH_AMRUT,REG_DELHI,100,"Auto-estimated beneficiaries for Other Water Body — Mohd. Pur Munirka, New Delhi (water_body)"
BEN_AUTO_ASSET_WB_272076,ASSET_WB_272076,SCH_AMRUT,REG_DELHI,100,"Auto-estimated beneficiaries for Other Water Body — Mohd. Pur Munirka, New Delhi (water_body)"
BEN_AUTO_ASSET_WB_272077,ASSET_WB_272077,SCH_AMRUT,REG_DELHI,100,"Auto-estimated beneficiaries for Other Water Body — Nangal Devat, New Delhi (water_body)"
BEN_AUTO_ASSET_WB_272078,ASSET_WB_272078,SCH_AMRUT,REG_DELHI,100,"Auto-estimated beneficiaries for Other Water Body — Nangal Devat, New Delhi (water_body)"
BEN_AUTO_ASSET_WB_272079,ASSET_WB_272079,SCH_AMRUT,REG_DELHI,100,"Auto-estimated beneficiaries for Lake/Pond — Rajokari, New Delhi (water_body)"
BEN_AUTO_ASSET_WB_272080,ASSET_WB_272080,SCH_AMRUT,REG_DELHI,100,"Auto-estimated beneficiaries for Lake/Pond — Rajokari, New Delhi (water_body)"
BEN_AUTO_ASSET_WB_272081,ASSET_WB_272081,SCH_AMRUT,REG_DELHI,100,"Auto-estimated beneficiaries for Other Water Body — Rajokari, New Delhi (water_body)"
BEN_AUTO_ASSET_WB_272082,ASSET_WB_272082,SCH_AMRUT,REG_DELHI,100,"Auto-estimated beneficiaries for Lake/Pond — Rajokari, New Delhi (water_body)"
BEN_AUTO_ASSET_WB_272083,ASSET_WB_272083,SCH_AMRUT,REG_DELHI,100,"Auto-estimated beneficiaries for Lake/Pond — Rajokari, New Delhi (water_body)"
BEN_AUTO_ASSET_WB_272084,ASSET_WB_272084,SCH_AMRUT,REG_DELHI,100,"Auto-estimated beneficiaries for Lake/Pond — Rajokari, New Delhi (water_body)"
BEN_AUTO_ASSET_WB_272085,ASSET_WB_272085,SCH_AMRUT,REG_DELHI,100,"Auto-estimated beneficiaries for Lake/Pond — Rajokari, New Delhi (water_body)"
BEN_AUTO_ASSET_WB_272086,ASSET_WB_272086,SCH_AMRUT,REG_DELHI,100,"Auto-estimated beneficiaries for Other Water Body — Rajokari, New Delhi (water_body)"
BEN_AUTO_ASSET_WB_272087,ASSET_WB_272087,SCH_AMRUT,REG_DELHI,100,"Auto-estimated beneficiaries for Lake/Pond — Rajokari, New Delhi (water_body)"
BEN_AUTO_ASSET_WB_272088,ASSET_WB_272088,SCH_AMRUT,REG_DELHI,100,"Auto-estimated beneficiaries for Lake/Pond — Rajokari, New Delhi (water_body)"
BEN_AUTO_ASSET_WB_272089,ASSET_WB_272089,SCH_AMRUT,REG_DELHI,100,"Auto-estimated beneficiaries for Lake/Pond — Rangpuri, New Delhi (water_body)"
BEN_AUTO_ASSET_WB_272090,ASSET_WB_272090,SCH_AMRUT,REG_DELHI,100,"Auto-estimated beneficiaries for Lake/Pond — Rangpuri, New Delhi (water_body)"
BEN_AUTO_ASSET_WB_272091,ASSET_WB_272091,SCH_AMRUT,REG_DELHI,100,"Auto-estimated beneficiaries for Lake/Pond — Rangpuri, New Delhi (water_body)"
BEN_AUTO_ASSET_WB_272092,ASSET_WB_272092,SCH_AMRUT,REG_DELHI,100,"Auto-estimated beneficiaries for Lake/Pond — Rangpuri, New Delhi (water_body)"
BEN_AUTO_ASSET_WB_272093,ASSET_WB_272093,SCH_AMRUT,REG_DELHI,100,"Auto-estimated beneficiaries for Other Water Body — Rangpuri, New Delhi (water_body)"
BEN_AUTO_ASSET_WB_272094,ASSET_WB_272094,SCH_AMRUT,REG_DELHI,100,"Auto-estimated beneficiaries for Other Water Body — Samalka, New Delhi (water_body)"
BEN_AUTO_ASSET_WB_272095,ASSET_WB_272095,SCH_AMRUT,REG_DELHI,100,"Auto-estimated beneficiaries for Other Water Body — Samalka, New Delhi (water_body)"
BEN_AUTO_ASSET_WB_272096,ASSET_WB_272096,SCH_AMRUT,REG_DELHI,100,"Auto-estimated beneficiaries for Other Water Body — Samalka, New Delhi (water_body)"
BEN_AUTO_ASSET_WB_272097,ASSET_WB_272097,SCH_AMRUT,REG_DELHI,100,"Auto-estimated beneficiaries for Other Water Body — Samalka, New Delhi (water_body)"
BEN_AUTO_ASSET_WB_272098,ASSET_WB_272098,SCH_AMRUT,REG_DELHI,100,"Auto-estimated beneficiaries for Other Water Body — Samalka, New Delhi (water_body)"
BEN_AUTO_ASSET_WB_272099,ASSET_WB_272099,SCH_AMRUT,REG_DELHI,100,"Auto-estimated beneficiaries for Lake/Pond — Samalka, New Delhi (water_body)"
BEN_AUTO_ASSET_WB_272100,ASSET_WB_272100,SCH_AMRUT,REG_DELHI,100,"Auto-estimated beneficiaries for Other Water Body — Samalka, New Delhi (water_body)"
BEN_AUTO_ASSET_WB_272101,ASSET_WB_272101,SCH_AMRUT,REG_DELHI,100,"Auto-estimated beneficiaries for Other Water Body — Akbar Pur Mazra, North (water_body)"
BEN_AUTO_ASSET_WB_272102,ASSET_WB_272102,SCH_AMRUT,REG_DELHI,100,"Auto-estimated beneficiaries for Other Water Body — Akbar Pur Mazra, North (water_body)"
BEN_AUTO_ASSET_WB_272103,ASSET_WB_272103,SCH_AMRUT,REG_DELHI,100,"Auto-estimated beneficiaries for Lake/Pond — Akbar Pur Mazra, North (water_body)"
BEN_AUTO_ASSET_WB_272104,ASSET_WB_272104,SCH_AMRUT,REG_DELHI,100,"Auto-estimated beneficiaries for Lake/Pond — Ali Pur, North (water_body)"
BEN_AUTO_ASSET_WB_272105,ASSET_WB_272105,SCH_AMRUT,REG_DELHI,100,"Auto-estimated beneficiaries for Lake/Pond — Bakoli, North (water_body)"
BEN_AUTO_ASSET_WB_272106,ASSET_WB_272106,SCH_AMRUT,REG_DELHI,100,"Auto-estimated beneficiaries for Other Water Body — Bhaktawar Pur, North (water_body)"
BEN_AUTO_ASSET_WB_272107,ASSET_WB_272107,SCH_AMRUT,REG_DELHI,100,"Auto-estimated beneficiaries for Other Water Body — Bhaktawar Pur, North (water_body)"
BEN_AUTO_ASSET_WB_272108,ASSET_WB_272108,SCH_AMRUT,REG_DELHI,100,"Auto-estimated beneficiaries for Lake/Pond — Bhaktawar Pur, North (water_body)"
BEN_AUTO_ASSET_WB_272109,ASSET_WB_272109,SCH_AMRUT,REG_DELHI,100,"Auto-estimated beneficiaries for Lake/Pond — Bhaktawar Pur, North (water_body)"
BEN_AUTO_ASSET_WB_272110,ASSET_WB_272110,SCH_AMRUT,REG_DELHI,100,"Auto-estimated beneficiaries for Lake/Pond — Bhaktawar Pur, North (water_body)"
BEN_AUTO_ASSET_WB_272111,ASSET_WB_272111,SCH_AMRUT,REG_DELHI,100,"Auto-estimated beneficiaries for Lake/Pond — Budh Pur Bija Pur, North (water_body)"
BEN_AUTO_ASSET_WB_272112,ASSET_WB_272112,SCH_AMRUT,REG_DELHI,100,"Auto-estimated beneficiaries for Other Water Body — Fatehpur Jat, North (water_body)"
BEN_AUTO_ASSET_WB_272113,ASSET_WB_272113,SCH_AMRUT,REG_DELHI,100,"Auto-estimated beneficiaries for Other Water Body — Garhi Khusro, North (water_body)"
BEN_AUTO_ASSET_WB_272114,ASSET_WB_272114,SCH_AMRUT,REG_DELHI,100,"Auto-estimated beneficiaries for Lake/Pond — Hamidpur, North (water_body)"
BEN_AUTO_ASSET_WB_272115,ASSET_WB_272115,SCH_AMRUT,REG_DELHI,100,"Auto-estimated beneficiaries for Other Water Body — Hamidpur, North (water_body)"
BEN_AUTO_ASSET_WB_272116,ASSET_WB_272116,SCH_AMRUT,REG_DELHI,100,"Auto-estimated beneficiaries for Other Water Body — Hamidpur, North (water_body)"
BEN_AUTO_ASSET_WB_272117,ASSET_WB_272117,SCH_AMRUT,REG_DELHI,100,"Auto-estimated beneficiaries for Lake/Pond — Hiranki, North (water_body)"
BEN_AUTO_ASSET_WB_272118,ASSET_WB_272118,SCH_AMRUT,REG_DELHI,100,"Auto-estimated beneficiaries for Lake/Pond — Hiranki, North (water_body)"
BEN_AUTO_ASSET_WB_272119,ASSET_WB_272119,SCH_AMRUT,REG_DELHI,100,"Auto-estimated beneficiaries for Lake/Pond — Ibrahim Pur, North (water_body)"
BEN_AUTO_ASSET_WB_272120,ASSET_WB_272120,SCH_AMRUT,REG_DELHI,100,"Auto-estimated beneficiaries for Lake/Pond — Ibrahim Pur, North (water_body)"
BEN_AUTO_ASSET_WB_272121,ASSET_WB_272121,SCH_AMRUT,REG_DELHI,100,"Auto-estimated beneficiaries for Lake/Pond — Khera Kalan, North (water_body)"
BEN_AUTO_ASSET_WB_272122,ASSET_WB_272122,SCH_AMRUT,REG_DELHI,100,"Auto-estimated beneficiaries for Lake/Pond — Khera Kalan, North (water_body)"
BEN_AUTO_ASSET_WB_272123,ASSET_WB_272123,SCH_AMRUT,REG_DELHI,100,"Auto-estimated beneficiaries for Lake/Pond — Khera Kalan, North (water_body)"
BEN_AUTO_ASSET_WB_272124,ASSET_WB_272124,SCH_AMRUT,REG_DELHI,100,"Auto-estimated beneficiaries for Other Water Body — Mohd.Pur Ramjan Pur, North (water_body)"
BEN_AUTO_ASSET_WB_272125,ASSET_WB_272125,SCH_AMRUT,REG_DELHI,100,"Auto-estimated beneficiaries for Other Water Body — Mukhmel Pur, North (water_body)"
BEN_AUTO_ASSET_WB_272126,ASSET_WB_272126,SCH_AMRUT,REG_DELHI,100,"Auto-estimated beneficiaries for Other Water Body — Mukhmel Pur, North (water_body)"
BEN_AUTO_ASSET_WB_272127,ASSET_WB_272127,SCH_AMRUT,REG_DELHI,100,"Auto-estimated beneficiaries for Lake/Pond — Nangli Poona, North (water_body)"
BEN_AUTO_ASSET_WB_272128,ASSET_WB_272128,SCH_AMRUT,REG_DELHI,100,"Auto-estimated beneficiaries for Other Water Body — Samaypur, North (water_body)"
BEN_AUTO_ASSET_WB_272129,ASSET_WB_272129,SCH_AMRUT,REG_DELHI,100,"Auto-estimated beneficiaries for Other Water Body — Samaypur, North (water_body)"
BEN_AUTO_ASSET_WB_272130,ASSET_WB_272130,SCH_AMRUT,REG_DELHI,100,"Auto-estimated beneficiaries for Other Water Body — Shahbad Daulat Pur, North (water_body)"
BEN_AUTO_ASSET_WB_272131,ASSET_WB_272131,SCH_AMRUT,REG_DELHI,100,"Auto-estimated beneficiaries for Other Water Body — Shahbad Daulat Pur, North (water_body)"
BEN_AUTO_ASSET_WB_272132,ASSET_WB_272132,SCH_AMRUT,REG_DELHI,100,"Auto-estimated beneficiaries for Other Water Body — Shahbad Daulat Pur, North (water_body)"
BEN_AUTO_ASSET_WB_272133,ASSET_WB_272133,SCH_AMRUT,REG_DELHI,100,"Auto-estimated beneficiaries for Lake/Pond — Singhola, North (water_body)"
BEN_AUTO_ASSET_WB_272134,ASSET_WB_272134,SCH_AMRUT,REG_DELHI,100,"Auto-estimated beneficiaries for Lake/Pond — Singhola, North (water_body)"
BEN_AUTO_ASSET_WB_272135,ASSET_WB_272135,SCH_AMRUT,REG_DELHI,100,"Auto-estimated beneficiaries for Lake/Pond — Singhu, North (water_body)"
BEN_AUTO_ASSET_WB_272136,ASSET_WB_272136,SCH_AMRUT,REG_DELHI,100,"Auto-estimated beneficiaries for Lake/Pond — Singhu, North (water_body)"
BEN_AUTO_ASSET_WB_272137,ASSET_WB_272137,SCH_AMRUT,REG_DELHI,100,"Auto-estimated beneficiaries for Lake/Pond — Singhu, North (water_body)"
BEN_AUTO_ASSET_WB_272138,ASSET_WB_272138,SCH_AMRUT,REG_DELHI,100,"Auto-estimated beneficiaries for Lake/Pond — Siras Pur, North (water_body)"
BEN_AUTO_ASSET_WB_272139,ASSET_WB_272139,SCH_AMRUT,REG_DELHI,100,"Auto-estimated beneficiaries for Lake/Pond — Siras Pur, North (water_body)"
BEN_AUTO_ASSET_WB_272140,ASSET_WB_272140,SCH_AMRUT,REG_DELHI,100,"Auto-estimated beneficiaries for Other Water Body — Sungar Pur Delhi, North (water_body)"
BEN_AUTO_ASSET_WB_272141,ASSET_WB_272141,SCH_AMRUT,REG_DELHI,100,"Auto-estimated beneficiaries for Lake/Pond — Taj Pur Kalan, North (water_body)"
BEN_AUTO_ASSET_WB_272142,ASSET_WB_272142,SCH_AMRUT,REG_DELHI,100,"Auto-estimated beneficiaries for Lake/Pond — Taj Pur Kalan, North (water_body)"
BEN_AUTO_ASSET_WB_272143,ASSET_WB_272143,SCH_AMRUT,REG_DELHI,100,"Auto-estimated beneficiaries for Lake/Pond — Taj Pur Kalan, North (water_body)"
BEN_AUTO_ASSET_WB_272144,ASSET_WB_272144,SCH_AMRUT,REG_DELHI,100,"Auto-estimated beneficiaries for Other Water Body — Tehri Daulat Pur, North (water_body)"
BEN_AUTO_ASSET_WB_272145,ASSET_WB_272145,SCH_AMRUT,REG_DELHI,100,"Auto-estimated beneficiaries for Lake/Pond — Tigi Pur, North (water_body)"
BEN_AUTO_ASSET_WB_272146,ASSET_WB_272146,SCH_AMRUT,REG_DELHI,100,"Auto-estimated beneficiaries for Other Water Body — Tigi Pur, North (water_body)"
BEN_AUTO_ASSET_WB_272147,ASSET_WB_272147,SCH_AMRUT,REG_DELHI,100,"Auto-estimated beneficiaries for Other Water Body — Tigi Pur, North (water_body)"
BEN_AUTO_ASSET_WB_272148,ASSET_WB_272148,SCH_AMRUT,REG_DELHI,100,"Auto-estimated beneficiaries for Other Water Body — Tigi Pur, North (water_body)"
BEN_AUTO_ASSET_WB_272149,ASSET_WB_272149,SCH_AMRUT,REG_DELHI,100,"Auto-estimated beneficiaries for Other Water Body — Zind Pur, North (water_body)"
BEN_AUTO_ASSET_WB_272150,ASSET_WB_272150,SCH_AMRUT,REG_DELHI,100,"Auto-estimated beneficiaries for Other Water Body — Zind Pur, North (water_body)"
BEN_AUTO_ASSET_WB_272151,ASSET_WB_272151,SCH_AMRUT,REG_DELHI,100,"Auto-estimated beneficiaries for Other Water Body — Azadpur, North (water_body)"
BEN_AUTO_ASSET_WB_272152,ASSET_WB_272152,SCH_AMRUT,REG_DELHI,100,"Auto-estimated beneficiaries for Other Water Body — Azadpur, North (water_body)"
BEN_AUTO_ASSET_WB_272153,ASSET_WB_272153,SCH_AMRUT,REG_DELHI,100,"Auto-estimated beneficiaries for Other Water Body — Azadpur, North (water_body)"
BEN_AUTO_ASSET_WB_272154,ASSET_WB_272154,SCH_AMRUT,REG_DELHI,100,"Auto-estimated beneficiaries for Other Water Body — Bharola, North (water_body)"
BEN_AUTO_ASSET_WB_272155,ASSET_WB_272155,SCH_AMRUT,REG_DELHI,100,"Auto-estimated beneficiaries for Other Water Body — Dheer Pur, North (water_body)"
BEN_AUTO_ASSET_WB_272156,ASSET_WB_272156,SCH_AMRUT,REG_DELHI,100,"Auto-estimated beneficiaries for Other Water Body — Dheer Pur, North (water_body)"
BEN_AUTO_ASSET_WB_272157,ASSET_WB_272157,SCH_AMRUT,REG_DELHI,100,"Auto-estimated beneficiaries for Other Water Body — Dheer Pur, North (water_body)"
BEN_AUTO_ASSET_WB_272158,ASSET_WB_272158,SCH_AMRUT,REG_DELHI,100,"Auto-estimated beneficiaries for Reservoir — Malik Pur Chawni, North (water_body)"
BEN_AUTO_ASSET_WB_272159,ASSET_WB_272159,SCH_AMRUT,REG_DELHI,100,"Auto-estimated beneficiaries for Lake/Pond — Raipur Chawni, North (water_body)"
BEN_AUTO_ASSET_WB_272160,ASSET_WB_272160,SCH_AMRUT,REG_DELHI,100,"Auto-estimated beneficiaries for Lake/Pond — Auchandi, North (water_body)"
BEN_AUTO_ASSET_WB_272161,ASSET_WB_272161,SCH_AMRUT,REG_DELHI,100,"Auto-estimated beneficiaries for Lake/Pond — Auchandi, North (water_body)"
BEN_AUTO_ASSET_WB_272162,ASSET_WB_272162,SCH_AMRUT,REG_DELHI,100,"Auto-estimated beneficiaries for Lake/Pond — Auchandi, North (water_body)"
BEN_AUTO_ASSET_WB_272163,ASSET_WB_272163,SCH_AMRUT,REG_DELHI,100,"Auto-estimated beneficiaries for Lake/Pond — Auchandi, North (water_body)"
BEN_AUTO_ASSET_WB_272164,ASSET_WB_272164,SCH_AMRUT,REG_DELHI,100,"Auto-estimated beneficiaries for Lake/Pond — Bajit Pur Thakran, North (water_body)"
BEN_AUTO_ASSET_WB_272165,ASSET_WB_272165,SCH_AMRUT,REG_DELHI,100,"Auto-estimated beneficiaries for Lake/Pond — Bajit Pur Thakran, North (water_body)"
BEN_AUTO_ASSET_WB_272166,ASSET_WB_272166,SCH_AMRUT,REG_DELHI,100,"Auto-estimated beneficiaries for Lake/Pond — Bajit Pur Thakran, North (water_body)"
BEN_AUTO_ASSET_WB_272167,ASSET_WB_272167,SCH_AMRUT,REG_DELHI,100,"Auto-estimated beneficiaries for Lake/Pond — Bajit Pur Thakran, North (water_body)"
BEN_AUTO_ASSET_WB_272168,ASSET_WB_272168,SCH_AMRUT,REG_DELHI,100,"Auto-estimated beneficiaries for Other Water Body — Bankner, North (water_body)"
BEN_AUTO_ASSET_WB_272169,ASSET_WB_272169,SCH_AMRUT,REG_DELHI,100,"Auto-estimated beneficiaries for Other Water Body — Bankner, North (water_body)"
BEN_AUTO_ASSET_WB_272170,ASSET_WB_272170,SCH_AMRUT,REG_DELHI,100,"Auto-estimated beneficiaries for Other Water Body — Bankner, North (water_body)"
BEN_AUTO_ASSET_WB_272171,ASSET_WB_272171,SCH_AMRUT,REG_DELHI,100,"Auto-estimated beneficiaries for Lake/Pond — Bankner, North (water_body)"
BEN_AUTO_ASSET_WB_272172,ASSET_WB_272172,SCH_AMRUT,REG_DELHI,100,"Auto-estimated beneficiaries for Lake/Pond — Bankner, North (water_body)"
BEN_AUTO_ASSET_WB_272173,ASSET_WB_272173,SCH_AMRUT,REG_DELHI,100,"Auto-estimated beneficiaries for Other Water Body — Bankner, North (water_body)"
BEN_AUTO_ASSET_WB_272174,ASSET_WB_272174,SCH_AMRUT,REG_DELHI,100,"Auto-estimated beneficiaries for Lake/Pond — Bankner, North (water_body)"
BEN_AUTO_ASSET_WB_272175,ASSET_WB_272175,SCH_AMRUT,REG_DELHI,100,"Auto-estimated beneficiaries for Lake/Pond — Bankner, North (water_body)"
BEN_AUTO_ASSET_WB_272176,ASSET_WB_272176,SCH_AMRUT,REG_DELHI,100,"Auto-estimated beneficiaries for Other Water Body — Barwala, North (water_body)"
BEN_AUTO_ASSET_WB_272177,ASSET_WB_272177,SCH_AMRUT,REG_DELHI,100,"Auto-estimated beneficiaries for Other Water Body — Barwala, North (water_body)"
BEN_AUTO_ASSET_WB_272178,ASSET_WB_272178,SCH_AMRUT,REG_DELHI,100,"Auto-estimated beneficiaries for Lake/Pond — Barwala, North (water_body)"
BEN_AUTO_ASSET_WB_272179,ASSET_WB_272179,SCH_AMRUT,REG_DELHI,100,"Auto-estimated beneficiaries for Other Water Body — Barwala, North (water_body)"
BEN_AUTO_ASSET_WB_272180,ASSET_WB_272180,SCH_AMRUT,REG_DELHI,100,"Auto-estimated beneficiaries for Lake/Pond — Barwala, North (water_body)"
BEN_AUTO_ASSET_WB_272181,ASSET_WB_272181,SCH_AMRUT,REG_DELHI,100,"Auto-estimated beneficiaries for Lake/Pond — Barwala, North (water_body)"
BEN_AUTO_ASSET_WB_272182,ASSET_WB_272182,SCH_AMRUT,REG_DELHI,100,"Auto-estimated beneficiaries for Lake/Pond — Bawana, North (water_body)"
BEN_AUTO_ASSET_WB_272183,ASSET_WB_272183,SCH_AMRUT,REG_DELHI,100,"Auto-estimated beneficiaries for Lake/Pond — Bawana, North (water_body)"
BEN_AUTO_ASSET_WB_272184,ASSET_WB_272184,SCH_AMRUT,REG_DELHI,100,"Auto-estimated beneficiaries for Lake/Pond — Bawana, North (water_body)"
BEN_AUTO_ASSET_WB_272185,ASSET_WB_272185,SCH_AMRUT,REG_DELHI,100,"Auto-estimated beneficiaries for Lake/Pond — Bawana, North (water_body)"
BEN_AUTO_ASSET_WB_272186,ASSET_WB_272186,SCH_AMRUT,REG_DELHI,100,"Auto-estimated beneficiaries for Lake/Pond — Bawana, North (water_body)"
BEN_AUTO_ASSET_WB_272187,ASSET_WB_272187,SCH_AMRUT,REG_DELHI,100,"Auto-estimated beneficiaries for Lake/Pond — Bawana, North (water_body)"
BEN_AUTO_ASSET_WB_272188,ASSET_WB_272188,SCH_AMRUT,REG_DELHI,100,"Auto-estimated beneficiaries for Lake/Pond — Bawana, North (water_body)"
BEN_AUTO_ASSET_WB_272189,ASSET_WB_272189,SCH_AMRUT,REG_DELHI,100,"Auto-estimated beneficiaries for Lake/Pond — Bawana, North (water_body)"
BEN_AUTO_ASSET_WB_272190,ASSET_WB_272190,SCH_AMRUT,REG_DELHI,100,"Auto-estimated beneficiaries for Lake/Pond — Bawana, North (water_body)"
BEN_AUTO_ASSET_WB_272191,ASSET_WB_272191,SCH_AMRUT,REG_DELHI,100,"Auto-estimated beneficiaries for Lake/Pond — Bhorgarh, North (water_body)"
BEN_AUTO_ASSET_WB_272192,ASSET_WB_272192,SCH_AMRUT,REG_DELHI,100,"Auto-estimated beneficiaries for Other Water Body — Bhorgarh, North (water_body)"
BEN_AUTO_ASSET_WB_272193,ASSET_WB_272193,SCH_AMRUT,REG_DELHI,100,"Auto-estimated beneficiaries for Lake/Pond — Dariya Purkalan, North (water_body)"
BEN_AUTO_ASSET_WB_272194,ASSET_WB_272194,SCH_AMRUT,REG_DELHI,100,"Auto-estimated beneficiaries for Lake/Pond — Dariya Purkalan, North (water_body)"
BEN_AUTO_ASSET_WB_272195,ASSET_WB_272195,SCH_AMRUT,REG_DELHI,100,"Auto-estimated beneficiaries for Lake/Pond — Dariya Purkalan, North (water_body)"
BEN_AUTO_ASSET_WB_272196,ASSET_WB_272196,SCH_AMRUT,REG_DELHI,100,"Auto-estimated beneficiaries for Lake/Pond — Dariya Purkalan, North (water_body)"
BEN_AUTO_ASSET_WB_272197,ASSET_WB_272197,SCH_AMRUT,REG_DELHI,100,"Auto-estimated beneficiaries for Lake/Pond — Dariya Purkalan, North (water_body)"
BEN_AUTO_ASSET_WB_272198,ASSET_WB_272198,SCH_AMRUT,REG_DELHI,100,"Auto-estimated beneficiaries for Lake/Pond — Ghoga, North (water_body)"
BEN_AUTO_ASSET_WB_272199,ASSET_WB_272199,SCH_AMRUT,REG_DELHI,100,"Auto-estimated beneficiaries for Other Water Body — Ghoga, North (water_body)"
BEN_AUTO_ASSET_WB_272200,ASSET_WB_272200,SCH_AMRUT,REG_DELHI,100,"Auto-estimated beneficiaries for Lake/Pond — Harevali, North (water_body)"
BEN_AUTO_ASSET_WB_272201,ASSET_WB_272201,SCH_AMRUT,REG_DELHI,100,"Auto-estimated beneficiaries for Other Water Body — Harevali, North (water_body)"
BEN_AUTO_ASSET_WB_272202,ASSET_WB_272202,SCH_AMRUT,REG_DELHI,100,"Auto-estimated beneficiaries for Lake/Pond — Harevali, North (water_body)"
BEN_AUTO_ASSET_WB_272203,ASSET_WB_272203,SCH_AMRUT,REG_DELHI,100,"Auto-estimated beneficiaries for Lake/Pond — Harevali, North (water_body)"
BEN_AUTO_ASSET_WB_272204,ASSET_WB_272204,SCH_AMRUT,REG_DELHI,100,"Auto-estimated beneficiaries for Lake/Pond — Harevali, North (water_body)"
BEN_AUTO_ASSET_WB_272205,ASSET_WB_272205,SCH_AMRUT,REG_DELHI,100,"Auto-estimated beneficiaries for Lake/Pond — Holambi Kalan, North (water_body)"
BEN_AUTO_ASSET_WB_272206,ASSET_WB_272206,SCH_AMRUT,REG_DELHI,100,"Auto-estimated beneficiaries for Lake/Pond — Holambi Kalan, North (water_body)"
BEN_AUTO_ASSET_WB_272207,ASSET_WB_272207,SCH_AMRUT,REG_DELHI,100,"Auto-estimated beneficiaries for Lake/Pond — Holambi Khurd, North (water_body)"
BEN_AUTO_ASSET_WB_272208,ASSET_WB_272208,SCH_AMRUT,REG_DELHI,100,"Auto-estimated beneficiaries for Lake/Pond — Holambi Khurd, North (water_body)"
BEN_AUTO_ASSET_WB_272209,ASSET_WB_272209,SCH_AMRUT,REG_DELHI,100,"Auto-estimated beneficiaries for Other Water Body — Katewara, North (water_body)"
BEN_AUTO_ASSET_WB_272210,ASSET_WB_272210,SCH_AMRUT,REG_DELHI,100,"Auto-estimated beneficiaries for Lake/Pond — Katewara, North (water_body)"
BEN_AUTO_ASSET_WB_272211,ASSET_WB_272211,SCH_AMRUT,REG_DELHI,100,"Auto-estimated beneficiaries for Other Water Body — Katewara, North (water_body)"
BEN_AUTO_ASSET_WB_272212,ASSET_WB_272212,SCH_AMRUT,REG_DELHI,100,"Auto-estimated beneficiaries for Lake/Pond — Katewara, North (water_body)"
BEN_AUTO_ASSET_WB_272213,ASSET_WB_272213,SCH_AMRUT,REG_DELHI,100,"Auto-estimated beneficiaries for Lake/Pond — Katewara, North (water_body)"
BEN_AUTO_ASSET_WB_272214,ASSET_WB_272214,SCH_AMRUT,REG_DELHI,100,"Auto-estimated beneficiaries for Lake/Pond — Khera Khurd, North (water_body)"
BEN_AUTO_ASSET_WB_272215,ASSET_WB_272215,SCH_AMRUT,REG_DELHI,100,"Auto-estimated beneficiaries for Lake/Pond — Khera Khurd, North (water_body)"
BEN_AUTO_ASSET_WB_272216,ASSET_WB_272216,SCH_AMRUT,REG_DELHI,100,"Auto-estimated beneficiaries for Lake/Pond — Lam Pur, North (water_body)"
BEN_AUTO_ASSET_WB_272217,ASSET_WB_272217,SCH_AMRUT,REG_DELHI,100,"Auto-estimated beneficiaries for Lake/Pond — Lam Pur, North (water_body)"
BEN_AUTO_ASSET_WB_272218,ASSET_WB_272218,SCH_AMRUT,REG_DELHI,100,"Auto-estimated beneficiaries for Lake/Pond — Lam Pur, North (water_body)"
BEN_AUTO_ASSET_WB_272219,ASSET_WB_272219,SCH_AMRUT,REG_DELHI,100,"Auto-estimated beneficiaries for Lake/Pond — Lam Pur, North (water_body)"
BEN_AUTO_ASSET_WB_272220,ASSET_WB_272220,SCH_AMRUT,REG_DELHI,100,"Auto-estimated beneficiaries for Lake/Pond — Lam Pur, North (water_body)"
BEN_AUTO_ASSET_WB_272221,ASSET_WB_272221,SCH_AMRUT,REG_DELHI,100,"Auto-estimated beneficiaries for Lake/Pond — Lam Pur, North (water_body)"
BEN_AUTO_ASSET_WB_272222,ASSET_WB_272222,SCH_AMRUT,REG_DELHI,100,"Auto-estimated beneficiaries for Lake/Pond — Lam Pur, North (water_body)"
BEN_AUTO_ASSET_WB_272223,ASSET_WB_272223,SCH_AMRUT,REG_DELHI,100,"Auto-estimated beneficiaries for Lake/Pond — Lam Pur, North (water_body)"
BEN_AUTO_ASSET_WB_272224,ASSET_WB_272224,SCH_AMRUT,REG_DELHI,100,"Auto-estimated beneficiaries for Lake/Pond — Lam Pur, North (water_body)"
BEN_AUTO_ASSET_WB_272225,ASSET_WB_272225,SCH_AMRUT,REG_DELHI,100,"Auto-estimated beneficiaries for Lake/Pond — Lam Pur, North (water_body)"
BEN_AUTO_ASSET_WB_272226,ASSET_WB_272226,SCH_AMRUT,REG_DELHI,100,"Auto-estimated beneficiaries for Lake/Pond — Lam Pur, North (water_body)"
BEN_AUTO_ASSET_WB_272227,ASSET_WB_272227,SCH_AMRUT,REG_DELHI,100,"Auto-estimated beneficiaries for Lake/Pond — Mamoor Pur, North (water_body)"
BEN_AUTO_ASSET_WB_272228,ASSET_WB_272228,SCH_AMRUT,REG_DELHI,100,"Auto-estimated beneficiaries for Lake/Pond — Mamoor Pur, North (water_body)"
BEN_AUTO_ASSET_WB_272229,ASSET_WB_272229,SCH_AMRUT,REG_DELHI,100,"Auto-estimated beneficiaries for Lake/Pond — Mamoor Pur, North (water_body)"
BEN_AUTO_ASSET_WB_272230,ASSET_WB_272230,SCH_AMRUT,REG_DELHI,100,"Auto-estimated beneficiaries for Lake/Pond — Mungeshp Ur, North (water_body)"
BEN_AUTO_ASSET_WB_272231,ASSET_WB_272231,SCH_AMRUT,REG_DELHI,100,"Auto-estimated beneficiaries for Lake/Pond — Mungeshp Ur, North (water_body)"
BEN_AUTO_ASSET_WB_272232,ASSET_WB_272232,SCH_AMRUT,REG_DELHI,100,"Auto-estimated beneficiaries for Lake/Pond — Mungeshp Ur, North (water_body)"
BEN_AUTO_ASSET_WB_272233,ASSET_WB_272233,SCH_AMRUT,REG_DELHI,100,"Auto-estimated beneficiaries for Lake/Pond — Mungeshp Ur, North (water_body)"
BEN_AUTO_ASSET_WB_272234,ASSET_WB_272234,SCH_AMRUT,REG_DELHI,100,"Auto-estimated beneficiaries for Lake/Pond — Mungeshp Ur, North (water_body)"
BEN_AUTO_ASSET_WB_272235,ASSET_WB_272235,SCH_AMRUT,REG_DELHI,100,"Auto-estimated beneficiaries for Lake/Pond — Nangal Thakran, North (water_body)"
BEN_AUTO_ASSET_WB_272236,ASSET_WB_272236,SCH_AMRUT,REG_DELHI,100,"Auto-estimated beneficiaries for Lake/Pond — Nangal Thakran, North (water_body)"
BEN_AUTO_ASSET_WB_272237,ASSET_WB_272237,SCH_AMRUT,REG_DELHI,100,"Auto-estimated beneficiaries for Other Water Body — Nangal Thakran, North (water_body)"
BEN_AUTO_ASSET_WB_272238,ASSET_WB_272238,SCH_AMRUT,REG_DELHI,100,"Auto-estimated beneficiaries for Lake/Pond — Nangal Thakran, North (water_body)"
BEN_AUTO_ASSET_WB_272239,ASSET_WB_272239,SCH_AMRUT,REG_DELHI,100,"Auto-estimated beneficiaries for Lake/Pond — Nangal Thakran, North (water_body)"
BEN_AUTO_ASSET_WB_272240,ASSET_WB_272240,SCH_AMRUT,REG_DELHI,100,"Auto-estimated beneficiaries for Lake/Pond — Nangal Thakran, North (water_body)"
BEN_AUTO_ASSET_WB_272241,ASSET_WB_272241,SCH_AMRUT,REG_DELHI,100,"Auto-estimated beneficiaries for Lake/Pond — Narela, North (water_body)"
BEN_AUTO_ASSET_WB_272242,ASSET_WB_272242,SCH_AMRUT,REG_DELHI,100,"Auto-estimated beneficiaries for Lake/Pond — Narela, North (water_body)"
BEN_AUTO_ASSET_WB_272243,ASSET_WB_272243,SCH_AMRUT,REG_DELHI,100,"Auto-estimated beneficiaries for Lake/Pond — Narela, North (water_body)"
BEN_AUTO_ASSET_WB_272244,ASSET_WB_272244,SCH_AMRUT,REG_DELHI,100,"Auto-estimated beneficiaries for Lake/Pond — Naya Bans, North (water_body)"
BEN_AUTO_ASSET_WB_272245,ASSET_WB_272245,SCH_AMRUT,REG_DELHI,100,"Auto-estimated beneficiaries for Lake/Pond — Naya Bans, North (water_body)"
BEN_AUTO_ASSET_WB_272246,ASSET_WB_272246,SCH_AMRUT,REG_DELHI,100,"Auto-estimated beneficiaries for Lake/Pond — Naya Bans, North (water_body)"
BEN_AUTO_ASSET_WB_272247,ASSET_WB_272247,SCH_AMRUT,REG_DELHI,100,"Auto-estimated beneficiaries for Lake/Pond — Naya Bans, North (water_body)"
BEN_AUTO_ASSET_WB_272248,ASSET_WB_272248,SCH_AMRUT,REG_DELHI,100,"Auto-estimated beneficiaries for Lake/Pond — Naya Bans, North (water_body)"
BEN_AUTO_ASSET_WB_272249,ASSET_WB_272249,SCH_AMRUT,REG_DELHI,100,"Auto-estimated beneficiaries for Other Water Body — Pehlad Pur Bangar, North (water_body)"
BEN_AUTO_ASSET_WB_272250,ASSET_WB_272250,SCH_AMRUT,REG_DELHI,100,"Auto-estimated beneficiaries for Lake/Pond — Pehlad Pur Bangar, North (water_body)"
BEN_AUTO_ASSET_WB_272251,ASSET_WB_272251,SCH_AMRUT,REG_DELHI,100,"Auto-estimated beneficiaries for Lake/Pond — Pehlad Pur Bangar, North (water_body)"
BEN_AUTO_ASSET_WB_272252,ASSET_WB_272252,SCH_AMRUT,REG_DELHI,100,"Auto-estimated beneficiaries for Lake/Pond — Pooth Khurd, North (water_body)"
BEN_AUTO_ASSET_WB_272253,ASSET_WB_272253,SCH_AMRUT,REG_DELHI,100,"Auto-estimated beneficiaries for Lake/Pond — Pooth Khurd, North (water_body)"
BEN_AUTO_ASSET_WB_272254,ASSET_WB_272254,SCH_AMRUT,REG_DELHI,100,"Auto-estimated beneficiaries for Lake/Pond — Sanoth, North (water_body)"
BEN_AUTO_ASSET_WB_272255,ASSET_WB_272255,SCH_AMRUT,REG_DELHI,100,"Auto-estimated beneficiaries for Lake/Pond — Sultanpur Dabas, North (water_body)"
BEN_AUTO_ASSET_WB_272256,ASSET_WB_272256,SCH_AMRUT,REG_DELHI,100,"Auto-estimated beneficiaries for Lake/Pond — Sultanpur Dabas, North (water_body)"
BEN_AUTO_ASSET_WB_272257,ASSET_WB_272257,SCH_AMRUT,REG_DELHI,100,"Auto-estimated beneficiaries for Lake/Pond — Sultanpur Dabas, North (water_body)"
BEN_AUTO_ASSET_WB_272258,ASSET_WB_272258,SCH_AMRUT,REG_DELHI,100,"Auto-estimated beneficiaries for Lake/Pond — Tikri Khurd, North (water_body)"
BEN_AUTO_ASSET_WB_272259,ASSET_WB_272259,SCH_AMRUT,REG_DELHI,100,"Auto-estimated beneficiaries for Reservoir — Tikri Khurd, North (water_body)"
BEN_AUTO_ASSET_WB_272260,ASSET_WB_272260,SCH_AMRUT,REG_DELHI,100,"Auto-estimated beneficiaries for Lake/Pond — Tikri Khurd, North (water_body)"
BEN_AUTO_ASSET_WB_272261,ASSET_WB_272261,SCH_AMRUT,REG_DELHI,100,"Auto-estimated beneficiaries for Lake/Pond — Badar Pur Khadar, North East (water_body)"
BEN_AUTO_ASSET_WB_272262,ASSET_WB_272262,SCH_AMRUT,REG_DELHI,100,"Auto-estimated beneficiaries for Lake/Pond — Baqiabad, North East (water_body)"
BEN_AUTO_ASSET_WB_272263,ASSET_WB_272263,SCH_AMRUT,REG_DELHI,100,"Auto-estimated beneficiaries for Other Water Body — Bihari Pur, North East (water_body)"
BEN_AUTO_ASSET_WB_272264,ASSET_WB_272264,SCH_AMRUT,REG_DELHI,100,"Auto-estimated beneficiaries for Other Water Body — Jeevanpur/Johripur, North East (water_body)"
BEN_AUTO_ASSET_WB_272265,ASSET_WB_272265,SCH_AMRUT,REG_DELHI,100,"Auto-estimated beneficiaries for Other Water Body — Jeevanpur/Johripur, North East (water_body)"
BEN_AUTO_ASSET_WB_272266,ASSET_WB_272266,SCH_AMRUT,REG_DELHI,100,"Auto-estimated beneficiaries for Other Water Body — Karawal Nagar, North East (water_body)"
BEN_AUTO_ASSET_WB_272267,ASSET_WB_272267,SCH_AMRUT,REG_DELHI,100,"Auto-estimated beneficiaries for Other Water Body — Karawal Nagar, North East (water_body)"
BEN_AUTO_ASSET_WB_272268,ASSET_WB_272268,SCH_AMRUT,REG_DELHI,100,"Auto-estimated beneficiaries for Lake/Pond — Pur Delhi, North East (water_body)"
BEN_AUTO_ASSET_WB_272269,ASSET_WB_272269,SCH_AMRUT,REG_DELHI,100,"Auto-estimated beneficiaries for Other Water Body — Pur Shahdara, North East (water_body)"
BEN_AUTO_ASSET_WB_272270,ASSET_WB_272270,SCH_AMRUT,REG_DELHI,100,"Auto-estimated beneficiaries for Lake/Pond — Sabhapur Delhi, North East (water_body)"
BEN_AUTO_ASSET_WB_272271,ASSET_WB_272271,SCH_AMRUT,REG_DELHI,100,"Auto-estimated beneficiaries for Other Water Body — Sabhapur Delhi, North East (water_body)"
BEN_AUTO_ASSET_WB_272272,ASSET_WB_272272,SCH_AMRUT,REG_DELHI,100,"Auto-estimated beneficiaries for Other Water Body — Sabhapur Shahdara, North East (water_body)"
BEN_AUTO_ASSET_WB_272273,ASSET_WB_272273,SCH_AMRUT,REG_DELHI,100,"Auto-estimated beneficiaries for Other Water Body — Sadat Pur Gujran, North East (water_body)"
BEN_AUTO_ASSET_WB_272274,ASSET_WB_272274,SCH_AMRUT,REG_DELHI,100,"Auto-estimated beneficiaries for Other Water Body — Sadat Pur Musalman, North East (water_body)"
BEN_AUTO_ASSET_WB_272275,ASSET_WB_272275,SCH_AMRUT,REG_DELHI,100,"Auto-estimated beneficiaries for Lake/Pond — Garhi Mando, North East (water_body)"
BEN_AUTO_ASSET_WB_272276,ASSET_WB_272276,SCH_AMRUT,REG_DELHI,100,"Auto-estimated beneficiaries for Lake/Pond — Garhi Mando, North East (water_body)"
BEN_AUTO_ASSET_WB_272277,ASSET_WB_272277,SCH_AMRUT,REG_DELHI,100,"Auto-estimated beneficiaries for Other Water Body — Ghogda Chauhan Khadar, North East (water_body)"
BEN_AUTO_ASSET_WB_272278,ASSET_WB_272278,SCH_AMRUT,REG_DELHI,100,"Auto-estimated beneficiaries for Other Water Body — Ghogda Gujran Bangar, North East (water_body)"
BEN_AUTO_ASSET_WB_272279,ASSET_WB_272279,SCH_AMRUT,REG_DELHI,100,"Auto-estimated beneficiaries for Other Water Body — Ghogda Gujran Bangar, North East (water_body)"
BEN_AUTO_ASSET_WB_272280,ASSET_WB_272280,SCH_AMRUT,REG_DELHI,100,"Auto-estimated beneficiaries for Other Water Body — Ghogda Gujran Bangar, North East (water_body)"
BEN_AUTO_ASSET_WB_272281,ASSET_WB_272281,SCH_AMRUT,REG_DELHI,100,"Auto-estimated beneficiaries for Other Water Body — Ghogda Gujran Bangar, North East (water_body)"
BEN_AUTO_ASSET_WB_272282,ASSET_WB_272282,SCH_AMRUT,REG_DELHI,100,"Auto-estimated beneficiaries for Lake/Pond — Ghogda Gujran Khadar, North East (water_body)"
BEN_AUTO_ASSET_WB_272283,ASSET_WB_272283,SCH_AMRUT,REG_DELHI,100,"Auto-estimated beneficiaries for Lake/Pond — Khajuri Khas, North East (water_body)"
BEN_AUTO_ASSET_WB_272284,ASSET_WB_272284,SCH_AMRUT,REG_DELHI,100,"Auto-estimated beneficiaries for Other Water Body — Mirpur Turk, North East (water_body)"
BEN_AUTO_ASSET_WB_272285,ASSET_WB_272285,SCH_AMRUT,REG_DELHI,100,"Auto-estimated beneficiaries for Other Water Body — Gokal Pur, North East (water_body)"
BEN_AUTO_ASSET_WB_272286,ASSET_WB_272286,SCH_AMRUT,REG_DELHI,100,"Auto-estimated beneficiaries for Other Water Body — Gokal Pur, North East (water_body)"
BEN_AUTO_ASSET_WB_272287,ASSET_WB_272287,SCH_AMRUT,REG_DELHI,100,"Auto-estimated beneficiaries for Other Water Body — Khanpur Dhani, North East (water_body)"
BEN_AUTO_ASSET_WB_272288,ASSET_WB_272288,SCH_AMRUT,REG_DELHI,100,"Auto-estimated beneficiaries for Other Water Body — Zailuddinpur, North East (water_body)"
BEN_AUTO_ASSET_WB_272289,ASSET_WB_272289,SCH_AMRUT,REG_DELHI,100,"Auto-estimated beneficiaries for Lake/Pond — Budhan Pur Majra, North West (water_body)"
BEN_AUTO_ASSET_WB_272290,ASSET_WB_272290,SCH_AMRUT,REG_DELHI,100,"Auto-estimated beneficiaries for Lake/Pond — Budhan Pur Majra, North West (water_body)"
BEN_AUTO_ASSET_WB_272291,ASSET_WB_272291,SCH_AMRUT,REG_DELHI,100,"Auto-estimated beneficiaries for Other Water Body — Budhan Pur Majra, North West (water_body)"
BEN_AUTO_ASSET_WB_272292,ASSET_WB_272292,SCH_AMRUT,REG_DELHI,100,"Auto-estimated beneficiaries for Lake/Pond — Budhan Pur Majra, North West (water_body)"
BEN_AUTO_ASSET_WB_272293,ASSET_WB_272293,SCH_AMRUT,REG_DELHI,100,"Auto-estimated beneficiaries for Lake/Pond — Budhan Pur Majra, North West (water_body)"
BEN_AUTO_ASSET_WB_272294,ASSET_WB_272294,SCH_AMRUT,REG_DELHI,100,"Auto-estimated beneficiaries for Lake/Pond — Budhan Pur Majra, North West (water_body)"
BEN_AUTO_ASSET_WB_272295,ASSET_WB_272295,SCH_AMRUT,REG_DELHI,100,"Auto-estimated beneficiaries for Lake/Pond — Chand Pur Majra, North West (water_body)"
BEN_AUTO_ASSET_WB_272296,ASSET_WB_272296,SCH_AMRUT,REG_DELHI,100,"Auto-estimated beneficiaries for Other Water Body — Chand Pur Majra, North West (water_body)"
BEN_AUTO_ASSET_WB_272297,ASSET_WB_272297,SCH_AMRUT,REG_DELHI,100,"Auto-estimated beneficiaries for Lake/Pond — Chand Pur Majra, North West (water_body)"
BEN_AUTO_ASSET_WB_272298,ASSET_WB_272298,SCH_AMRUT,REG_DELHI,100,"Auto-estimated beneficiaries for Lake/Pond — Garhi Rindhala, North West (water_body)"
BEN_AUTO_ASSET_WB_272299,ASSET_WB_272299,SCH_AMRUT,REG_DELHI,100,"Auto-estimated beneficiaries for Lake/Pond — Garhi Rindhala, North West (water_body)"
BEN_AUTO_ASSET_WB_272300,ASSET_WB_272300,SCH_AMRUT,REG_DELHI,100,"Auto-estimated beneficiaries for Lake/Pond — Ghewra, North West (water_body)"
BEN_AUTO_ASSET_WB_272301,ASSET_WB_272301,SCH_AMRUT,REG_DELHI,100,"Auto-estimated beneficiaries for Lake/Pond — Ghewra, North West (water_body)"
BEN_AUTO_ASSET_WB_272302,ASSET_WB_272302,SCH_AMRUT,REG_DELHI,100,"Auto-estimated beneficiaries for Lake/Pond — Ghewra, North West (water_body)"
BEN_AUTO_ASSET_WB_272303,ASSET_WB_272303,SCH_AMRUT,REG_DELHI,100,"Auto-estimated beneficiaries for Lake/Pond — Jhatkhor, North West (water_body)"
BEN_AUTO_ASSET_WB_272304,ASSET_WB_272304,SCH_AMRUT,REG_DELHI,100,"Auto-estimated beneficiaries for Lake/Pond — Jhatkhor, North West (water_body)"
BEN_AUTO_ASSET_WB_272305,ASSET_WB_272305,SCH_AMRUT,REG_DELHI,100,"Auto-estimated beneficiaries for Lake/Pond — Jhatkhor, North West (water_body)"
BEN_AUTO_ASSET_WB_272306,ASSET_WB_272306,SCH_AMRUT,REG_DELHI,100,"Auto-estimated beneficiaries for Lake/Pond — Jonti, North West (water_body)"
BEN_AUTO_ASSET_WB_272307,ASSET_WB_272307,SCH_AMRUT,REG_DELHI,100,"Auto-estimated beneficiaries for Lake/Pond — Jonti, North West (water_body)"
BEN_AUTO_ASSET_WB_272308,ASSET_WB_272308,SCH_AMRUT,REG_DELHI,100,"Auto-estimated beneficiaries for Lake/Pond — Jonti, North West (water_body)"
BEN_AUTO_ASSET_WB_272309,ASSET_WB_272309,SCH_AMRUT,REG_DELHI,100,"Auto-estimated beneficiaries for Lake/Pond — Jonti, North West (water_body)"
BEN_AUTO_ASSET_WB_272310,ASSET_WB_272310,SCH_AMRUT,REG_DELHI,100,"Auto-estimated beneficiaries for Lake/Pond — Jonti, North West (water_body)"
BEN_AUTO_ASSET_WB_272311,ASSET_WB_272311,SCH_AMRUT,REG_DELHI,100,"Auto-estimated beneficiaries for Lake/Pond — Jonti, North West (water_body)"
BEN_AUTO_ASSET_WB_272312,ASSET_WB_272312,SCH_AMRUT,REG_DELHI,100,"Auto-estimated beneficiaries for Lake/Pond — Jonti, North West (water_body)"
BEN_AUTO_ASSET_WB_272313,ASSET_WB_272313,SCH_AMRUT,REG_DELHI,100,"Auto-estimated beneficiaries for Lake/Pond — Kanjhawla, North West (water_body)"
BEN_AUTO_ASSET_WB_272314,ASSET_WB_272314,SCH_AMRUT,REG_DELHI,100,"Auto-estimated beneficiaries for Lake/Pond — Kanjhawla, North West (water_body)"
BEN_AUTO_ASSET_WB_272315,ASSET_WB_272315,SCH_AMRUT,REG_DELHI,100,"Auto-estimated beneficiaries for Lake/Pond — Kanjhawla, North West (water_body)"
BEN_AUTO_ASSET_WB_272316,ASSET_WB_272316,SCH_AMRUT,REG_DELHI,100,"Auto-estimated beneficiaries for Lake/Pond — Kanjhawla, North West (water_body)"
BEN_AUTO_ASSET_WB_272317,ASSET_WB_272317,SCH_AMRUT,REG_DELHI,100,"Auto-estimated beneficiaries for Lake/Pond — Kanjhawla, North West (water_body)"
BEN_AUTO_ASSET_WB_272318,ASSET_WB_272318,SCH_AMRUT,REG_DELHI,100,"Auto-estimated beneficiaries for Other Water Body — Karala, North West (water_body)"
BEN_AUTO_ASSET_WB_272319,ASSET_WB_272319,SCH_AMRUT,REG_DELHI,100,"Auto-estimated beneficiaries for Lake/Pond — Karala, North West (water_body)"
BEN_AUTO_ASSET_WB_272320,ASSET_WB_272320,SCH_AMRUT,REG_DELHI,100,"Auto-estimated beneficiaries for Lake/Pond — Karala, North West (water_body)"
BEN_AUTO_ASSET_WB_272321,ASSET_WB_272321,SCH_AMRUT,REG_DELHI,100,"Auto-estimated beneficiaries for Lake/Pond — Karala, North West (water_body)"
BEN_AUTO_ASSET_WB_272322,ASSET_WB_272322,SCH_AMRUT,REG_DELHI,100,"Auto-estimated beneficiaries for Lake/Pond — Ladpur, North West (water_body)"
BEN_AUTO_ASSET_WB_272323,ASSET_WB_272323,SCH_AMRUT,REG_DELHI,100,"Auto-estimated beneficiaries for Lake/Pond — Ladpur, North West (water_body)"
BEN_AUTO_ASSET_WB_272324,ASSET_WB_272324,SCH_AMRUT,REG_DELHI,100,"Auto-estimated beneficiaries for Lake/Pond — Ladpur, North West (water_body)"
BEN_AUTO_ASSET_WB_272325,ASSET_WB_272325,SCH_AMRUT,REG_DELHI,100,"Auto-estimated beneficiaries for Lake/Pond — Mohammad Pur Majri, North West (water_body)"
BEN_AUTO_ASSET_WB_272326,ASSET_WB_272326,SCH_AMRUT,REG_DELHI,100,"Auto-estimated beneficiaries for Lake/Pond — Mohammad Pur Majri, North West (water_body)"
BEN_AUTO_ASSET_WB_272327,ASSET_WB_272327,SCH_AMRUT,REG_DELHI,100,"Auto-estimated beneficiaries for Other Water Body — Mohammad Pur Majri, North West (water_body)"
BEN_AUTO_ASSET_WB_272328,ASSET_WB_272328,SCH_AMRUT,REG_DELHI,100,"Auto-estimated beneficiaries for Lake/Pond — Nizampur Rashid Pur, North West (water_body)"
BEN_AUTO_ASSET_WB_272329,ASSET_WB_272329,SCH_AMRUT,REG_DELHI,100,"Auto-estimated beneficiaries for Lake/Pond — Nizampur Rashid Pur, North West (water_body)"
BEN_AUTO_ASSET_WB_272330,ASSET_WB_272330,SCH_AMRUT,REG_DELHI,100,"Auto-estimated beneficiaries for Lake/Pond — Nizampur Rashid Pur, North West (water_body)"
BEN_AUTO_ASSET_WB_272331,ASSET_WB_272331,SCH_AMRUT,REG_DELHI,100,"Auto-estimated beneficiaries for Lake/Pond — Nizampur Rashid Pur, North West (water_body)"
BEN_AUTO_ASSET_WB_272332,ASSET_WB_272332,SCH_AMRUT,REG_DELHI,100,"Auto-estimated beneficiaries for Lake/Pond — Nizampur Rashid Pur, North West (water_body)"
BEN_AUTO_ASSET_WB_272333,ASSET_WB_272333,SCH_AMRUT,REG_DELHI,100,"Auto-estimated beneficiaries for Lake/Pond — Nizampur Rashid Pur, North West (water_body)"
BEN_AUTO_ASSET_WB_272334,ASSET_WB_272334,SCH_AMRUT,REG_DELHI,100,"Auto-estimated beneficiaries for Lake/Pond — Nizampur Rashid Pur, North West (water_body)"
BEN_AUTO_ASSET_WB_272335,ASSET_WB_272335,SCH_AMRUT,REG_DELHI,100,"Auto-estimated beneficiaries for Lake/Pond — Nizampur Rashid Pur, North West (water_body)"
BEN_AUTO_ASSET_WB_272336,ASSET_WB_272336,SCH_AMRUT,REG_DELHI,100,"Auto-estimated beneficiaries for Lake/Pond — Nizampur Rashid Pur, North West (water_body)"
BEN_AUTO_ASSET_WB_272337,ASSET_WB_272337,SCH_AMRUT,REG_DELHI,100,"Auto-estimated beneficiaries for Lake/Pond — Nizampur Rashid Pur, North West (water_body)"
BEN_AUTO_ASSET_WB_272338,ASSET_WB_272338,SCH_AMRUT,REG_DELHI,100,"Auto-estimated beneficiaries for Lake/Pond — Nizampur Rashid Pur, North West (water_body)"
BEN_AUTO_ASSET_WB_272339,ASSET_WB_272339,SCH_AMRUT,REG_DELHI,100,"Auto-estimated beneficiaries for Lake/Pond — Punjab Khor, North West (water_body)"
BEN_AUTO_ASSET_WB_272340,ASSET_WB_272340,SCH_AMRUT,REG_DELHI,100,"Auto-estimated beneficiaries for Lake/Pond — Punjab Khor, North West (water_body)"
BEN_AUTO_ASSET_WB_272341,ASSET_WB_272341,SCH_AMRUT,REG_DELHI,100,"Auto-estimated beneficiaries for Lake/Pond — Punjab Khor, North West (water_body)"
BEN_AUTO_ASSET_WB_272342,ASSET_WB_272342,SCH_AMRUT,REG_DELHI,100,"Auto-estimated beneficiaries for Lake/Pond — Qutabgarh, North West (water_body)"
BEN_AUTO_ASSET_WB_272343,ASSET_WB_272343,SCH_AMRUT,REG_DELHI,100,"Auto-estimated beneficiaries for Lake/Pond — Qutabgarh, North West (water_body)"
BEN_AUTO_ASSET_WB_272344,ASSET_WB_272344,SCH_AMRUT,REG_DELHI,100,"Auto-estimated beneficiaries for Lake/Pond — Qutabgarh, North West (water_body)"
BEN_AUTO_ASSET_WB_272345,ASSET_WB_272345,SCH_AMRUT,REG_DELHI,100,"Auto-estimated beneficiaries for Lake/Pond — Salahpur Majra, North West (water_body)"
BEN_AUTO_ASSET_WB_272346,ASSET_WB_272346,SCH_AMRUT,REG_DELHI,100,"Auto-estimated beneficiaries for Other Water Body — Salahpur Majra, North West (water_body)"
BEN_AUTO_ASSET_WB_272347,ASSET_WB_272347,SCH_AMRUT,REG_DELHI,100,"Auto-estimated beneficiaries for Other Water Body — Salahpur Majra, North West (water_body)"
BEN_AUTO_ASSET_WB_272348,ASSET_WB_272348,SCH_AMRUT,REG_DELHI,100,"Auto-estimated beneficiaries for Lake/Pond — Salahpur Majra, North West (water_body)"
BEN_AUTO_ASSET_WB_272349,ASSET_WB_272349,SCH_AMRUT,REG_DELHI,100,"Auto-estimated beneficiaries for Other Water Body — Sawada, North West (water_body)"
BEN_AUTO_ASSET_WB_272350,ASSET_WB_272350,SCH_AMRUT,REG_DELHI,100,"Auto-estimated beneficiaries for Other Water Body — Sawada, North West (water_body)"
BEN_AUTO_ASSET_WB_272351,ASSET_WB_272351,SCH_AMRUT,REG_DELHI,100,"Auto-estimated beneficiaries for Lake/Pond — Sawada, North West (water_body)"
BEN_AUTO_ASSET_WB_272352,ASSET_WB_272352,SCH_AMRUT,REG_DELHI,100,"Auto-estimated beneficiaries for Other Water Body — Sawada, North West (water_body)"
BEN_AUTO_ASSET_WB_272353,ASSET_WB_272353,SCH_AMRUT,REG_DELHI,100,"Auto-estimated beneficiaries for Lake/Pond — Sawada, North West (water_body)"
BEN_AUTO_ASSET_WB_272354,ASSET_WB_272354,SCH_AMRUT,REG_DELHI,100,"Auto-estimated beneficiaries for Lake/Pond — Tatesar, North West (water_body)"
BEN_AUTO_ASSET_WB_272355,ASSET_WB_272355,SCH_AMRUT,REG_DELHI,100,"Auto-estimated beneficiaries for Other Water Body — Tatesar, North West (water_body)"
BEN_AUTO_ASSET_WB_272356,ASSET_WB_272356,SCH_AMRUT,REG_DELHI,100,"Auto-estimated beneficiaries for Other Water Body — Tatesar, North West (water_body)"
BEN_AUTO_ASSET_WB_272357,ASSET_WB_272357,SCH_AMRUT,REG_DELHI,100,"Auto-estimated beneficiaries for Other Water Body — Begum Pur, North West (water_body)"
BEN_AUTO_ASSET_WB_272358,ASSET_WB_272358,SCH_AMRUT,REG_DELHI,100,"Auto-estimated beneficiaries for Lake/Pond — Begum Pur, North West (water_body)"
BEN_AUTO_ASSET_WB_272359,ASSET_WB_272359,SCH_AMRUT,REG_DELHI,100,"Auto-estimated beneficiaries for Other Water Body — Begum Pur, North West (water_body)"
BEN_AUTO_ASSET_WB_272360,ASSET_WB_272360,SCH_AMRUT,REG_DELHI,100,"Auto-estimated beneficiaries for Lake/Pond — Begum Pur, North West (water_body)"
BEN_AUTO_ASSET_WB_272361,ASSET_WB_272361,SCH_AMRUT,REG_DELHI,100,"Auto-estimated beneficiaries for Lake/Pond — Kirari Suleman Nagar, North West (water_body)"
BEN_AUTO_ASSET_WB_272362,ASSET_WB_272362,SCH_AMRUT,REG_DELHI,100,"Auto-estimated beneficiaries for Lake/Pond — Kirari Suleman Nagar, North West (water_body)"
BEN_AUTO_ASSET_WB_272363,ASSET_WB_272363,SCH_AMRUT,REG_DELHI,100,"Auto-estimated beneficiaries for Lake/Pond — Kirari Suleman Nagar, North West (water_body)"
BEN_AUTO_ASSET_WB_272364,ASSET_WB_272364,SCH_AMRUT,REG_DELHI,100,"Auto-estimated beneficiaries for Other Water Body — Kirari Suleman Nagar, North West (water_body)"
BEN_AUTO_ASSET_WB_272365,ASSET_WB_272365,SCH_AMRUT,REG_DELHI,100,"Auto-estimated beneficiaries for Other Water Body — Kirari Suleman Nagar, North West (water_body)"
BEN_AUTO_ASSET_WB_272366,ASSET_WB_272366,SCH_AMRUT,REG_DELHI,100,"Auto-estimated beneficiaries for Lake/Pond — Madan Pur Dabas, North West (water_body)"
BEN_AUTO_ASSET_WB_272367,ASSET_WB_272367,SCH_AMRUT,REG_DELHI,100,"Auto-estimated beneficiaries for Lake/Pond — Madan Pur Dabas, North West (water_body)"
BEN_AUTO_ASSET_WB_272368,ASSET_WB_272368,SCH_AMRUT,REG_DELHI,100,"Auto-estimated beneficiaries for Other Water Body — Mangolpur Khurd, North West (water_body)"
BEN_AUTO_ASSET_WB_272369,ASSET_WB_272369,SCH_AMRUT,REG_DELHI,100,"Auto-estimated beneficiaries for Other Water Body — Mangolpur Khurd, North West (water_body)"
BEN_AUTO_ASSET_WB_272370,ASSET_WB_272370,SCH_AMRUT,REG_DELHI,100,"Auto-estimated beneficiaries for Other Water Body — Mangolpur Khurd, North West (water_body)"
BEN_AUTO_ASSET_WB_272371,ASSET_WB_272371,SCH_AMRUT,REG_DELHI,100,"Auto-estimated beneficiaries for Other Water Body — Mangolpur Khurd, North West (water_body)"
BEN_AUTO_ASSET_WB_272372,ASSET_WB_272372,SCH_AMRUT,REG_DELHI,100,"Auto-estimated beneficiaries for Other Water Body — Mubarikpur Dabas, North West (water_body)"
BEN_AUTO_ASSET_WB_272373,ASSET_WB_272373,SCH_AMRUT,REG_DELHI,100,"Auto-estimated beneficiaries for Other Water Body — Mubarikpur Dabas, North West (water_body)"
BEN_AUTO_ASSET_WB_272374,ASSET_WB_272374,SCH_AMRUT,REG_DELHI,100,"Auto-estimated beneficiaries for Other Water Body — Mubarikpur Dabas, North West (water_body)"
BEN_AUTO_ASSET_WB_272375,ASSET_WB_272375,SCH_AMRUT,REG_DELHI,100,"Auto-estimated beneficiaries for Other Water Body — Mubarikpur Dabas, North West (water_body)"
BEN_AUTO_ASSET_WB_272376,ASSET_WB_272376,SCH_AMRUT,REG_DELHI,100,"Auto-estimated beneficiaries for Other Water Body — Mubarikpur Dabas, North West (water_body)"
BEN_AUTO_ASSET_WB_272377,ASSET_WB_272377,SCH_AMRUT,REG_DELHI,100,"Auto-estimated beneficiaries for Lake/Pond — Mubarikpur Dabas, North West (water_body)"
BEN_AUTO_ASSET_WB_272378,ASSET_WB_272378,SCH_AMRUT,REG_DELHI,100,"Auto-estimated beneficiaries for Lake/Pond — Mubarikpur Dabas, North West (water_body)"
BEN_AUTO_ASSET_WB_272379,ASSET_WB_272379,SCH_AMRUT,REG_DELHI,100,"Auto-estimated beneficiaries for Other Water Body — Nithari, North West (water_body)"
BEN_AUTO_ASSET_WB_272380,ASSET_WB_272380,SCH_AMRUT,REG_DELHI,100,"Auto-estimated beneficiaries for Other Water Body — Nithari, North West (water_body)"
BEN_AUTO_ASSET_WB_272381,ASSET_WB_272381,SCH_AMRUT,REG_DELHI,100,"Auto-estimated beneficiaries for Other Water Body — Nithari, North West (water_body)"
BEN_AUTO_ASSET_WB_272382,ASSET_WB_272382,SCH_AMRUT,REG_DELHI,100,"Auto-estimated beneficiaries for Lake/Pond — Nithari, North West (water_body)"
BEN_AUTO_ASSET_WB_272383,ASSET_WB_272383,SCH_AMRUT,REG_DELHI,100,"Auto-estimated beneficiaries for Lake/Pond — Nithari, North West (water_body)"
BEN_AUTO_ASSET_WB_272384,ASSET_WB_272384,SCH_AMRUT,REG_DELHI,100,"Auto-estimated beneficiaries for Other Water Body — Nithari, North West (water_body)"
BEN_AUTO_ASSET_WB_272385,ASSET_WB_272385,SCH_AMRUT,REG_DELHI,100,"Auto-estimated beneficiaries for Reservoir — Pooth Kalan, North West (water_body)"
BEN_AUTO_ASSET_WB_272386,ASSET_WB_272386,SCH_AMRUT,REG_DELHI,100,"Auto-estimated beneficiaries for Lake/Pond — Rani Khera, North West (water_body)"
BEN_AUTO_ASSET_WB_272387,ASSET_WB_272387,SCH_AMRUT,REG_DELHI,100,"Auto-estimated beneficiaries for Lake/Pond — Rani Khera, North West (water_body)"
BEN_AUTO_ASSET_WB_272388,ASSET_WB_272388,SCH_AMRUT,REG_DELHI,100,"Auto-estimated beneficiaries for Lake/Pond — Rani Khera, North West (water_body)"
BEN_AUTO_ASSET_WB_272389,ASSET_WB_272389,SCH_AMRUT,REG_DELHI,100,"Auto-estimated beneficiaries for Lake/Pond — Rani Khera, North West (water_body)"
BEN_AUTO_ASSET_WB_272390,ASSET_WB_272390,SCH_AMRUT,REG_DELHI,100,"Auto-estimated beneficiaries for Lake/Pond — Rani Khera, North West (water_body)"
BEN_AUTO_ASSET_WB_272391,ASSET_WB_272391,SCH_AMRUT,REG_DELHI,100,"Auto-estimated beneficiaries for Lake/Pond — Rassol Pur, North West (water_body)"
BEN_AUTO_ASSET_WB_272392,ASSET_WB_272392,SCH_AMRUT,REG_DELHI,100,"Auto-estimated beneficiaries for Lake/Pond — Rassol Pur, North West (water_body)"
BEN_AUTO_ASSET_WB_272393,ASSET_WB_272393,SCH_AMRUT,REG_DELHI,100,"Auto-estimated beneficiaries for Lake/Pond — Rassol Pur, North West (water_body)"
BEN_AUTO_ASSET_WB_272394,ASSET_WB_272394,SCH_AMRUT,REG_DELHI,100,"Auto-estimated beneficiaries for Lake/Pond — Rassol Pur, North West (water_body)"
BEN_AUTO_ASSET_WB_272395,ASSET_WB_272395,SCH_AMRUT,REG_DELHI,100,"Auto-estimated beneficiaries for Lake/Pond — Rithala, North West (water_body)"
BEN_AUTO_ASSET_WB_272396,ASSET_WB_272396,SCH_AMRUT,REG_DELHI,100,"Auto-estimated beneficiaries for Reservoir — Rithala, North West (water_body)"
BEN_AUTO_ASSET_WB_272397,ASSET_WB_272397,SCH_AMRUT,REG_DELHI,100,"Auto-estimated beneficiaries for Lake/Pond — Sultanpur Majara, North West (water_body)"
BEN_AUTO_ASSET_WB_272398,ASSET_WB_272398,SCH_AMRUT,REG_DELHI,100,"Auto-estimated beneficiaries for Other Water Body — Sultanpur Majara, North West (water_body)"
BEN_AUTO_ASSET_WB_272399,ASSET_WB_272399,SCH_AMRUT,REG_DELHI,100,"Auto-estimated beneficiaries for Other Water Body — Sultanpur Majara, North West (water_body)"
BEN_AUTO_ASSET_WB_272400,ASSET_WB_272400,SCH_AMRUT,REG_DELHI,100,"Auto-estimated beneficiaries for Other Water Body — Haiderpur, North West (water_body)"
BEN_AUTO_ASSET_WB_272401,ASSET_WB_272401,SCH_AMRUT,REG_DELHI,100,"Auto-estimated beneficiaries for Lake/Pond — Haiderpur, North West (water_body)"
BEN_AUTO_ASSET_WB_272402,ASSET_WB_272402,SCH_AMRUT,REG_DELHI,100,"Auto-estimated beneficiaries for Other Water Body — Haiderpur, North West (water_body)"
BEN_AUTO_ASSET_WB_272403,ASSET_WB_272403,SCH_AMRUT,REG_DELHI,100,"Auto-estimated beneficiaries for Lake/Pond — Haiderpur, North West (water_body)"
BEN_AUTO_ASSET_WB_272404,ASSET_WB_272404,SCH_AMRUT,REG_DELHI,100,"Auto-estimated beneficiaries for Other Water Body — Haiderpur, North West (water_body)"
BEN_AUTO_ASSET_WB_272405,ASSET_WB_272405,SCH_AMRUT,REG_DELHI,100,"Auto-estimated beneficiaries for Lake/Pond — Haiderpur, North West (water_body)"
BEN_AUTO_ASSET_WB_272406,ASSET_WB_272406,SCH_AMRUT,REG_DELHI,100,"Auto-estimated beneficiaries for Other Water Body — Mangolpur Kalan, North West (water_body)"
BEN_AUTO_ASSET_WB_272407,ASSET_WB_272407,SCH_AMRUT,REG_DELHI,100,"Auto-estimated beneficiaries for Other Water Body — Mangolpur Kalan, North West (water_body)"
BEN_AUTO_ASSET_WB_272408,ASSET_WB_272408,SCH_AMRUT,REG_DELHI,100,"Auto-estimated beneficiaries for Other Water Body — Mangolpur Kalan, North West (water_body)"
BEN_AUTO_ASSET_WB_272409,ASSET_WB_272409,SCH_AMRUT,REG_DELHI,100,"Auto-estimated beneficiaries for Other Water Body — Mangolpur Kalan, North West (water_body)"
BEN_AUTO_ASSET_WB_272410,ASSET_WB_272410,SCH_AMRUT,REG_DELHI,100,"Auto-estimated beneficiaries for Lake/Pond — Mangolpur Kalan, North West (water_body)"
BEN_AUTO_ASSET_WB_272411,ASSET_WB_272411,SCH_AMRUT,REG_DELHI,100,"Auto-estimated beneficiaries for Lake/Pond — Pitampura, North West (water_body)"
BEN_AUTO_ASSET_WB_272412,ASSET_WB_272412,SCH_AMRUT,REG_DELHI,100,"Auto-estimated beneficiaries for Other Water Body — Pitampura, North West (water_body)"
BEN_AUTO_ASSET_WB_272413,ASSET_WB_272413,SCH_AMRUT,REG_DELHI,100,"Auto-estimated beneficiaries for Other Water Body — Sahi Pur, North West (water_body)"
BEN_AUTO_ASSET_WB_272414,ASSET_WB_272414,SCH_AMRUT,REG_DELHI,100,"Auto-estimated beneficiaries for Other Water Body — Sahi Pur, North West (water_body)"
BEN_AUTO_ASSET_WB_272415,ASSET_WB_272415,SCH_AMRUT,REG_DELHI,100,"Auto-estimated beneficiaries for Other Water Body — Salem Pur Majri Madipur, North West (water_body)"
BEN_AUTO_ASSET_WB_272416,ASSET_WB_272416,SCH_AMRUT,REG_DELHI,100,"Auto-estimated beneficiaries for Other Water Body — Shakur Pur, North West (water_body)"
BEN_AUTO_ASSET_WB_272417,ASSET_WB_272417,SCH_AMRUT,REG_DELHI,100,"Auto-estimated beneficiaries for Other Water Body — Shakur Pur, North West (water_body)"
BEN_AUTO_ASSET_WB_272418,ASSET_WB_272418,SCH_AMRUT,REG_DELHI,100,"Auto-estimated beneficiaries for Other Water Body — Wazirpur, North West (water_body)"
BEN_AUTO_ASSET_WB_272419,ASSET_WB_272419,SCH_AMRUT,REG_DELHI,100,"Auto-estimated beneficiaries for Lake/Pond — Mandoli, Shahdara (water_body)"
BEN_AUTO_ASSET_WB_272420,ASSET_WB_272420,SCH_AMRUT,REG_DELHI,100,"Auto-estimated beneficiaries for Other Water Body — Mandoli, Shahdara (water_body)"
BEN_AUTO_ASSET_WB_272421,ASSET_WB_272421,SCH_AMRUT,REG_DELHI,100,"Auto-estimated beneficiaries for Other Water Body — Mandoli, Shahdara (water_body)"
BEN_AUTO_ASSET_WB_272422,ASSET_WB_272422,SCH_AMRUT,REG_DELHI,100,"Auto-estimated beneficiaries for Other Water Body — Mandoli, Shahdara (water_body)"
BEN_AUTO_ASSET_WB_272423,ASSET_WB_272423,SCH_AMRUT,REG_DELHI,100,"Auto-estimated beneficiaries for Other Water Body — Saboli, Shahdara (water_body)"
BEN_AUTO_ASSET_WB_272424,ASSET_WB_272424,SCH_AMRUT,REG_DELHI,100,"Auto-estimated beneficiaries for Other Water Body — Babarpur, Shahdara (water_body)"
BEN_AUTO_ASSET_WB_272425,ASSET_WB_272425,SCH_AMRUT,REG_DELHI,100,"Auto-estimated beneficiaries for Other Water Body — Babarpur, Shahdara (water_body)"
BEN_AUTO_ASSET_WB_272426,ASSET_WB_272426,SCH_AMRUT,REG_DELHI,100,"Auto-estimated beneficiaries for Other Water Body — Babarpur, Shahdara (water_body)"
BEN_AUTO_ASSET_WB_272427,ASSET_WB_272427,SCH_AMRUT,REG_DELHI,100,"Auto-estimated beneficiaries for Other Water Body — Jafarabad, Shahdara (water_body)"
BEN_AUTO_ASSET_WB_272428,ASSET_WB_272428,SCH_AMRUT,REG_DELHI,100,"Auto-estimated beneficiaries for Other Water Body — Mauzpur, Shahdara (water_body)"
BEN_AUTO_ASSET_WB_272429,ASSET_WB_272429,SCH_AMRUT,REG_DELHI,100,"Auto-estimated beneficiaries for Other Water Body — Sakdarpur, Shahdara (water_body)"
BEN_AUTO_ASSET_WB_272430,ASSET_WB_272430,SCH_AMRUT,REG_DELHI,100,"Auto-estimated beneficiaries for Other Water Body — Chandarawali Shahdara, Shahdara (water_body)"
BEN_AUTO_ASSET_WB_272431,ASSET_WB_272431,SCH_AMRUT,REG_DELHI,100,"Auto-estimated beneficiaries for Other Water Body — Ghondli, Shahdara (water_body)"
BEN_AUTO_ASSET_WB_272432,ASSET_WB_272432,SCH_AMRUT,REG_DELHI,100,"Auto-estimated beneficiaries for Other Water Body — Karkardooma, Shahdara (water_body)"
BEN_AUTO_ASSET_WB_272433,ASSET_WB_272433,SCH_AMRUT,REG_DELHI,100,"Auto-estimated beneficiaries for Other Water Body — Oidenpuri, Shahdara (water_body)"
BEN_AUTO_ASSET_WB_272434,ASSET_WB_272434,SCH_AMRUT,REG_DELHI,100,"Auto-estimated beneficiaries for Other Water Body — Seelampuri, Shahdara (water_body)"
BEN_AUTO_ASSET_WB_272435,ASSET_WB_272435,SCH_AMRUT,REG_DELHI,100,"Auto-estimated beneficiaries for Other Water Body — Behlolpur, Souh East (water_body)"
BEN_AUTO_ASSET_WB_272436,ASSET_WB_272436,SCH_AMRUT,REG_DELHI,100,"Auto-estimated beneficiaries for Other Water Body — Chak Chilla, Souh East (water_body)"
BEN_AUTO_ASSET_WB_272437,ASSET_WB_272437,SCH_AMRUT,REG_DELHI,100,"Auto-estimated beneficiaries for Other Water Body — Garhi Jhariya Marya, Souh East (water_body)"
BEN_AUTO_ASSET_WB_272438,ASSET_WB_272438,SCH_AMRUT,REG_DELHI,100,"Auto-estimated beneficiaries for Other Water Body — Joga Bai, Souh East (water_body)"
BEN_AUTO_ASSET_WB_272439,ASSET_WB_272439,SCH_AMRUT,REG_DELHI,100,"Auto-estimated beneficiaries for Other Water Body — Khizarabad, Souh East (water_body)"
BEN_AUTO_ASSET_WB_272440,ASSET_WB_272440,SCH_AMRUT,REG_DELHI,100,"Auto-estimated beneficiaries for Other Water Body — Khizarabad, Souh East (water_body)"
BEN_AUTO_ASSET_WB_272441,ASSET_WB_272441,SCH_AMRUT,REG_DELHI,100,"Auto-estimated beneficiaries for Other Water Body — Kilokari, Souh East (water_body)"
BEN_AUTO_ASSET_WB_272442,ASSET_WB_272442,SCH_AMRUT,REG_DELHI,100,"Auto-estimated beneficiaries for Other Water Body — Kiotla Mubarakpur, Souh East (water_body)"
BEN_AUTO_ASSET_WB_272443,ASSET_WB_272443,SCH_AMRUT,REG_DELHI,100,"Auto-estimated beneficiaries for Other Water Body — Kiotla Mubarakpur, Souh East (water_body)"
BEN_AUTO_ASSET_WB_272444,ASSET_WB_272444,SCH_AMRUT,REG_DELHI,100,"Auto-estimated beneficiaries for Reservoir — Okhla, Souh East (water_body)"
BEN_AUTO_ASSET_WB_272445,ASSET_WB_272445,SCH_AMRUT,REG_DELHI,100,"Auto-estimated beneficiaries for Reservoir — Okhla, Souh East (water_body)"
BEN_AUTO_ASSET_WB_272446,ASSET_WB_272446,SCH_AMRUT,REG_DELHI,100,"Auto-estimated beneficiaries for Other Water Body — Sarai Kale Khan, Souh East (water_body)"
BEN_AUTO_ASSET_WB_272447,ASSET_WB_272447,SCH_AMRUT,REG_DELHI,100,"Auto-estimated beneficiaries for Other Water Body — Baha Pur, Souh East (water_body)"
BEN_AUTO_ASSET_WB_272448,ASSET_WB_272448,SCH_AMRUT,REG_DELHI,100,"Auto-estimated beneficiaries for Other Water Body — Baha Pur, Souh East (water_body)"
BEN_AUTO_ASSET_WB_272449,ASSET_WB_272449,SCH_AMRUT,REG_DELHI,100,"Auto-estimated beneficiaries for Other Water Body — Baha Pur, Souh East (water_body)"
BEN_AUTO_ASSET_WB_272450,ASSET_WB_272450,SCH_AMRUT,REG_DELHI,100,"Auto-estimated beneficiaries for Other Water Body — Baha Pur, Souh East (water_body)"
BEN_AUTO_ASSET_WB_272451,ASSET_WB_272451,SCH_AMRUT,REG_DELHI,100,"Auto-estimated beneficiaries for Other Water Body — Baha Pur, Souh East (water_body)"
BEN_AUTO_ASSET_WB_272452,ASSET_WB_272452,SCH_AMRUT,REG_DELHI,100,"Auto-estimated beneficiaries for Other Water Body — Tehkhand, Souh East (water_body)"
BEN_AUTO_ASSET_WB_272453,ASSET_WB_272453,SCH_AMRUT,REG_DELHI,100,"Auto-estimated beneficiaries for Other Water Body — Tuglakabad, Souh East (water_body)"
BEN_AUTO_ASSET_WB_272454,ASSET_WB_272454,SCH_AMRUT,REG_DELHI,100,"Auto-estimated beneficiaries for Other Water Body — Tuglakabad, Souh East (water_body)"
BEN_AUTO_ASSET_WB_272455,ASSET_WB_272455,SCH_AMRUT,REG_DELHI,100,"Auto-estimated beneficiaries for Other Water Body — Tuglakabad, Souh East (water_body)"
BEN_AUTO_ASSET_WB_272456,ASSET_WB_272456,SCH_AMRUT,REG_DELHI,100,"Auto-estimated beneficiaries for Lake/Pond — Tuglakabad, Souh East (water_body)"
BEN_AUTO_ASSET_WB_272457,ASSET_WB_272457,SCH_AMRUT,REG_DELHI,100,"Auto-estimated beneficiaries for Other Water Body — Tuglakabad, Souh East (water_body)"
BEN_AUTO_ASSET_WB_272458,ASSET_WB_272458,SCH_AMRUT,REG_DELHI,100,"Auto-estimated beneficiaries for Tank — Tuglakabad, Souh East (water_body)"
BEN_AUTO_ASSET_WB_272459,ASSET_WB_272459,SCH_AMRUT,REG_DELHI,100,"Auto-estimated beneficiaries for Other Water Body — Tuglakabad, Souh East (water_body)"
BEN_AUTO_ASSET_WB_272460,ASSET_WB_272460,SCH_AMRUT,REG_DELHI,100,"Auto-estimated beneficiaries for Other Water Body — Tuglakabad, Souh East (water_body)"
BEN_AUTO_ASSET_WB_272461,ASSET_WB_272461,SCH_AMRUT,REG_DELHI,100,"Auto-estimated beneficiaries for Other Water Body — Tuglakabad, Souh East (water_body)"
BEN_AUTO_ASSET_WB_272462,ASSET_WB_272462,SCH_AMRUT,REG_DELHI,100,"Auto-estimated beneficiaries for Lake/Pond — Aali, Souh East (water_body)"
BEN_AUTO_ASSET_WB_272463,ASSET_WB_272463,SCH_AMRUT,REG_DELHI,100,"Auto-estimated beneficiaries for Lake/Pond — Aali, Souh East (water_body)"
BEN_AUTO_ASSET_WB_272464,ASSET_WB_272464,SCH_AMRUT,REG_DELHI,100,"Auto-estimated beneficiaries for Other Water Body — Badar Pur, Souh East (water_body)"
BEN_AUTO_ASSET_WB_272465,ASSET_WB_272465,SCH_AMRUT,REG_DELHI,100,"Auto-estimated beneficiaries for Other Water Body — Jaitpur, Souh East (water_body)"
BEN_AUTO_ASSET_WB_272466,ASSET_WB_272466,SCH_AMRUT,REG_DELHI,100,"Auto-estimated beneficiaries for Other Water Body — Jasola, Souh East (water_body)"
BEN_AUTO_ASSET_WB_272467,ASSET_WB_272467,SCH_AMRUT,REG_DELHI,100,"Auto-estimated beneficiaries for Tank — Jasola, Souh East (water_body)"
BEN_AUTO_ASSET_WB_272468,ASSET_WB_272468,SCH_AMRUT,REG_DELHI,100,"Auto-estimated beneficiaries for Other Water Body — Kotla Mahigram, Souh East (water_body)"
BEN_AUTO_ASSET_WB_272469,ASSET_WB_272469,SCH_AMRUT,REG_DELHI,100,"Auto-estimated beneficiaries for Other Water Body — Madan Pur Khadar, Souh East (water_body)"
BEN_AUTO_ASSET_WB_272470,ASSET_WB_272470,SCH_AMRUT,REG_DELHI,100,"Auto-estimated beneficiaries for Other Water Body — Meethapur, Souh East (water_body)"
BEN_AUTO_ASSET_WB_272471,ASSET_WB_272471,SCH_AMRUT,REG_DELHI,100,"Auto-estimated beneficiaries for Other Water Body — Molar Band, Souh East (water_body)"
BEN_AUTO_ASSET_WB_272472,ASSET_WB_272472,SCH_AMRUT,REG_DELHI,100,"Auto-estimated beneficiaries for Other Water Body — Molar Band, Souh East (water_body)"
BEN_AUTO_ASSET_WB_272473,ASSET_WB_272473,SCH_AMRUT,REG_DELHI,100,"Auto-estimated beneficiaries for Other Water Body — Tajpul, Souh East (water_body)"
BEN_AUTO_ASSET_WB_272474,ASSET_WB_272474,SCH_AMRUT,REG_DELHI,100,"Auto-estimated beneficiaries for Other Water Body — Amber Heri, Souh West (water_body)"
BEN_AUTO_ASSET_WB_272475,ASSET_WB_272475,SCH_AMRUT,REG_DELHI,100,"Auto-estimated beneficiaries for Other Water Body — Amber Heri, Souh West (water_body)"
BEN_AUTO_ASSET_WB_272476,ASSET_WB_272476,SCH_AMRUT,REG_DELHI,100,"Auto-estimated beneficiaries for Lake/Pond — Dabri, Souh West (water_body)"
BEN_AUTO_ASSET_WB_272477,ASSET_WB_272477,SCH_AMRUT,REG_DELHI,100,"Auto-estimated beneficiaries for Lake/Pond — Dhoolsiras, Souh West (water_body)"
BEN_AUTO_ASSET_WB_272478,ASSET_WB_272478,SCH_AMRUT,REG_DELHI,100,"Auto-estimated beneficiaries for Lake/Pond — Dhoolsiras, Souh West (water_body)"
BEN_AUTO_ASSET_WB_272479,ASSET_WB_272479,SCH_AMRUT,REG_DELHI,100,"Auto-estimated beneficiaries for Lake/Pond — Dhoolsiras, Souh West (water_body)"
BEN_AUTO_ASSET_WB_272480,ASSET_WB_272480,SCH_AMRUT,REG_DELHI,100,"Auto-estimated beneficiaries for Other Water Body — Dhoolsiras, Souh West (water_body)"
BEN_AUTO_ASSET_WB_272481,ASSET_WB_272481,SCH_AMRUT,REG_DELHI,100,"Auto-estimated beneficiaries for Other Water Body — Kakrola, Souh West (water_body)"
BEN_AUTO_ASSET_WB_272482,ASSET_WB_272482,SCH_AMRUT,REG_DELHI,100,"Auto-estimated beneficiaries for Other Water Body — Kakrola, Souh West (water_body)"
BEN_AUTO_ASSET_WB_272483,ASSET_WB_272483,SCH_AMRUT,REG_DELHI,100,"Auto-estimated beneficiaries for Lake/Pond — Kakrola, Souh West (water_body)"
BEN_AUTO_ASSET_WB_272484,ASSET_WB_272484,SCH_AMRUT,REG_DELHI,100,"Auto-estimated beneficiaries for Lake/Pond — Kakrola, Souh West (water_body)"
BEN_AUTO_ASSET_WB_272485,ASSET_WB_272485,SCH_AMRUT,REG_DELHI,100,"Auto-estimated beneficiaries for Other Water Body — Kakrola, Souh West (water_body)"
BEN_AUTO_ASSET_WB_272486,ASSET_WB_272486,SCH_AMRUT,REG_DELHI,100,"Auto-estimated beneficiaries for Other Water Body — Kakrola, Souh West (water_body)"
BEN_AUTO_ASSET_WB_272487,ASSET_WB_272487,SCH_AMRUT,REG_DELHI,100,"Auto-estimated beneficiaries for Other Water Body — Kakrola, Souh West (water_body)"
BEN_AUTO_ASSET_WB_272488,ASSET_WB_272488,SCH_AMRUT,REG_DELHI,100,"Auto-estimated beneficiaries for Lake/Pond — Nangli Sakrawati, Souh West (water_body)"
BEN_AUTO_ASSET_WB_272489,ASSET_WB_272489,SCH_AMRUT,REG_DELHI,100,"Auto-estimated beneficiaries for Other Water Body — Nasirpur, Souh West (water_body)"
BEN_AUTO_ASSET_WB_272490,ASSET_WB_272490,SCH_AMRUT,REG_DELHI,100,"Auto-estimated beneficiaries for Lake/Pond — Nasirpur, Souh West (water_body)"
BEN_AUTO_ASSET_WB_272491,ASSET_WB_272491,SCH_AMRUT,REG_DELHI,100,"Auto-estimated beneficiaries for Lake/Pond — Nasirpur, Souh West (water_body)"
BEN_AUTO_ASSET_WB_272492,ASSET_WB_272492,SCH_AMRUT,REG_DELHI,100,"Auto-estimated beneficiaries for Lake/Pond — Palam, Souh West (water_body)"
BEN_AUTO_ASSET_WB_272493,ASSET_WB_272493,SCH_AMRUT,REG_DELHI,100,"Auto-estimated beneficiaries for Lake/Pond — Palam, Souh West (water_body)"
BEN_AUTO_ASSET_WB_272494,ASSET_WB_272494,SCH_AMRUT,REG_DELHI,100,"Auto-estimated beneficiaries for Lake/Pond — Palam, Souh West (water_body)"
BEN_AUTO_ASSET_WB_272495,ASSET_WB_272495,SCH_AMRUT,REG_DELHI,100,"Auto-estimated beneficiaries for Lake/Pond — Palam, Souh West (water_body)"
BEN_AUTO_ASSET_WB_272496,ASSET_WB_272496,SCH_AMRUT,REG_DELHI,100,"Auto-estimated beneficiaries for Other Water Body — Palam, Souh West (water_body)"
BEN_AUTO_ASSET_WB_272497,ASSET_WB_272497,SCH_AMRUT,REG_DELHI,100,"Auto-estimated beneficiaries for Other Water Body — Pochanpur, Souh West (water_body)"
BEN_AUTO_ASSET_WB_272498,ASSET_WB_272498,SCH_AMRUT,REG_DELHI,100,"Auto-estimated beneficiaries for Other Water Body — Pochanpur, Souh West (water_body)"
BEN_AUTO_ASSET_WB_272499,ASSET_WB_272499,SCH_AMRUT,REG_DELHI,100,"Auto-estimated beneficiaries for Other Water Body — Pochanpur, Souh West (water_body)"
BEN_AUTO_ASSET_WB_272500,ASSET_WB_272500,SCH_AMRUT,REG_DELHI,100,"Auto-estimated beneficiaries for Lake/Pond — Pochanpur, Souh West (water_body)"
BEN_AUTO_ASSET_WB_272501,ASSET_WB_272501,SCH_AMRUT,REG_DELHI,100,"Auto-estimated beneficiaries for Lake/Pond — Pochanpur, Souh West (water_body)"
BEN_AUTO_ASSET_WB_272502,ASSET_WB_272502,SCH_AMRUT,REG_DELHI,100,"Auto-estimated beneficiaries for Other Water Body — Pochanpur, Souh West (water_body)"
BEN_AUTO_ASSET_WB_272503,ASSET_WB_272503,SCH_AMRUT,REG_DELHI,100,"Auto-estimated beneficiaries for Lake/Pond — Aslat Pur Khawad, Souh West (water_body)"
BEN_AUTO_ASSET_WB_272504,ASSET_WB_272504,SCH_AMRUT,REG_DELHI,100,"Auto-estimated beneficiaries for Lake/Pond — Aslat Pur Khawad, Souh West (water_body)"
BEN_AUTO_ASSET_WB_272505,ASSET_WB_272505,SCH_AMRUT,REG_DELHI,100,"Auto-estimated beneficiaries for Lake/Pond — Badu Sarai, Souh West (water_body)"
BEN_AUTO_ASSET_WB_272506,ASSET_WB_272506,SCH_AMRUT,REG_DELHI,100,"Auto-estimated beneficiaries for Other Water Body — Badu Sarai, Souh West (water_body)"
BEN_AUTO_ASSET_WB_272507,ASSET_WB_272507,SCH_AMRUT,REG_DELHI,100,"Auto-estimated beneficiaries for Lake/Pond — Badu Sarai, Souh West (water_body)"
BEN_AUTO_ASSET_WB_272508,ASSET_WB_272508,SCH_AMRUT,REG_DELHI,100,"Auto-estimated beneficiaries for Lake/Pond — Badu Sarai, Souh West (water_body)"
BEN_AUTO_ASSET_WB_272509,ASSET_WB_272509,SCH_AMRUT,REG_DELHI,100,"Auto-estimated beneficiaries for Lake/Pond — Bamnoli, Souh West (water_body)"
BEN_AUTO_ASSET_WB_272510,ASSET_WB_272510,SCH_AMRUT,REG_DELHI,100,"Auto-estimated beneficiaries for Lake/Pond — Bamnoli, Souh West (water_body)"
BEN_AUTO_ASSET_WB_272511,ASSET_WB_272511,SCH_AMRUT,REG_DELHI,100,"Auto-estimated beneficiaries for Other Water Body — Bhartal, Souh West (water_body)"
BEN_AUTO_ASSET_WB_272512,ASSET_WB_272512,SCH_AMRUT,REG_DELHI,100,"Auto-estimated beneficiaries for Lake/Pond — Bhartal, Souh West (water_body)"
BEN_AUTO_ASSET_WB_272513,ASSET_WB_272513,SCH_AMRUT,REG_DELHI,100,"Auto-estimated beneficiaries for Lake/Pond — Bhartal, Souh West (water_body)"
BEN_AUTO_ASSET_WB_272514,ASSET_WB_272514,SCH_AMRUT,REG_DELHI,100,"Auto-estimated beneficiaries for Lake/Pond — Bhartal, Souh West (water_body)"
BEN_AUTO_ASSET_WB_272515,ASSET_WB_272515,SCH_AMRUT,REG_DELHI,100,"Auto-estimated beneficiaries for Lake/Pond — Bijwasan, Souh West (water_body)"
BEN_AUTO_ASSET_WB_272516,ASSET_WB_272516,SCH_AMRUT,REG_DELHI,100,"Auto-estimated beneficiaries for Other Water Body — Bijwasan, Souh West (water_body)"
BEN_AUTO_ASSET_WB_272517,ASSET_WB_272517,SCH_AMRUT,REG_DELHI,100,"Auto-estimated beneficiaries for Lake/Pond — Bijwasan, Souh West (water_body)"
BEN_AUTO_ASSET_WB_272518,ASSET_WB_272518,SCH_AMRUT,REG_DELHI,100,"Auto-estimated beneficiaries for Lake/Pond — Chhawla, Souh West (water_body)"
BEN_AUTO_ASSET_WB_272519,ASSET_WB_272519,SCH_AMRUT,REG_DELHI,100,"Auto-estimated beneficiaries for Lake/Pond — Chhawla, Souh West (water_body)"
BEN_AUTO_ASSET_WB_272520,ASSET_WB_272520,SCH_AMRUT,REG_DELHI,100,"Auto-estimated beneficiaries for Other Water Body — Chhawla, Souh West (water_body)"
BEN_AUTO_ASSET_WB_272521,ASSET_WB_272521,SCH_AMRUT,REG_DELHI,100,"Auto-estimated beneficiaries for Lake/Pond — Chhawla, Souh West (water_body)"
BEN_AUTO_ASSET_WB_272522,ASSET_WB_272522,SCH_AMRUT,REG_DELHI,100,"Auto-estimated beneficiaries for Lake/Pond — Chhawla, Souh West (water_body)"
BEN_AUTO_ASSET_WB_272523,ASSET_WB_272523,SCH_AMRUT,REG_DELHI,100,"Auto-estimated beneficiaries for Lake/Pond — Chhawla, Souh West (water_body)"
BEN_AUTO_ASSET_WB_272524,ASSET_WB_272524,SCH_AMRUT,REG_DELHI,100,"Auto-estimated beneficiaries for Lake/Pond — Chhawla, Souh West (water_body)"
BEN_AUTO_ASSET_WB_272525,ASSET_WB_272525,SCH_AMRUT,REG_DELHI,100,"Auto-estimated beneficiaries for Lake/Pond — Chhawla, Souh West (water_body)"
BEN_AUTO_ASSET_WB_272526,ASSET_WB_272526,SCH_AMRUT,REG_DELHI,100,"Auto-estimated beneficiaries for Lake/Pond — Chhawla, Souh West (water_body)"
BEN_AUTO_ASSET_WB_272527,ASSET_WB_272527,SCH_AMRUT,REG_DELHI,100,"Auto-estimated beneficiaries for Lake/Pond — Dariya Pur Khurd, Souh West (water_body)"
BEN_AUTO_ASSET_WB_272528,ASSET_WB_272528,SCH_AMRUT,REG_DELHI,100,"Auto-estimated beneficiaries for Lake/Pond — Dariya Pur Khurd, Souh West (water_body)"
BEN_AUTO_ASSET_WB_272529,ASSET_WB_272529,SCH_AMRUT,REG_DELHI,100,"Auto-estimated beneficiaries for Lake/Pond — Dariya Pur Khurd, Souh West (water_body)"
BEN_AUTO_ASSET_WB_272530,ASSET_WB_272530,SCH_AMRUT,REG_DELHI,100,"Auto-estimated beneficiaries for Lake/Pond — Dariya Pur Khurd, Souh West (water_body)"
BEN_AUTO_ASSET_WB_272531,ASSET_WB_272531,SCH_AMRUT,REG_DELHI,100,"Auto-estimated beneficiaries for Lake/Pond — Daulat Pura, Souh West (water_body)"
BEN_AUTO_ASSET_WB_272532,ASSET_WB_272532,SCH_AMRUT,REG_DELHI,100,"Auto-estimated beneficiaries for Lake/Pond — Daulat Pura, Souh West (water_body)"
BEN_AUTO_ASSET_WB_272533,ASSET_WB_272533,SCH_AMRUT,REG_DELHI,100,"Auto-estimated beneficiaries for Lake/Pond — Daulat Pura, Souh West (water_body)"
BEN_AUTO_ASSET_WB_272534,ASSET_WB_272534,SCH_AMRUT,REG_DELHI,100,"Auto-estimated beneficiaries for Lake/Pond — Daulat Pura, Souh West (water_body)"
BEN_AUTO_ASSET_WB_272535,ASSET_WB_272535,SCH_AMRUT,REG_DELHI,100,"Auto-estimated beneficiaries for Lake/Pond — Deorala, Souh West (water_body)"
BEN_AUTO_ASSET_WB_272536,ASSET_WB_272536,SCH_AMRUT,REG_DELHI,100,"Auto-estimated beneficiaries for Lake/Pond — Deorala, Souh West (water_body)"
BEN_AUTO_ASSET_WB_272537,ASSET_WB_272537,SCH_AMRUT,REG_DELHI,100,"Auto-estimated beneficiaries for Lake/Pond — Deorala, Souh West (water_body)"
BEN_AUTO_ASSET_WB_272538,ASSET_WB_272538,SCH_AMRUT,REG_DELHI,100,"Auto-estimated beneficiaries for Lake/Pond — Deorala, Souh West (water_body)"
BEN_AUTO_ASSET_WB_272539,ASSET_WB_272539,SCH_AMRUT,REG_DELHI,100,"Auto-estimated beneficiaries for Lake/Pond — Dindar Pur, Souh West (water_body)"
BEN_AUTO_ASSET_WB_272540,ASSET_WB_272540,SCH_AMRUT,REG_DELHI,100,"Auto-estimated beneficiaries for Lake/Pond — Dindar Pur, Souh West (water_body)"
BEN_AUTO_ASSET_WB_272541,ASSET_WB_272541,SCH_AMRUT,REG_DELHI,100,"Auto-estimated beneficiaries for Lake/Pond — Ghuman Hera, Souh West (water_body)"
BEN_AUTO_ASSET_WB_272542,ASSET_WB_272542,SCH_AMRUT,REG_DELHI,100,"Auto-estimated beneficiaries for Lake/Pond — Ghuman Hera, Souh West (water_body)"
BEN_AUTO_ASSET_WB_272543,ASSET_WB_272543,SCH_AMRUT,REG_DELHI,100,"Auto-estimated beneficiaries for Lake/Pond — Ghuman Hera, Souh West (water_body)"
BEN_AUTO_ASSET_WB_272544,ASSET_WB_272544,SCH_AMRUT,REG_DELHI,100,"Auto-estimated beneficiaries for Lake/Pond — Ghuman Hera, Souh West (water_body)"
BEN_AUTO_ASSET_WB_272545,ASSET_WB_272545,SCH_AMRUT,REG_DELHI,100,"Auto-estimated beneficiaries for Lake/Pond — Ghuman Hera, Souh West (water_body)"
BEN_AUTO_ASSET_WB_272546,ASSET_WB_272546,SCH_AMRUT,REG_DELHI,100,"Auto-estimated beneficiaries for Lake/Pond — Ghuman Hera, Souh West (water_body)"
BEN_AUTO_ASSET_WB_272547,ASSET_WB_272547,SCH_AMRUT,REG_DELHI,100,"Auto-estimated beneficiaries for Lake/Pond — Ghuman Hera, Souh West (water_body)"
BEN_AUTO_ASSET_WB_272548,ASSET_WB_272548,SCH_AMRUT,REG_DELHI,100,"Auto-estimated beneficiaries for Lake/Pond — Goela Khurd, Souh West (water_body)"
BEN_AUTO_ASSET_WB_272549,ASSET_WB_272549,SCH_AMRUT,REG_DELHI,100,"Auto-estimated beneficiaries for Lake/Pond — Goela Khurd, Souh West (water_body)"
BEN_AUTO_ASSET_WB_272550,ASSET_WB_272550,SCH_AMRUT,REG_DELHI,100,"Auto-estimated beneficiaries for Lake/Pond — Hasanpur, Souh West (water_body)"
BEN_AUTO_ASSET_WB_272551,ASSET_WB_272551,SCH_AMRUT,REG_DELHI,100,"Auto-estimated beneficiaries for Lake/Pond — Hasanpur, Souh West (water_body)"
BEN_AUTO_ASSET_WB_272552,ASSET_WB_272552,SCH_AMRUT,REG_DELHI,100,"Auto-estimated beneficiaries for Lake/Pond — Jhatikra, Souh West (water_body)"
BEN_AUTO_ASSET_WB_272553,ASSET_WB_272553,SCH_AMRUT,REG_DELHI,100,"Auto-estimated beneficiaries for Lake/Pond — Jhatikra, Souh West (water_body)"
BEN_AUTO_ASSET_WB_272554,ASSET_WB_272554,SCH_AMRUT,REG_DELHI,100,"Auto-estimated beneficiaries for Lake/Pond — Jhatikra, Souh West (water_body)"
BEN_AUTO_ASSET_WB_272555,ASSET_WB_272555,SCH_AMRUT,REG_DELHI,100,"Auto-estimated beneficiaries for Other Water Body — Jhatikra, Souh West (water_body)"
BEN_AUTO_ASSET_WB_272556,ASSET_WB_272556,SCH_AMRUT,REG_DELHI,100,"Auto-estimated beneficiaries for Other Water Body — Kangan Heri, Souh West (water_body)"
BEN_AUTO_ASSET_WB_272557,ASSET_WB_272557,SCH_AMRUT,REG_DELHI,100,"Auto-estimated beneficiaries for Lake/Pond — Kangan Heri, Souh West (water_body)"
BEN_AUTO_ASSET_WB_272558,ASSET_WB_272558,SCH_AMRUT,REG_DELHI,100,"Auto-estimated beneficiaries for Lake/Pond — Kangan Heri, Souh West (water_body)"
BEN_AUTO_ASSET_WB_272559,ASSET_WB_272559,SCH_AMRUT,REG_DELHI,100,"Auto-estimated beneficiaries for Lake/Pond — Kangan Heri, Souh West (water_body)"
BEN_AUTO_ASSET_WB_272560,ASSET_WB_272560,SCH_AMRUT,REG_DELHI,100,"Auto-estimated beneficiaries for Lake/Pond — Kangan Heri, Souh West (water_body)"
BEN_AUTO_ASSET_WB_272561,ASSET_WB_272561,SCH_AMRUT,REG_DELHI,100,"Auto-estimated beneficiaries for Other Water Body — Kapashera, Souh West (water_body)"
BEN_AUTO_ASSET_WB_272562,ASSET_WB_272562,SCH_AMRUT,REG_DELHI,100,"Auto-estimated beneficiaries for Lake/Pond — Kapashera, Souh West (water_body)"
BEN_AUTO_ASSET_WB_272563,ASSET_WB_272563,SCH_AMRUT,REG_DELHI,100,"Auto-estimated beneficiaries for Lake/Pond — Nanak Heri, Souh West (water_body)"
BEN_AUTO_ASSET_WB_272564,ASSET_WB_272564,SCH_AMRUT,REG_DELHI,100,"Auto-estimated beneficiaries for Lake/Pond — Nanak Heri, Souh West (water_body)"
BEN_AUTO_ASSET_WB_272565,ASSET_WB_272565,SCH_AMRUT,REG_DELHI,100,"Auto-estimated beneficiaries for Lake/Pond — Nanak Heri, Souh West (water_body)"
BEN_AUTO_ASSET_WB_272566,ASSET_WB_272566,SCH_AMRUT,REG_DELHI,100,"Auto-estimated beneficiaries for Lake/Pond — Paprawat, Souh West (water_body)"
BEN_AUTO_ASSET_WB_272567,ASSET_WB_272567,SCH_AMRUT,REG_DELHI,100,"Auto-estimated beneficiaries for Other Water Body — Paprawat, Souh West (water_body)"
BEN_AUTO_ASSET_WB_272568,ASSET_WB_272568,SCH_AMRUT,REG_DELHI,100,"Auto-estimated beneficiaries for Lake/Pond — Paprawat, Souh West (water_body)"
BEN_AUTO_ASSET_WB_272569,ASSET_WB_272569,SCH_AMRUT,REG_DELHI,100,"Auto-estimated beneficiaries for Lake/Pond — Paprawat, Souh West (water_body)"
BEN_AUTO_ASSET_WB_272570,ASSET_WB_272570,SCH_AMRUT,REG_DELHI,100,"Auto-estimated beneficiaries for Lake/Pond — Paprawat, Souh West (water_body)"
BEN_AUTO_ASSET_WB_272571,ASSET_WB_272571,SCH_AMRUT,REG_DELHI,100,"Auto-estimated beneficiaries for Lake/Pond — Paprawat, Souh West (water_body)"
BEN_AUTO_ASSET_WB_272572,ASSET_WB_272572,SCH_AMRUT,REG_DELHI,100,"Auto-estimated beneficiaries for Lake/Pond — Paprawat, Souh West (water_body)"
BEN_AUTO_ASSET_WB_272573,ASSET_WB_272573,SCH_AMRUT,REG_DELHI,100,"Auto-estimated beneficiaries for Lake/Pond — Pindwalan Kalan, Souh West (water_body)"
BEN_AUTO_ASSET_WB_272574,ASSET_WB_272574,SCH_AMRUT,REG_DELHI,100,"Auto-estimated beneficiaries for Lake/Pond — Pindwalan Kalan, Souh West (water_body)"
BEN_AUTO_ASSET_WB_272575,ASSET_WB_272575,SCH_AMRUT,REG_DELHI,100,"Auto-estimated beneficiaries for Lake/Pond — Pindwalan Kalan, Souh West (water_body)"
BEN_AUTO_ASSET_WB_272576,ASSET_WB_272576,SCH_AMRUT,REG_DELHI,100,"Auto-estimated beneficiaries for Lake/Pond — Pindwalan Khurd, Souh West (water_body)"
BEN_AUTO_ASSET_WB_272577,ASSET_WB_272577,SCH_AMRUT,REG_DELHI,100,"Auto-estimated beneficiaries for Other Water Body — Pindwalan Khurd, Souh West (water_body)"
BEN_AUTO_ASSET_WB_272578,ASSET_WB_272578,SCH_AMRUT,REG_DELHI,100,"Auto-estimated beneficiaries for Other Water Body — Pindwalan Khurd, Souh West (water_body)"
BEN_AUTO_ASSET_WB_272579,ASSET_WB_272579,SCH_AMRUT,REG_DELHI,100,"Auto-estimated beneficiaries for Lake/Pond — Pindwalan Khurd, Souh West (water_body)"
BEN_AUTO_ASSET_WB_272580,ASSET_WB_272580,SCH_AMRUT,REG_DELHI,100,"Auto-estimated beneficiaries for Other Water Body — Pindwalan Khurd, Souh West (water_body)"
BEN_AUTO_ASSET_WB_272581,ASSET_WB_272581,SCH_AMRUT,REG_DELHI,100,"Auto-estimated beneficiaries for Lake/Pond — Pindwalan Khurd, Souh West (water_body)"
BEN_AUTO_ASSET_WB_272582,ASSET_WB_272582,SCH_AMRUT,REG_DELHI,100,"Auto-estimated beneficiaries for Lake/Pond — Pindwalan Khurd, Souh West (water_body)"
BEN_AUTO_ASSET_WB_272583,ASSET_WB_272583,SCH_AMRUT,REG_DELHI,100,"Auto-estimated beneficiaries for Lake/Pond — Raghupur, Souh West (water_body)"
BEN_AUTO_ASSET_WB_272584,ASSET_WB_272584,SCH_AMRUT,REG_DELHI,100,"Auto-estimated beneficiaries for Lake/Pond — Raghupur, Souh West (water_body)"
BEN_AUTO_ASSET_WB_272585,ASSET_WB_272585,SCH_AMRUT,REG_DELHI,100,"Auto-estimated beneficiaries for Lake/Pond — Raghupur, Souh West (water_body)"
BEN_AUTO_ASSET_WB_272586,ASSET_WB_272586,SCH_AMRUT,REG_DELHI,100,"Auto-estimated beneficiaries for Lake/Pond — Rawta, Souh West (water_body)"
BEN_AUTO_ASSET_WB_272587,ASSET_WB_272587,SCH_AMRUT,REG_DELHI,100,"Auto-estimated beneficiaries for Reservoir — Rawta, Souh West (water_body)"
BEN_AUTO_ASSET_WB_272588,ASSET_WB_272588,SCH_AMRUT,REG_DELHI,100,"Auto-estimated beneficiaries for Lake/Pond — Rawta, Souh West (water_body)"
BEN_AUTO_ASSET_WB_272589,ASSET_WB_272589,SCH_AMRUT,REG_DELHI,100,"Auto-estimated beneficiaries for Lake/Pond — Rawta, Souh West (water_body)"
BEN_AUTO_ASSET_WB_272590,ASSET_WB_272590,SCH_AMRUT,REG_DELHI,100,"Auto-estimated beneficiaries for Lake/Pond — Rawta, Souh West (water_body)"
BEN_AUTO_ASSET_WB_272591,ASSET_WB_272591,SCH_AMRUT,REG_DELHI,100,"Auto-estimated beneficiaries for Lake/Pond — Rawta, Souh West (water_body)"
BEN_AUTO_ASSET_WB_272592,ASSET_WB_272592,SCH_AMRUT,REG_DELHI,100,"Auto-estimated beneficiaries for Lake/Pond — Rawta, Souh West (water_body)"
BEN_AUTO_ASSET_WB_272593,ASSET_WB_272593,SCH_AMRUT,REG_DELHI,100,"Auto-estimated beneficiaries for Lake/Pond — Rewla Khanpur, Souh West (water_body)"
BEN_AUTO_ASSET_WB_272594,ASSET_WB_272594,SCH_AMRUT,REG_DELHI,100,"Auto-estimated beneficiaries for Lake/Pond — Rewla Khanpur, Souh West (water_body)"
BEN_AUTO_ASSET_WB_272595,ASSET_WB_272595,SCH_AMRUT,REG_DELHI,100,"Auto-estimated beneficiaries for Lake/Pond — Rewla Khanpur, Souh West (water_body)"
BEN_AUTO_ASSET_WB_272596,ASSET_WB_272596,SCH_AMRUT,REG_DELHI,100,"Auto-estimated beneficiaries for Lake/Pond — Rewla Khanpur, Souh West (water_body)"
BEN_AUTO_ASSET_WB_272597,ASSET_WB_272597,SCH_AMRUT,REG_DELHI,100,"Auto-estimated beneficiaries for Lake/Pond — Rewla Khanpur, Souh West (water_body)"
BEN_AUTO_ASSET_WB_272598,ASSET_WB_272598,SCH_AMRUT,REG_DELHI,100,"Auto-estimated beneficiaries for Lake/Pond — Rewla Khanpur, Souh West (water_body)"
BEN_AUTO_ASSET_WB_272599,ASSET_WB_272599,SCH_AMRUT,REG_DELHI,100,"Auto-estimated beneficiaries for Lake/Pond — Rewla Khanpur, Souh West (water_body)"
BEN_AUTO_ASSET_WB_272600,ASSET_WB_272600,SCH_AMRUT,REG_DELHI,100,"Auto-estimated beneficiaries for Lake/Pond — Rewla Khanpur, Souh West (water_body)"
BEN_AUTO_ASSET_WB_272601,ASSET_WB_272601,SCH_AMRUT,REG_DELHI,100,"Auto-estimated beneficiaries for Lake/Pond — Rewla Khanpur, Souh West (water_body)"
BEN_AUTO_ASSET_WB_272602,ASSET_WB_272602,SCH_AMRUT,REG_DELHI,100,"Auto-estimated beneficiaries for Lake/Pond — Rewla Khanpur, Souh West (water_body)"
BEN_AUTO_ASSET_WB_272603,ASSET_WB_272603,SCH_AMRUT,REG_DELHI,100,"Auto-estimated beneficiaries for Lake/Pond — Salahpur, Souh West (water_body)"
BEN_AUTO_ASSET_WB_272604,ASSET_WB_272604,SCH_AMRUT,REG_DELHI,100,"Auto-estimated beneficiaries for Lake/Pond — Shikarpur, Souh West (water_body)"
BEN_AUTO_ASSET_WB_272605,ASSET_WB_272605,SCH_AMRUT,REG_DELHI,100,"Auto-estimated beneficiaries for Lake/Pond — Shikarpur, Souh West (water_body)"
BEN_AUTO_ASSET_WB_272606,ASSET_WB_272606,SCH_AMRUT,REG_DELHI,100,"Auto-estimated beneficiaries for Lake/Pond — Tajpur Khurd, Souh West (water_body)"
BEN_AUTO_ASSET_WB_272607,ASSET_WB_272607,SCH_AMRUT,REG_DELHI,100,"Auto-estimated beneficiaries for Lake/Pond — Bakargarh, Souh West (water_body)"
BEN_AUTO_ASSET_WB_272608,ASSET_WB_272608,SCH_AMRUT,REG_DELHI,100,"Auto-estimated beneficiaries for Lake/Pond — Bakargarh, Souh West (water_body)"
BEN_AUTO_ASSET_WB_272609,ASSET_WB_272609,SCH_AMRUT,REG_DELHI,100,"Auto-estimated beneficiaries for Lake/Pond — Bakargarh, Souh West (water_body)"
BEN_AUTO_ASSET_WB_272610,ASSET_WB_272610,SCH_AMRUT,REG_DELHI,100,"Auto-estimated beneficiaries for Lake/Pond — Dhansa, Souh West (water_body)"
BEN_AUTO_ASSET_WB_272611,ASSET_WB_272611,SCH_AMRUT,REG_DELHI,100,"Auto-estimated beneficiaries for Lake/Pond — Dhansa, Souh West (water_body)"
BEN_AUTO_ASSET_WB_272612,ASSET_WB_272612,SCH_AMRUT,REG_DELHI,100,"Auto-estimated beneficiaries for Lake/Pond — Dhansa, Souh West (water_body)"
BEN_AUTO_ASSET_WB_272613,ASSET_WB_272613,SCH_AMRUT,REG_DELHI,100,"Auto-estimated beneficiaries for Lake/Pond — Dhansa, Souh West (water_body)"
BEN_AUTO_ASSET_WB_272614,ASSET_WB_272614,SCH_AMRUT,REG_DELHI,100,"Auto-estimated beneficiaries for Lake/Pond — Dichaon Kalan, Souh West (water_body)"
BEN_AUTO_ASSET_WB_272615,ASSET_WB_272615,SCH_AMRUT,REG_DELHI,100,"Auto-estimated beneficiaries for Lake/Pond — Dichaon Kalan, Souh West (water_body)"
BEN_AUTO_ASSET_WB_272616,ASSET_WB_272616,SCH_AMRUT,REG_DELHI,100,"Auto-estimated beneficiaries for Lake/Pond — Dichaon Kalan, Souh West (water_body)"
BEN_AUTO_ASSET_WB_272617,ASSET_WB_272617,SCH_AMRUT,REG_DELHI,100,"Auto-estimated beneficiaries for Lake/Pond — Dichaon Kalan, Souh West (water_body)"
BEN_AUTO_ASSET_WB_272618,ASSET_WB_272618,SCH_AMRUT,REG_DELHI,100,"Auto-estimated beneficiaries for Lake/Pond — Galib Pur, Souh West (water_body)"
BEN_AUTO_ASSET_WB_272619,ASSET_WB_272619,SCH_AMRUT,REG_DELHI,100,"Auto-estimated beneficiaries for Lake/Pond — Galib Pur, Souh West (water_body)"
BEN_AUTO_ASSET_WB_272620,ASSET_WB_272620,SCH_AMRUT,REG_DELHI,100,"Auto-estimated beneficiaries for Lake/Pond — Issa Pur, Souh West (water_body)"
BEN_AUTO_ASSET_WB_272621,ASSET_WB_272621,SCH_AMRUT,REG_DELHI,100,"Auto-estimated beneficiaries for Lake/Pond — Issa Pur, Souh West (water_body)"
BEN_AUTO_ASSET_WB_272622,ASSET_WB_272622,SCH_AMRUT,REG_DELHI,100,"Auto-estimated beneficiaries for Lake/Pond — Issa Pur, Souh West (water_body)"
BEN_AUTO_ASSET_WB_272623,ASSET_WB_272623,SCH_AMRUT,REG_DELHI,100,"Auto-estimated beneficiaries for Lake/Pond — Issa Pur, Souh West (water_body)"
BEN_AUTO_ASSET_WB_272624,ASSET_WB_272624,SCH_AMRUT,REG_DELHI,100,"Auto-estimated beneficiaries for Lake/Pond — Issa Pur, Souh West (water_body)"
BEN_AUTO_ASSET_WB_272625,ASSET_WB_272625,SCH_AMRUT,REG_DELHI,100,"Auto-estimated beneficiaries for Lake/Pond — Issa Pur, Souh West (water_body)"
BEN_AUTO_ASSET_WB_272626,ASSET_WB_272626,SCH_AMRUT,REG_DELHI,100,"Auto-estimated beneficiaries for Lake/Pond — Jaffar Pur Kalan, Souh West (water_body)"
BEN_AUTO_ASSET_WB_272627,ASSET_WB_272627,SCH_AMRUT,REG_DELHI,100,"Auto-estimated beneficiaries for Lake/Pond — Jaffar Pur Kalan, Souh West (water_body)"
BEN_AUTO_ASSET_WB_272628,ASSET_WB_272628,SCH_AMRUT,REG_DELHI,100,"Auto-estimated beneficiaries for Lake/Pond — Jharoda Kalan, Souh West (water_body)"
BEN_AUTO_ASSET_WB_272629,ASSET_WB_272629,SCH_AMRUT,REG_DELHI,100,"Auto-estimated beneficiaries for Lake/Pond — Jharoda Kalan, Souh West (water_body)"
BEN_AUTO_ASSET_WB_272630,ASSET_WB_272630,SCH_AMRUT,REG_DELHI,100,"Auto-estimated beneficiaries for Lake/Pond — Jharoda Kalan, Souh West (water_body)"
BEN_AUTO_ASSET_WB_272631,ASSET_WB_272631,SCH_AMRUT,REG_DELHI,100,"Auto-estimated beneficiaries for Lake/Pond — Jharoda Kalan, Souh West (water_body)"
BEN_AUTO_ASSET_WB_272632,ASSET_WB_272632,SCH_AMRUT,REG_DELHI,100,"Auto-estimated beneficiaries for Lake/Pond — Jhuljhuli, Souh West (water_body)"
BEN_AUTO_ASSET_WB_272633,ASSET_WB_272633,SCH_AMRUT,REG_DELHI,100,"Auto-estimated beneficiaries for Lake/Pond — Jhuljhuli, Souh West (water_body)"
BEN_AUTO_ASSET_WB_272634,ASSET_WB_272634,SCH_AMRUT,REG_DELHI,100,"Auto-estimated beneficiaries for Lake/Pond — Jhuljhuli, Souh West (water_body)"
BEN_AUTO_ASSET_WB_272635,ASSET_WB_272635,SCH_AMRUT,REG_DELHI,100,"Auto-estimated beneficiaries for Lake/Pond — Jhuljhuli, Souh West (water_body)"
BEN_AUTO_ASSET_WB_272636,ASSET_WB_272636,SCH_AMRUT,REG_DELHI,100,"Auto-estimated beneficiaries for Lake/Pond — Kair, Souh West (water_body)"
BEN_AUTO_ASSET_WB_272637,ASSET_WB_272637,SCH_AMRUT,REG_DELHI,100,"Auto-estimated beneficiaries for Lake/Pond — Kair, Souh West (water_body)"
BEN_AUTO_ASSET_WB_272638,ASSET_WB_272638,SCH_AMRUT,REG_DELHI,100,"Auto-estimated beneficiaries for Lake/Pond — Kair, Souh West (water_body)"
BEN_AUTO_ASSET_WB_272639,ASSET_WB_272639,SCH_AMRUT,REG_DELHI,100,"Auto-estimated beneficiaries for Lake/Pond — Kair, Souh West (water_body)"
BEN_AUTO_ASSET_WB_272640,ASSET_WB_272640,SCH_AMRUT,REG_DELHI,100,"Auto-estimated beneficiaries for Lake/Pond — Kair, Souh West (water_body)"
BEN_AUTO_ASSET_WB_272641,ASSET_WB_272641,SCH_AMRUT,REG_DELHI,100,"Auto-estimated beneficiaries for Lake/Pond — Kair, Souh West (water_body)"
BEN_AUTO_ASSET_WB_272642,ASSET_WB_272642,SCH_AMRUT,REG_DELHI,100,"Auto-estimated beneficiaries for Lake/Pond — Khaira, Souh West (water_body)"
BEN_AUTO_ASSET_WB_272643,ASSET_WB_272643,SCH_AMRUT,REG_DELHI,100,"Auto-estimated beneficiaries for Lake/Pond — Khaira, Souh West (water_body)"
BEN_AUTO_ASSET_WB_272644,ASSET_WB_272644,SCH_AMRUT,REG_DELHI,100,"Auto-estimated beneficiaries for Lake/Pond — Khaira, Souh West (water_body)"
BEN_AUTO_ASSET_WB_272645,ASSET_WB_272645,SCH_AMRUT,REG_DELHI,100,"Auto-estimated beneficiaries for Lake/Pond — Kharkhari Nahar, Souh West (water_body)"
BEN_AUTO_ASSET_WB_272646,ASSET_WB_272646,SCH_AMRUT,REG_DELHI,100,"Auto-estimated beneficiaries for Lake/Pond — Kharkhari Nahar, Souh West (water_body)"
BEN_AUTO_ASSET_WB_272647,ASSET_WB_272647,SCH_AMRUT,REG_DELHI,100,"Auto-estimated beneficiaries for Lake/Pond — Kharkhari Nahar, Souh West (water_body)"
BEN_AUTO_ASSET_WB_272648,ASSET_WB_272648,SCH_AMRUT,REG_DELHI,100,"Auto-estimated beneficiaries for Lake/Pond — Khera Dabar, Souh West (water_body)"
BEN_AUTO_ASSET_WB_272649,ASSET_WB_272649,SCH_AMRUT,REG_DELHI,100,"Auto-estimated beneficiaries for Lake/Pond — Khera Dabar, Souh West (water_body)"
BEN_AUTO_ASSET_WB_272650,ASSET_WB_272650,SCH_AMRUT,REG_DELHI,100,"Auto-estimated beneficiaries for Lake/Pond — Khera Dabar, Souh West (water_body)"
BEN_AUTO_ASSET_WB_272651,ASSET_WB_272651,SCH_AMRUT,REG_DELHI,100,"Auto-estimated beneficiaries for Lake/Pond — Khera Dabar, Souh West (water_body)"
BEN_AUTO_ASSET_WB_272652,ASSET_WB_272652,SCH_AMRUT,REG_DELHI,100,"Auto-estimated beneficiaries for Lake/Pond — Malikpur Zer, Souh West (water_body)"
BEN_AUTO_ASSET_WB_272653,ASSET_WB_272653,SCH_AMRUT,REG_DELHI,100,"Auto-estimated beneficiaries for Lake/Pond — Malikpur Zer, Souh West (water_body)"
BEN_AUTO_ASSET_WB_272654,ASSET_WB_272654,SCH_AMRUT,REG_DELHI,100,"Auto-estimated beneficiaries for Lake/Pond — Malikpur Zer, Souh West (water_body)"
BEN_AUTO_ASSET_WB_272655,ASSET_WB_272655,SCH_AMRUT,REG_DELHI,100,"Auto-estimated beneficiaries for Lake/Pond — Mitraon, Souh West (water_body)"
BEN_AUTO_ASSET_WB_272656,ASSET_WB_272656,SCH_AMRUT,REG_DELHI,100,"Auto-estimated beneficiaries for Lake/Pond — Mitraon, Souh West (water_body)"
BEN_AUTO_ASSET_WB_272657,ASSET_WB_272657,SCH_AMRUT,REG_DELHI,100,"Auto-estimated beneficiaries for Lake/Pond — Mitraon, Souh West (water_body)"
BEN_AUTO_ASSET_WB_272658,ASSET_WB_272658,SCH_AMRUT,REG_DELHI,100,"Auto-estimated beneficiaries for Lake/Pond — Mitraon, Souh West (water_body)"
BEN_AUTO_ASSET_WB_272659,ASSET_WB_272659,SCH_AMRUT,REG_DELHI,100,"Auto-estimated beneficiaries for Lake/Pond — Mundela Kalan, Souh West (water_body)"
BEN_AUTO_ASSET_WB_272660,ASSET_WB_272660,SCH_AMRUT,REG_DELHI,100,"Auto-estimated beneficiaries for Lake/Pond — Mundela Kalan, Souh West (water_body)"
BEN_AUTO_ASSET_WB_272661,ASSET_WB_272661,SCH_AMRUT,REG_DELHI,100,"Auto-estimated beneficiaries for Lake/Pond — Mundela Kalan, Souh West (water_body)"
BEN_AUTO_ASSET_WB_272662,ASSET_WB_272662,SCH_AMRUT,REG_DELHI,100,"Auto-estimated beneficiaries for Lake/Pond — Mundela Kalan, Souh West (water_body)"
BEN_AUTO_ASSET_WB_272663,ASSET_WB_272663,SCH_AMRUT,REG_DELHI,100,"Auto-estimated beneficiaries for Lake/Pond — Mundela Kalan, Souh West (water_body)"
BEN_AUTO_ASSET_WB_272664,ASSET_WB_272664,SCH_AMRUT,REG_DELHI,100,"Auto-estimated beneficiaries for Lake/Pond — Mundela Khurd, Souh West (water_body)"
BEN_AUTO_ASSET_WB_272665,ASSET_WB_272665,SCH_AMRUT,REG_DELHI,100,"Auto-estimated beneficiaries for Lake/Pond — Mundela Khurd, Souh West (water_body)"
BEN_AUTO_ASSET_WB_272666,ASSET_WB_272666,SCH_AMRUT,REG_DELHI,100,"Auto-estimated beneficiaries for Lake/Pond — Mundela Khurd, Souh West (water_body)"
BEN_AUTO_ASSET_WB_272667,ASSET_WB_272667,SCH_AMRUT,REG_DELHI,100,"Auto-estimated beneficiaries for Lake/Pond — Mundela Khurd, Souh West (water_body)"
BEN_AUTO_ASSET_WB_272668,ASSET_WB_272668,SCH_AMRUT,REG_DELHI,100,"Auto-estimated beneficiaries for Lake/Pond — Najafgarh, Souh West (water_body)"
BEN_AUTO_ASSET_WB_272669,ASSET_WB_272669,SCH_AMRUT,REG_DELHI,100,"Auto-estimated beneficiaries for Other Water Body — Najafgarh, Souh West (water_body)"
BEN_AUTO_ASSET_WB_272670,ASSET_WB_272670,SCH_AMRUT,REG_DELHI,100,"Auto-estimated beneficiaries for Lake/Pond — Najafgarh, Souh West (water_body)"
BEN_AUTO_ASSET_WB_272671,ASSET_WB_272671,SCH_AMRUT,REG_DELHI,100,"Auto-estimated beneficiaries for Other Water Body — Najafgarh, Souh West (water_body)"
BEN_AUTO_ASSET_WB_272672,ASSET_WB_272672,SCH_AMRUT,REG_DELHI,100,"Auto-estimated beneficiaries for Lake/Pond — Quazi Pur, Souh West (water_body)"
BEN_AUTO_ASSET_WB_272673,ASSET_WB_272673,SCH_AMRUT,REG_DELHI,100,"Auto-estimated beneficiaries for Lake/Pond — Quazi Pur, Souh West (water_body)"
BEN_AUTO_ASSET_WB_272674,ASSET_WB_272674,SCH_AMRUT,REG_DELHI,100,"Auto-estimated beneficiaries for Other Water Body — Roshan Pura, Souh West (water_body)"
BEN_AUTO_ASSET_WB_272675,ASSET_WB_272675,SCH_AMRUT,REG_DELHI,100,"Auto-estimated beneficiaries for Lake/Pond — Samas Pur Khalsa, Souh West (water_body)"
BEN_AUTO_ASSET_WB_272676,ASSET_WB_272676,SCH_AMRUT,REG_DELHI,100,"Auto-estimated beneficiaries for Lake/Pond — Samas Pur Khalsa, Souh West (water_body)"
BEN_AUTO_ASSET_WB_272677,ASSET_WB_272677,SCH_AMRUT,REG_DELHI,100,"Auto-estimated beneficiaries for Lake/Pond — Samas Pur Khalsa, Souh West (water_body)"
BEN_AUTO_ASSET_WB_272678,ASSET_WB_272678,SCH_AMRUT,REG_DELHI,100,"Auto-estimated beneficiaries for Lake/Pond — Sarang Pur, Souh West (water_body)"
BEN_AUTO_ASSET_WB_272679,ASSET_WB_272679,SCH_AMRUT,REG_DELHI,100,"Auto-estimated beneficiaries for Lake/Pond — Surehra, Souh West (water_body)"
BEN_AUTO_ASSET_WB_272680,ASSET_WB_272680,SCH_AMRUT,REG_DELHI,100,"Auto-estimated beneficiaries for Lake/Pond — Surehra, Souh West (water_body)"
BEN_AUTO_ASSET_WB_272681,ASSET_WB_272681,SCH_AMRUT,REG_DELHI,100,"Auto-estimated beneficiaries for Lake/Pond — Surehra, Souh West (water_body)"
BEN_AUTO_ASSET_WB_272682,ASSET_WB_272682,SCH_AMRUT,REG_DELHI,100,"Auto-estimated beneficiaries for Lake/Pond — Surehra, Souh West (water_body)"
BEN_AUTO_ASSET_WB_272683,ASSET_WB_272683,SCH_AMRUT,REG_DELHI,100,"Auto-estimated beneficiaries for Lake/Pond — Surehra, Souh West (water_body)"
BEN_AUTO_ASSET_WB_272684,ASSET_WB_272684,SCH_AMRUT,REG_DELHI,100,"Auto-estimated beneficiaries for Lake/Pond — Ujwa, Souh West (water_body)"
BEN_AUTO_ASSET_WB_272685,ASSET_WB_272685,SCH_AMRUT,REG_DELHI,100,"Auto-estimated beneficiaries for Lake/Pond — Ujwa, Souh West (water_body)"
BEN_AUTO_ASSET_WB_272686,ASSET_WB_272686,SCH_AMRUT,REG_DELHI,100,"Auto-estimated beneficiaries for Lake/Pond — Ujwa, Souh West (water_body)"
BEN_AUTO_ASSET_WB_272687,ASSET_WB_272687,SCH_AMRUT,REG_DELHI,100,"Auto-estimated beneficiaries for Lake/Pond — Ujwa, Souh West (water_body)"
BEN_AUTO_ASSET_WB_272688,ASSET_WB_272688,SCH_AMRUT,REG_DELHI,100,"Auto-estimated beneficiaries for Lake/Pond — Ujwa, Souh West (water_body)"
BEN_AUTO_ASSET_WB_272689,ASSET_WB_272689,SCH_AMRUT,REG_DELHI,100,"Auto-estimated beneficiaries for Lake/Pond — Ujwa, Souh West (water_body)"
BEN_AUTO_ASSET_WB_272690,ASSET_WB_272690,SCH_AMRUT,REG_DELHI,100,"Auto-estimated beneficiaries for Lake/Pond — Ujwa, Souh West (water_body)"
BEN_AUTO_ASSET_WB_272691,ASSET_WB_272691,SCH_AMRUT,REG_DELHI,100,"Auto-estimated beneficiaries for Lake/Pond — Ujwa, Souh West (water_body)"
BEN_AUTO_ASSET_WB_272692,ASSET_WB_272692,SCH_AMRUT,REG_DELHI,100,"Auto-estimated beneficiaries for Lake/Pond — Ujwa, Souh West (water_body)"
BEN_AUTO_ASSET_WB_272693,ASSET_WB_272693,SCH_AMRUT,REG_DELHI,100,"Auto-estimated beneficiaries for Other Water Body — Adhi Chini, South (water_body)"
BEN_AUTO_ASSET_WB_272694,ASSET_WB_272694,SCH_AMRUT,REG_DELHI,100,"Auto-estimated beneficiaries for Other Water Body — Begumpur, South (water_body)"
BEN_AUTO_ASSET_WB_272695,ASSET_WB_272695,SCH_AMRUT,REG_DELHI,100,"Auto-estimated beneficiaries for Other Water Body — Chirag Delhi, South (water_body)"
BEN_AUTO_ASSET_WB_272696,ASSET_WB_272696,SCH_AMRUT,REG_DELHI,100,"Auto-estimated beneficiaries for Other Water Body — Chirag Delhi, South (water_body)"
BEN_AUTO_ASSET_WB_272697,ASSET_WB_272697,SCH_AMRUT,REG_DELHI,100,"Auto-estimated beneficiaries for Other Water Body — Hauz Khas, South (water_body)"
BEN_AUTO_ASSET_WB_272698,ASSET_WB_272698,SCH_AMRUT,REG_DELHI,100,"Auto-estimated beneficiaries for Other Water Body — Hauz Khas, South (water_body)"
BEN_AUTO_ASSET_WB_272699,ASSET_WB_272699,SCH_AMRUT,REG_DELHI,100,"Auto-estimated beneficiaries for Lake/Pond — Hauz Khas, South (water_body)"
BEN_AUTO_ASSET_WB_272700,ASSET_WB_272700,SCH_AMRUT,REG_DELHI,100,"Auto-estimated beneficiaries for Other Water Body — Hauz Rani, South (water_body)"
BEN_AUTO_ASSET_WB_272701,ASSET_WB_272701,SCH_AMRUT,REG_DELHI,100,"Auto-estimated beneficiaries for Other Water Body — Humayunpur, South (water_body)"
BEN_AUTO_ASSET_WB_272702,ASSET_WB_272702,SCH_AMRUT,REG_DELHI,100,"Auto-estimated beneficiaries for Other Water Body — Jamrood Pur, South (water_body)"
BEN_AUTO_ASSET_WB_272703,ASSET_WB_272703,SCH_AMRUT,REG_DELHI,100,"Auto-estimated beneficiaries for Other Water Body — Kalu Sarai, South (water_body)"
BEN_AUTO_ASSET_WB_272704,ASSET_WB_272704,SCH_AMRUT,REG_DELHI,100,"Auto-estimated beneficiaries for Other Water Body — Khirki, South (water_body)"
BEN_AUTO_ASSET_WB_272705,ASSET_WB_272705,SCH_AMRUT,REG_DELHI,100,"Auto-estimated beneficiaries for Other Water Body — Khirki, South (water_body)"
BEN_AUTO_ASSET_WB_272706,ASSET_WB_272706,SCH_AMRUT,REG_DELHI,100,"Auto-estimated beneficiaries for Other Water Body — Khirki, South (water_body)"
BEN_AUTO_ASSET_WB_272707,ASSET_WB_272707,SCH_AMRUT,REG_DELHI,100,"Auto-estimated beneficiaries for Other Water Body — Khirki, South (water_body)"
BEN_AUTO_ASSET_WB_272708,ASSET_WB_272708,SCH_AMRUT,REG_DELHI,100,"Auto-estimated beneficiaries for Other Water Body — Masjid Moth, South (water_body)"
BEN_AUTO_ASSET_WB_272709,ASSET_WB_272709,SCH_AMRUT,REG_DELHI,100,"Auto-estimated beneficiaries for Other Water Body — Masjid Moth, South (water_body)"
BEN_AUTO_ASSET_WB_272710,ASSET_WB_272710,SCH_AMRUT,REG_DELHI,100,"Auto-estimated beneficiaries for Other Water Body — Sarai Sahi, South (water_body)"
BEN_AUTO_ASSET_WB_272711,ASSET_WB_272711,SCH_AMRUT,REG_DELHI,100,"Auto-estimated beneficiaries for Other Water Body — Shahpur Jat, South (water_body)"
BEN_AUTO_ASSET_WB_272712,ASSET_WB_272712,SCH_AMRUT,REG_DELHI,100,"Auto-estimated beneficiaries for Other Water Body — Shahpur Jat, South (water_body)"
BEN_AUTO_ASSET_WB_272713,ASSET_WB_272713,SCH_AMRUT,REG_DELHI,100,"Auto-estimated beneficiaries for Other Water Body — Shekh Sarai, South (water_body)"
BEN_AUTO_ASSET_WB_272714,ASSET_WB_272714,SCH_AMRUT,REG_DELHI,100,"Auto-estimated beneficiaries for Other Water Body — Shekh Sarai, South (water_body)"
BEN_AUTO_ASSET_WB_272715,ASSET_WB_272715,SCH_AMRUT,REG_DELHI,100,"Auto-estimated beneficiaries for Other Water Body — Tut Sarai, South (water_body)"
BEN_AUTO_ASSET_WB_272716,ASSET_WB_272716,SCH_AMRUT,REG_DELHI,100,"Auto-estimated beneficiaries for Other Water Body — Yusuf Sarai, South (water_body)"
BEN_AUTO_ASSET_WB_272717,ASSET_WB_272717,SCH_AMRUT,REG_DELHI,100,"Auto-estimated beneficiaries for Lake/Pond — Aya Nagar, South (water_body)"
BEN_AUTO_ASSET_WB_272718,ASSET_WB_272718,SCH_AMRUT,REG_DELHI,100,"Auto-estimated beneficiaries for Lake/Pond — Aya Nagar, South (water_body)"
BEN_AUTO_ASSET_WB_272719,ASSET_WB_272719,SCH_AMRUT,REG_DELHI,100,"Auto-estimated beneficiaries for Other Water Body — Aya Nagar, South (water_body)"
BEN_AUTO_ASSET_WB_272720,ASSET_WB_272720,SCH_AMRUT,REG_DELHI,100,"Auto-estimated beneficiaries for Other Water Body — Ber Sarai, South (water_body)"
BEN_AUTO_ASSET_WB_272721,ASSET_WB_272721,SCH_AMRUT,REG_DELHI,100,"Auto-estimated beneficiaries for Lake/Pond — Chandan Hulla, South (water_body)"
BEN_AUTO_ASSET_WB_272722,ASSET_WB_272722,SCH_AMRUT,REG_DELHI,100,"Auto-estimated beneficiaries for Lake/Pond — Dera Mandi, South (water_body)"
BEN_AUTO_ASSET_WB_272723,ASSET_WB_272723,SCH_AMRUT,REG_DELHI,100,"Auto-estimated beneficiaries for Lake/Pond — Dera Mandi, South (water_body)"
BEN_AUTO_ASSET_WB_272724,ASSET_WB_272724,SCH_AMRUT,REG_DELHI,100,"Auto-estimated beneficiaries for Other Water Body — Fatherpur Beri, South (water_body)"
BEN_AUTO_ASSET_WB_272725,ASSET_WB_272725,SCH_AMRUT,REG_DELHI,100,"Auto-estimated beneficiaries for Lake/Pond — Fatherpur Beri, South (water_body)"
BEN_AUTO_ASSET_WB_272726,ASSET_WB_272726,SCH_AMRUT,REG_DELHI,100,"Auto-estimated beneficiaries for Lake/Pond — Fatherpur Beri, South (water_body)"
BEN_AUTO_ASSET_WB_272727,ASSET_WB_272727,SCH_AMRUT,REG_DELHI,100,"Auto-estimated beneficiaries for Other Water Body — Gadai Pur, South (water_body)"
BEN_AUTO_ASSET_WB_272728,ASSET_WB_272728,SCH_AMRUT,REG_DELHI,100,"Auto-estimated beneficiaries for Lake/Pond — Gadai Pur, South (water_body)"
BEN_AUTO_ASSET_WB_272729,ASSET_WB_272729,SCH_AMRUT,REG_DELHI,100,"Auto-estimated beneficiaries for Other Water Body — Jia Sarai, South (water_body)"
BEN_AUTO_ASSET_WB_272730,ASSET_WB_272730,SCH_AMRUT,REG_DELHI,100,"Auto-estimated beneficiaries for Lake/Pond — Jona Pur, South (water_body)"
BEN_AUTO_ASSET_WB_272731,ASSET_WB_272731,SCH_AMRUT,REG_DELHI,100,"Auto-estimated beneficiaries for Other Water Body — Jona Pur, South (water_body)"
BEN_AUTO_ASSET_WB_272732,ASSET_WB_272732,SCH_AMRUT,REG_DELHI,100,"Auto-estimated beneficiaries for Other Water Body — Jona Pur, South (water_body)"
BEN_AUTO_ASSET_WB_272733,ASSET_WB_272733,SCH_AMRUT,REG_DELHI,100,"Auto-estimated beneficiaries for Lake/Pond — Katwaria Sarai, South (water_body)"
BEN_AUTO_ASSET_WB_272734,ASSET_WB_272734,SCH_AMRUT,REG_DELHI,100,"Auto-estimated beneficiaries for Other Water Body — Katwaria Sarai, South (water_body)"
BEN_AUTO_ASSET_WB_272735,ASSET_WB_272735,SCH_AMRUT,REG_DELHI,100,"Auto-estimated beneficiaries for Lake/Pond — Mehrauli, South (water_body)"
BEN_AUTO_ASSET_WB_272736,ASSET_WB_272736,SCH_AMRUT,REG_DELHI,100,"Auto-estimated beneficiaries for Other Water Body — Mehrauli, South (water_body)"
BEN_AUTO_ASSET_WB_272737,ASSET_WB_272737,SCH_AMRUT,REG_DELHI,100,"Auto-estimated beneficiaries for Tank — Mehrauli, South (water_body)"
BEN_AUTO_ASSET_WB_272738,ASSET_WB_272738,SCH_AMRUT,REG_DELHI,100,"Auto-estimated beneficiaries for Lake/Pond — Mehrauli, South (water_body)"
BEN_AUTO_ASSET_WB_272739,ASSET_WB_272739,SCH_AMRUT,REG_DELHI,100,"Auto-estimated beneficiaries for Other Water Body — Mehrauli, South (water_body)"
BEN_AUTO_ASSET_WB_272740,ASSET_WB_272740,SCH_AMRUT,REG_DELHI,100,"Auto-estimated beneficiaries for Lake/Pond — Mehrauli, South (water_body)"
BEN_AUTO_ASSET_WB_272741,ASSET_WB_272741,SCH_AMRUT,REG_DELHI,100,"Auto-estimated beneficiaries for Lake/Pond — Mehrauli, South (water_body)"
BEN_AUTO_ASSET_WB_272742,ASSET_WB_272742,SCH_AMRUT,REG_DELHI,100,"Auto-estimated beneficiaries for Other Water Body — Mehrauli, South (water_body)"
BEN_AUTO_ASSET_WB_272743,ASSET_WB_272743,SCH_AMRUT,REG_DELHI,100,"Auto-estimated beneficiaries for Lake/Pond — Mehrauli, South (water_body)"
BEN_AUTO_ASSET_WB_272744,ASSET_WB_272744,SCH_AMRUT,REG_DELHI,100,"Auto-estimated beneficiaries for Lake/Pond — Mehrauli, South (water_body)"
BEN_AUTO_ASSET_WB_272745,ASSET_WB_272745,SCH_AMRUT,REG_DELHI,100,"Auto-estimated beneficiaries for Lake/Pond — Mehrauli, South (water_body)"
BEN_AUTO_ASSET_WB_272746,ASSET_WB_272746,SCH_AMRUT,REG_DELHI,100,"Auto-estimated beneficiaries for Lake/Pond — Mehrauli, South (water_body)"
BEN_AUTO_ASSET_WB_272747,ASSET_WB_272747,SCH_AMRUT,REG_DELHI,100,"Auto-estimated beneficiaries for Lake/Pond — Mehrauli, South (water_body)"
BEN_AUTO_ASSET_WB_272748,ASSET_WB_272748,SCH_AMRUT,REG_DELHI,100,"Auto-estimated beneficiaries for Lake/Pond — Mehrauli, South (water_body)"
BEN_AUTO_ASSET_WB_272749,ASSET_WB_272749,SCH_AMRUT,REG_DELHI,100,"Auto-estimated beneficiaries for Lake/Pond — Mehrauli, South (water_body)"
BEN_AUTO_ASSET_WB_272750,ASSET_WB_272750,SCH_AMRUT,REG_DELHI,100,"Auto-estimated beneficiaries for Lake/Pond — Mehrauli, South (water_body)"
BEN_AUTO_ASSET_WB_272751,ASSET_WB_272751,SCH_AMRUT,REG_DELHI,100,"Auto-estimated beneficiaries for Lake/Pond — Mehrauli, South (water_body)"
BEN_AUTO_ASSET_WB_272752,ASSET_WB_272752,SCH_AMRUT,REG_DELHI,100,"Auto-estimated beneficiaries for Other Water Body — Mehrauli, South (water_body)"
BEN_AUTO_ASSET_WB_272753,ASSET_WB_272753,SCH_AMRUT,REG_DELHI,100,"Auto-estimated beneficiaries for Lake/Pond — Mehrauli, South (water_body)"
BEN_AUTO_ASSET_WB_272754,ASSET_WB_272754,SCH_AMRUT,REG_DELHI,100,"Auto-estimated beneficiaries for Lake/Pond — Mehrauli, South (water_body)"
BEN_AUTO_ASSET_WB_272755,ASSET_WB_272755,SCH_AMRUT,REG_DELHI,100,"Auto-estimated beneficiaries for Lake/Pond — Mehrauli, South (water_body)"
BEN_AUTO_ASSET_WB_272756,ASSET_WB_272756,SCH_AMRUT,REG_DELHI,100,"Auto-estimated beneficiaries for Lake/Pond — Mehrauli, South (water_body)"
BEN_AUTO_ASSET_WB_272757,ASSET_WB_272757,SCH_AMRUT,REG_DELHI,100,"Auto-estimated beneficiaries for Lake/Pond — Mehrauli, South (water_body)"
BEN_AUTO_ASSET_WB_272758,ASSET_WB_272758,SCH_AMRUT,REG_DELHI,100,"Auto-estimated beneficiaries for Lake/Pond — Mehrauli, South (water_body)"
BEN_AUTO_ASSET_WB_272759,ASSET_WB_272759,SCH_AMRUT,REG_DELHI,100,"Auto-estimated beneficiaries for Other Water Body — Sultanpur, South (water_body)"
BEN_AUTO_ASSET_WB_272760,ASSET_WB_272760,SCH_AMRUT,REG_DELHI,100,"Auto-estimated beneficiaries for Other Water Body — Sultanpur, South (water_body)"
BEN_AUTO_ASSET_WB_272761,ASSET_WB_272761,SCH_AMRUT,REG_DELHI,100,"Auto-estimated beneficiaries for Other Water Body — Sultanpur, South (water_body)"
BEN_AUTO_ASSET_WB_272762,ASSET_WB_272762,SCH_AMRUT,REG_DELHI,100,"Auto-estimated beneficiaries for Lake/Pond — Asola, South (water_body)"
BEN_AUTO_ASSET_WB_272763,ASSET_WB_272763,SCH_AMRUT,REG_DELHI,100,"Auto-estimated beneficiaries for Lake/Pond — Asola, South (water_body)"
BEN_AUTO_ASSET_WB_272764,ASSET_WB_272764,SCH_AMRUT,REG_DELHI,100,"Auto-estimated beneficiaries for Lake/Pond — Asola, South (water_body)"
BEN_AUTO_ASSET_WB_272765,ASSET_WB_272765,SCH_AMRUT,REG_DELHI,100,"Auto-estimated beneficiaries for Other Water Body — Asola, South (water_body)"
BEN_AUTO_ASSET_WB_272766,ASSET_WB_272766,SCH_AMRUT,REG_DELHI,100,"Auto-estimated beneficiaries for Other Water Body — Asola, South (water_body)"
BEN_AUTO_ASSET_WB_272767,ASSET_WB_272767,SCH_AMRUT,REG_DELHI,100,"Auto-estimated beneficiaries for Other Water Body — Asola, South (water_body)"
BEN_AUTO_ASSET_WB_272768,ASSET_WB_272768,SCH_AMRUT,REG_DELHI,100,"Auto-estimated beneficiaries for Lake/Pond — Asola, South (water_body)"
BEN_AUTO_ASSET_WB_272769,ASSET_WB_272769,SCH_AMRUT,REG_DELHI,100,"Auto-estimated beneficiaries for Lake/Pond — Asola, South (water_body)"
BEN_AUTO_ASSET_WB_272770,ASSET_WB_272770,SCH_AMRUT,REG_DELHI,100,"Auto-estimated beneficiaries for Lake/Pond — Bhati, South (water_body)"
BEN_AUTO_ASSET_WB_272771,ASSET_WB_272771,SCH_AMRUT,REG_DELHI,100,"Auto-estimated beneficiaries for Lake/Pond — Bhati, South (water_body)"
BEN_AUTO_ASSET_WB_272772,ASSET_WB_272772,SCH_AMRUT,REG_DELHI,100,"Auto-estimated beneficiaries for Lake/Pond — Bhati, South (water_body)"
BEN_AUTO_ASSET_WB_272773,ASSET_WB_272773,SCH_AMRUT,REG_DELHI,100,"Auto-estimated beneficiaries for Other Water Body — Chattarpur, South (water_body)"
BEN_AUTO_ASSET_WB_272774,ASSET_WB_272774,SCH_AMRUT,REG_DELHI,100,"Auto-estimated beneficiaries for Other Water Body — Devli, South (water_body)"
BEN_AUTO_ASSET_WB_272775,ASSET_WB_272775,SCH_AMRUT,REG_DELHI,100,"Auto-estimated beneficiaries for Other Water Body — Devli, South (water_body)"
BEN_AUTO_ASSET_WB_272776,ASSET_WB_272776,SCH_AMRUT,REG_DELHI,100,"Auto-estimated beneficiaries for Other Water Body — Devli, South (water_body)"
BEN_AUTO_ASSET_WB_272777,ASSET_WB_272777,SCH_AMRUT,REG_DELHI,100,"Auto-estimated beneficiaries for Other Water Body — Devli, South (water_body)"
BEN_AUTO_ASSET_WB_272778,ASSET_WB_272778,SCH_AMRUT,REG_DELHI,100,"Auto-estimated beneficiaries for Other Water Body — Devli, South (water_body)"
BEN_AUTO_ASSET_WB_272779,ASSET_WB_272779,SCH_AMRUT,REG_DELHI,100,"Auto-estimated beneficiaries for Other Water Body — Devli, South (water_body)"
BEN_AUTO_ASSET_WB_272780,ASSET_WB_272780,SCH_AMRUT,REG_DELHI,100,"Auto-estimated beneficiaries for Other Water Body — Ladha Sarai, South (water_body)"
BEN_AUTO_ASSET_WB_272781,ASSET_WB_272781,SCH_AMRUT,REG_DELHI,100,"Auto-estimated beneficiaries for Other Water Body — Lado Sarai, South (water_body)"
BEN_AUTO_ASSET_WB_272782,ASSET_WB_272782,SCH_AMRUT,REG_DELHI,100,"Auto-estimated beneficiaries for Lake/Pond — Lado Sarai, South (water_body)"
BEN_AUTO_ASSET_WB_272783,ASSET_WB_272783,SCH_AMRUT,REG_DELHI,100,"Auto-estimated beneficiaries for Other Water Body — Lado Sarai, South (water_body)"
BEN_AUTO_ASSET_WB_272784,ASSET_WB_272784,SCH_AMRUT,REG_DELHI,100,"Auto-estimated beneficiaries for Other Water Body — Maidan Garhi, South (water_body)"
BEN_AUTO_ASSET_WB_272785,ASSET_WB_272785,SCH_AMRUT,REG_DELHI,100,"Auto-estimated beneficiaries for Other Water Body — Maidan Garhi, South (water_body)"
BEN_AUTO_ASSET_WB_272786,ASSET_WB_272786,SCH_AMRUT,REG_DELHI,100,"Auto-estimated beneficiaries for Lake/Pond — Maidan Garhi, South (water_body)"
BEN_AUTO_ASSET_WB_272787,ASSET_WB_272787,SCH_AMRUT,REG_DELHI,100,"Auto-estimated beneficiaries for Other Water Body — Maidan Garhi, South (water_body)"
BEN_AUTO_ASSET_WB_272788,ASSET_WB_272788,SCH_AMRUT,REG_DELHI,100,"Auto-estimated beneficiaries for Lake/Pond — Neb Sarai, South (water_body)"
BEN_AUTO_ASSET_WB_272789,ASSET_WB_272789,SCH_AMRUT,REG_DELHI,100,"Auto-estimated beneficiaries for Other Water Body — Neb Sarai, South (water_body)"
BEN_AUTO_ASSET_WB_272790,ASSET_WB_272790,SCH_AMRUT,REG_DELHI,100,"Auto-estimated beneficiaries for Other Water Body — Neb Sarai, South (water_body)"
BEN_AUTO_ASSET_WB_272791,ASSET_WB_272791,SCH_AMRUT,REG_DELHI,100,"Auto-estimated beneficiaries for Other Water Body — Neb Sarai, South (water_body)"
BEN_AUTO_ASSET_WB_272792,ASSET_WB_272792,SCH_AMRUT,REG_DELHI,100,"Auto-estimated beneficiaries for Other Water Body — Rajpur Khurd, South (water_body)"
BEN_AUTO_ASSET_WB_272793,ASSET_WB_272793,SCH_AMRUT,REG_DELHI,100,"Auto-estimated beneficiaries for Other Water Body — Sadulajab, South (water_body)"
BEN_AUTO_ASSET_WB_272794,ASSET_WB_272794,SCH_AMRUT,REG_DELHI,100,"Auto-estimated beneficiaries for Other Water Body — Sahur Pur, South (water_body)"
BEN_AUTO_ASSET_WB_272795,ASSET_WB_272795,SCH_AMRUT,REG_DELHI,100,"Auto-estimated beneficiaries for Other Water Body — Sahur Pur, South (water_body)"
BEN_AUTO_ASSET_WB_272796,ASSET_WB_272796,SCH_AMRUT,REG_DELHI,100,"Auto-estimated beneficiaries for Other Water Body — Sat Bari, South (water_body)"
BEN_AUTO_ASSET_WB_272797,ASSET_WB_272797,SCH_AMRUT,REG_DELHI,100,"Auto-estimated beneficiaries for Lake/Pond — Sat Bari, South (water_body)"
BEN_AUTO_ASSET_WB_272798,ASSET_WB_272798,SCH_AMRUT,REG_DELHI,100,"Auto-estimated beneficiaries for Other Water Body — Tigri, South (water_body)"
BEN_AUTO_ASSET_WB_272799,ASSET_WB_272799,SCH_AMRUT,REG_DELHI,100,"Auto-estimated beneficiaries for Other Water Body — Basai Darapur, West (water_body)"
BEN_AUTO_ASSET_WB_272800,ASSET_WB_272800,SCH_AMRUT,REG_DELHI,100,"Auto-estimated beneficiaries for Other Water Body — Budhela, West (water_body)"
BEN_AUTO_ASSET_WB_272801,ASSET_WB_272801,SCH_AMRUT,REG_DELHI,100,"Auto-estimated beneficiaries for Other Water Body — Budhela, West (water_body)"
BEN_AUTO_ASSET_WB_272802,ASSET_WB_272802,SCH_AMRUT,REG_DELHI,100,"Auto-estimated beneficiaries for Other Water Body — Budhela, West (water_body)"
BEN_AUTO_ASSET_WB_272803,ASSET_WB_272803,SCH_AMRUT,REG_DELHI,100,"Auto-estimated beneficiaries for Other Water Body — Budhela, West (water_body)"
BEN_AUTO_ASSET_WB_272804,ASSET_WB_272804,SCH_AMRUT,REG_DELHI,100,"Auto-estimated beneficiaries for Lake/Pond — Hastsal, West (water_body)"
BEN_AUTO_ASSET_WB_272805,ASSET_WB_272805,SCH_AMRUT,REG_DELHI,100,"Auto-estimated beneficiaries for Lake/Pond — Hastsal, West (water_body)"
BEN_AUTO_ASSET_WB_272806,ASSET_WB_272806,SCH_AMRUT,REG_DELHI,100,"Auto-estimated beneficiaries for Other Water Body — Keso Pur, West (water_body)"
BEN_AUTO_ASSET_WB_272807,ASSET_WB_272807,SCH_AMRUT,REG_DELHI,100,"Auto-estimated beneficiaries for Other Water Body — Keso Pur, West (water_body)"
BEN_AUTO_ASSET_WB_272808,ASSET_WB_272808,SCH_AMRUT,REG_DELHI,100,"Auto-estimated beneficiaries for Other Water Body — Keso Pur, West (water_body)"
BEN_AUTO_ASSET_WB_272809,ASSET_WB_272809,SCH_AMRUT,REG_DELHI,100,"Auto-estimated beneficiaries for Other Water Body — Khayala, West (water_body)"
BEN_AUTO_ASSET_WB_272810,ASSET_WB_272810,SCH_AMRUT,REG_DELHI,100,"Auto-estimated beneficiaries for Other Water Body — Khayala, West (water_body)"
BEN_AUTO_ASSET_WB_272811,ASSET_WB_272811,SCH_AMRUT,REG_DELHI,100,"Auto-estimated beneficiaries for Other Water Body — Khayala, West (water_body)"
BEN_AUTO_ASSET_WB_272812,ASSET_WB_272812,SCH_AMRUT,REG_DELHI,100,"Auto-estimated beneficiaries for Lake/Pond — Matiala, West (water_body)"
BEN_AUTO_ASSET_WB_272813,ASSET_WB_272813,SCH_AMRUT,REG_DELHI,100,"Auto-estimated beneficiaries for Other Water Body — Matiala, West (water_body)"
BEN_AUTO_ASSET_WB_272814,ASSET_WB_272814,SCH_AMRUT,REG_DELHI,100,"Auto-estimated beneficiaries for Other Water Body — Matiala, West (water_body)"
BEN_AUTO_ASSET_WB_272815,ASSET_WB_272815,SCH_AMRUT,REG_DELHI,100,"Auto-estimated beneficiaries for Other Water Body — Matiala, West (water_body)"
BEN_AUTO_ASSET_WB_272816,ASSET_WB_272816,SCH_AMRUT,REG_DELHI,100,"Auto-estimated beneficiaries for Other Water Body — Matiala, West (water_body)"
BEN_AUTO_ASSET_WB_272817,ASSET_WB_272817,SCH_AMRUT,REG_DELHI,100,"Auto-estimated beneficiaries for Other Water Body — Posangi Pur, West (water_body)"
BEN_AUTO_ASSET_WB_272818,ASSET_WB_272818,SCH_AMRUT,REG_DELHI,100,"Auto-estimated beneficiaries for Lake/Pond — Bakar Wala, West (water_body)"
BEN_AUTO_ASSET_WB_272819,ASSET_WB_272819,SCH_AMRUT,REG_DELHI,100,"Auto-estimated beneficiaries for Lake/Pond — Bakar Wala, West (water_body)"
BEN_AUTO_ASSET_WB_272820,ASSET_WB_272820,SCH_AMRUT,REG_DELHI,100,"Auto-estimated beneficiaries for River/Stream — Bakar Wala, West (water_body)"
BEN_AUTO_ASSET_WB_272821,ASSET_WB_272821,SCH_AMRUT,REG_DELHI,100,"Auto-estimated beneficiaries for Lake/Pond — Bakar Wala, West (water_body)"
BEN_AUTO_ASSET_WB_272822,ASSET_WB_272822,SCH_AMRUT,REG_DELHI,100,"Auto-estimated beneficiaries for Lake/Pond — Bakar Wala, West (water_body)"
BEN_AUTO_ASSET_WB_272823,ASSET_WB_272823,SCH_AMRUT,REG_DELHI,100,"Auto-estimated beneficiaries for Lake/Pond — Bakar Wala, West (water_body)"
BEN_AUTO_ASSET_WB_272824,ASSET_WB_272824,SCH_AMRUT,REG_DELHI,100,"Auto-estimated beneficiaries for Lake/Pond — Baprola, West (water_body)"
BEN_AUTO_ASSET_WB_272825,ASSET_WB_272825,SCH_AMRUT,REG_DELHI,100,"Auto-estimated beneficiaries for Lake/Pond — Baprola, West (water_body)"
BEN_AUTO_ASSET_WB_272826,ASSET_WB_272826,SCH_AMRUT,REG_DELHI,100,"Auto-estimated beneficiaries for Lake/Pond — Baprola, West (water_body)"
BEN_AUTO_ASSET_WB_272827,ASSET_WB_272827,SCH_AMRUT,REG_DELHI,100,"Auto-estimated beneficiaries for Lake/Pond — Baprola, West (water_body)"
BEN_AUTO_ASSET_WB_272828,ASSET_WB_272828,SCH_AMRUT,REG_DELHI,100,"Auto-estimated beneficiaries for Tank — Baprola, West (water_body)"
BEN_AUTO_ASSET_WB_272829,ASSET_WB_272829,SCH_AMRUT,REG_DELHI,100,"Auto-estimated beneficiaries for Lake/Pond — Hiran Kudna, West (water_body)"
BEN_AUTO_ASSET_WB_272830,ASSET_WB_272830,SCH_AMRUT,REG_DELHI,100,"Auto-estimated beneficiaries for Lake/Pond — Hiran Kudna, West (water_body)"
BEN_AUTO_ASSET_WB_272831,ASSET_WB_272831,SCH_AMRUT,REG_DELHI,100,"Auto-estimated beneficiaries for Lake/Pond — Hiran Kudna, West (water_body)"
BEN_AUTO_ASSET_WB_272832,ASSET_WB_272832,SCH_AMRUT,REG_DELHI,100,"Auto-estimated beneficiaries for Lake/Pond — Hiran Kudna, West (water_body)"
BEN_AUTO_ASSET_WB_272833,ASSET_WB_272833,SCH_AMRUT,REG_DELHI,100,"Auto-estimated beneficiaries for Lake/Pond — Hiran Kudna, West (water_body)"
BEN_AUTO_ASSET_WB_272834,ASSET_WB_272834,SCH_AMRUT,REG_DELHI,100,"Auto-estimated beneficiaries for Lake/Pond — Hiran Kudna, West (water_body)"
BEN_AUTO_ASSET_WB_272835,ASSET_WB_272835,SCH_AMRUT,REG_DELHI,100,"Auto-estimated beneficiaries for Lake/Pond — Hiran Kudna, West (water_body)"
BEN_AUTO_ASSET_WB_272836,ASSET_WB_272836,SCH_AMRUT,REG_DELHI,100,"Auto-estimated beneficiaries for Lake/Pond — Kamruddin Nagar, West (water_body)"
BEN_AUTO_ASSET_WB_272837,ASSET_WB_272837,SCH_AMRUT,REG_DELHI,100,"Auto-estimated beneficiaries for Lake/Pond — Madi Pur, West (water_body)"
BEN_AUTO_ASSET_WB_272838,ASSET_WB_272838,SCH_AMRUT,REG_DELHI,100,"Auto-estimated beneficiaries for Reservoir — Madi Pur, West (water_body)"
BEN_AUTO_ASSET_WB_272839,ASSET_WB_272839,SCH_AMRUT,REG_DELHI,100,"Auto-estimated beneficiaries for Reservoir — Madi Pur, West (water_body)"
BEN_AUTO_ASSET_WB_272840,ASSET_WB_272840,SCH_AMRUT,REG_DELHI,100,"Auto-estimated beneficiaries for Lake/Pond — Madi Pur, West (water_body)"
BEN_AUTO_ASSET_WB_272841,ASSET_WB_272841,SCH_AMRUT,REG_DELHI,100,"Auto-estimated beneficiaries for Lake/Pond — Mundka, West (water_body)"
BEN_AUTO_ASSET_WB_272842,ASSET_WB_272842,SCH_AMRUT,REG_DELHI,100,"Auto-estimated beneficiaries for Other Water Body — Mundka, West (water_body)"
BEN_AUTO_ASSET_WB_272843,ASSET_WB_272843,SCH_AMRUT,REG_DELHI,100,"Auto-estimated beneficiaries for Lake/Pond — Mundka, West (water_body)"
BEN_AUTO_ASSET_WB_272844,ASSET_WB_272844,SCH_AMRUT,REG_DELHI,100,"Auto-estimated beneficiaries for Lake/Pond — Mundka, West (water_body)"
BEN_AUTO_ASSET_WB_272845,ASSET_WB_272845,SCH_AMRUT,REG_DELHI,100,"Auto-estimated beneficiaries for Lake/Pond — Mundka, West (water_body)"
BEN_AUTO_ASSET_WB_272846,ASSET_WB_272846,SCH_AMRUT,REG_DELHI,100,"Auto-estimated beneficiaries for Lake/Pond — Mundka, West (water_body)"
BEN_AUTO_ASSET_WB_272847,ASSET_WB_272847,SCH_AMRUT,REG_DELHI,100,"Auto-estimated beneficiaries for Other Water Body — Mundka, West (water_body)"
BEN_AUTO_ASSET_WB_272848,ASSET_WB_272848,SCH_AMRUT,REG_DELHI,100,"Auto-estimated beneficiaries for Lake/Pond — Nangloi Jat, West (water_body)"
BEN_AUTO_ASSET_WB_272849,ASSET_WB_272849,SCH_AMRUT,REG_DELHI,100,"Auto-estimated beneficiaries for Lake/Pond — Nangloi Jat, West (water_body)"
BEN_AUTO_ASSET_WB_272850,ASSET_WB_272850,SCH_AMRUT,REG_DELHI,100,"Auto-estimated beneficiaries for Lake/Pond — Nangloi Jat, West (water_body)"
BEN_AUTO_ASSET_WB_272851,ASSET_WB_272851,SCH_AMRUT,REG_DELHI,100,"Auto-estimated beneficiaries for Lake/Pond — Nangloi Sayed, West (water_body)"
BEN_AUTO_ASSET_WB_272852,ASSET_WB_272852,SCH_AMRUT,REG_DELHI,100,"Auto-estimated beneficiaries for Lake/Pond — Neelwal, West (water_body)"
BEN_AUTO_ASSET_WB_272853,ASSET_WB_272853,SCH_AMRUT,REG_DELHI,100,"Auto-estimated beneficiaries for Lake/Pond — Neelwal, West (water_body)"
BEN_AUTO_ASSET_WB_272854,ASSET_WB_272854,SCH_AMRUT,REG_DELHI,100,"Auto-estimated beneficiaries for Other Water Body — Neelwal, West (water_body)"
BEN_AUTO_ASSET_WB_272855,ASSET_WB_272855,SCH_AMRUT,REG_DELHI,100,"Auto-estimated beneficiaries for Lake/Pond — Nilothi, West (water_body)"
BEN_AUTO_ASSET_WB_272856,ASSET_WB_272856,SCH_AMRUT,REG_DELHI,100,"Auto-estimated beneficiaries for Other Water Body — Peera Garhi, West (water_body)"
BEN_AUTO_ASSET_WB_272857,ASSET_WB_272857,SCH_AMRUT,REG_DELHI,100,"Auto-estimated beneficiaries for Reservoir — Peera Garhi, West (water_body)"
BEN_AUTO_ASSET_WB_272858,ASSET_WB_272858,SCH_AMRUT,REG_DELHI,100,"Auto-estimated beneficiaries for Other Water Body — Peera Garhi, West (water_body)"
BEN_AUTO_ASSET_WB_272859,ASSET_WB_272859,SCH_AMRUT,REG_DELHI,100,"Auto-estimated beneficiaries for Lake/Pond — Shafipur Ranhola, West (water_body)"
BEN_AUTO_ASSET_WB_272860,ASSET_WB_272860,SCH_AMRUT,REG_DELHI,100,"Auto-estimated beneficiaries for Lake/Pond — Shafipur Ranhola, West (water_body)"
BEN_AUTO_ASSET_WB_272861,ASSET_WB_272861,SCH_AMRUT,REG_DELHI,100,"Auto-estimated beneficiaries for Lake/Pond — Shafipur Ranhola, West (water_body)"
BEN_AUTO_ASSET_WB_272862,ASSET_WB_272862,SCH_AMRUT,REG_DELHI,100,"Auto-estimated beneficiaries for Lake/Pond — Tikri Kalan, West (water_body)"
BEN_AUTO_ASSET_WB_272863,ASSET_WB_272863,SCH_AMRUT,REG_DELHI,100,"Auto-estimated beneficiaries for Lake/Pond — Tikri Kalan, West (water_body)"
BEN_AUTO_ASSET_WB_272864,ASSET_WB_272864,SCH_AMRUT,REG_DELHI,100,"Auto-estimated beneficiaries for Lake/Pond — Tikri Kalan, West (water_body)"
BEN_AUTO_ASSET_WB_272865,ASSET_WB_272865,SCH_AMRUT,REG_DELHI,100,"Auto-estimated beneficiaries for Lake/Pond — Tikri Kalan, West (water_body)"
BEN_AUTO_ASSET_WB_272866,ASSET_WB_272866,SCH_AMRUT,REG_DELHI,100,"Auto-estimated beneficiaries for Lake/Pond — Tikri Kalan, West (water_body)"
BEN_AUTO_ASSET_WB_272867,ASSET_WB_272867,SCH_AMRUT,REG_DELHI,100,"Auto-estimated beneficiaries for Lake/Pond — Tikri Kalan, West (water_body)"
BEN_AUTO_ASSET_WB_272868,ASSET_WB_272868,SCH_AMRUT,REG_DELHI,100,"Auto-estimated beneficiaries for Lake/Pond — Tikri Kalan, West (water_body)"
BEN_AUTO_ASSET_WB_272869,ASSET_WB_272869,SCH_AMRUT,REG_DELHI,100,"Auto-estimated beneficiaries for Lake/Pond — Tikri Kalan, West (water_body)"
BEN_AUTO_ASSET_WB_272870,ASSET_WB_272870,SCH_AMRUT,REG_DELHI,100,"Auto-estimated beneficiaries for Lake/Pond — Tikri Kalan, West (water_body)"
BEN_AUTO_ASSET_WB_272871,ASSET_WB_272871,SCH_AMRUT,REG_DELHI,100,"Auto-estimated beneficiaries for Lake/Pond — Tikri Kalan, West (water_body)"
BEN_AUTO_ASSET_WB_272872,ASSET_WB_272872,SCH_AMRUT,REG_DELHI,100,"Auto-estimated beneficiaries for Lake/Pond — Tilang Pur Kotla, West (water_body)"
BEN_AUTO_ASSET_WB_272873,ASSET_WB_272873,SCH_AMRUT,REG_DELHI,100,"Auto-estimated beneficiaries for Reservoir — Tihar, West (water_body)"
BEN_AUTO_ASSET_WB_272874,ASSET_WB_272874,SCH_AMRUT,REG_DELHI,100,"Auto-estimated beneficiaries for Other Water Body — Tihar, West (water_body)"
BEN_AUTO_ASSET_WB_272875,ASSET_WB_272875,SCH_AMRUT,REG_DELHI,100,"Auto-estimated beneficiaries for Other Water Body — Titar Pur, West (water_body)"
BEN_AUTO_ASSET_WB_1087351,ASSET_WB_1087351,SCH_AMRUT,REG_DELHI,100,"Auto-estimated beneficiaries for Lake/Pond — Burari, Central (water_body)"
BEN_AUTO_ASSET_WB_1087352,ASSET_WB_1087352,SCH_AMRUT,REG_DELHI,100,"Auto-estimated beneficiaries for Other Water Body — Burari, Central (water_body)"
BEN_AUTO_ASSET_WB_1087353,ASSET_WB_1087353,SCH_AMRUT,REG_DELHI,100,"Auto-estimated beneficiaries for Lake/Pond — Burari, Central (water_body)"
BEN_AUTO_ASSET_WB_1087354,ASSET_WB_1087354,SCH_AMRUT,REG_DELHI,100,"Auto-estimated beneficiaries for Lake/Pond — Burari, Central (water_body)"
BEN_AUTO_ASSET_WB_1087355,ASSET_WB_1087355,SCH_AMRUT,REG_DELHI,100,"Auto-estimated beneficiaries for Other Water Body — Delhi Gate, Central (water_body)"
BEN_AUTO_ASSET_WB_1087356,ASSET_WB_1087356,SCH_AMRUT,REG_DELHI,100,"Auto-estimated beneficiaries for Other Water Body — Delhi Gate, Central (water_body)"
BEN_AUTO_ASSET_WB_1087357,ASSET_WB_1087357,SCH_AMRUT,REG_DELHI,100,"Auto-estimated beneficiaries for Reservoir — Delhi Gate, Central (water_body)"
BEN_AUTO_ASSET_WB_1087358,ASSET_WB_1087358,SCH_AMRUT,REG_DELHI,100,"Auto-estimated beneficiaries for Other Water Body — Delhi Gate, Central (water_body)"
BEN_AUTO_ASSET_WB_1087359,ASSET_WB_1087359,SCH_AMRUT,REG_DELHI,100,"Auto-estimated beneficiaries for Other Water Body — Delhi Gate, Central (water_body)"
BEN_AUTO_ASSET_WB_1087360,ASSET_WB_1087360,SCH_AMRUT,REG_DELHI,100,"Auto-estimated beneficiaries for Lake/Pond — Kamla Nagar, Central (water_body)"
BEN_AUTO_ASSET_WB_1087361,ASSET_WB_1087361,SCH_AMRUT,REG_DELHI,100,"Auto-estimated beneficiaries for Reservoir — Karol Bagh, Central (water_body)"
BEN_AUTO_ASSET_WB_1087362,ASSET_WB_1087362,SCH_AMRUT,REG_DELHI,100,"Auto-estimated beneficiaries for Reservoir — Model Town, Central (water_body)"
BEN_AUTO_ASSET_WB_1087363,ASSET_WB_1087363,SCH_AMRUT,REG_DELHI,100,"Auto-estimated beneficiaries for Other Water Body — Sadar Bazar, Central (water_body)"
BEN_AUTO_ASSET_WB_1087364,ASSET_WB_1087364,SCH_AMRUT,REG_DELHI,100,"Auto-estimated beneficiaries for Other Water Body — Anand Vihar, East (water_body)"
BEN_AUTO_ASSET_WB_1087365,ASSET_WB_1087365,SCH_AMRUT,REG_DELHI,100,"Auto-estimated beneficiaries for Other Water Body — Anand Vihar, East (water_body)"
BEN_AUTO_ASSET_WB_1087366,ASSET_WB_1087366,SCH_AMRUT,REG_DELHI,100,"Auto-estimated beneficiaries for Other Water Body — Dallupura, East (water_body)"
BEN_AUTO_ASSET_WB_1087367,ASSET_WB_1087367,SCH_AMRUT,REG_DELHI,100,"Auto-estimated beneficiaries for Other Water Body — I.P. Extension, East (water_body)"
BEN_AUTO_ASSET_WB_1087368,ASSET_WB_1087368,SCH_AMRUT,REG_DELHI,100,"Auto-estimated beneficiaries for Other Water Body — Mandawali, East (water_body)"
BEN_AUTO_ASSET_WB_1087369,ASSET_WB_1087369,SCH_AMRUT,REG_DELHI,100,"Auto-estimated beneficiaries for Other Water Body — Mandawali, East (water_body)"
BEN_AUTO_ASSET_WB_1087370,ASSET_WB_1087370,SCH_AMRUT,REG_DELHI,100,"Auto-estimated beneficiaries for Other Water Body — Mandawali, East (water_body)"
BEN_AUTO_ASSET_WB_1087371,ASSET_WB_1087371,SCH_AMRUT,REG_DELHI,100,"Auto-estimated beneficiaries for Other Water Body — Mandawali, East (water_body)"
BEN_AUTO_ASSET_WB_1087372,ASSET_WB_1087372,SCH_AMRUT,REG_DELHI,100,"Auto-estimated beneficiaries for Other Water Body — Nand Nagri, East (water_body)"
BEN_AUTO_ASSET_WB_1087373,ASSET_WB_1087373,SCH_AMRUT,REG_DELHI,100,"Auto-estimated beneficiaries for Other Water Body — Preet Vihar, East (water_body)"
BEN_AUTO_ASSET_WB_1087374,ASSET_WB_1087374,SCH_AMRUT,REG_DELHI,100,"Auto-estimated beneficiaries for Other Water Body — Seelampur, East (water_body)"
BEN_AUTO_ASSET_WB_1087375,ASSET_WB_1087375,SCH_AMRUT,REG_DELHI,100,"Auto-estimated beneficiaries for Other Water Body — Shahdara, East (water_body)"
BEN_AUTO_ASSET_WB_1087376,ASSET_WB_1087376,SCH_AMRUT,REG_DELHI,100,"Auto-estimated beneficiaries for Other Water Body — Shahdara, East (water_body)"
BEN_AUTO_ASSET_WB_1087377,ASSET_WB_1087377,SCH_AMRUT,REG_DELHI,100,"Auto-estimated beneficiaries for Other Water Body — Shahdara, East (water_body)"
BEN_AUTO_ASSET_WB_1087378,ASSET_WB_1087378,SCH_AMRUT,REG_DELHI,100,"Auto-estimated beneficiaries for Other Water Body — Shakarpur, East (water_body)"
BEN_AUTO_ASSET_WB_1087379,ASSET_WB_1087379,SCH_AMRUT,REG_DELHI,100,"Auto-estimated beneficiaries for Other Water Body — Shakarpur, East (water_body)"
BEN_AUTO_ASSET_WB_1087380,ASSET_WB_1087380,SCH_AMRUT,REG_DELHI,100,"Auto-estimated beneficiaries for Other Water Body — Shakarpur, East (water_body)"
BEN_AUTO_ASSET_WB_1087381,ASSET_WB_1087381,SCH_AMRUT,REG_DELHI,100,"Auto-estimated beneficiaries for Other Water Body — Shakarpur, East (water_body)"
BEN_AUTO_ASSET_WB_1087382,ASSET_WB_1087382,SCH_AMRUT,REG_DELHI,100,"Auto-estimated beneficiaries for Other Water Body — Shakarpur, East (water_body)"
BEN_AUTO_ASSET_WB_1087383,ASSET_WB_1087383,SCH_AMRUT,REG_DELHI,100,"Auto-estimated beneficiaries for Other Water Body — Shakarpur, East (water_body)"
BEN_AUTO_ASSET_WB_1087384,ASSET_WB_1087384,SCH_AMRUT,REG_DELHI,100,"Auto-estimated beneficiaries for Other Water Body — Shakarpur, East (water_body)"
BEN_AUTO_ASSET_WB_1087385,ASSET_WB_1087385,SCH_AMRUT,REG_DELHI,100,"Auto-estimated beneficiaries for Other Water Body — Shastri Park, East (water_body)"
BEN_AUTO_ASSET_WB_1087386,ASSET_WB_1087386,SCH_AMRUT,REG_DELHI,100,"Auto-estimated beneficiaries for Other Water Body — Shastri Park, East (water_body)"
BEN_AUTO_ASSET_WB_1087387,ASSET_WB_1087387,SCH_AMRUT,REG_DELHI,100,"Auto-estimated beneficiaries for Other Water Body — Shastri Park, East (water_body)"
BEN_AUTO_ASSET_WB_1087388,ASSET_WB_1087388,SCH_AMRUT,REG_DELHI,100,"Auto-estimated beneficiaries for Other Water Body — Sunder Nagri, East (water_body)"
BEN_AUTO_ASSET_WB_1087389,ASSET_WB_1087389,SCH_AMRUT,REG_DELHI,100,"Auto-estimated beneficiaries for Other Water Body — Trilokpuri-East, East (water_body)"
BEN_AUTO_ASSET_WB_1087390,ASSET_WB_1087390,SCH_AMRUT,REG_DELHI,100,"Auto-estimated beneficiaries for Other Water Body — Vinod Nagar, East (water_body)"
BEN_AUTO_ASSET_WB_1087391,ASSET_WB_1087391,SCH_AMRUT,REG_DELHI,100,"Auto-estimated beneficiaries for Other Water Body — Vinod Nagar, East (water_body)"
BEN_AUTO_ASSET_WB_1087392,ASSET_WB_1087392,SCH_AMRUT,REG_DELHI,100,"Auto-estimated beneficiaries for Other Water Body — Vinod Nagar, East (water_body)"
BEN_AUTO_ASSET_WB_1087393,ASSET_WB_1087393,SCH_AMRUT,REG_DELHI,100,"Auto-estimated beneficiaries for Other Water Body — Vinod Nagar, East (water_body)"
BEN_AUTO_ASSET_WB_1087394,ASSET_WB_1087394,SCH_AMRUT,REG_DELHI,100,"Auto-estimated beneficiaries for Other Water Body — Vinod Nagar, East (water_body)"
BEN_AUTO_ASSET_PARK_SNZ_1,ASSET_PARK_SNZ_1,SCH_AMRUT,REG_W216,100,"Auto-estimated beneficiaries for Park Near H.NO. A-29, Vivek Vihar. (park)"
BEN_AUTO_ASSET_PARK_SNZ_2,ASSET_PARK_SNZ_2,SCH_AMRUT,REG_W216,100,"Auto-estimated beneficiaries for Park Near H.NO. A-135, Vivek Vihar. (park)"
BEN_AUTO_ASSET_PARK_SNZ_3,ASSET_PARK_SNZ_3,SCH_AMRUT,REG_W216,100,"Auto-estimated beneficiaries for Park Near H.NO. A-114, Vivek Vihar. (park)"
BEN_AUTO_ASSET_PARK_SNZ_4,ASSET_PARK_SNZ_4,SCH_AMRUT,REG_W216,100,Auto-estimated beneficiaries for Vivek  Vihar Nursery-1 (park)
BEN_AUTO_ASSET_PARK_SNZ_5,ASSET_PARK_SNZ_5,SCH_AMRUT,REG_W216,100,"Auto-estimated beneficiaries for Vivek  Vihar H. No.-A/76, 77, Vivek Vihar, Store (park)"
BEN_AUTO_ASSET_PARK_SNZ_6,ASSET_PARK_SNZ_6,SCH_AMRUT,REG_W216,100,"Auto-estimated beneficiaries for Park Near H.NO. A-77, Vivek  Vihar. (park)"
BEN_AUTO_ASSET_PARK_SNZ_7,ASSET_PARK_SNZ_7,SCH_AMRUT,REG_W216,100,"Auto-estimated beneficiaries for Park Near H.NO. B-190, Vivek Vihar. (park)"
BEN_AUTO_ASSET_PARK_SNZ_8,ASSET_PARK_SNZ_8,SCH_AMRUT,REG_W216,100,"Auto-estimated beneficiaries for Park Near H.NO. B-224, Vivek Vihar. (park)"
BEN_AUTO_ASSET_PARK_SNZ_9,ASSET_PARK_SNZ_9,SCH_AMRUT,REG_W216,100,"Auto-estimated beneficiaries for Park Near H.NO. B-75, Vivek Vihar. (park)"
BEN_AUTO_ASSET_PARK_SNZ_10,ASSET_PARK_SNZ_10,SCH_AMRUT,REG_W216,100,"Auto-estimated beneficiaries for Park Near H.NO. B-63, Vivek Vihar. (park)"
BEN_AUTO_ASSET_PARK_SNZ_11,ASSET_PARK_SNZ_11,SCH_AMRUT,REG_W216,100,"Auto-estimated beneficiaries for Park Near H.NO. B-40, Vivek Vihar. (park)"
BEN_AUTO_ASSET_PARK_SNZ_12,ASSET_PARK_SNZ_12,SCH_AMRUT,REG_W216,100,"Auto-estimated beneficiaries for Park Near H.NO. B-163, Vivek Vihar. (park)"
BEN_AUTO_ASSET_PARK_SNZ_13,ASSET_PARK_SNZ_13,SCH_AMRUT,REG_W216,100,"Auto-estimated beneficiaries for Park Near H.NO. C-100, 109, Vivek Vihar. (park)"
BEN_AUTO_ASSET_PARK_SNZ_14,ASSET_PARK_SNZ_14,SCH_AMRUT,REG_W216,100,"Auto-estimated beneficiaries for Park Near H.NO. C-126, Vivek Vihar. (park)"
BEN_AUTO_ASSET_PARK_SNZ_15,ASSET_PARK_SNZ_15,SCH_AMRUT,REG_W216,100,Auto-estimated beneficiaries for Park Near H.NO. C-174 Vivek Vihar. (park)
BEN_AUTO_ASSET_PARK_SNZ_16,ASSET_PARK_SNZ_16,SCH_AMRUT,REG_W216,100,"Auto-estimated beneficiaries for Park Near H.NO. C-190, 231 Vivek Vihar. (park)"
BEN_AUTO_ASSET_PARK_SNZ_17,ASSET_PARK_SNZ_17,SCH_AMRUT,REG_W216,100,"Auto-estimated beneficiaries for Park Near H.NO. C-281, Vivek Vihar. (park)"
BEN_AUTO_ASSET_PARK_SNZ_18,ASSET_PARK_SNZ_18,SCH_AMRUT,REG_W216,100,"Auto-estimated beneficiaries for Mahavir Vatika, Cent. Park, Vivek Vihar C-Block. (park)"
BEN_AUTO_ASSET_PARK_SNZ_19,ASSET_PARK_SNZ_19,SCH_AMRUT,REG_W216,100,"Auto-estimated beneficiaries for Park Near F. NO. 162, 204,  Janta Flat. Vivek  Vihar. (park)"
BEN_AUTO_ASSET_PARK_SNZ_20,ASSET_PARK_SNZ_20,SCH_AMRUT,REG_W216,100,"Auto-estimated beneficiaries for A-Block  Near H. NO. 41, Janta Flat Vivek  Vihar. (park)"
BEN_AUTO_ASSET_PARK_SNZ_21,ASSET_PARK_SNZ_21,SCH_AMRUT,REG_W216,100,"Auto-estimated beneficiaries for Park  Near H.NO.A-5/10, Jhilmil  Ind. Area. (park)"
BEN_AUTO_ASSET_PARK_SNZ_22,ASSET_PARK_SNZ_22,SCH_AMRUT,REG_W216,100,Auto-estimated beneficiaries for Park  Near H.NO. B-12/2 Jhilmil  Ind. Area. (park)
BEN_AUTO_ASSET_PARK_SNZ_23,ASSET_PARK_SNZ_23,SCH_AMRUT,REG_W216,100,Auto-estimated beneficiaries for Park Near H. No. A-1 to 42 Jhilmil Colony. (park)
BEN_AUTO_ASSET_PARK_SNZ_24,ASSET_PARK_SNZ_24,SCH_AMRUT,REG_W216,100,"Auto-estimated beneficiaries for Park Near H. No. A-85 to 126, Jhilmil Colony. (park)"
BEN_AUTO_ASSET_PARK_SNZ_25,ASSET_PARK_SNZ_25,SCH_AMRUT,REG_W216,100,Auto-estimated beneficiaries for Park Near H. No. A-130 To 168 Jhilmil Colony. (park)
BEN_AUTO_ASSET_PARK_SNZ_26,ASSET_PARK_SNZ_26,SCH_AMRUT,REG_W216,100,Auto-estimated beneficiaries for Park Near H. No. A-170 to 210 Jhilmil Colony. (park)
BEN_AUTO_ASSET_PARK_SNZ_27,ASSET_PARK_SNZ_27,SCH_AMRUT,REG_W216,100,Auto-estimated beneficiaries for Park Near  H. NO. A-211 to 252 Jhilmil Colony. (park)
BEN_AUTO_ASSET_PARK_SNZ_28,ASSET_PARK_SNZ_28,SCH_AMRUT,REG_W216,100,Auto-estimated beneficiaries for Park Opp. H. NO. A-29 Jhilmil  Colony. (park)
BEN_AUTO_ASSET_PARK_SNZ_29,ASSET_PARK_SNZ_29,SCH_AMRUT,REG_W216,100,"Auto-estimated beneficiaries for park A-44 to A-84, Jhilmil, Guru dawara wala (park)"
BEN_AUTO_ASSET_PARK_SNZ_30,ASSET_PARK_SNZ_30,SCH_AMRUT,REG_W216,100,"Auto-estimated beneficiaries for Park  Community center,  Jhilmil  Colony, A-Block (park)"
BEN_AUTO_ASSET_PARK_SNZ_31,ASSET_PARK_SNZ_31,SCH_AMRUT,REG_W216,100,Auto-estimated beneficiaries for Park Near  H.NO. B-1 to 42 Jhilmil Colony. (park)
BEN_AUTO_ASSET_PARK_SNZ_32,ASSET_PARK_SNZ_32,SCH_AMRUT,REG_W216,100,Auto-estimated beneficiaries for Park Near  H.NO. B-43 to 84 Jhilmil Colony. (park)
BEN_AUTO_ASSET_PARK_SNZ_33,ASSET_PARK_SNZ_33,SCH_AMRUT,REG_W216,100,Auto-estimated beneficiaries for Park Near H.NO. B-85 to  126 Jhilmil  Colony. (park)
BEN_AUTO_ASSET_PARK_SNZ_34,ASSET_PARK_SNZ_34,SCH_AMRUT,REG_W216,100,Auto-estimated beneficiaries for Park Near H.NO. B-130 to 168 Jhilmil Colony. (park)
BEN_AUTO_ASSET_PARK_SNZ_35,ASSET_PARK_SNZ_35,SCH_AMRUT,REG_W216,100,Auto-estimated beneficiaries for Park Near  H.NO. B-169 to 210 Jhilmil Colony (park)
BEN_AUTO_ASSET_PARK_SNZ_36,ASSET_PARK_SNZ_36,SCH_AMRUT,REG_W216,100,Auto-estimated beneficiaries for Park Near H.NO. B-211 to 252  Jhilmil Colony. (park)
BEN_AUTO_ASSET_PARK_SNZ_37,ASSET_PARK_SNZ_37,SCH_AMRUT,REG_W216,100,Auto-estimated beneficiaries for Park Between  H.NO. B-29 & D.S.I.D.C Jhilmil Colony. (park)
BEN_AUTO_ASSET_PARK_SNZ_38,ASSET_PARK_SNZ_38,SCH_AMRUT,REG_W216,100,Auto-estimated beneficiaries for H.NO. 35 Govind Khand  Jhilmil  Colony (Sotre Wala Park) (park)
BEN_AUTO_ASSET_PARK_SNZ_39,ASSET_PARK_SNZ_39,SCH_AMRUT,REG_W216,100,Auto-estimated beneficiaries for Park Near  H.NO. 65 to 66Govind Khand  Jhilmil  Colony. (park)
BEN_AUTO_ASSET_PARK_SNZ_40,ASSET_PARK_SNZ_40,SCH_AMRUT,REG_W216,100,"Auto-estimated beneficiaries for Park Near  H.NO. 113, Govind Khand  Jhilmil  Colony. (park)"
BEN_AUTO_ASSET_PARK_SNZ_41,ASSET_PARK_SNZ_41,SCH_AMRUT,REG_W216,100,Auto-estimated beneficiaries for Park Near  H.NO. 242 Govind Khand  Jhilmil  Colony. (park)
BEN_AUTO_ASSET_PARK_SNZ_42,ASSET_PARK_SNZ_42,SCH_AMRUT,REG_W216,100,Auto-estimated beneficiaries for Park Near  H.NO. 72 Govind Khand  Jhilmil  Colony. (park)
BEN_AUTO_ASSET_PARK_SNZ_43,ASSET_PARK_SNZ_43,SCH_AMRUT,REG_W216,100,Auto-estimated beneficiaries for Park Near  H.NO. 156 Govind Khand  Jhilmil  Colony. (park)
BEN_AUTO_ASSET_PARK_SNZ_44,ASSET_PARK_SNZ_44,SCH_AMRUT,REG_W216,100,"Auto-estimated beneficiaries for H.No.87, Shiva Khand (park)"
BEN_AUTO_ASSET_PARK_SNZ_45,ASSET_PARK_SNZ_45,SCH_AMRUT,REG_W216,100,"Auto-estimated beneficiaries for H.No.117, Shiva Khand (park)"
BEN_AUTO_ASSET_PARK_SNZ_46,ASSET_PARK_SNZ_46,SCH_AMRUT,REG_W216,100,"Auto-estimated beneficiaries for H.No.205, Shiva Khand (park)"
BEN_AUTO_ASSET_PARK_SNZ_47,ASSET_PARK_SNZ_47,SCH_AMRUT,REG_W216,100,"Auto-estimated beneficiaries for 229, Shiva Khand , (park)"
BEN_AUTO_ASSET_PARK_SNZ_48,ASSET_PARK_SNZ_48,SCH_AMRUT,REG_W216,100,"Auto-estimated beneficiaries for 131, Shivakhand. Jhilmil Colony (park)"
BEN_AUTO_ASSET_PARK_SNZ_49,ASSET_PARK_SNZ_49,SCH_AMRUT,REG_W216,100,"Auto-estimated beneficiaries for 156, Shivakhand,Jhilmil Colony (park)"
BEN_AUTO_ASSET_PARK_SNZ_50,ASSET_PARK_SNZ_50,SCH_AMRUT,REG_W216,100,"Auto-estimated beneficiaries for 29, Pratap Khand (park)"
BEN_AUTO_ASSET_PARK_SNZ_51,ASSET_PARK_SNZ_51,SCH_AMRUT,REG_W216,100,"Auto-estimated beneficiaries for 41, 44, Pratap Khand (park)"
BEN_AUTO_ASSET_PARK_SNZ_52,ASSET_PARK_SNZ_52,SCH_AMRUT,REG_W216,100,"Auto-estimated beneficiaries for 32, Pratap Khand (park)"
BEN_AUTO_ASSET_PARK_SNZ_53,ASSET_PARK_SNZ_53,SCH_AMRUT,REG_W216,100,"Auto-estimated beneficiaries for C-BLK, H.No. 1 to 42, Jhilmil Colony. (park)"
BEN_AUTO_ASSET_PARK_SNZ_54,ASSET_PARK_SNZ_54,SCH_AMRUT,REG_W216,100,"Auto-estimated beneficiaries for C-BLK, H.No. 43to 84, Jhilmil Colony. (park)"
BEN_AUTO_ASSET_PARK_SNZ_55,ASSET_PARK_SNZ_55,SCH_AMRUT,REG_W216,100,"Auto-estimated beneficiaries for C-BLK, H.No. 85 to126, Jhilmil Colony. (park)"
BEN_AUTO_ASSET_PARK_SNZ_56,ASSET_PARK_SNZ_56,SCH_AMRUT,REG_W216,100,"Auto-estimated beneficiaries for C-BLK,H.NO.127 to 168, Jhilmil Colony. (park)"
BEN_AUTO_ASSET_PARK_SNZ_57,ASSET_PARK_SNZ_57,SCH_AMRUT,REG_W216,100,"Auto-estimated beneficiaries for C-BLK, H.No.211-252 Jhilmil Colony. (park)"
BEN_AUTO_ASSET_PARK_SNZ_58,ASSET_PARK_SNZ_58,SCH_AMRUT,REG_W216,100,"Auto-estimated beneficiaries for C-BLK, H.No. 172 to 210, Jhilmil Colony. (park)"
BEN_AUTO_ASSET_PARK_SNZ_59,ASSET_PARK_SNZ_59,SCH_AMRUT,REG_W216,100,"Auto-estimated beneficiaries for C-29, Jhilmil Colony (park)"
BEN_AUTO_ASSET_PARK_SNZ_60,ASSET_PARK_SNZ_60,SCH_AMRUT,REG_W216,100,"Auto-estimated beneficiaries for C-225,  Jhilmil Colony (park)"
BEN_AUTO_ASSET_PARK_SNZ_61,ASSET_PARK_SNZ_61,SCH_AMRUT,REG_W216,100,"Auto-estimated beneficiaries for D-BLK, H.No.212 to250, Jhilmil Colony. (park)"
BEN_AUTO_ASSET_PARK_SNZ_62,ASSET_PARK_SNZ_62,SCH_AMRUT,REG_W216,100,"Auto-estimated beneficiaries for D-BLK, H.No. 1 to 42, Jhilmil Colony. (park)"
BEN_AUTO_ASSET_PARK_SNZ_63,ASSET_PARK_SNZ_63,SCH_AMRUT,REG_W216,100,"Auto-estimated beneficiaries for D-BLK, H.No. 43 to 83, Jhilmil Colony. (park)"
BEN_AUTO_ASSET_PARK_SNZ_64,ASSET_PARK_SNZ_64,SCH_AMRUT,REG_W216,100,"Auto-estimated beneficiaries for D-130 TO 170, Jhilmil Colony (park)"
BEN_AUTO_ASSET_PARK_SNZ_65,ASSET_PARK_SNZ_65,SCH_AMRUT,REG_W216,100,"Auto-estimated beneficiaries for D-29, 99, Jhilmil Colony (park)"
BEN_AUTO_ASSET_PARK_SNZ_66,ASSET_PARK_SNZ_66,SCH_AMRUT,REG_W216,100,"Auto-estimated beneficiaries for D-225, Jhilmil Colony (park)"
BEN_AUTO_ASSET_PARK_SNZ_67,ASSET_PARK_SNZ_67,SCH_AMRUT,REG_W216,100,Auto-estimated beneficiaries for D-85 to 126 Jhilmil Colony (park)
BEN_AUTO_ASSET_PARK_SNZ_68,ASSET_PARK_SNZ_68,SCH_AMRUT,REG_W216,100,Auto-estimated beneficiaries for D-170 to 210 Jhilmil Colony (park)
BEN_AUTO_ASSET_PARK_SNZ_69,ASSET_PARK_SNZ_69,SCH_AMRUT,REG_W216,100,Auto-estimated beneficiaries for E -Block 1 to 42 Jhilmil Colony (park)
BEN_AUTO_ASSET_PARK_SNZ_70,ASSET_PARK_SNZ_70,SCH_AMRUT,REG_W216,100,Auto-estimated beneficiaries for E-43 to 84 Jhilmil Colony (park)
BEN_AUTO_ASSET_PARK_SNZ_71,ASSET_PARK_SNZ_71,SCH_AMRUT,REG_W216,100,Auto-estimated beneficiaries for E-85 to 127 Jhilmil Colony (park)
BEN_AUTO_ASSET_PARK_SNZ_72,ASSET_PARK_SNZ_72,SCH_AMRUT,REG_W216,100,Auto-estimated beneficiaries for E-127 to 168 Jhilmil Colony (park)
BEN_AUTO_ASSET_PARK_SNZ_73,ASSET_PARK_SNZ_73,SCH_AMRUT,REG_W216,100,Auto-estimated beneficiaries for E-141 Jhilmil Colony (park)
BEN_AUTO_ASSET_PARK_SNZ_74,ASSET_PARK_SNZ_74,SCH_AMRUT,REG_W216,100,Auto-estimated beneficiaries for E-29 Jhilmil Colony (park)
BEN_AUTO_ASSET_PARK_SNZ_75,ASSET_PARK_SNZ_75,SCH_AMRUT,REG_W216,100,Auto-estimated beneficiaries for E -Block Krishna Market (park)
BEN_AUTO_ASSET_PARK_SNZ_76,ASSET_PARK_SNZ_76,SCH_AMRUT,REG_W216,100,"Auto-estimated beneficiaries for H.No.216 D.D.A FLT., Jhilmil Colony. Satyam Enclave (park)"
BEN_AUTO_ASSET_PARK_SNZ_77,ASSET_PARK_SNZ_77,SCH_AMRUT,REG_W216,100,"Auto-estimated beneficiaries for 205, D.D.A Flt, Jhilmil Colony, Satyam Enclave (park)"
BEN_AUTO_ASSET_PARK_SNZ_78,ASSET_PARK_SNZ_78,SCH_AMRUT,REG_W216,100,"Auto-estimated beneficiaries for 142, D.D.A FLT, Jhilmil Colony, Satyam Enclave (park)"
BEN_AUTO_ASSET_PARK_SNZ_79,ASSET_PARK_SNZ_79,SCH_AMRUT,REG_W216,100,"Auto-estimated beneficiaries for 56, D.D.A Flt., Jhilmil Colony, Satyam Enclave (park)"
BEN_AUTO_ASSET_PARK_SNZ_80,ASSET_PARK_SNZ_80,SCH_AMRUT,REG_W216,100,"Auto-estimated beneficiaries for H.NO.122, D.D.A Flt, Jhilmil Colony, Satyam Enclave (park)"
BEN_AUTO_ASSET_PARK_SNZ_81,ASSET_PARK_SNZ_81,SCH_AMRUT,REG_W216,100,"Auto-estimated beneficiaries for H.NO.49, D.D.A Flt, Jhilmil Colony, Satyam Enclave (park)"
BEN_AUTO_ASSET_PARK_SNZ_82,ASSET_PARK_SNZ_82,SCH_AMRUT,REG_W216,100,Auto-estimated beneficiaries for H.No.50-B Vivek  Vihar-II (park)
BEN_AUTO_ASSET_PARK_SNZ_83,ASSET_PARK_SNZ_83,SCH_AMRUT,REG_W216,100,"Auto-estimated beneficiaries for H.No. 30, A Block Vivek Vihar (park)"
BEN_AUTO_ASSET_PARK_SNZ_84,ASSET_PARK_SNZ_84,SCH_AMRUT,REG_W216,100,"Auto-estimated beneficiaries for H.No. 62, 123,  A Block Vivek Vihar Ph-II (park)"
BEN_AUTO_ASSET_PARK_SNZ_85,ASSET_PARK_SNZ_85,SCH_AMRUT,REG_W216,100,"Auto-estimated beneficiaries for 8-B, D.D.A Flt. Vivek Vihar -II (park)"
BEN_AUTO_ASSET_PARK_SNZ_86,ASSET_PARK_SNZ_86,SCH_AMRUT,REG_W216,100,"Auto-estimated beneficiaries for 15B, D.D.A Flt. Vivek  Vihar -II (park)"
BEN_AUTO_ASSET_PARK_SNZ_87,ASSET_PARK_SNZ_87,SCH_AMRUT,REG_W216,100,"Auto-estimated beneficiaries for 20B, D.D.A Flt. Vivek  Vihar -II (park)"
BEN_AUTO_ASSET_PARK_SNZ_88,ASSET_PARK_SNZ_88,SCH_AMRUT,REG_W216,100,"Auto-estimated beneficiaries for 9-B, D.D.A Flt. Vivek  Vihar -II (park)"
BEN_AUTO_ASSET_PARK_SNZ_89,ASSET_PARK_SNZ_89,SCH_AMRUT,REG_W216,100,"Auto-estimated beneficiaries for 36-B, D.D.A Flt. Vivek  Vihar -II (park)"
BEN_AUTO_ASSET_PARK_SNZ_90,ASSET_PARK_SNZ_90,SCH_AMRUT,REG_W216,100,Auto-estimated beneficiaries for Shamshan Ghat I (park)
BEN_AUTO_ASSET_PARK_SNZ_91,ASSET_PARK_SNZ_91,SCH_AMRUT,REG_W216,100,Auto-estimated beneficiaries for Shamshan Ghat  Park (park)
BEN_AUTO_ASSET_PARK_SNZ_92,ASSET_PARK_SNZ_92,SCH_AMRUT,REG_W216,100,"Auto-estimated beneficiaries for Indira Park, Jwala Nagar (park)"
BEN_AUTO_ASSET_PARK_SNZ_93,ASSET_PARK_SNZ_93,SCH_AMRUT,REG_W216,100,Auto-estimated beneficiaries for Mukesh Nagar Park I (park)
BEN_AUTO_ASSET_PARK_SNZ_94,ASSET_PARK_SNZ_94,SCH_AMRUT,REG_W216,100,Auto-estimated beneficiaries for Mukesh Nagar Park II (Mini Stadium) (park)
BEN_AUTO_ASSET_PARK_SNZ_95,ASSET_PARK_SNZ_95,SCH_AMRUT,REG_W217,5306,Auto-estimated beneficiaries for Park B-Pocket Near H.NO. 60-A Dilshad Garden. (park)
BEN_AUTO_ASSET_PARK_SNZ_96,ASSET_PARK_SNZ_96,SCH_AMRUT,REG_W217,5306,Auto-estimated beneficiaries for Park B-Pkt. Near H.NO. 101-A Dilshad Garden. (park)
BEN_AUTO_ASSET_PARK_SNZ_97,ASSET_PARK_SNZ_97,SCH_AMRUT,REG_W217,5306,"Auto-estimated beneficiaries for Park  B-Pkt. H.NO.-138, 139-A Dilshad Garden. (park)"
BEN_AUTO_ASSET_PARK_SNZ_98,ASSET_PARK_SNZ_98,SCH_AMRUT,REG_W217,5306,Auto-estimated beneficiaries for Park B-PKT. Near H.NO. 8-A Dilshad Garden. (park)
BEN_AUTO_ASSET_PARK_SNZ_99,ASSET_PARK_SNZ_99,SCH_AMRUT,REG_W217,5306,"Auto-estimated beneficiaries for Park B-Pocket A-31, Dilshad Garden, Store wala Park (park)"
BEN_AUTO_ASSET_PARK_SNZ_100,ASSET_PARK_SNZ_100,SCH_AMRUT,REG_W217,5306,Auto-estimated beneficiaries for Park E-Pkt. Near H.NO. 172-A Dilshad Garden. (park)
BEN_AUTO_ASSET_PARK_SNZ_101,ASSET_PARK_SNZ_101,SCH_AMRUT,REG_W217,5306,"Auto-estimated beneficiaries for Park E-Pkt. Near H.NO. 181-A, 183,  Dilshad  Garden. (park)"
BEN_AUTO_ASSET_PARK_SNZ_102,ASSET_PARK_SNZ_102,SCH_AMRUT,REG_W217,5306,Auto-estimated beneficiaries for Park E-Pkt.Near H.NO. 65-A Dilshad Garden. (park)
BEN_AUTO_ASSET_PARK_SNZ_103,ASSET_PARK_SNZ_103,SCH_AMRUT,REG_W217,5306,Auto-estimated beneficiaries for Park E-Pkt.Near H.NO. 128-A Dilshad Garden. (park)
BEN_AUTO_ASSET_PARK_SNZ_104,ASSET_PARK_SNZ_104,SCH_AMRUT,REG_W217,5306,"Auto-estimated beneficiaries for Park E-Pkt.Near H.NO. 68-A Dilshad Garden, Lokesh Park (park)"
BEN_AUTO_ASSET_PARK_SNZ_105,ASSET_PARK_SNZ_105,SCH_AMRUT,REG_W217,5306,Auto-estimated beneficiaries for Park E-Pkt.Near H.NO. 152-A Dilshad Garden. (park)
BEN_AUTO_ASSET_PARK_SNZ_106,ASSET_PARK_SNZ_106,SCH_AMRUT,REG_W217,5306,Auto-estimated beneficiaries for Park E-Pkt.Near H.NO. 13-A Dilshad Garden. (park)
BEN_AUTO_ASSET_PARK_SNZ_107,ASSET_PARK_SNZ_107,SCH_AMRUT,REG_W217,5306,Auto-estimated beneficiaries for Park F-Pkt.Near H.NO. 208-A Dilshad Garden. (park)
BEN_AUTO_ASSET_PARK_SNZ_108,ASSET_PARK_SNZ_108,SCH_AMRUT,REG_W217,5306,Auto-estimated beneficiaries for Park H-Pkt.Near H.NO. 42-A Dilshad Garden. (park)
BEN_AUTO_ASSET_PARK_SNZ_109,ASSET_PARK_SNZ_109,SCH_AMRUT,REG_W217,5306,Auto-estimated beneficiaries for Park H-Pkt.Near H.NO. 195-A Dilshad Garden. (park)
BEN_AUTO_ASSET_PARK_SNZ_110,ASSET_PARK_SNZ_110,SCH_AMRUT,REG_W217,5306,Auto-estimated beneficiaries for Park H-Pkt.Near H.NO. 30-A Dilshad Garden. (park)
BEN_AUTO_ASSET_PARK_SNZ_111,ASSET_PARK_SNZ_111,SCH_AMRUT,REG_W217,5306,"Auto-estimated beneficiaries for Park A-Block H.NO. 14/G-3, Dilshad Garden. (park)"
BEN_AUTO_ASSET_PARK_SNZ_112,ASSET_PARK_SNZ_112,SCH_AMRUT,REG_W217,5306,"Auto-estimated beneficiaries for Park A-Block H.NO. 21-A/G2, Dilshad  Garden. (park)"
BEN_AUTO_ASSET_PARK_SNZ_113,ASSET_PARK_SNZ_113,SCH_AMRUT,REG_W217,5306,Auto-estimated beneficiaries for Park A-Block H.NO. A-20/G2 Dilshad Garden. (park)
BEN_AUTO_ASSET_PARK_SNZ_114,ASSET_PARK_SNZ_114,SCH_AMRUT,REG_W217,5306,"Auto-estimated beneficiaries for Park  A-Block Opp . H.NO. A-3/G-2, Dilshad Garden. (park)"
BEN_AUTO_ASSET_PARK_SNZ_115,ASSET_PARK_SNZ_115,SCH_AMRUT,REG_W217,5306,"Auto-estimated beneficiaries for Park A-Block H.NO. A-30/G-3, Dilshad Garden. (park)"
BEN_AUTO_ASSET_PARK_SNZ_116,ASSET_PARK_SNZ_116,SCH_AMRUT,REG_W217,5306,"Auto-estimated beneficiaries for Park A-Block H.NO. A-20/G-1, Dilshad Garden. (park)"
BEN_AUTO_ASSET_PARK_SNZ_117,ASSET_PARK_SNZ_117,SCH_AMRUT,REG_W217,5306,"Auto-estimated beneficiaries for Park B-Block H.NO. B-11/G-2, Dilshad Garden. (park)"
BEN_AUTO_ASSET_PARK_SNZ_118,ASSET_PARK_SNZ_118,SCH_AMRUT,REG_W217,5306,"Auto-estimated beneficiaries for Park B-Block H.NO. B-43/G-2, Dilshad  Garden. (park)"
BEN_AUTO_ASSET_PARK_SNZ_119,ASSET_PARK_SNZ_119,SCH_AMRUT,REG_W217,5306,"Auto-estimated beneficiaries for Park B-Block H.NO. B-44, Dilshad Garden. (park)"
BEN_AUTO_ASSET_PARK_SNZ_120,ASSET_PARK_SNZ_120,SCH_AMRUT,REG_W217,5306,"Auto-estimated beneficiaries for Park  B-Block H.NO. B-1/G2,  Dilshad Garden. (park)"
BEN_AUTO_ASSET_PARK_SNZ_121,ASSET_PARK_SNZ_121,SCH_AMRUT,REG_W217,5306,"Auto-estimated beneficiaries for Park B-Block H.NO. B-30 G-2,Dilshad Garden. (park)"
BEN_AUTO_ASSET_PARK_SNZ_122,ASSET_PARK_SNZ_122,SCH_AMRUT,REG_W217,5306,"Auto-estimated beneficiaries for Park B-Block H.NO. B-19/G-2, Dilshad  Garden. (park)"
BEN_AUTO_ASSET_PARK_SNZ_123,ASSET_PARK_SNZ_123,SCH_AMRUT,REG_W217,5306,Auto-estimated beneficiaries for Park B-Block H.NO. B-51/ G-2Dilshad  Garden. (park)
BEN_AUTO_ASSET_PARK_SNZ_124,ASSET_PARK_SNZ_124,SCH_AMRUT,REG_W217,5306,Auto-estimated beneficiaries for Park B-Block H.NO. B-7/ G-2Dilshad  Garden. (park)
BEN_AUTO_ASSET_PARK_SNZ_125,ASSET_PARK_SNZ_125,SCH_AMRUT,REG_W217,5306,Auto-estimated beneficiaries for Park R-Block alongwith H.NO. 15-A Dilshad Garden (park)
BEN_AUTO_ASSET_PARK_SNZ_126,ASSET_PARK_SNZ_126,SCH_AMRUT,REG_W217,5306,"Auto-estimated beneficiaries for Park R-Block Behind H.NO. R-9 Dogra Park, Dilshad  Garden. (park)"
BEN_AUTO_ASSET_PARK_SNZ_127,ASSET_PARK_SNZ_127,SCH_AMRUT,REG_W217,5306,Auto-estimated beneficiaries for Park R-Block Behind H.NO. R-12 Dilshad Garden (park)
BEN_AUTO_ASSET_PARK_SNZ_128,ASSET_PARK_SNZ_128,SCH_AMRUT,REG_W217,5306,Auto-estimated beneficiaries for Park R-Block Behind H.NO. R-19 Dilshad Garden. (park)
BEN_AUTO_ASSET_PARK_SNZ_129,ASSET_PARK_SNZ_129,SCH_AMRUT,REG_W217,5306,Auto-estimated beneficiaries for Park R-Block H.NO. R-72-A Dilshad  Garden. (park)
BEN_AUTO_ASSET_PARK_SNZ_130,ASSET_PARK_SNZ_130,SCH_AMRUT,REG_W217,5306,Auto-estimated beneficiaries for Park R-Block Behind H.NO. R-61-A Dilshad Garden (park)
BEN_AUTO_ASSET_PARK_SNZ_131,ASSET_PARK_SNZ_131,SCH_AMRUT,REG_W217,5306,"Auto-estimated beneficiaries for Park R-Block Behind H.No. 40, Dilshad Garden. (park)"
BEN_AUTO_ASSET_PARK_SNZ_132,ASSET_PARK_SNZ_132,SCH_AMRUT,REG_W217,5306,"Auto-estimated beneficiaries for Park R-Block Behind H.NO. 33A, Dilshad Garden. (park)"
BEN_AUTO_ASSET_PARK_SNZ_133,ASSET_PARK_SNZ_133,SCH_AMRUT,REG_W217,5306,Auto-estimated beneficiaries for Park R-Block Behind H.NO. 29 B. Dilshad Garden. (park)
BEN_AUTO_ASSET_PARK_SNZ_134,ASSET_PARK_SNZ_134,SCH_AMRUT,REG_W217,5306,Auto-estimated beneficiaries for Park R-Block Behind H.NO. 45-A. Dilshad Garden. (park)
BEN_AUTO_ASSET_PARK_SNZ_135,ASSET_PARK_SNZ_135,SCH_AMRUT,REG_W217,5306,"Auto-estimated beneficiaries for Park R-Block Green Belt H.O. 78-A, Dilshad  Garden. (park)"
BEN_AUTO_ASSET_PARK_SNZ_136,ASSET_PARK_SNZ_136,SCH_AMRUT,REG_W217,5306,"Auto-estimated beneficiaries for Park R-Block with H.NO. 75-A, Dilshad Garden Green Belt. (park)"
BEN_AUTO_ASSET_PARK_SNZ_137,ASSET_PARK_SNZ_137,SCH_AMRUT,REG_W217,5306,"Auto-estimated beneficiaries for Park R-Block  H.NO. 54, Dilshad  Garden. (park)"
BEN_AUTO_ASSET_PARK_SNZ_138,ASSET_PARK_SNZ_138,SCH_AMRUT,REG_W217,5306,"Auto-estimated beneficiaries for Totlot at R block, Dilshad Garden (3 no. Parks) (park)"
BEN_AUTO_ASSET_PARK_SNZ_139,ASSET_PARK_SNZ_139,SCH_AMRUT,REG_W217,5306,"Auto-estimated beneficiaries for Park I – H.No. 1, Dilshad Garden (park)"
BEN_AUTO_ASSET_PARK_SNZ_140,ASSET_PARK_SNZ_140,SCH_AMRUT,REG_W217,5306,"Auto-estimated beneficiaries for Park I – H.No.8–9, Dilshad Garden (park)"
BEN_AUTO_ASSET_PARK_SNZ_141,ASSET_PARK_SNZ_141,SCH_AMRUT,REG_W217,5306,"Auto-estimated beneficiaries for Park I – H.No. 16-17, Dilshad Garden (park)"
BEN_AUTO_ASSET_PARK_SNZ_142,ASSET_PARK_SNZ_142,SCH_AMRUT,REG_W217,5306,"Auto-estimated beneficiaries for Park I – H.No.22-21, Dilshad Garden (park)"
BEN_AUTO_ASSET_PARK_SNZ_143,ASSET_PARK_SNZ_143,SCH_AMRUT,REG_W217,5306,"Auto-estimated beneficiaries for Park I – H.No.29-30, Dilshad Garden (park)"
BEN_AUTO_ASSET_PARK_SNZ_144,ASSET_PARK_SNZ_144,SCH_AMRUT,REG_W217,5306,"Auto-estimated beneficiaries for Park I – H.No. 35-36, Dilshad Garden (park)"
BEN_AUTO_ASSET_PARK_SNZ_145,ASSET_PARK_SNZ_145,SCH_AMRUT,REG_W217,5306,"Auto-estimated beneficiaries for Park I – H.No.41-42, Dilshad Garden (park)"
BEN_AUTO_ASSET_PARK_SNZ_146,ASSET_PARK_SNZ_146,SCH_AMRUT,REG_W217,5306,"Auto-estimated beneficiaries for Park I – H.No.60-61, Dilshad Garden (park)"
BEN_AUTO_ASSET_PARK_SNZ_147,ASSET_PARK_SNZ_147,SCH_AMRUT,REG_W217,5306,"Auto-estimated beneficiaries for Park I – H.No.63, Dilshad Garden (park)"
BEN_AUTO_ASSET_PARK_SNZ_148,ASSET_PARK_SNZ_148,SCH_AMRUT,REG_W217,5306,"Auto-estimated beneficiaries for Park I – H.No. 38-39, Dilshad Garden (park)"
BEN_AUTO_ASSET_PARK_SNZ_149,ASSET_PARK_SNZ_149,SCH_AMRUT,REG_W217,5306,"Auto-estimated beneficiaries for Park I – H.No.69-70, Dilshad Garden (park)"
BEN_AUTO_ASSET_PARK_SNZ_150,ASSET_PARK_SNZ_150,SCH_AMRUT,REG_W217,5306,"Auto-estimated beneficiaries for Park I – H.No.49-50, Dilshad Garden (park)"
BEN_AUTO_ASSET_PARK_SNZ_151,ASSET_PARK_SNZ_151,SCH_AMRUT,REG_W217,5306,"Auto-estimated beneficiaries for Park I – H.No.75-76, Dilshad Garden (park)"
BEN_AUTO_ASSET_PARK_SNZ_152,ASSET_PARK_SNZ_152,SCH_AMRUT,REG_W217,5306,"Auto-estimated beneficiaries for Park I – H.No. 94-95, Dilshad Garden (park)"
BEN_AUTO_ASSET_PARK_SNZ_153,ASSET_PARK_SNZ_153,SCH_AMRUT,REG_W217,5306,"Auto-estimated beneficiaries for Park I – H.No. 93-9, Dilshad Garden (park)"
BEN_AUTO_ASSET_PARK_SNZ_154,ASSET_PARK_SNZ_154,SCH_AMRUT,REG_W217,5306,"Auto-estimated beneficiaries for Park I – H.No. 47-48, Dilshad Garden (park)"
BEN_AUTO_ASSET_PARK_SNZ_155,ASSET_PARK_SNZ_155,SCH_AMRUT,REG_W217,5306,"Auto-estimated beneficiaries for Park I – H.No.82, Dilshad Garden (park)"
BEN_AUTO_ASSET_PARK_SNZ_156,ASSET_PARK_SNZ_156,SCH_AMRUT,REG_W217,5306,"Auto-estimated beneficiaries for Park I – H.No. 97, Dilshad Garden (park)"
BEN_AUTO_ASSET_PARK_SNZ_157,ASSET_PARK_SNZ_157,SCH_AMRUT,REG_W217,5306,"Auto-estimated beneficiaries for Park I – H.No. 125, Dilshad Garden (park)"
BEN_AUTO_ASSET_PARK_SNZ_158,ASSET_PARK_SNZ_158,SCH_AMRUT,REG_W217,5306,"Auto-estimated beneficiaries for Park I – H.No. 120, Dilshad Garden (park)"
BEN_AUTO_ASSET_PARK_SNZ_159,ASSET_PARK_SNZ_159,SCH_AMRUT,REG_W217,5306,"Auto-estimated beneficiaries for Park I – H.No. 111, Dilshad Garden (park)"
BEN_AUTO_ASSET_PARK_SNZ_160,ASSET_PARK_SNZ_160,SCH_AMRUT,REG_W217,5306,"Auto-estimated beneficiaries for Park I – H.No. 115, Dilshad Garden (park)"
BEN_AUTO_ASSET_PARK_SNZ_161,ASSET_PARK_SNZ_161,SCH_AMRUT,REG_W217,5306,"Auto-estimated beneficiaries for Park J & K H.No. 389, Dilshad Garden (park)"
BEN_AUTO_ASSET_PARK_SNZ_162,ASSET_PARK_SNZ_162,SCH_AMRUT,REG_W217,5306,"Auto-estimated beneficiaries for Park J & K H.No. 390, Dilshad Garden (park)"
BEN_AUTO_ASSET_PARK_SNZ_163,ASSET_PARK_SNZ_163,SCH_AMRUT,REG_W217,5306,"Auto-estimated beneficiaries for Park J & K H.No.382, Dilshad Garden (park)"
BEN_AUTO_ASSET_PARK_SNZ_164,ASSET_PARK_SNZ_164,SCH_AMRUT,REG_W217,5306,"Auto-estimated beneficiaries for Park J & K H.No. 366-368, Dilshad Garden (park)"
BEN_AUTO_ASSET_PARK_SNZ_165,ASSET_PARK_SNZ_165,SCH_AMRUT,REG_W217,5306,"Auto-estimated beneficiaries for Park J & K H.No. 355-354, Dilshad Garden (park)"
BEN_AUTO_ASSET_PARK_SNZ_166,ASSET_PARK_SNZ_166,SCH_AMRUT,REG_W217,5306,"Auto-estimated beneficiaries for Park J & K H.No. 255-305, Dilshad Garden (park)"
BEN_AUTO_ASSET_PARK_SNZ_167,ASSET_PARK_SNZ_167,SCH_AMRUT,REG_W217,5306,"Auto-estimated beneficiaries for Park J & K H.No. 213-214, Dilshad Garden (park)"
BEN_AUTO_ASSET_PARK_SNZ_168,ASSET_PARK_SNZ_168,SCH_AMRUT,REG_W217,5306,"Auto-estimated beneficiaries for Park J & K H.No. 194-195, Dilshad Garden (park)"
BEN_AUTO_ASSET_PARK_SNZ_169,ASSET_PARK_SNZ_169,SCH_AMRUT,REG_W217,5306,"Auto-estimated beneficiaries for Park J & K H.No. 223-224, Dilshad Garden (park)"
BEN_AUTO_ASSET_PARK_SNZ_170,ASSET_PARK_SNZ_170,SCH_AMRUT,REG_W217,5306,"Auto-estimated beneficiaries for Park J & K H.No. 181-182, Dilshad Garden (park)"
BEN_AUTO_ASSET_PARK_SNZ_171,ASSET_PARK_SNZ_171,SCH_AMRUT,REG_W217,5306,"Auto-estimated beneficiaries for Park J & K H.No. 235-236, Dilshad Garden (park)"
BEN_AUTO_ASSET_PARK_SNZ_172,ASSET_PARK_SNZ_172,SCH_AMRUT,REG_W217,5306,"Auto-estimated beneficiaries for Park J & K H.No. 252-236, Dilshad Garden (park)"
BEN_AUTO_ASSET_PARK_SNZ_173,ASSET_PARK_SNZ_173,SCH_AMRUT,REG_W217,5306,"Auto-estimated beneficiaries for Park J & K H.No. 172, Dilshad Garden (park)"
BEN_AUTO_ASSET_PARK_SNZ_174,ASSET_PARK_SNZ_174,SCH_AMRUT,REG_W217,5306,"Auto-estimated beneficiaries for Park J & K H.No. 109-140, Dilshad Garden (park)"
BEN_AUTO_ASSET_PARK_SNZ_175,ASSET_PARK_SNZ_175,SCH_AMRUT,REG_W217,5306,"Auto-estimated beneficiaries for Park J & K H.No. 41-42, Dilshad Garden (park)"
BEN_AUTO_ASSET_PARK_SNZ_176,ASSET_PARK_SNZ_176,SCH_AMRUT,REG_W217,5306,"Auto-estimated beneficiaries for Park J & K H.No. 56-57, Dilshad Garden (park)"
BEN_AUTO_ASSET_PARK_SNZ_177,ASSET_PARK_SNZ_177,SCH_AMRUT,REG_W217,5306,"Auto-estimated beneficiaries for Park J & K H.No. 66-67, Dilshad Garden (park)"
BEN_AUTO_ASSET_PARK_SNZ_178,ASSET_PARK_SNZ_178,SCH_AMRUT,REG_W217,5306,"Auto-estimated beneficiaries for Park J & K H.No. 101-103, Dilshad Garden (park)"
BEN_AUTO_ASSET_PARK_SNZ_179,ASSET_PARK_SNZ_179,SCH_AMRUT,REG_W217,5306,"Auto-estimated beneficiaries for Park J & K H.No. 85-86, Dilshad Garden (park)"
BEN_AUTO_ASSET_PARK_SNZ_180,ASSET_PARK_SNZ_180,SCH_AMRUT,REG_W217,5306,"Auto-estimated beneficiaries for Park J & K H.No. 78-79, Dilshad Garden (park)"
BEN_AUTO_ASSET_PARK_SNZ_181,ASSET_PARK_SNZ_181,SCH_AMRUT,REG_W217,5306,"Auto-estimated beneficiaries for Park J & K H.No. 1-34, Dilshad Garden (park)"
BEN_AUTO_ASSET_PARK_SNZ_182,ASSET_PARK_SNZ_182,SCH_AMRUT,REG_W217,5306,"Auto-estimated beneficiaries for Park G– Block H.No. 16 , Dilshad colony (park)"
BEN_AUTO_ASSET_PARK_SNZ_183,ASSET_PARK_SNZ_183,SCH_AMRUT,REG_W217,5306,"Auto-estimated beneficiaries for Park G– Block Mandir Wala Park, H.No.  214 Old Seemapuri  Dilshad colony (park)"
BEN_AUTO_ASSET_PARK_SNZ_184,ASSET_PARK_SNZ_184,SCH_AMRUT,REG_W217,5306,"Auto-estimated beneficiaries for Park-G Block H. No. 43-45 & 70,Dilshad colony Durga mata Mandir (park)"
BEN_AUTO_ASSET_PARK_SNZ_185,ASSET_PARK_SNZ_185,SCH_AMRUT,REG_W217,5306,"Auto-estimated beneficiaries for Park Near Masjid, G– Block H.No. 168 , Dilshad colony (park)"
BEN_AUTO_ASSET_PARK_SNZ_186,ASSET_PARK_SNZ_186,SCH_AMRUT,REG_W217,5306,"Auto-estimated beneficiaries for Park F– Block H.No. 16 , Dilshad colony (park)"
BEN_AUTO_ASSET_PARK_SNZ_187,ASSET_PARK_SNZ_187,SCH_AMRUT,REG_W217,5306,"Auto-estimated beneficiaries for ParkE-Block, Market + Park Dilshad colony (park)"
BEN_AUTO_ASSET_PARK_SNZ_188,ASSET_PARK_SNZ_188,SCH_AMRUT,REG_W217,5306,"Auto-estimated beneficiaries for Park H.No. 290 & 291 , B Block, Sabji Mandi  Old Seempuri-110095 (park)"
BEN_AUTO_ASSET_PARK_SNZ_189,ASSET_PARK_SNZ_189,SCH_AMRUT,REG_W217,5306,"Auto-estimated beneficiaries for DDA Mkt.J-Bl Shop No.100, Park-1,Old Seemapuri (park)"
BEN_AUTO_ASSET_PARK_SNZ_190,ASSET_PARK_SNZ_190,SCH_AMRUT,REG_W217,5306,"Auto-estimated beneficiaries for DDA Mkt.J-Bl Shop No.100-101, Park-2,Old Seemapuri (park)"
BEN_AUTO_ASSET_PARK_SNZ_191,ASSET_PARK_SNZ_191,SCH_AMRUT,REG_W217,5306,"Auto-estimated beneficiaries for DDA Mkt.J-Bl Shop No.100-101, Park-3,Old Seemapuri (park)"
BEN_AUTO_ASSET_PARK_SNZ_192,ASSET_PARK_SNZ_192,SCH_AMRUT,REG_W217,5306,"Auto-estimated beneficiaries for Park J- Block Near H.No. 273, Old Seema Puri (park)"
BEN_AUTO_ASSET_PARK_SNZ_193,ASSET_PARK_SNZ_193,SCH_AMRUT,REG_W217,5306,"Auto-estimated beneficiaries for Park G-Block school , Old seema  puri (park)"
BEN_AUTO_ASSET_PARK_SNZ_194,ASSET_PARK_SNZ_194,SCH_AMRUT,REG_W217,5306,"Auto-estimated beneficiaries for Park L-Pocket, H.No.-13-A Dilshad Garden (park)"
BEN_AUTO_ASSET_PARK_SNZ_195,ASSET_PARK_SNZ_195,SCH_AMRUT,REG_W217,5306,"Auto-estimated beneficiaries for Park L-Pocket, H.No.-152/A Dilshad Garden (park)"
BEN_AUTO_ASSET_PARK_SNZ_196,ASSET_PARK_SNZ_196,SCH_AMRUT,REG_W217,5306,"Auto-estimated beneficiaries for Park L-Pocket, H.No.-162/A Dilshad Garden (park)"
BEN_AUTO_ASSET_PARK_SNZ_197,ASSET_PARK_SNZ_197,SCH_AMRUT,REG_W217,5306,"Auto-estimated beneficiaries for Park L-Pocket, H.No.174-A Dilshad Garden (park)"
BEN_AUTO_ASSET_PARK_SNZ_198,ASSET_PARK_SNZ_198,SCH_AMRUT,REG_W217,5306,"Auto-estimated beneficiaries for Park SG Pocket, H.No. 23 A Dilshad Garden (park)"
BEN_AUTO_ASSET_PARK_SNZ_199,ASSET_PARK_SNZ_199,SCH_AMRUT,REG_W217,5306,"Auto-estimated beneficiaries for Park SG Pocket, H.No. 58 A Dilshad Garden (park)"
BEN_AUTO_ASSET_PARK_SNZ_200,ASSET_PARK_SNZ_200,SCH_AMRUT,REG_W217,5306,"Auto-estimated beneficiaries for Park SG Pocket, H.No. 33 A Dilshad Garden (park)"
BEN_AUTO_ASSET_PARK_SNZ_201,ASSET_PARK_SNZ_201,SCH_AMRUT,REG_W217,5306,"Auto-estimated beneficiaries for Park M Pocket H.No. M14/A 5, Dilshad Garden (park)"
BEN_AUTO_ASSET_PARK_SNZ_202,ASSET_PARK_SNZ_202,SCH_AMRUT,REG_W217,5306,"Auto-estimated beneficiaries for Park M Pocket H.No. 30A, Dilshad Garden (park)"
BEN_AUTO_ASSET_PARK_SNZ_203,ASSET_PARK_SNZ_203,SCH_AMRUT,REG_W217,5306,"Auto-estimated beneficiaries for Park M Pocket H.No. 20/A2, Dilshad Garden (park)"
BEN_AUTO_ASSET_PARK_SNZ_204,ASSET_PARK_SNZ_204,SCH_AMRUT,REG_W217,5306,"Auto-estimated beneficiaries for Park N Pocket H.No. N3/A4, Dilshad Garden (park)"
BEN_AUTO_ASSET_PARK_SNZ_205,ASSET_PARK_SNZ_205,SCH_AMRUT,REG_W217,5306,"Auto-estimated beneficiaries for Park N Pocket H.No. 24/A5, Dilshad Garden (park)"
BEN_AUTO_ASSET_PARK_SNZ_206,ASSET_PARK_SNZ_206,SCH_AMRUT,REG_W217,5306,Auto-estimated beneficiaries for Park N Pocket H.No. N7/A3 Dilshad Garden (park)
BEN_AUTO_ASSET_PARK_SNZ_207,ASSET_PARK_SNZ_207,SCH_AMRUT,REG_W217,5306,"Auto-estimated beneficiaries for Park N Pocket H.No. 21 & 32,A 2, Dilshad Garden (park)"
BEN_AUTO_ASSET_PARK_SNZ_208,ASSET_PARK_SNZ_208,SCH_AMRUT,REG_W217,5306,"Auto-estimated beneficiaries for ParkN Pocket H.No. 26/A4, Dilshad Garden (park)"
BEN_AUTO_ASSET_PARK_SNZ_209,ASSET_PARK_SNZ_209,SCH_AMRUT,REG_W217,5306,"Auto-estimated beneficiaries for Park N Pocket H.No.  N29/A 5, Dilshad Garden (park)"
BEN_AUTO_ASSET_PARK_SNZ_210,ASSET_PARK_SNZ_210,SCH_AMRUT,REG_W217,5306,"Auto-estimated beneficiaries for Park N Pocket H.No. N3/A4, Dilshad Garden (park)"
BEN_AUTO_ASSET_PARK_SNZ_211,ASSET_PARK_SNZ_211,SCH_AMRUT,REG_W218,4477,"Auto-estimated beneficiaries for Park H-Block, In Sunder Nagari (park)"
BEN_AUTO_ASSET_PARK_SNZ_212,ASSET_PARK_SNZ_212,SCH_AMRUT,REG_W218,4477,"Auto-estimated beneficiaries for Park F-1, H.No.-47 Sunder Nagari (park)"
BEN_AUTO_ASSET_PARK_SNZ_213,ASSET_PARK_SNZ_213,SCH_AMRUT,REG_W218,4477,"Auto-estimated beneficiaries for Park F-1,  H.No.-225 Sunder Nagari (park)"
BEN_AUTO_ASSET_PARK_SNZ_214,ASSET_PARK_SNZ_214,SCH_AMRUT,REG_W218,4477,"Auto-estimated beneficiaries for Park F-1,  H.No. 241 Sunder Nagari (park)"
BEN_AUTO_ASSET_PARK_SNZ_215,ASSET_PARK_SNZ_215,SCH_AMRUT,REG_W218,4477,"Auto-estimated beneficiaries for Park F-1, H.No. 170  Sunder Nagari (park)"
BEN_AUTO_ASSET_PARK_SNZ_216,ASSET_PARK_SNZ_216,SCH_AMRUT,REG_W218,4477,"Auto-estimated beneficiaries for K-Block,Park Sunder Nagari (park)"
BEN_AUTO_ASSET_PARK_SNZ_217,ASSET_PARK_SNZ_217,SCH_AMRUT,REG_W218,4477,"Auto-estimated beneficiaries for Park F-1,  H.No.386 Sunder Nagari (park)"
BEN_AUTO_ASSET_PARK_SNZ_218,ASSET_PARK_SNZ_218,SCH_AMRUT,REG_W218,4477,"Auto-estimated beneficiaries for Park F-1, H.No. 373 Sunder Nagari (park)"
BEN_AUTO_ASSET_PARK_SNZ_219,ASSET_PARK_SNZ_219,SCH_AMRUT,REG_W218,4477,"Auto-estimated beneficiaries for Park F-1, H.No. 116  Sunder Nagari (park)"
BEN_AUTO_ASSET_PARK_SNZ_220,ASSET_PARK_SNZ_220,SCH_AMRUT,REG_W218,4477,"Auto-estimated beneficiaries for Park F-2, H.No. 312  Sunder Nagari (park)"
BEN_AUTO_ASSET_PARK_SNZ_221,ASSET_PARK_SNZ_221,SCH_AMRUT,REG_W218,4477,"Auto-estimated beneficiaries for Park F-2,  H.No. 395,Sunder Nagari (park)"
BEN_AUTO_ASSET_PARK_SNZ_222,ASSET_PARK_SNZ_222,SCH_AMRUT,REG_W218,4477,"Auto-estimated beneficiaries for Park F-2, H.No. 447,Sunder Nagari (park)"
BEN_AUTO_ASSET_PARK_SNZ_223,ASSET_PARK_SNZ_223,SCH_AMRUT,REG_W218,4477,"Auto-estimated beneficiaries for Park F-2,H.No.56,Sunder Nagari (park)"
BEN_AUTO_ASSET_PARK_SNZ_224,ASSET_PARK_SNZ_224,SCH_AMRUT,REG_W218,4477,"Auto-estimated beneficiaries for Park F-2,H.No.381,Sunder Nagari (park)"
BEN_AUTO_ASSET_PARK_SNZ_225,ASSET_PARK_SNZ_225,SCH_AMRUT,REG_W218,4477,"Auto-estimated beneficiaries for Park F-2, H.No. 359,Sunder Nagari (park)"
BEN_AUTO_ASSET_PARK_SNZ_226,ASSET_PARK_SNZ_226,SCH_AMRUT,REG_W218,4477,"Auto-estimated beneficiaries for Park F-2, H.No. 221Sunder Nagari (park)"
BEN_AUTO_ASSET_PARK_SNZ_227,ASSET_PARK_SNZ_227,SCH_AMRUT,REG_W218,4477,"Auto-estimated beneficiaries for Park F-2, H.No. 246 Sunder Nagari (park)"
BEN_AUTO_ASSET_PARK_SNZ_228,ASSET_PARK_SNZ_228,SCH_AMRUT,REG_W218,4477,"Auto-estimated beneficiaries for Park F-2, H.No. 187 Sunder Nagari (park)"
BEN_AUTO_ASSET_PARK_SNZ_229,ASSET_PARK_SNZ_229,SCH_AMRUT,REG_W218,4477,"Auto-estimated beneficiaries for Park F-2, H.No. 152 Sunder Nagari (park)"
BEN_AUTO_ASSET_PARK_SNZ_230,ASSET_PARK_SNZ_230,SCH_AMRUT,REG_W218,4477,"Auto-estimated beneficiaries for Park F-2, H.No. 78 Sunder Nagari (park)"
BEN_AUTO_ASSET_PARK_SNZ_231,ASSET_PARK_SNZ_231,SCH_AMRUT,REG_W218,4477,"Auto-estimated beneficiaries for M-Block, Sunder Nargi-110093 (park)"
BEN_AUTO_ASSET_PARK_SNZ_232,ASSET_PARK_SNZ_232,SCH_AMRUT,REG_W218,4477,"Auto-estimated beneficiaries for I-Block ,  Ambedkar Park Sunder Nagari (park)"
BEN_AUTO_ASSET_PARK_SNZ_233,ASSET_PARK_SNZ_233,SCH_AMRUT,REG_W218,4477,"Auto-estimated beneficiaries for M-Block , H.No. - 110, Sunder Nagari (park)"
BEN_AUTO_ASSET_PARK_SNZ_234,ASSET_PARK_SNZ_234,SCH_AMRUT,REG_W218,4477,"Auto-estimated beneficiaries for M-Block, H. No.- 283, Sunder Nagari (park)"
BEN_AUTO_ASSET_PARK_SNZ_235,ASSET_PARK_SNZ_235,SCH_AMRUT,REG_W218,4477,"Auto-estimated beneficiaries for M-Block , Dhobi Ghat Sunder Nagari (park)"
BEN_AUTO_ASSET_PARK_SNZ_236,ASSET_PARK_SNZ_236,SCH_AMRUT,REG_W218,4477,"Auto-estimated beneficiaries for N-Block, H.No. 442 Sunder Nagari (park)"
BEN_AUTO_ASSET_PARK_SNZ_237,ASSET_PARK_SNZ_237,SCH_AMRUT,REG_W218,4477,"Auto-estimated beneficiaries for O- Block , Park, H.No. 33, Sunder Nagari (park)"
BEN_AUTO_ASSET_PARK_SNZ_238,ASSET_PARK_SNZ_238,SCH_AMRUT,REG_W218,4477,"Auto-estimated beneficiaries for O- Block ,Park, H.No. 297 Sunder Nagari (park)"
BEN_AUTO_ASSET_PARK_SNZ_239,ASSET_PARK_SNZ_239,SCH_AMRUT,REG_W218,4477,"Auto-estimated beneficiaries for O- Block , Park, H.No. 430 Sunder Nagari (park)"
BEN_AUTO_ASSET_PARK_SNZ_240,ASSET_PARK_SNZ_240,SCH_AMRUT,REG_W218,4477,"Auto-estimated beneficiaries for J-Block, Park Sunder Nagari (park)"
BEN_AUTO_ASSET_PARK_SNZ_241,ASSET_PARK_SNZ_241,SCH_AMRUT,REG_W218,4477,"Auto-estimated beneficiaries for K-Block,ParkSunder Nagari (park)"
BEN_AUTO_ASSET_PARK_SNZ_242,ASSET_PARK_SNZ_242,SCH_AMRUT,REG_W218,4477,"Auto-estimated beneficiaries for S.K.F.Block, 10-11, No.- 85, Sunder Nagari (park)"
BEN_AUTO_ASSET_PARK_SNZ_243,ASSET_PARK_SNZ_243,SCH_AMRUT,REG_W218,4477,"Auto-estimated beneficiaries for S.K.F.Block, 3-4, No. 42, Sunder Nagari (park)"
BEN_AUTO_ASSET_PARK_SNZ_244,ASSET_PARK_SNZ_244,SCH_AMRUT,REG_W218,4477,"Auto-estimated beneficiaries for S.K.F.Block, 2-3, No. 21-40,, Sunder Nagari (park)"
BEN_AUTO_ASSET_PARK_SNZ_245,ASSET_PARK_SNZ_245,SCH_AMRUT,REG_W218,4477,"Auto-estimated beneficiaries for S.K.F.- Block, L/2, Flat No. 26-27, Sunder Nagari (park)"
BEN_AUTO_ASSET_PARK_SNZ_246,ASSET_PARK_SNZ_246,SCH_AMRUT,REG_W218,4477,"Auto-estimated beneficiaries for S.K.F.- Block,L/7, Flat No. 125,, Sunder Nagari (park)"
BEN_AUTO_ASSET_PARK_SNZ_247,ASSET_PARK_SNZ_247,SCH_AMRUT,REG_W218,4477,"Auto-estimated beneficiaries for S.K.F.- Block, L/8, Flat No, 148, Sunder Nagari (park)"
BEN_AUTO_ASSET_PARK_SNZ_248,ASSET_PARK_SNZ_248,SCH_AMRUT,REG_W218,4477,"Auto-estimated beneficiaries for S.K.F.- Block, L/7, Flat No, 122, Sunder Nagari (park)"
BEN_AUTO_ASSET_PARK_SNZ_249,ASSET_PARK_SNZ_249,SCH_AMRUT,REG_W218,4477,"Auto-estimated beneficiaries for S.K.F.- Block,L/6, flat No. 6-7, Sunder Nagari (park)"
BEN_AUTO_ASSET_PARK_SNZ_250,ASSET_PARK_SNZ_250,SCH_AMRUT,REG_W218,4477,"Auto-estimated beneficiaries for S.K.F.- Block, L/5, Flat No. 82-83,, Sunder Nagari (park)"
BEN_AUTO_ASSET_PARK_SNZ_251,ASSET_PARK_SNZ_251,SCH_AMRUT,REG_W218,4477,"Auto-estimated beneficiaries for L-Block , Sundar Nagari-110093 (park)"
BEN_AUTO_ASSET_PARK_SNZ_252,ASSET_PARK_SNZ_252,SCH_AMRUT,REG_W218,4477,"Auto-estimated beneficiaries for E Block Near Depot , New Seemapuri (park)"
BEN_AUTO_ASSET_PARK_SNZ_253,ASSET_PARK_SNZ_253,SCH_AMRUT,REG_W218,4477,"Auto-estimated beneficiaries for Park A- Block N. No. 1-26 , New Seemapuri DLF Modh 70 Foota (park)"
BEN_AUTO_ASSET_PARK_SNZ_254,ASSET_PARK_SNZ_254,SCH_AMRUT,REG_W218,4477,"Auto-estimated beneficiaries for Park A-Block H. No. 21-26, New Seemapuri (park)"
BEN_AUTO_ASSET_PARK_SNZ_255,ASSET_PARK_SNZ_255,SCH_AMRUT,REG_W218,4477,"Auto-estimated beneficiaries for Park B-Block H.No. 30-31,442 New Seemapuri (park)"
BEN_AUTO_ASSET_PARK_SNZ_256,ASSET_PARK_SNZ_256,SCH_AMRUT,REG_W218,4477,"Auto-estimated beneficiaries for Park B-Block H.No. 30-31, New Seemapuri (park)"
BEN_AUTO_ASSET_PARK_SNZ_257,ASSET_PARK_SNZ_257,SCH_AMRUT,REG_W218,4477,Auto-estimated beneficiaries for Park F-Block near Police Both. New Seemapuri (park)
BEN_AUTO_ASSET_PARK_SNZ_258,ASSET_PARK_SNZ_258,SCH_AMRUT,REG_W218,4477,Auto-estimated beneficiaries for Green area at  (Ambedkar Park New Seema Puri (park)
BEN_AUTO_ASSET_PARK_SNZ_259,ASSET_PARK_SNZ_259,SCH_AMRUT,REG_W219,5968,"Auto-estimated beneficiaries for Park LIG Pocket Opp. H.No. 137,  (Pooja Park) G.T.B. Enclave (park)"
BEN_AUTO_ASSET_PARK_SNZ_260,ASSET_PARK_SNZ_260,SCH_AMRUT,REG_W219,5968,"Auto-estimated beneficiaries for Park LIG Pocket Opp. H.No. 353, (Chanayak Park) G.T.B. Enclave (park)"
BEN_AUTO_ASSET_PARK_SNZ_261,ASSET_PARK_SNZ_261,SCH_AMRUT,REG_W219,5968,"Auto-estimated beneficiaries for Park LIG Pocket Opp. H.No.81-A, G.T.B. Enclave (Neta Ji Subhash Chand Park) (park)"
BEN_AUTO_ASSET_PARK_SNZ_262,ASSET_PARK_SNZ_262,SCH_AMRUT,REG_W219,5968,"Auto-estimated beneficiaries for Park LIG Pocket Opp. H.No. 18-A, (Luthra Park) G.T.B. Enclave (park)"
BEN_AUTO_ASSET_PARK_SNZ_263,ASSET_PARK_SNZ_263,SCH_AMRUT,REG_W219,5968,"Auto-estimated beneficiaries for Park LIG Pocket Opp. H.No. 221-A, (Lab Garg Park) G.T.B. Enclave (park)"
BEN_AUTO_ASSET_PARK_SNZ_264,ASSET_PARK_SNZ_264,SCH_AMRUT,REG_W219,5968,"Auto-estimated beneficiaries for Park LIG Pocket Opp. Near Mother Dairy , G.T.B. Enclave (park)"
BEN_AUTO_ASSET_PARK_SNZ_265,ASSET_PARK_SNZ_265,SCH_AMRUT,REG_W219,5968,"Auto-estimated beneficiaries for Park LIG E-Pocket, H.No. 262-291 (Rama Krishana Park)  G.T.B. Enclave (park)"
BEN_AUTO_ASSET_PARK_SNZ_266,ASSET_PARK_SNZ_266,SCH_AMRUT,REG_W219,5968,"Auto-estimated beneficiaries for Park MIG E- Pocket H.No. 185-142A, Store G.T.B. Enclave (park)"
BEN_AUTO_ASSET_PARK_SNZ_267,ASSET_PARK_SNZ_267,SCH_AMRUT,REG_W219,5968,"Auto-estimated beneficiaries for Park MIG, F- Pocket  H.No. 239+240, Park No. 1 G.T.B. Enclave (park)"
BEN_AUTO_ASSET_PARK_SNZ_268,ASSET_PARK_SNZ_268,SCH_AMRUT,REG_W219,5968,"Auto-estimated beneficiaries for Park MIG, F- Pocket  H.No.137-138, Park No. 2 G.T.B. Enclave (park)"
BEN_AUTO_ASSET_PARK_SNZ_269,ASSET_PARK_SNZ_269,SCH_AMRUT,REG_W219,5968,"Auto-estimated beneficiaries for Park MIG, F- Pocket  H.No. 129-130, Park No. 3 G.T.B. Enclave (park)"
BEN_AUTO_ASSET_PARK_SNZ_270,ASSET_PARK_SNZ_270,SCH_AMRUT,REG_W219,5968,"Auto-estimated beneficiaries for Park MIG, F- Pocket  H.No.191-192, Park No.4  G.T.B. Enclave (park)"
BEN_AUTO_ASSET_PARK_SNZ_271,ASSET_PARK_SNZ_271,SCH_AMRUT,REG_W219,5968,"Auto-estimated beneficiaries for Park MIG, F- Pocket  H.No. 233-234, Park No.5 G.T.B. Enclave (park)"
BEN_AUTO_ASSET_PARK_SNZ_272,ASSET_PARK_SNZ_272,SCH_AMRUT,REG_W219,5968,"Auto-estimated beneficiaries for Park MIG, F- Pocket  H.No. 231-243 A, Park No. 6 G.T.B. Enclave (park)"
BEN_AUTO_ASSET_PARK_SNZ_273,ASSET_PARK_SNZ_273,SCH_AMRUT,REG_W219,5968,"Auto-estimated beneficiaries for Park MIG, F- Pocket  H.No. 141-132, Park No. 7 G.T.B. Enclave (park)"
BEN_AUTO_ASSET_PARK_SNZ_274,ASSET_PARK_SNZ_274,SCH_AMRUT,REG_W219,5968,"Auto-estimated beneficiaries for MIG, Park No. 08 F-Pocket  G.T.B. Enclave (park)"
BEN_AUTO_ASSET_PARK_SNZ_275,ASSET_PARK_SNZ_275,SCH_AMRUT,REG_W219,5968,"Auto-estimated beneficiaries for Park MIG, F- Pocket  H.No. 239+240, Park No. 1 G.T.B. Enclave (park)"
BEN_AUTO_ASSET_PARK_SNZ_276,ASSET_PARK_SNZ_276,SCH_AMRUT,REG_W219,5968,"Auto-estimated beneficiaries for MIG Park No. 10 F-Pocket H. No. 175 A, G.T.B Enclave (park)"
BEN_AUTO_ASSET_PARK_SNZ_277,ASSET_PARK_SNZ_277,SCH_AMRUT,REG_W219,5968,"Auto-estimated beneficiaries for Park MIG, F- Pocket  H.No. 173A , Park No. 11 G.T.B. Enclave (park)"
BEN_AUTO_ASSET_PARK_SNZ_278,ASSET_PARK_SNZ_278,SCH_AMRUT,REG_W219,5968,"Auto-estimated beneficiaries for Park MIG, F- Pocket  H.No. 87A, Park No. 12 G.T.B. Enclave (park)"
BEN_AUTO_ASSET_PARK_SNZ_279,ASSET_PARK_SNZ_279,SCH_AMRUT,REG_W219,5968,"Auto-estimated beneficiaries for Park MIG, F- Pocket  H.No. 127, Park No. 13 G.T.B. Enclave (park)"
BEN_AUTO_ASSET_PARK_SNZ_280,ASSET_PARK_SNZ_280,SCH_AMRUT,REG_W219,5968,"Auto-estimated beneficiaries for Park MIG, F- Pocket  H.No. 221, Park No.14 G.T.B. Enclave (park)"
BEN_AUTO_ASSET_PARK_SNZ_281,ASSET_PARK_SNZ_281,SCH_AMRUT,REG_W219,5968,"Auto-estimated beneficiaries for Park MIG, F- Pocket  H.No. 201, Park No. 15 G.T.B. Enclave (park)"
BEN_AUTO_ASSET_PARK_SNZ_282,ASSET_PARK_SNZ_282,SCH_AMRUT,REG_W219,5968,"Auto-estimated beneficiaries for Park MIG, F- Pocket  H.No. 121, Park No. 16 G.T.B. Enclave (park)"
BEN_AUTO_ASSET_PARK_SNZ_283,ASSET_PARK_SNZ_283,SCH_AMRUT,REG_W219,5968,"Auto-estimated beneficiaries for Park MIG, F- Pocket  H.No. 109, Park No. 17 G.T.B. Enclave (park)"
BEN_AUTO_ASSET_PARK_SNZ_284,ASSET_PARK_SNZ_284,SCH_AMRUT,REG_W219,5968,"Auto-estimated beneficiaries for Park MIG, F- Pocket  H.No.205 Park No. 18 G.T.B. Enclave (park)"
BEN_AUTO_ASSET_PARK_SNZ_285,ASSET_PARK_SNZ_285,SCH_AMRUT,REG_W219,5968,"Auto-estimated beneficiaries for Park MIG, F- Pocket  H.No. 167, Park No. 19 G.T.B. Enclave (park)"
BEN_AUTO_ASSET_PARK_SNZ_286,ASSET_PARK_SNZ_286,SCH_AMRUT,REG_W219,5968,"Auto-estimated beneficiaries for Park MIG, F- Pocket  H.No. 157, Park No. 20 G.T.B. Enclave (park)"
BEN_AUTO_ASSET_PARK_SNZ_287,ASSET_PARK_SNZ_287,SCH_AMRUT,REG_W219,5968,"Auto-estimated beneficiaries for Park MIG, F- Pocket  H.No.113, Park No. 21 G.T.B. Enclave (park)"
BEN_AUTO_ASSET_PARK_SNZ_288,ASSET_PARK_SNZ_288,SCH_AMRUT,REG_W219,5968,"Auto-estimated beneficiaries for Park MIG, F- Pocket Park No. 22 G.T.B. Enclave (park)"
BEN_AUTO_ASSET_PARK_SNZ_289,ASSET_PARK_SNZ_289,SCH_AMRUT,REG_W219,5968,"Auto-estimated beneficiaries for Park MIG, F- Pocket  H.No.90, Park No. 23 G.T.B. Enclave (park)"
BEN_AUTO_ASSET_PARK_SNZ_290,ASSET_PARK_SNZ_290,SCH_AMRUT,REG_W219,5968,"Auto-estimated beneficiaries for Park MIG, F- Pocket  H.No. 40, Park No. 24 G.T.B. Enclave (park)"
BEN_AUTO_ASSET_PARK_SNZ_291,ASSET_PARK_SNZ_291,SCH_AMRUT,REG_W219,5968,"Auto-estimated beneficiaries for Park MIG, F- Pocket  H.No. 95, Park No. 25 G.T.B. Enclave (park)"
BEN_AUTO_ASSET_PARK_SNZ_292,ASSET_PARK_SNZ_292,SCH_AMRUT,REG_W219,5968,"Auto-estimated beneficiaries for Park MIG, F- Pocket  H.No. 1-2, Park No. 26 G.T.B. Enclave (park)"
BEN_AUTO_ASSET_PARK_SNZ_293,ASSET_PARK_SNZ_293,SCH_AMRUT,REG_W219,5968,"Auto-estimated beneficiaries for Park MIG, F- Pocket Green Belt , Park No. 27 G.T.B. Enclave (park)"
BEN_AUTO_ASSET_PARK_SNZ_294,ASSET_PARK_SNZ_294,SCH_AMRUT,REG_W219,5968,"Auto-estimated beneficiaries for Park MIG, F- Pocket  H.No. 9-10A, Park No. 28 G.T.B. Enclave (park)"
BEN_AUTO_ASSET_PARK_SNZ_295,ASSET_PARK_SNZ_295,SCH_AMRUT,REG_W219,5968,"Auto-estimated beneficiaries for Park MIG, F- Pocket  H.No. 15, Park No. 29 G.T.B. Enclave (park)"
BEN_AUTO_ASSET_PARK_SNZ_296,ASSET_PARK_SNZ_296,SCH_AMRUT,REG_W219,5968,"Auto-estimated beneficiaries for Park MIG, F- Pocket  H.No. 57-58, Park No. 30 G.T.B. Enclave (park)"
BEN_AUTO_ASSET_PARK_SNZ_297,ASSET_PARK_SNZ_297,SCH_AMRUT,REG_W219,5968,"Auto-estimated beneficiaries for Park MIG, F- Pocket  H.No. 31-32, Park No. 31 G.T.B. Enclave (park)"
BEN_AUTO_ASSET_PARK_SNZ_298,ASSET_PARK_SNZ_298,SCH_AMRUT,REG_W219,5968,"Auto-estimated beneficiaries for Park MIG, F- Pocket  H.No. 19-20, Park No. 32 G.T.B. Enclave (park)"
BEN_AUTO_ASSET_PARK_SNZ_299,ASSET_PARK_SNZ_299,SCH_AMRUT,REG_W219,5968,"Auto-estimated beneficiaries for Park MIG, F- Pocket , Park No. 33 G.T.B. Enclave (park)"
BEN_AUTO_ASSET_PARK_SNZ_300,ASSET_PARK_SNZ_300,SCH_AMRUT,REG_W219,5968,"Auto-estimated beneficiaries for Park MIG, F- Pocket  H.No. 65, Park No.34 G.T.B. Enclave (park)"
BEN_AUTO_ASSET_PARK_SNZ_301,ASSET_PARK_SNZ_301,SCH_AMRUT,REG_W219,5968,"Auto-estimated beneficiaries for Park MIG, F- Pocket  H.No. 67, Park No. 35 G.T.B. Enclave (park)"
BEN_AUTO_ASSET_PARK_SNZ_302,ASSET_PARK_SNZ_302,SCH_AMRUT,REG_W219,5968,"Auto-estimated beneficiaries for Park MIG, F- Pocket  H.No. 69, Park No. 36 G.T.B. Enclave (park)"
BEN_AUTO_ASSET_PARK_SNZ_303,ASSET_PARK_SNZ_303,SCH_AMRUT,REG_W219,5968,"Auto-estimated beneficiaries for Park MIG, F- Pocket  H.No. 72, Park No. 37 G.T.B. Enclave (park)"
BEN_AUTO_ASSET_PARK_SNZ_304,ASSET_PARK_SNZ_304,SCH_AMRUT,REG_W219,5968,"Auto-estimated beneficiaries for Park MIG, F- Pocket  Green Belt  H.No. 97 G.T.B. Enclave (park)"
BEN_AUTO_ASSET_PARK_SNZ_305,ASSET_PARK_SNZ_305,SCH_AMRUT,REG_W219,5968,"Auto-estimated beneficiaries for Park MIG, F- Pocket  Green Belt  G.T.B. Enclave (park)"
BEN_AUTO_ASSET_PARK_SNZ_306,ASSET_PARK_SNZ_306,SCH_AMRUT,REG_W219,5968,"Auto-estimated beneficiaries for Park MIG, F- Pocket  H.No. 185, G.T.B. Enclave (park)"
BEN_AUTO_ASSET_PARK_SNZ_307,ASSET_PARK_SNZ_307,SCH_AMRUT,REG_W219,5968,"Auto-estimated beneficiaries for Mahila Park C-Block, H.No. C-69X2  Dilshad Garden (park)"
BEN_AUTO_ASSET_PARK_SNZ_308,ASSET_PARK_SNZ_308,SCH_AMRUT,REG_W219,5968,Auto-estimated beneficiaries for C-Block Store Park C-68X4 Dilshad Garnden (park)
BEN_AUTO_ASSET_PARK_SNZ_309,ASSET_PARK_SNZ_309,SCH_AMRUT,REG_W219,5968,Auto-estimated beneficiaries for C-Block Opp. H.No. C-68X2 Park Dilshad Garnden (park)
BEN_AUTO_ASSET_PARK_SNZ_310,ASSET_PARK_SNZ_310,SCH_AMRUT,REG_W219,5968,Auto-estimated beneficiaries for C-Block Opp. H.No. C-63X3 Park Dilshad Garnden (park)
BEN_AUTO_ASSET_PARK_SNZ_311,ASSET_PARK_SNZ_311,SCH_AMRUT,REG_W219,5968,Auto-estimated beneficiaries for C-Block Opp. H.No. C-68X3 Park Dilshad Garnden (park)
BEN_AUTO_ASSET_PARK_SNZ_312,ASSET_PARK_SNZ_312,SCH_AMRUT,REG_W219,5968,Auto-estimated beneficiaries for C-Block Opp. H.No. C-51X4 Park Dilshad Garnden (park)
BEN_AUTO_ASSET_PARK_SNZ_313,ASSET_PARK_SNZ_313,SCH_AMRUT,REG_W219,5968,Auto-estimated beneficiaries for C-Block Opp. H.No. C 53X1  Park Dilshad Garnden (park)
BEN_AUTO_ASSET_PARK_SNZ_314,ASSET_PARK_SNZ_314,SCH_AMRUT,REG_W219,5968,Auto-estimated beneficiaries for C-Block Opp. H.No. C 62Y2 Park Dilshad Garnden (park)
BEN_AUTO_ASSET_PARK_SNZ_315,ASSET_PARK_SNZ_315,SCH_AMRUT,REG_W219,5968,Auto-estimated beneficiaries for C-Block Golchakar Park Dilshad Garnden (park)
BEN_AUTO_ASSET_PARK_SNZ_316,ASSET_PARK_SNZ_316,SCH_AMRUT,REG_W219,5968,Auto-estimated beneficiaries for C-Block Opp. H.No.  C–2/G-2 Park Dilshad Garnden (park)
BEN_AUTO_ASSET_PARK_SNZ_317,ASSET_PARK_SNZ_317,SCH_AMRUT,REG_W219,5968,Auto-estimated beneficiaries for C-Block Opp. H.No. C–9 Park Dilshad Garnden (park)
BEN_AUTO_ASSET_PARK_SNZ_318,ASSET_PARK_SNZ_318,SCH_AMRUT,REG_W219,5968,Auto-estimated beneficiaries for C-Block Opp. H.No. C–6 Park Dilshad Garnden (park)
BEN_AUTO_ASSET_PARK_SNZ_319,ASSET_PARK_SNZ_319,SCH_AMRUT,REG_W219,5968,Auto-estimated beneficiaries for C-Block Opp. H.No. C–18X1 Park Dilshad Garnden (park)
BEN_AUTO_ASSET_PARK_SNZ_320,ASSET_PARK_SNZ_320,SCH_AMRUT,REG_W219,5968,Auto-estimated beneficiaries for C-Block Opp. H.No. C–19X1 Park Dilshad Garnden (park)
BEN_AUTO_ASSET_PARK_SNZ_321,ASSET_PARK_SNZ_321,SCH_AMRUT,REG_W219,5968,Auto-estimated beneficiaries for C-Block Opp. H.No. C–19X1 Park Dilshad Garnden (park)
BEN_AUTO_ASSET_PARK_SNZ_322,ASSET_PARK_SNZ_322,SCH_AMRUT,REG_W219,5968,Auto-estimated beneficiaries for C-Block Opp. H.No. C–28Y1 Park Dilshad Garnden (park)
BEN_AUTO_ASSET_PARK_SNZ_323,ASSET_PARK_SNZ_323,SCH_AMRUT,REG_W219,5968,Auto-estimated beneficiaries for C-Block Opp. H.No. C–40 Park Dilshad Garnden (park)
BEN_AUTO_ASSET_PARK_SNZ_324,ASSET_PARK_SNZ_324,SCH_AMRUT,REG_W219,5968,"Auto-estimated beneficiaries for C-Block Central Park,  H.No. C-23 (Maharaja Surjmal) Dilshad Garnden,-110095 (park)"
BEN_AUTO_ASSET_PARK_SNZ_325,ASSET_PARK_SNZ_325,SCH_AMRUT,REG_W219,5968,"Auto-estimated beneficiaries for Central Park A-Pocket , Opp. H.No. 40A. Dilshal Garden (park)"
BEN_AUTO_ASSET_PARK_SNZ_326,ASSET_PARK_SNZ_326,SCH_AMRUT,REG_W219,5968,"Auto-estimated beneficiaries for Opp. Store Park A-Pocket , Opp. H.No. 154A. Dilshal Garden (park)"
BEN_AUTO_ASSET_PARK_SNZ_327,ASSET_PARK_SNZ_327,SCH_AMRUT,REG_W219,5968,"Auto-estimated beneficiaries for Park A-Pocket , Opp. H.No. 81A. Dilshal Garden (park)"
BEN_AUTO_ASSET_PARK_SNZ_328,ASSET_PARK_SNZ_328,SCH_AMRUT,REG_W219,5968,"Auto-estimated beneficiaries for Tikona Big Park A-Pocket , Opp. H.No. 6A. Dilshal Garden (park)"
BEN_AUTO_ASSET_PARK_SNZ_329,ASSET_PARK_SNZ_329,SCH_AMRUT,REG_W219,5968,"Auto-estimated beneficiaries for Tikona Small Park A-Pocket , Opp. H.No. 16A. Dilshal Garden (park)"
BEN_AUTO_ASSET_PARK_SNZ_330,ASSET_PARK_SNZ_330,SCH_AMRUT,REG_W219,5968,"Auto-estimated beneficiaries for Park D-Pocket Opp. H.No. 547, Dilshad Garden (park)"
BEN_AUTO_ASSET_PARK_SNZ_331,ASSET_PARK_SNZ_331,SCH_AMRUT,REG_W219,5968,"Auto-estimated beneficiaries for Park D-Pocket Opp. H.No. 781, Dilshad Garden (park)"
BEN_AUTO_ASSET_PARK_SNZ_332,ASSET_PARK_SNZ_332,SCH_AMRUT,REG_W219,5968,"Auto-estimated beneficiaries for Park D-Pocket Opp. H.No. 866, Dilshad Garden (park)"
BEN_AUTO_ASSET_PARK_SNZ_333,ASSET_PARK_SNZ_333,SCH_AMRUT,REG_W219,5968,"Auto-estimated beneficiaries for Park D-Pocket Opp. H.No. 266, Dilshad Garden (park)"
BEN_AUTO_ASSET_PARK_SNZ_334,ASSET_PARK_SNZ_334,SCH_AMRUT,REG_W219,5968,"Auto-estimated beneficiaries for Park D-Pocket Opp. H.No.525,(Goyal Park) Dilshad Garden (park)"
BEN_AUTO_ASSET_PARK_SNZ_335,ASSET_PARK_SNZ_335,SCH_AMRUT,REG_W219,5968,"Auto-estimated beneficiaries for Park R-Pocket Opp. H.No. 24A, Dilshad Garden (park)"
BEN_AUTO_ASSET_PARK_SNZ_336,ASSET_PARK_SNZ_336,SCH_AMRUT,REG_W219,5968,"Auto-estimated beneficiaries for Park R-Pocket Opp. H.No. 54A, Dilshad Garden (park)"
BEN_AUTO_ASSET_PARK_SNZ_337,ASSET_PARK_SNZ_337,SCH_AMRUT,REG_W219,5968,"Auto-estimated beneficiaries for Park Q-Pocket Opp. H.No. 303, Dilshad Garden (park)"
BEN_AUTO_ASSET_PARK_SNZ_338,ASSET_PARK_SNZ_338,SCH_AMRUT,REG_W219,5968,"Auto-estimated beneficiaries for Park Q-Pocket Opp. H.No. 554, Dilshad Garden (park)"
BEN_AUTO_ASSET_PARK_SNZ_339,ASSET_PARK_SNZ_339,SCH_AMRUT,REG_W219,5968,"Auto-estimated beneficiaries for Park Q-Pocket Opp. H.No.2014& 213, Dilshad Garden (park)"
BEN_AUTO_ASSET_PARK_SNZ_340,ASSET_PARK_SNZ_340,SCH_AMRUT,REG_W219,5968,"Auto-estimated beneficiaries for Park Q-Pocket Opp. H.No. 322, Dilshad Garden (park)"
BEN_AUTO_ASSET_PARK_SNZ_341,ASSET_PARK_SNZ_341,SCH_AMRUT,REG_W219,5968,"Auto-estimated beneficiaries for Park Q-Pocket Opp. H.No. 392, Dilshad Garden (park)"
BEN_AUTO_ASSET_PARK_SNZ_342,ASSET_PARK_SNZ_342,SCH_AMRUT,REG_W219,5968,Auto-estimated beneficiaries for Store Park Swami Dayanand  Hospital (park)
BEN_AUTO_ASSET_PARK_SNZ_343,ASSET_PARK_SNZ_343,SCH_AMRUT,REG_W219,5968,Auto-estimated beneficiaries for Swami Dayanand Hospital Opp. Blood Bank (park)
BEN_AUTO_ASSET_PARK_SNZ_344,ASSET_PARK_SNZ_344,SCH_AMRUT,REG_W219,5968,Auto-estimated beneficiaries for Swami Dayanand Hospital Behind of Kitchen (park)
BEN_AUTO_ASSET_PARK_SNZ_345,ASSET_PARK_SNZ_345,SCH_AMRUT,REG_W219,5968,Auto-estimated beneficiaries for Park Swami Dayanand Hospital inside the ward (park)
BEN_AUTO_ASSET_PARK_SNZ_346,ASSET_PARK_SNZ_346,SCH_AMRUT,REG_W219,5968,Auto-estimated beneficiaries for Swami Dayanand Hospital Park opp. Police Room (park)
BEN_AUTO_ASSET_PARK_SNZ_347,ASSET_PARK_SNZ_347,SCH_AMRUT,REG_W219,5968,Auto-estimated beneficiaries for Swami Dayanand Hospital Park opp. Emergency (park)
BEN_AUTO_ASSET_PARK_SNZ_348,ASSET_PARK_SNZ_348,SCH_AMRUT,REG_W219,5968,"Auto-estimated beneficiaries for Park of Bustar Pump, Swami Dayanand Hospital (park)"
BEN_AUTO_ASSET_PARK_SNZ_349,ASSET_PARK_SNZ_349,SCH_AMRUT,REG_W219,5968,"Auto-estimated beneficiaries for Park Green Belt Opp. C.T.Scane, Swami Dayanand Hospital (park)"
BEN_AUTO_ASSET_PARK_SNZ_350,ASSET_PARK_SNZ_350,SCH_AMRUT,REG_W219,5968,"Auto-estimated beneficiaries for Park Opp. Ayurvedic, Swami Dayanand Hospital (park)"
BEN_AUTO_ASSET_PARK_SNZ_351,ASSET_PARK_SNZ_351,SCH_AMRUT,REG_W219,5968,"Auto-estimated beneficiaries for Pak Opp. MS. Office, Dayanand Park (park)"
BEN_AUTO_ASSET_PARK_SNZ_352,ASSET_PARK_SNZ_352,SCH_AMRUT,REG_W219,5968,"Auto-estimated beneficiaries for Park Behind . Ms. Office , Dayanand Park (park)"
BEN_AUTO_ASSET_PARK_SNZ_353,ASSET_PARK_SNZ_353,SCH_AMRUT,REG_W219,5968,"Auto-estimated beneficiaries for Park (Patti) Child Infornt Privete Ward., Dayanand Hospital (park)"
BEN_AUTO_ASSET_PARK_SNZ_354,ASSET_PARK_SNZ_354,SCH_AMRUT,REG_W219,5968,"Auto-estimated beneficiaries for Park, Dr. Quarter wala, Dayanand Hospital (park)"
BEN_AUTO_ASSET_PARK_SNZ_355,ASSET_PARK_SNZ_355,SCH_AMRUT,REG_W219,5968,"Auto-estimated beneficiaries for Park Opp. Works Division, Dayanand Park (park)"
BEN_AUTO_ASSET_PARK_SNZ_356,ASSET_PARK_SNZ_356,SCH_AMRUT,REG_W219,5968,"Auto-estimated beneficiaries for Park of Staff Quarter, Pump wala, Dayanand Hospital -110095 (park)"
BEN_AUTO_ASSET_PARK_SNZ_357,ASSET_PARK_SNZ_357,SCH_AMRUT,REG_W219,5968,"Auto-estimated beneficiaries for Park of Staff Quarter, Dayanand Hospital -110095 (park)"
BEN_AUTO_ASSET_PARK_SNZ_358,ASSET_PARK_SNZ_358,SCH_AMRUT,REG_W219,5968,"Auto-estimated beneficiaries for Park Opp. Homeopathic, Dayanand Hospital -110095 (park)"
BEN_AUTO_ASSET_PARK_SNZ_359,ASSET_PARK_SNZ_359,SCH_AMRUT,REG_W219,5968,"Auto-estimated beneficiaries for Park Infornt of Narsing Collage, Dayanand Hospital -110095 (park)"
BEN_AUTO_ASSET_PARK_SNZ_360,ASSET_PARK_SNZ_360,SCH_AMRUT,REG_W219,5968,"Auto-estimated beneficiaries for Park Infornt of Gate No. 2, Dayanand Hospital -110095 (park)"
BEN_AUTO_ASSET_PARK_SNZ_361,ASSET_PARK_SNZ_361,SCH_AMRUT,REG_W219,5968,"Auto-estimated beneficiaries for Park Opp. Record Room, Dayanand Hospital -110095 (park)"
BEN_AUTO_ASSET_PARK_SNZ_362,ASSET_PARK_SNZ_362,SCH_AMRUT,REG_W219,5968,"Auto-estimated beneficiaries for Park Opp. Janta Flat, H.No. 138, (park)"
BEN_AUTO_ASSET_PARK_SNZ_363,ASSET_PARK_SNZ_363,SCH_AMRUT,REG_W219,5968,"Auto-estimated beneficiaries for Park Opp. Janta Flat, H.No. 111, (park)"
BEN_AUTO_ASSET_PARK_SNZ_364,ASSET_PARK_SNZ_364,SCH_AMRUT,REG_W219,5968,"Auto-estimated beneficiaries for Park Opp. Janta Flat, H.No. 498, (park)"
BEN_AUTO_ASSET_PARK_SNZ_365,ASSET_PARK_SNZ_365,SCH_AMRUT,REG_W219,5968,"Auto-estimated beneficiaries for Park Opp. Janta Flat, H.No. 810 (park)"
BEN_AUTO_ASSET_PARK_SNZ_366,ASSET_PARK_SNZ_366,SCH_AMRUT,REG_W219,5968,"Auto-estimated beneficiaries for Park Opp. Janta Flat, H.No. 1530 (park)"
BEN_AUTO_ASSET_PARK_SNZ_367,ASSET_PARK_SNZ_367,SCH_AMRUT,REG_W219,5968,"Auto-estimated beneficiaries for Park Opp. Janta Flat, H.No.1264 (park)"
BEN_AUTO_ASSET_PARK_SNZ_368,ASSET_PARK_SNZ_368,SCH_AMRUT,REG_W219,5968,"Auto-estimated beneficiaries for Park Opp. Janta Flat, H.No. 2044 (park)"
BEN_AUTO_ASSET_PARK_SNZ_369,ASSET_PARK_SNZ_369,SCH_AMRUT,REG_W219,5968,"Auto-estimated beneficiaries for Park Opp. Janta Flat, H.No. 1805 (park)"
BEN_AUTO_ASSET_PARK_SNZ_370,ASSET_PARK_SNZ_370,SCH_AMRUT,REG_W219,5968,"Auto-estimated beneficiaries for Park MIG, A-Pocket Opp. H.No. 59, G.T.B. Enclave (park)"
BEN_AUTO_ASSET_PARK_SNZ_371,ASSET_PARK_SNZ_371,SCH_AMRUT,REG_W219,5968,"Auto-estimated beneficiaries for Park MIG, A-Pocket Opp. H.No. 55, G.T.B. Enclave (park)"
BEN_AUTO_ASSET_PARK_SNZ_372,ASSET_PARK_SNZ_372,SCH_AMRUT,REG_W219,5968,"Auto-estimated beneficiaries for Park MIG, A-Pocket Opp. H.No. 51, G.T.B. Enclave (park)"
BEN_AUTO_ASSET_PARK_SNZ_373,ASSET_PARK_SNZ_373,SCH_AMRUT,REG_W219,5968,"Auto-estimated beneficiaries for Park MIG, A-Pocket Opp. H.No.18 G.T.B. Enclave (park)"
BEN_AUTO_ASSET_PARK_SNZ_374,ASSET_PARK_SNZ_374,SCH_AMRUT,REG_W219,5968,"Auto-estimated beneficiaries for Park MIG, A-Pocket Opp. H.No. 36, G.T.B. Enclave (park)"
BEN_AUTO_ASSET_PARK_SNZ_375,ASSET_PARK_SNZ_375,SCH_AMRUT,REG_W219,5968,"Auto-estimated beneficiaries for Park MIG, A-Pocket Opp. H.No. 30, G.T.B. Enclave (park)"
BEN_AUTO_ASSET_PARK_SNZ_376,ASSET_PARK_SNZ_376,SCH_AMRUT,REG_W219,5968,"Auto-estimated beneficiaries for Park LIG,B- Pocket Opp. H. No. 126, G.T.B.V Enclave -110095 (park)"
BEN_AUTO_ASSET_PARK_SNZ_377,ASSET_PARK_SNZ_377,SCH_AMRUT,REG_W219,5968,"Auto-estimated beneficiaries for Park LIG,B- Pocket Opp. H. No.82, G.T.B.V Enclave -110095 (park)"
BEN_AUTO_ASSET_PARK_SNZ_378,ASSET_PARK_SNZ_378,SCH_AMRUT,REG_W219,5968,"Auto-estimated beneficiaries for Park LIG,B- Pocket Opp. H. No.42 , G.T.B.V Enclave -110095 (park)"
BEN_AUTO_ASSET_PARK_SNZ_379,ASSET_PARK_SNZ_379,SCH_AMRUT,REG_W219,5968,"Auto-estimated beneficiaries for Park LIG, C–Pocket, Ambedkar park , G.T.B. Inclave  -110095 (park)"
BEN_AUTO_ASSET_PARK_SNZ_380,ASSET_PARK_SNZ_380,SCH_AMRUT,REG_W219,5968,"Auto-estimated beneficiaries for Parl LIG, C– Pocket Opp. H.No. 74 , G.T.B. Enclave (park)"
BEN_AUTO_ASSET_PARK_SNZ_381,ASSET_PARK_SNZ_381,SCH_AMRUT,REG_W219,5968,"Auto-estimated beneficiaries for Parl LIG, C– Pocket Opp. H.No. 2 , G.T.B. Enclave (park)"
BEN_AUTO_ASSET_PARK_SNZ_382,ASSET_PARK_SNZ_382,SCH_AMRUT,REG_W219,5968,"Auto-estimated beneficiaries for Parl LIG, D– Pocket Opp. H.No.64 , G.T.B. Enclave (park)"
BEN_AUTO_ASSET_PARK_SNZ_383,ASSET_PARK_SNZ_383,SCH_AMRUT,REG_W219,5968,"Auto-estimated beneficiaries for Parl LIG, D– Pocket Opp. H.No. 46, G.T.B. Enclave (park)"
BEN_AUTO_ASSET_PARK_SNZ_384,ASSET_PARK_SNZ_384,SCH_AMRUT,REG_W219,5968,"Auto-estimated beneficiaries for Parl LIG, D– Pocket Opp. H.No. 67 , G.T.B. Enclave (park)"
BEN_AUTO_ASSET_PARK_SNZ_385,ASSET_PARK_SNZ_385,SCH_AMRUT,REG_W219,5968,"Auto-estimated beneficiaries for Park P-Pkt. Opp. H.No. P 7/4A, (Central Park) Dilshad Garden (park)"
BEN_AUTO_ASSET_PARK_SNZ_386,ASSET_PARK_SNZ_386,SCH_AMRUT,REG_W219,5968,"Auto-estimated beneficiaries for Park P-Pkt. Opp. H.No.P14/A2, (Cow wala) Dilshad Garden (park)"
BEN_AUTO_ASSET_PARK_SNZ_387,ASSET_PARK_SNZ_387,SCH_AMRUT,REG_W219,5968,"Auto-estimated beneficiaries for Park P-Pkt. Opp. H.No. P35, Dilshad Garden (park)"
BEN_AUTO_ASSET_PARK_SNZ_388,ASSET_PARK_SNZ_388,SCH_AMRUT,REG_W219,5968,"Auto-estimated beneficiaries for Park O-Pkt. Opp. H.No. O-28/A2, Dilshad Garden (park)"
BEN_AUTO_ASSET_PARK_SNZ_389,ASSET_PARK_SNZ_389,SCH_AMRUT,REG_W219,5968,"Auto-estimated beneficiaries for Park O-Pkt. Opp. H.No. O-18/A2, Dilshad Garden (park)"
BEN_AUTO_ASSET_PARK_SNZ_390,ASSET_PARK_SNZ_390,SCH_AMRUT,REG_W219,5968,"Auto-estimated beneficiaries for Park O-Pkt. Opp. H.No. O.34/A3, Dilshad Garden (park)"
BEN_AUTO_ASSET_PARK_SNZ_391,ASSET_PARK_SNZ_391,SCH_AMRUT,REG_W219,5968,Auto-estimated beneficiaries for Park O-Pkt. Opp. H.No.O.23/A4 Dilshad Garden (park)
BEN_AUTO_ASSET_PARK_SNZ_392,ASSET_PARK_SNZ_392,SCH_AMRUT,REG_W219,5968,"Auto-estimated beneficiaries for Subhash Park , Kushtha Ashram, Dilshad Garden (park)"
BEN_AUTO_ASSET_PARK_SNZ_393,ASSET_PARK_SNZ_393,SCH_AMRUT,REG_W219,5968,Auto-estimated beneficiaries for Main Road Tahirpur-110095 (Ahilaya Bai) (park)
BEN_AUTO_ASSET_PARK_SNZ_394,ASSET_PARK_SNZ_394,SCH_AMRUT,REG_W219,5968,"Auto-estimated beneficiaries for Park Inforent Mpl School Laproshi Home , Tahirpur-110095 (park)"
BEN_AUTO_ASSET_PARK_SNZ_395,ASSET_PARK_SNZ_395,SCH_AMRUT,REG_W219,5968,"Auto-estimated beneficiaries for Park H.No.18 ,417 Main road , Mandir wala , Tahirpur-110095 (park)"
BEN_AUTO_ASSET_PARK_SNZ_396,ASSET_PARK_SNZ_396,SCH_AMRUT,REG_W219,5968,Auto-estimated beneficiaries for Green Belt  No. 1 Tahirpur  (Ambedker Park) (park)
BEN_AUTO_ASSET_PARK_SNZ_397,ASSET_PARK_SNZ_397,SCH_AMRUT,REG_W219,5968,Auto-estimated beneficiaries for Green Belt  Tahirpur (Bhagat Singh Park) (park)
BEN_AUTO_ASSET_PARK_SNZ_398,ASSET_PARK_SNZ_398,SCH_AMRUT,REG_W219,5968,"Auto-estimated beneficiaries for A & B - Block , Near Desu, Dilshad colony (Near Surkhsa Nursing Home) (park)"
BEN_AUTO_ASSET_PARK_SNZ_399,ASSET_PARK_SNZ_399,SCH_AMRUT,REG_W219,5968,Auto-estimated beneficiaries for Park DDA  Flat H. No. 292 & 294  New Seemapuri (park)
BEN_AUTO_ASSET_PARK_SNZ_400,ASSET_PARK_SNZ_400,SCH_AMRUT,REG_W219,5968,Auto-estimated beneficiaries for Park DDA  Flat H. No.143 & 173  New Seemapuri (park)
BEN_AUTO_ASSET_PARK_SNZ_401,ASSET_PARK_SNZ_401,SCH_AMRUT,REG_W219,5968,"Auto-estimated beneficiaries for Park E-Block, Mkt. Park, Dilshard Garden (park)"
BEN_AUTO_ASSET_PARK_SNZ_402,ASSET_PARK_SNZ_402,SCH_AMRUT,REG_W219,5968,"Auto-estimated beneficiaries for Green Area,Near Dilshad Colony (3 No. Gate) New SeemaPuri-110095 (park)"
BEN_AUTO_ASSET_PARK_SNZ_403,ASSET_PARK_SNZ_403,SCH_AMRUT,REG_W219,5968,Auto-estimated beneficiaries for Park & Water Body at New Seemapuri (park)
BEN_AUTO_ASSET_PARK_SNZ_404,ASSET_PARK_SNZ_404,SCH_AMRUT,REG_W220,822,"Auto-estimated beneficiaries for Park A-1 H.No. 141, Nand Nagari (park)"
BEN_AUTO_ASSET_PARK_SNZ_405,ASSET_PARK_SNZ_405,SCH_AMRUT,REG_W220,822,"Auto-estimated beneficiaries for Park A-2 Market Wala , Nand Nagari (park)"
BEN_AUTO_ASSET_PARK_SNZ_406,ASSET_PARK_SNZ_406,SCH_AMRUT,REG_W220,822,"Auto-estimated beneficiaries for Park A-2 Inside, H.No. 141, Nand Nagari (park)"
BEN_AUTO_ASSET_PARK_SNZ_407,ASSET_PARK_SNZ_407,SCH_AMRUT,REG_W220,822,"Auto-estimated beneficiaries for Park A-2, Subhash Souchalaya Wala, Nand Nagari (park)"
BEN_AUTO_ASSET_PARK_SNZ_408,ASSET_PARK_SNZ_408,SCH_AMRUT,REG_W220,822,"Auto-estimated beneficiaries for Park A-3, Near, H.No. 391, Nand Nagari (park)"
BEN_AUTO_ASSET_PARK_SNZ_409,ASSET_PARK_SNZ_409,SCH_AMRUT,REG_W220,822,"Auto-estimated beneficiaries for Park A-4, H.No. 249, Behind School, Nand Nagari (park)"
BEN_AUTO_ASSET_PARK_SNZ_410,ASSET_PARK_SNZ_410,SCH_AMRUT,REG_W220,822,"Auto-estimated beneficiaries for Park A-4, H.No. 391. Nand Nagari (park)"
BEN_AUTO_ASSET_PARK_SNZ_411,ASSET_PARK_SNZ_411,SCH_AMRUT,REG_W220,822,"Auto-estimated beneficiaries for Park B-1, Near H.No. 391, Nand Nagari (park)"
BEN_AUTO_ASSET_PARK_SNZ_412,ASSET_PARK_SNZ_412,SCH_AMRUT,REG_W220,822,"Auto-estimated beneficiaries for Park B-2, Mkt. Wala , H. No. 250, Nand Nagari (park)"
BEN_AUTO_ASSET_PARK_SNZ_413,ASSET_PARK_SNZ_413,SCH_AMRUT,REG_W220,822,"Auto-estimated beneficiaries for Park B-2, H. No. 430, Nand Nagari (park)"
BEN_AUTO_ASSET_PARK_SNZ_414,ASSET_PARK_SNZ_414,SCH_AMRUT,REG_W220,822,"Auto-estimated beneficiaries for Park B-2, Community Wala, Nand Nagari (park)"
BEN_AUTO_ASSET_PARK_SNZ_415,ASSET_PARK_SNZ_415,SCH_AMRUT,REG_W220,822,"Auto-estimated beneficiaries for Park B-2, Sulabh Souchalaya Wala Nand Nagari (park)"
BEN_AUTO_ASSET_PARK_SNZ_416,ASSET_PARK_SNZ_416,SCH_AMRUT,REG_W220,822,"Auto-estimated beneficiaries for Park B-3, near H.No. 141, Nand Nagari (park)"
BEN_AUTO_ASSET_PARK_SNZ_417,ASSET_PARK_SNZ_417,SCH_AMRUT,REG_W220,822,"Auto-estimated beneficiaries for Park B-4, Inside H.No. 359, Nand Nagari (park)"
BEN_AUTO_ASSET_PARK_SNZ_418,ASSET_PARK_SNZ_418,SCH_AMRUT,REG_W220,822,"Auto-estimated beneficiaries for Park B-4, Market Wala , H.No. 244, Nand Nagari (park)"
BEN_AUTO_ASSET_PARK_SNZ_419,ASSET_PARK_SNZ_419,SCH_AMRUT,REG_W220,822,"Auto-estimated beneficiaries for Park B-5, H.No. 349, Nand Nagari (park)"
BEN_AUTO_ASSET_PARK_SNZ_420,ASSET_PARK_SNZ_420,SCH_AMRUT,REG_W220,822,"Auto-estimated beneficiaries for Park Between B-5 & B-6, Wala Nand Nagari (park)"
BEN_AUTO_ASSET_PARK_SNZ_421,ASSET_PARK_SNZ_421,SCH_AMRUT,REG_W220,822,"Auto-estimated beneficiaries for Park B-6, in Side, Nand Nagari (park)"
BEN_AUTO_ASSET_PARK_SNZ_422,ASSET_PARK_SNZ_422,SCH_AMRUT,REG_W220,822,"Auto-estimated beneficiaries for Park D-1, Near Mandir, Nand Nagari (park)"
BEN_AUTO_ASSET_PARK_SNZ_423,ASSET_PARK_SNZ_423,SCH_AMRUT,REG_W220,822,"Auto-estimated beneficiaries for Park D1, Indira Park, Near Mkt, Nand Nagari (park)"
BEN_AUTO_ASSET_PARK_SNZ_424,ASSET_PARK_SNZ_424,SCH_AMRUT,REG_W220,822,"Auto-estimated beneficiaries for Park D-2, Nand Nagari (park)"
BEN_AUTO_ASSET_PARK_SNZ_425,ASSET_PARK_SNZ_425,SCH_AMRUT,REG_W220,822,"Auto-estimated beneficiaries for Park near D-3, Nand Nagari (park)"
BEN_AUTO_ASSET_PARK_SNZ_426,ASSET_PARK_SNZ_426,SCH_AMRUT,REG_W220,822,"Auto-estimated beneficiaries for Park B-5, H.No.252 Green Belt, Nand Nagari (park)"
BEN_AUTO_ASSET_PARK_SNZ_427,ASSET_PARK_SNZ_427,SCH_AMRUT,REG_W220,822,"Auto-estimated beneficiaries for Park near B-5, Nursery, Nand Nagari (park)"
BEN_AUTO_ASSET_PARK_SNZ_428,ASSET_PARK_SNZ_428,SCH_AMRUT,REG_W220,822,"Auto-estimated beneficiaries for Park near B-6,H.No 239 Near Nursery Green Belt, Nand Nagari (park)"
BEN_AUTO_ASSET_PARK_SNZ_429,ASSET_PARK_SNZ_429,SCH_AMRUT,REG_W220,822,"Auto-estimated beneficiaries for Park E-1, , Gagan Cinema  Nand Nagari (park)"
BEN_AUTO_ASSET_PARK_SNZ_430,ASSET_PARK_SNZ_430,SCH_AMRUT,REG_W220,822,"Auto-estimated beneficiaries for Park E-1, (Sadbhawana Park) Nand Nagari (park)"
BEN_AUTO_ASSET_PARK_SNZ_431,ASSET_PARK_SNZ_431,SCH_AMRUT,REG_W220,822,"Auto-estimated beneficiaries for Park E-2,  (Mahila Park)  Nand Nagari (park)"
BEN_AUTO_ASSET_PARK_SNZ_432,ASSET_PARK_SNZ_432,SCH_AMRUT,REG_W220,822,"Auto-estimated beneficiaries for Park E-Block, Flat No,. 121 Nand Nagari (park)"
BEN_AUTO_ASSET_PARK_SNZ_433,ASSET_PARK_SNZ_433,SCH_AMRUT,REG_W220,822,"Auto-estimated beneficiaries for Park E-, Flat No, 221, Nand Nagari (park)"
BEN_AUTO_ASSET_PARK_SNZ_434,ASSET_PARK_SNZ_434,SCH_AMRUT,REG_W220,822,"Auto-estimated beneficiaries for Park E-Block , Park No. -3, Nand Nagari (park)"
BEN_AUTO_ASSET_PARK_SNZ_435,ASSET_PARK_SNZ_435,SCH_AMRUT,REG_W220,822,"Auto-estimated beneficiaries for Park E-3, Central Park Nand Nagari (park)"
BEN_AUTO_ASSET_PARK_SNZ_436,ASSET_PARK_SNZ_436,SCH_AMRUT,REG_W220,822,"Auto-estimated beneficiaries for Park E-4, Central Park Nand Nagari (park)"
BEN_AUTO_ASSET_PARK_SNZ_437,ASSET_PARK_SNZ_437,SCH_AMRUT,REG_W220,822,Auto-estimated beneficiaries for Green area at Kanchipura Village Nand Nagari (park)
BEN_AUTO_ASSET_PARK_SNZ_438,ASSET_PARK_SNZ_438,SCH_AMRUT,REG_W220,822,Auto-estimated beneficiaries for NHP Kanchipura - Nand Nagari (park)
BEN_AUTO_ASSET_PARK_SNZ_439,ASSET_PARK_SNZ_439,SCH_AMRUT,REG_W221,5504,"Auto-estimated beneficiaries for Park Near H.No. 243, Sunil Dariy, GIL (park)"
BEN_AUTO_ASSET_PARK_SNZ_440,ASSET_PARK_SNZ_440,SCH_AMRUT,REG_W221,5504,"Auto-estimated beneficiaries for Park Near H.No. 1761, Pal Wala Loni Road (park)"
BEN_AUTO_ASSET_PARK_SNZ_441,ASSET_PARK_SNZ_441,SCH_AMRUT,REG_W221,5504,"Auto-estimated beneficiaries for Park Near H.No. 240, Budh Mandir Wala Loni Road (park)"
BEN_AUTO_ASSET_PARK_SNZ_442,ASSET_PARK_SNZ_442,SCH_AMRUT,REG_W221,5504,"Auto-estimated beneficiaries for D.A.V. School Wala H. No. 168-145, Loni Road (park)"
BEN_AUTO_ASSET_PARK_SNZ_443,ASSET_PARK_SNZ_443,SCH_AMRUT,REG_W221,5504,"Auto-estimated beneficiaries for Behind Jal Board, Loni Road (park)"
BEN_AUTO_ASSET_PARK_SNZ_444,ASSET_PARK_SNZ_444,SCH_AMRUT,REG_W221,5504,"Auto-estimated beneficiaries for Behind Jal Board,Choti Pkt,, H.No. 65/80  Loni Road (park)"
BEN_AUTO_ASSET_PARK_SNZ_445,ASSET_PARK_SNZ_445,SCH_AMRUT,REG_W221,5504,"Auto-estimated beneficiaries for Store Wala Park,  , LIG Flat,Loni Road (park)"
BEN_AUTO_ASSET_PARK_SNZ_446,ASSET_PARK_SNZ_446,SCH_AMRUT,REG_W221,5504,"Auto-estimated beneficiaries for Kikar Wala Park, , LIG Flat Loni Road (park)"
BEN_AUTO_ASSET_PARK_SNZ_447,ASSET_PARK_SNZ_447,SCH_AMRUT,REG_W221,5504,"Auto-estimated beneficiaries for Solanki Wala Park, Loni, H.No. 978 Loni Road (park)"
BEN_AUTO_ASSET_PARK_SNZ_448,ASSET_PARK_SNZ_448,SCH_AMRUT,REG_W221,5504,"Auto-estimated beneficiaries for Mahila Park, H.No. 116, Loni Road (park)"
BEN_AUTO_ASSET_PARK_SNZ_449,ASSET_PARK_SNZ_449,SCH_AMRUT,REG_W221,5504,"Auto-estimated beneficiaries for Gulab Vatika 593, Loni Road (park)"
BEN_AUTO_ASSET_PARK_SNZ_450,ASSET_PARK_SNZ_450,SCH_AMRUT,REG_W221,5504,Auto-estimated beneficiaries for Shishu Vatika Loni Road (park)
BEN_AUTO_ASSET_PARK_SNZ_451,ASSET_PARK_SNZ_451,SCH_AMRUT,REG_W221,5504,"Auto-estimated beneficiaries for Pradhan Wala Park, H.No. 733,Loni Road (park)"
BEN_AUTO_ASSET_PARK_SNZ_452,ASSET_PARK_SNZ_452,SCH_AMRUT,REG_W221,5504,"Auto-estimated beneficiaries for Sandeep Thekedar Wala Park, H.No. 881 Loni Road (park)"
BEN_AUTO_ASSET_PARK_SNZ_453,ASSET_PARK_SNZ_453,SCH_AMRUT,REG_W221,5504,Auto-estimated beneficiaries for Chhoti Pkt. H.No. 802  Loni Road (park)
BEN_AUTO_ASSET_PARK_SNZ_454,ASSET_PARK_SNZ_454,SCH_AMRUT,REG_W221,5504,Auto-estimated beneficiaries for Green Belt along with Shiv Mandir Loni Road (park)
BEN_AUTO_ASSET_PARK_SNZ_455,ASSET_PARK_SNZ_455,SCH_AMRUT,REG_W221,5504,Auto-estimated beneficiaries for DDA Mkt. LIG Flat 4 Nos. Chhoti Pkt.Loni Road (park)
BEN_AUTO_ASSET_PARK_SNZ_456,ASSET_PARK_SNZ_456,SCH_AMRUT,REG_W221,5504,"Auto-estimated beneficiaries for Park H.No. 195 MIG Flat, Loni Road (park)"
BEN_AUTO_ASSET_PARK_SNZ_457,ASSET_PARK_SNZ_457,SCH_AMRUT,REG_W221,5504,"Auto-estimated beneficiaries for Park H.No.202 MIG Flat, Loni Road (park)"
BEN_AUTO_ASSET_PARK_SNZ_458,ASSET_PARK_SNZ_458,SCH_AMRUT,REG_W221,5504,"Auto-estimated beneficiaries for Park H.No. 210 MIG Flat, Loni Road (park)"
BEN_AUTO_ASSET_PARK_SNZ_459,ASSET_PARK_SNZ_459,SCH_AMRUT,REG_W221,5504,"Auto-estimated beneficiaries for Park H.No. 17 & 19 MIG Flat, Loni Road (park)"
BEN_AUTO_ASSET_PARK_SNZ_460,ASSET_PARK_SNZ_460,SCH_AMRUT,REG_W221,5504,"Auto-estimated beneficiaries for Park H.No. 33-35 MIG Flat, Loni Road (park)"
BEN_AUTO_ASSET_PARK_SNZ_461,ASSET_PARK_SNZ_461,SCH_AMRUT,REG_W221,5504,"Auto-estimated beneficiaries for Park H.No. 49-50 MIG Flat, Loni Road (park)"
BEN_AUTO_ASSET_PARK_SNZ_462,ASSET_PARK_SNZ_462,SCH_AMRUT,REG_W221,5504,"Auto-estimated beneficiaries for Park H.No. 65-66 MIG Flat, Loni Road (park)"
BEN_AUTO_ASSET_PARK_SNZ_463,ASSET_PARK_SNZ_463,SCH_AMRUT,REG_W221,5504,"Auto-estimated beneficiaries for Park H.No. 89-90 MIG Flat, Loni Road (park)"
BEN_AUTO_ASSET_PARK_SNZ_464,ASSET_PARK_SNZ_464,SCH_AMRUT,REG_W221,5504,"Auto-estimated beneficiaries for Park H.No.113-114 MIG Flat, Loni Road (park)"
BEN_AUTO_ASSET_PARK_SNZ_465,ASSET_PARK_SNZ_465,SCH_AMRUT,REG_W221,5504,"Auto-estimated beneficiaries for Park H.No. 281 MIG Flat, Loni Road (park)"
BEN_AUTO_ASSET_PARK_SNZ_466,ASSET_PARK_SNZ_466,SCH_AMRUT,REG_W221,5504,"Auto-estimated beneficiaries for Park H.No. 265 MIG Flat, Loni Road (park)"
BEN_AUTO_ASSET_PARK_SNZ_467,ASSET_PARK_SNZ_467,SCH_AMRUT,REG_W221,5504,"Auto-estimated beneficiaries for Park H.No. 233-234 MIG Flat, Loni Road (park)"
BEN_AUTO_ASSET_PARK_SNZ_468,ASSET_PARK_SNZ_468,SCH_AMRUT,REG_W221,5504,"Auto-estimated beneficiaries for Park H.No. 411-412 MIG Flat, Loni Road (park)"
BEN_AUTO_ASSET_PARK_SNZ_469,ASSET_PARK_SNZ_469,SCH_AMRUT,REG_W221,5504,"Auto-estimated beneficiaries for Park H.No. 433 MIG Flat, Loni Road (park)"
BEN_AUTO_ASSET_PARK_SNZ_470,ASSET_PARK_SNZ_470,SCH_AMRUT,REG_W221,5504,"Auto-estimated beneficiaries for Park H.No. 385 MIG Flat, Loni Road (park)"
BEN_AUTO_ASSET_PARK_SNZ_471,ASSET_PARK_SNZ_471,SCH_AMRUT,REG_W221,5504,"Auto-estimated beneficiaries for Park H.No. 457 MIG Flat, Loni Road (park)"
BEN_AUTO_ASSET_PARK_SNZ_472,ASSET_PARK_SNZ_472,SCH_AMRUT,REG_W221,5504,"Auto-estimated beneficiaries for Park H.No. 361 MIG Flat, Loni Road (park)"
BEN_AUTO_ASSET_PARK_SNZ_473,ASSET_PARK_SNZ_473,SCH_AMRUT,REG_W221,5504,"Auto-estimated beneficiaries for Park H.No.481 MIG Flat, Loni Road (park)"
BEN_AUTO_ASSET_PARK_SNZ_474,ASSET_PARK_SNZ_474,SCH_AMRUT,REG_W221,5504,"Auto-estimated beneficiaries for Park H.No. 505 MIG Flat, Loni Road (park)"
BEN_AUTO_ASSET_PARK_SNZ_475,ASSET_PARK_SNZ_475,SCH_AMRUT,REG_W221,5504,"Auto-estimated beneficiaries for Park H.No. 337 MIG Flat, Loni Road (park)"
BEN_AUTO_ASSET_PARK_SNZ_476,ASSET_PARK_SNZ_476,SCH_AMRUT,REG_W221,5504,"Auto-estimated beneficiaries for Park H.No. 657 MIG Flat, Loni Road (park)"
BEN_AUTO_ASSET_PARK_SNZ_477,ASSET_PARK_SNZ_477,SCH_AMRUT,REG_W221,5504,"Auto-estimated beneficiaries for Park H.No. 649 MIG Flat, Loni Road (park)"
BEN_AUTO_ASSET_PARK_SNZ_478,ASSET_PARK_SNZ_478,SCH_AMRUT,REG_W221,5504,"Auto-estimated beneficiaries for Park H.No.617 MIG Flat, Loni Road (park)"
BEN_AUTO_ASSET_PARK_SNZ_479,ASSET_PARK_SNZ_479,SCH_AMRUT,REG_W221,5504,"Auto-estimated beneficiaries for Park H.No. 601MIG Flat, Loni Road (park)"
BEN_AUTO_ASSET_PARK_SNZ_480,ASSET_PARK_SNZ_480,SCH_AMRUT,REG_W221,5504,"Auto-estimated beneficiaries for Park H.No.745 MIG Flat, Loni Road (park)"
BEN_AUTO_ASSET_PARK_SNZ_481,ASSET_PARK_SNZ_481,SCH_AMRUT,REG_W221,5504,"Auto-estimated beneficiaries for Park H.No. 721 MIG Flat, Loni Road (park)"
BEN_AUTO_ASSET_PARK_SNZ_482,ASSET_PARK_SNZ_482,SCH_AMRUT,REG_W221,5504,"Auto-estimated beneficiaries for Park H.No. 769 MIG Flat, Loni Road (park)"
BEN_AUTO_ASSET_PARK_SNZ_483,ASSET_PARK_SNZ_483,SCH_AMRUT,REG_W221,5504,"Auto-estimated beneficiaries for Park H.No.697 MIG Flat, Loni Road (park)"
BEN_AUTO_ASSET_PARK_SNZ_484,ASSET_PARK_SNZ_484,SCH_AMRUT,REG_W221,5504,"Auto-estimated beneficiaries for Park Near H.No. 793, MIG Flat, Loni Road (park)"
BEN_AUTO_ASSET_PARK_SNZ_485,ASSET_PARK_SNZ_485,SCH_AMRUT,REG_W221,5504,"Auto-estimated beneficiaries for Park Near H.No.817, MIG Flat, Loni Road (park)"
BEN_AUTO_ASSET_PARK_SNZ_486,ASSET_PARK_SNZ_486,SCH_AMRUT,REG_W221,5504,"Auto-estimated beneficiaries for Park Near H.No 673, MIG Flat, Loni Road (park)"
BEN_AUTO_ASSET_PARK_SNZ_487,ASSET_PARK_SNZ_487,SCH_AMRUT,REG_W221,5504,"Auto-estimated beneficiaries for Park Near H.No.865, MIG Flat, Loni Road (Store wala) (park)"
BEN_AUTO_ASSET_PARK_SNZ_488,ASSET_PARK_SNZ_488,SCH_AMRUT,REG_W221,5504,"Auto-estimated beneficiaries for Park Near H.No. 889, MIG Flat, Loni Road (park)"
BEN_AUTO_ASSET_PARK_SNZ_489,ASSET_PARK_SNZ_489,SCH_AMRUT,REG_W221,5504,"Auto-estimated beneficiaries for Park Near H.No. 108/109, MIG Flat, Loni Road (park)"
BEN_AUTO_ASSET_PARK_SNZ_490,ASSET_PARK_SNZ_490,SCH_AMRUT,REG_W221,5504,"Auto-estimated beneficiaries for Park Near H.NO. 1009, MIG Flat Loni Road (park)"
BEN_AUTO_ASSET_PARK_SNZ_491,ASSET_PARK_SNZ_491,SCH_AMRUT,REG_W221,5504,"Auto-estimated beneficiaries for Park Near H.NO. 1067, MIG Flat Loni Road (park)"
BEN_AUTO_ASSET_PARK_SNZ_492,ASSET_PARK_SNZ_492,SCH_AMRUT,REG_W221,5504,"Auto-estimated beneficiaries for Park Near H.No.1100, MIG Flat, Loni Road (park)"
BEN_AUTO_ASSET_PARK_SNZ_493,ASSET_PARK_SNZ_493,SCH_AMRUT,REG_W221,5504,"Auto-estimated beneficiaries for DDA Flat, Pocket-I,  H.No. 835 MIG Loni Road (park)"
BEN_AUTO_ASSET_PARK_SNZ_494,ASSET_PARK_SNZ_494,SCH_AMRUT,REG_W221,5504,"Auto-estimated beneficiaries for DDA Flat, Pocket-II,  H.No. 586 MIG Loni Road (park)"
BEN_AUTO_ASSET_PARK_SNZ_495,ASSET_PARK_SNZ_495,SCH_AMRUT,REG_W221,5504,"Auto-estimated beneficiaries for DDA Flat, Pocket-III,  H.No. 418 MIG Loni Road (park)"
BEN_AUTO_ASSET_PARK_SNZ_496,ASSET_PARK_SNZ_496,SCH_AMRUT,REG_W221,5504,"Auto-estimated beneficiaries for DDA Flat, Pocket-IV,  H.No. 470 MIG Loni Road (park)"
BEN_AUTO_ASSET_PARK_SNZ_497,ASSET_PARK_SNZ_497,SCH_AMRUT,REG_W221,5504,"Auto-estimated beneficiaries for DDA Flat,Pocket-V,  H.No. 370 MIG Loni Road (park)"
BEN_AUTO_ASSET_PARK_SNZ_498,ASSET_PARK_SNZ_498,SCH_AMRUT,REG_W221,5504,"Auto-estimated beneficiaries for MIG Flate ,Pocket-I,  H.No. 706 MIG Loni Road (park)"
BEN_AUTO_ASSET_PARK_SNZ_499,ASSET_PARK_SNZ_499,SCH_AMRUT,REG_W221,5504,"Auto-estimated beneficiaries for MIG Flate ,Pocket-II,  H.No. 790 MIG Loni Road (park)"
BEN_AUTO_ASSET_PARK_SNZ_500,ASSET_PARK_SNZ_500,SCH_AMRUT,REG_W221,5504,"Auto-estimated beneficiaries for MIG Flate ,Pocket-III,  H.No. 790 MIG Loni Road (park)"
BEN_AUTO_ASSET_PARK_SNZ_501,ASSET_PARK_SNZ_501,SCH_AMRUT,REG_W221,5504,"Auto-estimated beneficiaries for MIG Flate Pocket-IV,   Ashok Nagar-110018 (park)"
BEN_AUTO_ASSET_PARK_SNZ_502,ASSET_PARK_SNZ_502,SCH_AMRUT,REG_W221,5504,Auto-estimated beneficiaries for Ram Park West  Jyoti Nagar-110094 (park)
BEN_AUTO_ASSET_PARK_SNZ_503,ASSET_PARK_SNZ_503,SCH_AMRUT,REG_W221,5504,Auto-estimated beneficiaries for Green belt at Wazirabad Road  Ashok Nagar-110018 (park)
BEN_AUTO_ASSET_PARK_SNZ_504,ASSET_PARK_SNZ_504,SCH_AMRUT,REG_W222,3824,"Auto-estimated beneficiaries for Park C-1, Near H. No. 399, Nand Nagari (park)"
BEN_AUTO_ASSET_PARK_SNZ_505,ASSET_PARK_SNZ_505,SCH_AMRUT,REG_W222,3824,"Auto-estimated beneficiaries for Park C-2, Near H. No. 141, Nand Nagari (park)"
BEN_AUTO_ASSET_PARK_SNZ_506,ASSET_PARK_SNZ_506,SCH_AMRUT,REG_W222,3824,"Auto-estimated beneficiaries for Park C-3, Near H. No. 580, Nand Nagari (park)"
BEN_AUTO_ASSET_PARK_SNZ_507,ASSET_PARK_SNZ_507,SCH_AMRUT,REG_W222,3824,"Auto-estimated beneficiaries for Park Near nathu Colony (Barat ghar), Nand Nagari (park)"
BEN_AUTO_ASSET_PARK_SNZ_508,ASSET_PARK_SNZ_508,SCH_AMRUT,REG_W222,3824,"Auto-estimated beneficiaries for Park C-3, H.No. 189 Near Masjid,  Nand Nagari (park)"
BEN_AUTO_ASSET_PARK_SNZ_509,ASSET_PARK_SNZ_509,SCH_AMRUT,REG_W222,3824,"Auto-estimated beneficiaries for Park C-3, sulabh souchalaya Wala , Nand Nagari (park)"
BEN_AUTO_ASSET_PARK_SNZ_510,ASSET_PARK_SNZ_510,SCH_AMRUT,REG_W222,3824,"Auto-estimated beneficiaries for Park C-3, Near Police Station, Nand Nagari (park)"
BEN_AUTO_ASSET_PARK_SNZ_511,ASSET_PARK_SNZ_511,SCH_AMRUT,REG_W222,3824,"Auto-estimated beneficiaries for Park Near State Bank , Nand Nagari (park)"
BEN_AUTO_ASSET_PARK_SNZ_512,ASSET_PARK_SNZ_512,SCH_AMRUT,REG_W222,3824,"Auto-estimated beneficiaries for Park Opp. H.No. 402,DDA Flats, M.S Park-110032 (park)"
BEN_AUTO_ASSET_PARK_SNZ_513,ASSET_PARK_SNZ_513,SCH_AMRUT,REG_W222,3824,"Auto-estimated beneficiaries for Park Opp. H.No. 388,DDA Flats, M.S Park-110032 (park)"
BEN_AUTO_ASSET_PARK_SNZ_514,ASSET_PARK_SNZ_514,SCH_AMRUT,REG_W222,3824,"Auto-estimated beneficiaries for Park Opp. H.No. 258,DDA Flats, M.S Park-110032 (park)"
BEN_AUTO_ASSET_PARK_SNZ_515,ASSET_PARK_SNZ_515,SCH_AMRUT,REG_W222,3824,"Auto-estimated beneficiaries for Park Opp. H.No. 291,DDA Flats, M.S Park-110032 (park)"
BEN_AUTO_ASSET_PARK_SNZ_516,ASSET_PARK_SNZ_516,SCH_AMRUT,REG_W222,3824,"Auto-estimated beneficiaries for Satsang DDA Flats, M.S. Park, -110032 (park)"
BEN_AUTO_ASSET_PARK_SNZ_517,ASSET_PARK_SNZ_517,SCH_AMRUT,REG_W222,3824,"Auto-estimated beneficiaries for Kunj Bihari Vatika DDA Flats, M.S.Park (park)"
BEN_AUTO_ASSET_PARK_SNZ_518,ASSET_PARK_SNZ_518,SCH_AMRUT,REG_W222,3824,"Auto-estimated beneficiaries for Park Opp. H.No. 81,DDA Flats, M.S Park-110032 (park)"
BEN_AUTO_ASSET_PARK_SNZ_519,ASSET_PARK_SNZ_519,SCH_AMRUT,REG_W222,3824,"Auto-estimated beneficiaries for Park Opp. H.No. 194,DDA Flats, M.S Park-110032 (park)"
BEN_AUTO_ASSET_PARK_SNZ_520,ASSET_PARK_SNZ_520,SCH_AMRUT,REG_W222,3824,"Auto-estimated beneficiaries for Park Opp. H.No. 288,DDA Flats, M.S Park-110032 (park)"
BEN_AUTO_ASSET_PARK_SNZ_521,ASSET_PARK_SNZ_521,SCH_AMRUT,REG_W222,3824,"Auto-estimated beneficiaries for Park Opp. H.No.66,DDA Flats, M.S Park-110032 (park)"
BEN_AUTO_ASSET_PARK_SNZ_522,ASSET_PARK_SNZ_522,SCH_AMRUT,REG_W222,3824,"Auto-estimated beneficiaries for Park Opp. H.No. 56,DDA Flats, M.S Park-110032 (park)"
BEN_AUTO_ASSET_PARK_SNZ_523,ASSET_PARK_SNZ_523,SCH_AMRUT,REG_W222,3824,"Auto-estimated beneficiaries for Park Opp. H.No. 37A,DDA Flats, M.S Park-110032 (park)"
BEN_AUTO_ASSET_PARK_SNZ_524,ASSET_PARK_SNZ_524,SCH_AMRUT,REG_W222,3824,"Auto-estimated beneficiaries for Park Opp. H.No. 34,DDA Flats, M.S Park-110032 (park)"
BEN_AUTO_ASSET_PARK_SNZ_525,ASSET_PARK_SNZ_525,SCH_AMRUT,REG_W222,3824,"Auto-estimated beneficiaries for Park Opp. H.No. 4A,DDA Flats, M.S Park-110032 (park)"
BEN_AUTO_ASSET_PARK_SNZ_526,ASSET_PARK_SNZ_526,SCH_AMRUT,REG_W222,3824,"Auto-estimated beneficiaries for Park Opp. H.No. 102,DDA Flats, M.S Park-110032 (park)"
BEN_AUTO_ASSET_PARK_SNZ_527,ASSET_PARK_SNZ_527,SCH_AMRUT,REG_W222,3824,"Auto-estimated beneficiaries for Park Opp. H.No. 22A,DDA Flats, M.S Park-110032 (park)"
BEN_AUTO_ASSET_PARK_SNZ_528,ASSET_PARK_SNZ_528,SCH_AMRUT,REG_W222,3824,"Auto-estimated beneficiaries for Park Opp. H.No. 91A,DDA Flats, M.S Park-110032 (park)"
BEN_AUTO_ASSET_PARK_SNZ_529,ASSET_PARK_SNZ_529,SCH_AMRUT,REG_W222,3824,"Auto-estimated beneficiaries for Park Opp. H.No.93A,DDA Flats, M.S Park-110032 (park)"
BEN_AUTO_ASSET_PARK_SNZ_530,ASSET_PARK_SNZ_530,SCH_AMRUT,REG_W222,3824,"Auto-estimated beneficiaries for Park Opp. H.No.118A,DDA Flats, M.S Park-110032 (park)"
BEN_AUTO_ASSET_PARK_SNZ_531,ASSET_PARK_SNZ_531,SCH_AMRUT,REG_W222,3824,"Auto-estimated beneficiaries for Park Opp. H.No.131A,DDA Flats, M.S Park-110032 (park)"
BEN_AUTO_ASSET_PARK_SNZ_532,ASSET_PARK_SNZ_532,SCH_AMRUT,REG_W222,3824,"Auto-estimated beneficiaries for Park Opp. H.No. 134,DDA Flats, M.S Park-110032 (park)"
BEN_AUTO_ASSET_PARK_SNZ_533,ASSET_PARK_SNZ_533,SCH_AMRUT,REG_W222,3824,"Auto-estimated beneficiaries for Park Opp. H.No. 143A,DDA Flats, M.S Park-110032 (park)"
BEN_AUTO_ASSET_PARK_SNZ_534,ASSET_PARK_SNZ_534,SCH_AMRUT,REG_W222,3824,"Auto-estimated beneficiaries for Park Opp. H.No. 154A,DDA Flats, M.S Park-110032 (park)"
BEN_AUTO_ASSET_PARK_SNZ_535,ASSET_PARK_SNZ_535,SCH_AMRUT,REG_W222,3824,"Auto-estimated beneficiaries for Park Opp. H.No. 162A,DDA Flats, M.S Park-110032 (park)"
BEN_AUTO_ASSET_PARK_SNZ_536,ASSET_PARK_SNZ_536,SCH_AMRUT,REG_W222,3824,"Auto-estimated beneficiaries for Park Green Belt Opp. Satsang Park, H.No 450DDA Flats, M.S Park-110032 (park)"
BEN_AUTO_ASSET_PARK_SNZ_537,ASSET_PARK_SNZ_537,SCH_AMRUT,REG_W222,3824,"Auto-estimated beneficiaries for Park Opp. H.No. 70A,DDA Flats, M.S Park-110032 (park)"
BEN_AUTO_ASSET_PARK_SNZ_538,ASSET_PARK_SNZ_538,SCH_AMRUT,REG_W222,3824,"Auto-estimated beneficiaries for Park Opp. H.No. 72A,DDA Flats, M.S Park-110032 (park)"
BEN_AUTO_ASSET_PARK_SNZ_539,ASSET_PARK_SNZ_539,SCH_AMRUT,REG_W222,3824,"Auto-estimated beneficiaries for Park Opp. H.No. 88A,DDA Flats, M.S Park-110032 (park)"
BEN_AUTO_ASSET_PARK_SNZ_540,ASSET_PARK_SNZ_540,SCH_AMRUT,REG_W222,3824,Auto-estimated beneficiaries for Park Near Mother Dairy MS. Park-110032 (park)
BEN_AUTO_ASSET_PARK_SNZ_541,ASSET_PARK_SNZ_541,SCH_AMRUT,REG_W222,3824,Auto-estimated beneficiaries for Green area at Nova Mill Ram Nagar-110032 Ahinsha Vatika (park)
BEN_AUTO_ASSET_PARK_SNZ_542,ASSET_PARK_SNZ_542,SCH_AMRUT,REG_W222,3824,Auto-estimated beneficiaries for Park at Rolling Mill Ram Nagar. Ram Park (park)
BEN_AUTO_ASSET_PARK_SNZ_543,ASSET_PARK_SNZ_543,SCH_AMRUT,REG_W223,7217,"Auto-estimated beneficiaries for Tikona Park, Loni Road (park)"
BEN_AUTO_ASSET_PARK_SNZ_544,ASSET_PARK_SNZ_544,SCH_AMRUT,REG_W223,7217,"Auto-estimated beneficiaries for Park H.No. 1/6254, Gali No 4, East Rohtash Nagar (park)"
BEN_AUTO_ASSET_PARK_SNZ_545,ASSET_PARK_SNZ_545,SCH_AMRUT,REG_W223,7217,"Auto-estimated beneficiaries for Shiwaji Park, Gol park (park)"
BEN_AUTO_ASSET_PARK_SNZ_546,ASSET_PARK_SNZ_546,SCH_AMRUT,REG_W223,7217,"Auto-estimated beneficiaries for Park H.No. 278, Shri Ram Nagar Colony (park)"
BEN_AUTO_ASSET_PARK_SNZ_547,ASSET_PARK_SNZ_547,SCH_AMRUT,REG_W223,7217,"Auto-estimated beneficiaries for H.No. 1/6124, Sanjeevani Vatika, Rohtash Nagar (park)"
BEN_AUTO_ASSET_PARK_SNZ_548,ASSET_PARK_SNZ_548,SCH_AMRUT,REG_W223,7217,"Auto-estimated beneficiaries for Kabool Nagar, Opp. Ho.No. 1/5969 D.K. Jain -II (park)"
BEN_AUTO_ASSET_PARK_SNZ_549,ASSET_PARK_SNZ_549,SCH_AMRUT,REG_W223,7217,"Auto-estimated beneficiaries for Kabool Nagar, Near- Pipal Tree H.No. 4/26 (park)"
BEN_AUTO_ASSET_PARK_SNZ_550,ASSET_PARK_SNZ_550,SCH_AMRUT,REG_W223,7217,"Auto-estimated beneficiaries for Double Story Guru Dwara park, K. Nagar H.No. 1/6635 (park)"
BEN_AUTO_ASSET_PARK_SNZ_551,ASSET_PARK_SNZ_551,SCH_AMRUT,REG_W223,7217,"Auto-estimated beneficiaries for Kabool Nagar, Opp. H.No.  223 Ghode wala (park)"
BEN_AUTO_ASSET_PARK_SNZ_552,ASSET_PARK_SNZ_552,SCH_AMRUT,REG_W223,7217,"Auto-estimated beneficiaries for Taxi Stand Park, H.No. 3/64 Kabool Nagar (park)"
BEN_AUTO_ASSET_PARK_SNZ_553,ASSET_PARK_SNZ_553,SCH_AMRUT,REG_W223,7217,"Auto-estimated beneficiaries for Kabool Nagar , Opp. H. No. 113 (Shishu Vatika) (park)"
BEN_AUTO_ASSET_PARK_SNZ_554,ASSET_PARK_SNZ_554,SCH_AMRUT,REG_W223,7217,"Auto-estimated beneficiaries for Kabool Nagar, Double Story, H.No. 305 (park)"
BEN_AUTO_ASSET_PARK_SNZ_555,ASSET_PARK_SNZ_555,SCH_AMRUT,REG_W223,7217,"Auto-estimated beneficiaries for Kabool Nagar Double Story, H.No. 261 (park)"
BEN_AUTO_ASSET_PARK_SNZ_556,ASSET_PARK_SNZ_556,SCH_AMRUT,REG_W223,7217,"Auto-estimated beneficiaries for Double Story, Near D.K. Jain Park H.No. 1/5955 (park)"
BEN_AUTO_ASSET_PARK_SNZ_557,ASSET_PARK_SNZ_557,SCH_AMRUT,REG_W223,7217,"Auto-estimated beneficiaries for Kabool Nagar, Double Story, H.No.339 (park)"
BEN_AUTO_ASSET_PARK_SNZ_558,ASSET_PARK_SNZ_558,SCH_AMRUT,REG_W223,7217,"Auto-estimated beneficiaries for Tikona Park, Dwarkapuri (park)"
BEN_AUTO_ASSET_PARK_SNZ_559,ASSET_PARK_SNZ_559,SCH_AMRUT,REG_W223,7217,Auto-estimated beneficiaries for Green land G.D. Rath Mill Loni Road Shahdara (park)
BEN_AUTO_ASSET_PARK_SNZ_560,ASSET_PARK_SNZ_560,SCH_AMRUT,REG_W224,4756,"Auto-estimated beneficiaries for Parshu Ram Park, P.S. Garden (park)"
BEN_AUTO_ASSET_PARK_SNZ_561,ASSET_PARK_SNZ_561,SCH_AMRUT,REG_W224,4756,"Auto-estimated beneficiaries for Near MPL School, P.S. Garden Anurag Vatika -110032 (park)"
BEN_AUTO_ASSET_PARK_SNZ_562,ASSET_PARK_SNZ_562,SCH_AMRUT,REG_W224,4756,"Auto-estimated beneficiaries for Radha Swami Park, P.S. Garden (park)"
BEN_AUTO_ASSET_PARK_SNZ_563,ASSET_PARK_SNZ_563,SCH_AMRUT,REG_W224,4756,Auto-estimated beneficiaries for Malaria Wala Park (park)
BEN_AUTO_ASSET_PARK_SNZ_564,ASSET_PARK_SNZ_564,SCH_AMRUT,REG_W224,4756,"Auto-estimated beneficiaries for Subhash Park, P.S. Garden (park)"
BEN_AUTO_ASSET_PARK_SNZ_565,ASSET_PARK_SNZ_565,SCH_AMRUT,REG_W224,4756,"Auto-estimated beneficiaries for Maszid Wala Park, Kabooter Market (park)"
BEN_AUTO_ASSET_PARK_SNZ_566,ASSET_PARK_SNZ_566,SCH_AMRUT,REG_W224,4756,"Auto-estimated beneficiaries for H.No. JB-92 Bhagat Singh park, Welcome Market  -110032 (park)"
BEN_AUTO_ASSET_PARK_SNZ_567,ASSET_PARK_SNZ_567,SCH_AMRUT,REG_W224,4756,"Auto-estimated beneficiaries for H.No. JB-10 Ravi Das Park, (park)"
BEN_AUTO_ASSET_PARK_SNZ_568,ASSET_PARK_SNZ_568,SCH_AMRUT,REG_W224,4756,Auto-estimated beneficiaries for Park A-1 / 20  Near Mother Dairy Welcome  -110032 (park)
BEN_AUTO_ASSET_PARK_SNZ_569,ASSET_PARK_SNZ_569,SCH_AMRUT,REG_W224,4756,Auto-estimated beneficiaries for H.No. S-70 Amer Singh Rothor Park Welcome (park)
BEN_AUTO_ASSET_PARK_SNZ_570,ASSET_PARK_SNZ_570,SCH_AMRUT,REG_W224,4756,Auto-estimated beneficiaries for JB-6/59 Imambada Welcome (park)
BEN_AUTO_ASSET_PARK_SNZ_571,ASSET_PARK_SNZ_571,SCH_AMRUT,REG_W224,4756,"Auto-estimated beneficiaries for Park Z-Block, Near H.No. 174 (park)"
BEN_AUTO_ASSET_PARK_SNZ_572,ASSET_PARK_SNZ_572,SCH_AMRUT,REG_W224,4756,Auto-estimated beneficiaries for H.No. Z-109 Kabristan Welcome (park)
BEN_AUTO_ASSET_PARK_SNZ_573,ASSET_PARK_SNZ_573,SCH_AMRUT,REG_W224,4756,"Auto-estimated beneficiaries for Photo Chock, Y-Block, H.NO. 7 (park)"
BEN_AUTO_ASSET_PARK_SNZ_574,ASSET_PARK_SNZ_574,SCH_AMRUT,REG_W224,4756,Auto-estimated beneficiaries for Park  H.No. Z-II/325 ZA Khan wala (park)
BEN_AUTO_ASSET_PARK_SNZ_575,ASSET_PARK_SNZ_575,SCH_AMRUT,REG_W224,4756,"Auto-estimated beneficiaries for C-5, Welcome  Park. (park)"
BEN_AUTO_ASSET_PARK_SNZ_576,ASSET_PARK_SNZ_576,SCH_AMRUT,REG_W224,4756,"Auto-estimated beneficiaries for C-1/82, Pipla Mandir Welcome  Park. (park)"
BEN_AUTO_ASSET_PARK_SNZ_577,ASSET_PARK_SNZ_577,SCH_AMRUT,REG_W224,4756,Auto-estimated beneficiaries for H.No. A-1/23 Opp. Welcome (park)
BEN_AUTO_ASSET_PARK_SNZ_578,ASSET_PARK_SNZ_578,SCH_AMRUT,REG_W224,4756,Auto-estimated beneficiaries for H.No. B-1/1 Opp. Welcome (park)
BEN_AUTO_ASSET_PARK_SNZ_579,ASSET_PARK_SNZ_579,SCH_AMRUT,REG_W224,4756,Auto-estimated beneficiaries for F& F Garden- (park)
BEN_AUTO_ASSET_PARK_SNZ_580,ASSET_PARK_SNZ_580,SCH_AMRUT,REG_W224,4756,"Auto-estimated beneficiaries for Small Park, Opp. Bagh Wali Masjid (park)"
BEN_AUTO_ASSET_PARK_SNZ_581,ASSET_PARK_SNZ_581,SCH_AMRUT,REG_W224,4756,Auto-estimated beneficiaries for Rahman Building Small Park (park)
BEN_AUTO_ASSET_PARK_SNZ_582,ASSET_PARK_SNZ_582,SCH_AMRUT,REG_W224,4756,Auto-estimated beneficiaries for Rahman Building Big Park (park)
BEN_AUTO_ASSET_PARK_SNZ_583,ASSET_PARK_SNZ_583,SCH_AMRUT,REG_W224,4756,Auto-estimated beneficiaries for Park H Block Chatri Wala Park (park)
BEN_AUTO_ASSET_PARK_SNZ_584,ASSET_PARK_SNZ_584,SCH_AMRUT,REG_W224,4756,Auto-estimated beneficiaries for Park Anda  Park Naveen Shahdara (park)
BEN_AUTO_ASSET_PARK_SNZ_585,ASSET_PARK_SNZ_585,SCH_AMRUT,REG_W224,4756,Auto-estimated beneficiaries for Park Fuwara Wala G.T.Road (park)
BEN_AUTO_ASSET_PARK_SNZ_586,ASSET_PARK_SNZ_586,SCH_AMRUT,REG_W224,4756,Auto-estimated beneficiaries for G.T. Road P.S. Green Belt (Pkt.-6) (park)
BEN_AUTO_ASSET_PARK_SNZ_587,ASSET_PARK_SNZ_587,SCH_AMRUT,REG_W225,4890,"Auto-estimated beneficiaries for Tikona Park, Near Welcome P.S. (park)"
BEN_AUTO_ASSET_PARK_SNZ_588,ASSET_PARK_SNZ_588,SCH_AMRUT,REG_W225,4890,"Auto-estimated beneficiaries for N-Block, Welcome H.No. 10 (Ramlial Park) (park)"
BEN_AUTO_ASSET_PARK_SNZ_589,ASSET_PARK_SNZ_589,SCH_AMRUT,REG_W225,4890,"Auto-estimated beneficiaries for Loha Market, Welcome Shop No.  4 (park)"
BEN_AUTO_ASSET_PARK_SNZ_590,ASSET_PARK_SNZ_590,SCH_AMRUT,REG_W225,4890,Auto-estimated beneficiaries for Razia Sultana Park (park)
BEN_AUTO_ASSET_PARK_SNZ_591,ASSET_PARK_SNZ_591,SCH_AMRUT,REG_W225,4890,Auto-estimated beneficiaries for Double Story  Park H. No. 194 (park)
BEN_AUTO_ASSET_PARK_SNZ_592,ASSET_PARK_SNZ_592,SCH_AMRUT,REG_W225,4890,Auto-estimated beneficiaries for Double Story Park H. No. 198 (park)
BEN_AUTO_ASSET_PARK_SNZ_593,ASSET_PARK_SNZ_593,SCH_AMRUT,REG_W225,4890,"Auto-estimated beneficiaries for Double Story Park, Mandir Wala (park)"
BEN_AUTO_ASSET_PARK_SNZ_594,ASSET_PARK_SNZ_594,SCH_AMRUT,REG_W225,4890,"Auto-estimated beneficiaries for New Seelampur, B-Block, Park (park)"
BEN_AUTO_ASSET_PARK_SNZ_595,ASSET_PARK_SNZ_595,SCH_AMRUT,REG_W225,4890,"Auto-estimated beneficiaries for C-Block, H. No. 71 (park)"
BEN_AUTO_ASSET_PARK_SNZ_596,ASSET_PARK_SNZ_596,SCH_AMRUT,REG_W225,4890,"Auto-estimated beneficiaries for C-Block, H. No. 20 (park)"
BEN_AUTO_ASSET_PARK_SNZ_597,ASSET_PARK_SNZ_597,SCH_AMRUT,REG_W225,4890,"Auto-estimated beneficiaries for D-Block, H.No.- 122 (park)"
BEN_AUTO_ASSET_PARK_SNZ_598,ASSET_PARK_SNZ_598,SCH_AMRUT,REG_W225,4890,"Auto-estimated beneficiaries for D-Block, H.No.- 145 (park)"
BEN_AUTO_ASSET_PARK_SNZ_599,ASSET_PARK_SNZ_599,SCH_AMRUT,REG_W225,4890,"Auto-estimated beneficiaries for D-Block, Small Park (park)"
BEN_AUTO_ASSET_PARK_SNZ_600,ASSET_PARK_SNZ_600,SCH_AMRUT,REG_W225,4890,"Auto-estimated beneficiaries for E-Block, Small Park (park)"
BEN_AUTO_ASSET_PARK_SNZ_601,ASSET_PARK_SNZ_601,SCH_AMRUT,REG_W225,4890,Auto-estimated beneficiaries for Hanipudin Central Park (park)
BEN_AUTO_ASSET_PARK_SNZ_602,ASSET_PARK_SNZ_602,SCH_AMRUT,REG_W225,4890,"Auto-estimated beneficiaries for F-Block, Near Desu Office (park)"
BEN_AUTO_ASSET_PARK_SNZ_603,ASSET_PARK_SNZ_603,SCH_AMRUT,REG_W225,4890,"Auto-estimated beneficiaries for CPJ-Park, Mandir Wala (park)"
BEN_AUTO_ASSET_PARK_SNZ_604,ASSET_PARK_SNZ_604,SCH_AMRUT,REG_W225,4890,"Auto-estimated beneficiaries for CPJ-Park, Small-I (park)"
BEN_AUTO_ASSET_PARK_SNZ_605,ASSET_PARK_SNZ_605,SCH_AMRUT,REG_W225,4890,"Auto-estimated beneficiaries for CPJ-Park, Small-II (park)"
BEN_AUTO_ASSET_PARK_SNZ_606,ASSET_PARK_SNZ_606,SCH_AMRUT,REG_W225,4890,"Auto-estimated beneficiaries for OPQR Block, Welcome (park)"
BEN_AUTO_ASSET_PARK_SNZ_607,ASSET_PARK_SNZ_607,SCH_AMRUT,REG_W225,4890,Auto-estimated beneficiaries for Old Orachard at Seelam Pur (park)
BEN_AUTO_ASSET_PARK_SNZ_608,ASSET_PARK_SNZ_608,SCH_AMRUT,REG_W225,4890,Auto-estimated beneficiaries for Green area at Seelampur.(Opp. Petrol Pump) (park)
BEN_AUTO_ASSET_PARK_SNZ_609,ASSET_PARK_SNZ_609,SCH_AMRUT,REG_W226,4691,"Auto-estimated beneficiaries for Park alongwith Nala, B.S.Mohalla   Usmanpur (park)"
BEN_AUTO_ASSET_PARK_SNZ_610,ASSET_PARK_SNZ_610,SCH_AMRUT,REG_W226,4691,"Auto-estimated beneficiaries for Small Park, B.S.Mohalla   Usmanpur (park)"
BEN_AUTO_ASSET_PARK_SNZ_611,ASSET_PARK_SNZ_611,SCH_AMRUT,REG_W226,4691,"Auto-estimated beneficiaries for Nadia Park, B.S.Mohalla   Usmanpur (park)"
BEN_AUTO_ASSET_PARK_SNZ_612,ASSET_PARK_SNZ_612,SCH_AMRUT,REG_W226,4691,"Auto-estimated beneficiaries for C-Block , MCD Flat, No. 202,Usmanpur (park)"
BEN_AUTO_ASSET_PARK_SNZ_613,ASSET_PARK_SNZ_613,SCH_AMRUT,REG_W226,4691,"Auto-estimated beneficiaries for C-Block MCD Flat , No. 241   Usmanpur-110053 (park)"
BEN_AUTO_ASSET_PARK_SNZ_614,ASSET_PARK_SNZ_614,SCH_AMRUT,REG_W226,4691,"Auto-estimated beneficiaries for C-Block MCD Flat , No. 360   Usmanpur-110053 (park)"
BEN_AUTO_ASSET_PARK_SNZ_615,ASSET_PARK_SNZ_615,SCH_AMRUT,REG_W226,4691,Auto-estimated beneficiaries for D-Block H.No. 18 MCD Flat No. 4   Usmanpur-110053 (park)
BEN_AUTO_ASSET_PARK_SNZ_616,ASSET_PARK_SNZ_616,SCH_AMRUT,REG_W226,4691,"Auto-estimated beneficiaries for A-Block H. No. 81 , MCD Flat No. 4   Usmanpur-110053 (park)"
BEN_AUTO_ASSET_PARK_SNZ_617,ASSET_PARK_SNZ_617,SCH_AMRUT,REG_W226,4691,"Auto-estimated beneficiaries for A-Block H. No. 65 , MCD Flat No. 4   Usmanpur-110053 (park)"
BEN_AUTO_ASSET_PARK_SNZ_618,ASSET_PARK_SNZ_618,SCH_AMRUT,REG_W226,4691,Auto-estimated beneficiaries for Park of Kaith Wara   Usmanpur (park)
BEN_AUTO_ASSET_PARK_SNZ_619,ASSET_PARK_SNZ_619,SCH_AMRUT,REG_W226,4691,Auto-estimated beneficiaries for D-Block Mahila Park   Usmanpur (park)
BEN_AUTO_ASSET_PARK_SNZ_620,ASSET_PARK_SNZ_620,SCH_AMRUT,REG_W226,4691,"Auto-estimated beneficiaries for D-34, MCD Flat NO.  Usmanpur (park)"
BEN_AUTO_ASSET_PARK_SNZ_621,ASSET_PARK_SNZ_621,SCH_AMRUT,REG_W226,4691,"Auto-estimated beneficiaries for B-336, MCD Flat No. Usamanpur (park)"
BEN_AUTO_ASSET_PARK_SNZ_622,ASSET_PARK_SNZ_622,SCH_AMRUT,REG_W226,4691,"Auto-estimated beneficiaries for A Block, Behind Mpl School (park)"
BEN_AUTO_ASSET_PARK_SNZ_623,ASSET_PARK_SNZ_623,SCH_AMRUT,REG_W228,797,Auto-estimated beneficiaries for Village Maujpur Park (park)
BEN_AUTO_ASSET_PARK_SNZ_624,ASSET_PARK_SNZ_624,SCH_AMRUT,REG_W228,797,Auto-estimated beneficiaries for Panchwati Park at Ghonda Chowk (park)
BEN_AUTO_ASSET_PARK_SNZ_625,ASSET_PARK_SNZ_625,SCH_AMRUT,REG_W230,5871,Auto-estimated beneficiaries for Park Gamri Village (park)
BEN_AUTO_ASSET_PARK_SNZ_626,ASSET_PARK_SNZ_626,SCH_AMRUT,REG_W230,5871,Auto-estimated beneficiaries for Green area Children Memorial Park at Ghari Mandu (park)
BEN_AUTO_ASSET_PARK_SNZ_627,ASSET_PARK_SNZ_627,SCH_AMRUT,REG_W232,5355,"Auto-estimated beneficiaries for B-1/303, Green Belt Park Yamuna Vihar (park)"
BEN_AUTO_ASSET_PARK_SNZ_628,ASSET_PARK_SNZ_628,SCH_AMRUT,REG_W232,5355,"Auto-estimated beneficiaries for B-1/105, Green Belt Park Yamuna Vihar (park)"
BEN_AUTO_ASSET_PARK_SNZ_629,ASSET_PARK_SNZ_629,SCH_AMRUT,REG_W232,5355,"Auto-estimated beneficiaries for B-1/282, Singla Wala  Park  Yamuna Vihar (park)"
BEN_AUTO_ASSET_PARK_SNZ_630,ASSET_PARK_SNZ_630,SCH_AMRUT,REG_W232,5355,"Auto-estimated beneficiaries for B-1/83, Park (Choti Poket)  Yamuna Vihar (park)"
BEN_AUTO_ASSET_PARK_SNZ_631,ASSET_PARK_SNZ_631,SCH_AMRUT,REG_W232,5355,Auto-estimated beneficiaries for B-1 & B-2 ke Bich Geeta Bhawan Park (Harbal Park)  Yamuna Vihar (park)
BEN_AUTO_ASSET_PARK_SNZ_632,ASSET_PARK_SNZ_632,SCH_AMRUT,REG_W232,5355,"Auto-estimated beneficiaries for B-2/254, Green Belt Park  Yamuna Vihar (park)"
BEN_AUTO_ASSET_PARK_SNZ_633,ASSET_PARK_SNZ_633,SCH_AMRUT,REG_W232,5355,"Auto-estimated beneficiaries for B-2/281, Faware Wala, park   Yamuna Vihar (park)"
BEN_AUTO_ASSET_PARK_SNZ_634,ASSET_PARK_SNZ_634,SCH_AMRUT,REG_W232,5355,Auto-estimated beneficiaries for B-2/410 Park   Yamuna Vihar (park)
BEN_AUTO_ASSET_PARK_SNZ_635,ASSET_PARK_SNZ_635,SCH_AMRUT,REG_W232,5355,Auto-estimated beneficiaries for B-2/8 Park (Choti Poket)  Yamuna Vihar (park)
BEN_AUTO_ASSET_PARK_SNZ_636,ASSET_PARK_SNZ_636,SCH_AMRUT,REG_W232,5355,Auto-estimated beneficiaries for B-2/28 Park (Choti Poket)  Yamuna Vihar (park)
BEN_AUTO_ASSET_PARK_SNZ_637,ASSET_PARK_SNZ_637,SCH_AMRUT,REG_W232,5355,Auto-estimated beneficiaries for B-2/361 Maharaja Agrsain Park  Yamuna Vihar (park)
BEN_AUTO_ASSET_PARK_SNZ_638,ASSET_PARK_SNZ_638,SCH_AMRUT,REG_W232,5355,Auto-estimated beneficiaries for B-2 & B-3 ke bich Shivaji Park  Yamuna Vihar (park)
BEN_AUTO_ASSET_PARK_SNZ_639,ASSET_PARK_SNZ_639,SCH_AMRUT,REG_W232,5355,Auto-estimated beneficiaries for B-2/380 behind  Maharaja Agrsain Park  Yamuna Vihar (park)
BEN_AUTO_ASSET_PARK_SNZ_640,ASSET_PARK_SNZ_640,SCH_AMRUT,REG_W232,5355,Auto-estimated beneficiaries for B-2/115 Goyal Wala Park  Yamuna Vihar (park)
BEN_AUTO_ASSET_PARK_SNZ_641,ASSET_PARK_SNZ_641,SCH_AMRUT,REG_W232,5355,Auto-estimated beneficiaries for B-3/103 Park  Yamuna Vihar (park)
BEN_AUTO_ASSET_PARK_SNZ_642,ASSET_PARK_SNZ_642,SCH_AMRUT,REG_W232,5355,"Auto-estimated beneficiaries for B-3/148, Ram,Janki Park Yamuna Vihar (park)"
BEN_AUTO_ASSET_PARK_SNZ_643,ASSET_PARK_SNZ_643,SCH_AMRUT,REG_W232,5355,"Auto-estimated beneficiaries for B-3/156, Mahender Singh Vatika Park   Yamuna Vihar (park)"
BEN_AUTO_ASSET_PARK_SNZ_644,ASSET_PARK_SNZ_644,SCH_AMRUT,REG_W232,5355,"Auto-estimated beneficiaries for B-4/81, Pram Hans ji Maharaj Vatika Park  Yamuna Vihar (park)"
BEN_AUTO_ASSET_PARK_SNZ_645,ASSET_PARK_SNZ_645,SCH_AMRUT,REG_W232,5355,"Auto-estimated beneficiaries for B-4/82, Mahila Park  Yamuna Vihar (park)"
BEN_AUTO_ASSET_PARK_SNZ_646,ASSET_PARK_SNZ_646,SCH_AMRUT,REG_W232,5355,"Auto-estimated beneficiaries for B-4/156, Park  Yamuna Vihar (park)"
BEN_AUTO_ASSET_PARK_SNZ_647,ASSET_PARK_SNZ_647,SCH_AMRUT,REG_W232,5355,"Auto-estimated beneficiaries for B-4/75, Park   Yamuna Vihar (park)"
BEN_AUTO_ASSET_PARK_SNZ_648,ASSET_PARK_SNZ_648,SCH_AMRUT,REG_W232,5355,"Auto-estimated beneficiaries for B-4/158, Park   Yamuna Vihar (park)"
BEN_AUTO_ASSET_PARK_SNZ_649,ASSET_PARK_SNZ_649,SCH_AMRUT,REG_W232,5355,Auto-estimated beneficiaries for B-5/423 Shashi kant Park Yamuna Vihar (park)
BEN_AUTO_ASSET_PARK_SNZ_650,ASSET_PARK_SNZ_650,SCH_AMRUT,REG_W232,5355,"Auto-estimated beneficiaries for B-5/326, Madhev Park  Yamuna Vihar (park)"
BEN_AUTO_ASSET_PARK_SNZ_651,ASSET_PARK_SNZ_651,SCH_AMRUT,REG_W232,5355,"Auto-estimated beneficiaries for B-5/261, Rameshwer Park  Yamuna Vihar (park)"
BEN_AUTO_ASSET_PARK_SNZ_652,ASSET_PARK_SNZ_652,SCH_AMRUT,REG_W232,5355,"Auto-estimated beneficiaries for B-5/274, Store wala Park  Yamuna Vihar (park)"
BEN_AUTO_ASSET_PARK_SNZ_653,ASSET_PARK_SNZ_653,SCH_AMRUT,REG_W232,5355,"Auto-estimated beneficiaries for B-5/160, Mahadev Park  Yamuna Vihar (park)"
BEN_AUTO_ASSET_PARK_SNZ_654,ASSET_PARK_SNZ_654,SCH_AMRUT,REG_W232,5355,"Auto-estimated beneficiaries for B-5/327, Nishad Raj Vatika Yamuna Vihar (park)"
BEN_AUTO_ASSET_PARK_SNZ_655,ASSET_PARK_SNZ_655,SCH_AMRUT,REG_W232,5355,"Auto-estimated beneficiaries for C-1/185, Bhawani Park Yamuna Vihar (park)"
BEN_AUTO_ASSET_PARK_SNZ_656,ASSET_PARK_SNZ_656,SCH_AMRUT,REG_W232,5355,"Auto-estimated beneficiaries for C-1/211, Bhairo Park Yamuna Vihar (park)"
BEN_AUTO_ASSET_PARK_SNZ_657,ASSET_PARK_SNZ_657,SCH_AMRUT,REG_W232,5355,"Auto-estimated beneficiaries for C-2/196, Krishna Park  Yamuna Vihar (park)"
BEN_AUTO_ASSET_PARK_SNZ_658,ASSET_PARK_SNZ_658,SCH_AMRUT,REG_W232,5355,"Auto-estimated beneficiaries for C-2/246, Shri Ram Park  Yamuna Vihar (park)"
BEN_AUTO_ASSET_PARK_SNZ_659,ASSET_PARK_SNZ_659,SCH_AMRUT,REG_W232,5355,"Auto-estimated beneficiaries for C-3/291, Maha Rana Pratap Park  Yamuna Vihar (park)"
BEN_AUTO_ASSET_PARK_SNZ_660,ASSET_PARK_SNZ_660,SCH_AMRUT,REG_W232,5355,"Auto-estimated beneficiaries for C-3/113, Bal Samriti Vatika Park  Yamuna Vihar (park)"
BEN_AUTO_ASSET_PARK_SNZ_661,ASSET_PARK_SNZ_661,SCH_AMRUT,REG_W232,5355,"Auto-estimated beneficiaries for C-3/196, Mahavir Vatika  Yamuna Vihar (park)"
BEN_AUTO_ASSET_PARK_SNZ_662,ASSET_PARK_SNZ_662,SCH_AMRUT,REG_W232,5355,"Auto-estimated beneficiaries for C-4/104, Behind Rathwala Mandir  Yamuna Vihar (park)"
BEN_AUTO_ASSET_PARK_SNZ_663,ASSET_PARK_SNZ_663,SCH_AMRUT,REG_W232,5355,"Auto-estimated beneficiaries for C-4/115, Panchsheel  Park   Yamuna Vihar (park)"
BEN_AUTO_ASSET_PARK_SNZ_664,ASSET_PARK_SNZ_664,SCH_AMRUT,REG_W232,5355,Auto-estimated beneficiaries for C-4/73A Panchwati Park  Yamuna Vihar (park)
BEN_AUTO_ASSET_PARK_SNZ_665,ASSET_PARK_SNZ_665,SCH_AMRUT,REG_W232,5355,"Auto-estimated beneficiaries for C-4/335, Chitra Gupt Vatika Park  Yamuna Vihar (park)"
BEN_AUTO_ASSET_PARK_SNZ_666,ASSET_PARK_SNZ_666,SCH_AMRUT,REG_W232,5355,"Auto-estimated beneficiaries for C-5/206, Vijay Laxmi Bahal Park  Yamuna Vihar (park)"
BEN_AUTO_ASSET_PARK_SNZ_667,ASSET_PARK_SNZ_667,SCH_AMRUT,REG_W232,5355,"Auto-estimated beneficiaries for C-5/185, Rajesh Pilot Park  Yamuna Vihar (park)"
BEN_AUTO_ASSET_PARK_SNZ_668,ASSET_PARK_SNZ_668,SCH_AMRUT,REG_W232,5355,"Auto-estimated beneficiaries for C-5/81, Atul Park  Yamuna Vihar (park)"
BEN_AUTO_ASSET_PARK_SNZ_669,ASSET_PARK_SNZ_669,SCH_AMRUT,REG_W232,5355,"Auto-estimated beneficiaries for C-5/67, Keshav Vatika  Yamuna Vihar (park)"
BEN_AUTO_ASSET_PARK_SNZ_670,ASSET_PARK_SNZ_670,SCH_AMRUT,REG_W232,5355,"Auto-estimated beneficiaries for C-5/63, Keshav Vatika ke samne Park  Yamuna Vihar (park)"
BEN_AUTO_ASSET_PARK_SNZ_671,ASSET_PARK_SNZ_671,SCH_AMRUT,REG_W232,5355,"Auto-estimated beneficiaries for C-5/106, Opp. Shiv Shakti Mandir  Yamuna Vihar (park)"
BEN_AUTO_ASSET_PARK_SNZ_672,ASSET_PARK_SNZ_672,SCH_AMRUT,REG_W232,5355,"Auto-estimated beneficiaries for C-6/425, Pkt, Park Near Keshav Vatika  Yamuna Vihar (park)"
BEN_AUTO_ASSET_PARK_SNZ_673,ASSET_PARK_SNZ_673,SCH_AMRUT,REG_W232,5355,"Auto-estimated beneficiaries for C-6/172, Dayanand  Park  Yamuna Vihar (park)"
BEN_AUTO_ASSET_PARK_SNZ_674,ASSET_PARK_SNZ_674,SCH_AMRUT,REG_W232,5355,"Auto-estimated beneficiaries for C-6/42, Pkt, Near Mahila Park  Yamuna Vihar (park)"
BEN_AUTO_ASSET_PARK_SNZ_675,ASSET_PARK_SNZ_675,SCH_AMRUT,REG_W232,5355,"Auto-estimated beneficiaries for C-6/37, Mahila Park  Yamuna Vihar (park)"
BEN_AUTO_ASSET_PARK_SNZ_676,ASSET_PARK_SNZ_676,SCH_AMRUT,REG_W232,5355,"Auto-estimated beneficiaries for C-6/196,  Krishna Park Desu Office  Yamuna Vihar (park)"
BEN_AUTO_ASSET_PARK_SNZ_677,ASSET_PARK_SNZ_677,SCH_AMRUT,REG_W232,5355,"Auto-estimated beneficiaries for C-6/292,  Prahlad Vatika Park  Yamuna Vihar (park)"
BEN_AUTO_ASSET_PARK_SNZ_678,ASSET_PARK_SNZ_678,SCH_AMRUT,REG_W232,5355,"Auto-estimated beneficiaries for C-6/101,  Hanuman Vatika  Yamuna Vihar (park)"
BEN_AUTO_ASSET_PARK_SNZ_679,ASSET_PARK_SNZ_679,SCH_AMRUT,REG_W232,5355,"Auto-estimated beneficiaries for C-7/24, Shishu Vatika  Yamuna Vihar (park)"
BEN_AUTO_ASSET_PARK_SNZ_680,ASSET_PARK_SNZ_680,SCH_AMRUT,REG_W232,5355,"Auto-estimated beneficiaries for C-7/100, Shri Ram  Park  Yamuna Vihar (park)"
BEN_AUTO_ASSET_PARK_SNZ_681,ASSET_PARK_SNZ_681,SCH_AMRUT,REG_W232,5355,"Auto-estimated beneficiaries for C-7/148,Vadahi Park  Yamuna Vihar (park)"
BEN_AUTO_ASSET_PARK_SNZ_682,ASSET_PARK_SNZ_682,SCH_AMRUT,REG_W232,5355,"Auto-estimated beneficiaries for C-8/92, Mohan Chand Park  Yamuna Vihar (park)"
BEN_AUTO_ASSET_PARK_SNZ_683,ASSET_PARK_SNZ_683,SCH_AMRUT,REG_W232,5355,Auto-estimated beneficiaries for C-8/174 Gottam Budh Park   Yamuna Vihar (park)
BEN_AUTO_ASSET_PARK_SNZ_684,ASSET_PARK_SNZ_684,SCH_AMRUT,REG_W232,5355,"Auto-estimated beneficiaries for C-8/35, Ambedkar Park  Yamuna Vihar (park)"
BEN_AUTO_ASSET_PARK_SNZ_685,ASSET_PARK_SNZ_685,SCH_AMRUT,REG_W232,5355,"Auto-estimated beneficiaries for C-8/170, Tulsi Vatika Park  Yamuna Vihar (park)"
BEN_AUTO_ASSET_PARK_SNZ_686,ASSET_PARK_SNZ_686,SCH_AMRUT,REG_W232,5355,"Auto-estimated beneficiaries for C-9/242, Guru Govind Singh Park  Yamuna Vihar (park)"
BEN_AUTO_ASSET_PARK_SNZ_687,ASSET_PARK_SNZ_687,SCH_AMRUT,REG_W232,5355,"Auto-estimated beneficiaries for C-9/96, Ram Park  Yamuna Vihar (park)"
BEN_AUTO_ASSET_PARK_SNZ_688,ASSET_PARK_SNZ_688,SCH_AMRUT,REG_W232,5355,"Auto-estimated beneficiaries for C-9/168, Shayam  Park  Yamuna Vihar (park)"
BEN_AUTO_ASSET_PARK_SNZ_689,ASSET_PARK_SNZ_689,SCH_AMRUT,REG_W232,5355,Auto-estimated beneficiaries for C-9/150 Bhagat Singh Park  Yamuna Vihar (park)
BEN_AUTO_ASSET_PARK_SNZ_690,ASSET_PARK_SNZ_690,SCH_AMRUT,REG_W232,5355,"Auto-estimated beneficiaries for C-10, T.C. Sharma Wala Park   Yamuna Vihar (park)"
BEN_AUTO_ASSET_PARK_SNZ_691,ASSET_PARK_SNZ_691,SCH_AMRUT,REG_W232,5355,"Auto-estimated beneficiaries for C-10, Behaind Nursary Yamuna Vihar (park)"
BEN_AUTO_ASSET_PARK_SNZ_692,ASSET_PARK_SNZ_692,SCH_AMRUT,REG_W232,5355,"Auto-estimated beneficiaries for C-10, Parshuram Vatika  Yamuna Vihar (park)"
BEN_AUTO_ASSET_PARK_SNZ_693,ASSET_PARK_SNZ_693,SCH_AMRUT,REG_W232,5355,"Auto-estimated beneficiaries for C-10 Nursery, Yamuna Vihar (park)"
BEN_AUTO_ASSET_PARK_SNZ_694,ASSET_PARK_SNZ_694,SCH_AMRUT,REG_W232,5355,"Auto-estimated beneficiaries for C-10/100, Chatri Wala Park Yamuna Vihar (park)"
BEN_AUTO_ASSET_PARK_SNZ_695,ASSET_PARK_SNZ_695,SCH_AMRUT,REG_W232,5355,"Auto-estimated beneficiaries for C-10/178, Park Yamuna Vihar (park)"
BEN_AUTO_ASSET_PARK_SNZ_696,ASSET_PARK_SNZ_696,SCH_AMRUT,REG_W232,5355,"Auto-estimated beneficiaries for C-10/44, Park Yamuna Vihar (park)"
BEN_AUTO_ASSET_PARK_SNZ_697,ASSET_PARK_SNZ_697,SCH_AMRUT,REG_W232,5355,Auto-estimated beneficiaries for C-12 Pocket Goyal Wala  Yamuna Vihar (park)
BEN_AUTO_ASSET_PARK_SNZ_698,ASSET_PARK_SNZ_698,SCH_AMRUT,REG_W232,5355,Auto-estimated beneficiaries for C-12 Park Jangle Jalebe wala  Yamuna Vihar (park)
BEN_AUTO_ASSET_PARK_SNZ_699,ASSET_PARK_SNZ_699,SCH_AMRUT,REG_W233,1748,"Auto-estimated beneficiaries for B-4, Near Subhash Mohalla (park)"
BEN_AUTO_ASSET_PARK_SNZ_700,ASSET_PARK_SNZ_700,SCH_AMRUT,REG_W233,1748,Auto-estimated beneficiaries for Ghonda Shivaji Park (park)
BEN_AUTO_ASSET_PARK_SNZ_701,ASSET_PARK_SNZ_701,SCH_AMRUT,REG_W233,1748,"Auto-estimated beneficiaries for C-11/59, Green Belt, Yamuna Vihar (park)"
BEN_AUTO_ASSET_PARK_SNZ_702,ASSET_PARK_SNZ_702,SCH_AMRUT,REG_W233,1748,"Auto-estimated beneficiaries for C-11/186, Fawara Wala Park (park)"
BEN_AUTO_ASSET_PARK_SNZ_703,ASSET_PARK_SNZ_703,SCH_AMRUT,REG_W233,1748,"Auto-estimated beneficiaries for C-11/60, Green Belt Park (park)"
BEN_AUTO_ASSET_PARK_SNZ_704,ASSET_PARK_SNZ_704,SCH_AMRUT,REG_W233,1748,"Auto-estimated beneficiaries for C-11/100, Alongwith Vijaya Park colony (park)"
BEN_AUTO_ASSET_PARK_SNZ_705,ASSET_PARK_SNZ_705,SCH_AMRUT,REG_W233,1748,"Auto-estimated beneficiaries for C-12, Krishna  Park (park)"
BEN_AUTO_ASSET_PARK_SNZ_706,ASSET_PARK_SNZ_706,SCH_AMRUT,REG_W233,1748,"Auto-estimated beneficiaries for C-12/67, Choti Pocket Yauna Vihar (park)"
BEN_AUTO_ASSET_PARK_SNZ_707,ASSET_PARK_SNZ_707,SCH_AMRUT,REG_W233,1748,"Auto-estimated beneficiaries for C-12/239 , Green Belt (park)"
BEN_AUTO_ASSET_PARK_SNZ_708,ASSET_PARK_SNZ_708,SCH_AMRUT,REG_W233,1748,"Auto-estimated beneficiaries for C-12/428, Near Community Bhawan (park)"
BEN_AUTO_ASSET_PARK_SNZ_709,ASSET_PARK_SNZ_709,SCH_AMRUT,REG_W233,1748,"Auto-estimated beneficiaries for C-12/225, Park Yamuna Vihar (park)"
BEN_AUTO_ASSET_PARK_SNZ_710,ASSET_PARK_SNZ_710,SCH_AMRUT,REG_W233,1748,Auto-estimated beneficiaries for C-12/320  Park (park)
BEN_AUTO_ASSET_PARK_SNZ_711,ASSET_PARK_SNZ_711,SCH_AMRUT,REG_W233,1748,"Auto-estimated beneficiaries for C-12/484, Ekta Park (park)"
BEN_AUTO_ASSET_PARK_SNZ_712,ASSET_PARK_SNZ_712,SCH_AMRUT,REG_W233,1748,Auto-estimated beneficiaries for C-12/477  Jaiky Park (park)
BEN_AUTO_ASSET_PARK_SNZ_713,ASSET_PARK_SNZ_713,SCH_AMRUT,REG_W233,1748,Auto-estimated beneficiaries for C-12/387 (park)
BEN_AUTO_ASSET_PARK_SNZ_714,ASSET_PARK_SNZ_714,SCH_AMRUT,REG_W235,5613,"Auto-estimated beneficiaries for Central Park, H.No. 2, B Block Store Wala New Zafrabad (park)"
BEN_AUTO_ASSET_PARK_SNZ_715,ASSET_PARK_SNZ_715,SCH_AMRUT,REG_W235,5613,"Auto-estimated beneficiaries for H.No. A-22, A Block, Masjid Wala Park, New Zafrabad (park)"
BEN_AUTO_ASSET_PARK_SNZ_716,ASSET_PARK_SNZ_716,SCH_AMRUT,REG_W235,5613,"Auto-estimated beneficiaries for H.No. A-36, A Block Mkt, Wala Park, New Zafrabad (park)"
BEN_AUTO_ASSET_PARK_SNZ_717,ASSET_PARK_SNZ_717,SCH_AMRUT,REG_W235,5613,"Auto-estimated beneficiaries for H.No. 57, B-Block, Jal Board Office Wala Park, New Zafrabad (park)"
BEN_AUTO_ASSET_PARK_SNZ_718,ASSET_PARK_SNZ_718,SCH_AMRUT,REG_W235,5613,"Auto-estimated beneficiaries for H.No. 36, A-Block, Hudda Public School (park)"
BEN_AUTO_ASSET_PARK_SNZ_719,ASSET_PARK_SNZ_719,SCH_AMRUT,REG_W235,5613,"Auto-estimated beneficiaries for H.No. 2, A-Block, Mahila Park (park)"
BEN_AUTO_ASSET_PARK_SNZ_720,ASSET_PARK_SNZ_720,SCH_AMRUT,REG_W235,5613,"Auto-estimated beneficiaries for H.No. 28, B-Block, Balmiki Mandir, Z.B. (park)"
BEN_AUTO_ASSET_PARK_SNZ_721,ASSET_PARK_SNZ_721,SCH_AMRUT,REG_W235,5613,"Auto-estimated beneficiaries for H.No. 36, C Block, Bhagwan Mahavir Swami Park, Z.B. (park)"
BEN_AUTO_ASSET_PARK_SNZ_722,ASSET_PARK_SNZ_722,SCH_AMRUT,REG_W235,5613,"Auto-estimated beneficiaries for H.No. 37, D Block, Yog Sadhana Park, Z.B. (park)"
BEN_AUTO_ASSET_PARK_SNZ_723,ASSET_PARK_SNZ_723,SCH_AMRUT,REG_W235,5613,"Auto-estimated beneficiaries for H.No. 45, D Block, Azmid Dev Park (park)"
BEN_AUTO_ASSET_PARK_SNZ_724,ASSET_PARK_SNZ_724,SCH_AMRUT,REG_W235,5613,"Auto-estimated beneficiaries for H.No. D-2, D Block, Shaddi  Wala Park, Mini Stadium (park)"
BEN_AUTO_ASSET_PARK_SNZ_725,ASSET_PARK_SNZ_725,SCH_AMRUT,REG_W235,5613,"Auto-estimated beneficiaries for H.No. 3, C Block DDA Flat, Kasyap  Park (park)"
BEN_AUTO_ASSET_PARK_SNZ_726,ASSET_PARK_SNZ_726,SCH_AMRUT,REG_W235,5613,"Auto-estimated beneficiaries for H.No. B-11, A Block DDA FLAT (park)"
BEN_AUTO_ASSET_PARK_SNZ_727,ASSET_PARK_SNZ_727,SCH_AMRUT,REG_W235,5613,"Auto-estimated beneficiaries for H.No. A-25, A Block Chotti Pockit (park)"
BEN_AUTO_ASSET_PARK_SNZ_728,ASSET_PARK_SNZ_728,SCH_AMRUT,REG_W235,5613,Auto-estimated beneficiaries for C BLOCK Shiv Mandir Wala Park (park)
BEN_AUTO_ASSET_PARK_SNZ_729,ASSET_PARK_SNZ_729,SCH_AMRUT,REG_W235,5613,"Auto-estimated beneficiaries for H.No. C-19, C Block Shishu Vatika Park, New Zafrabad (park)"
BEN_AUTO_ASSET_PARK_SNZ_730,ASSET_PARK_SNZ_730,SCH_AMRUT,REG_W235,5613,"Auto-estimated beneficiaries for H.No. 75, C Block Mahila Park, New Zafrabad (park)"
BEN_AUTO_ASSET_PARK_SNZ_731,ASSET_PARK_SNZ_731,SCH_AMRUT,REG_W235,5613,"Auto-estimated beneficiaries for H.No. 104, C Block Maharaja Agarsein Park, Ghorakh Park (park)"
BEN_AUTO_ASSET_PARK_SNZ_732,ASSET_PARK_SNZ_732,SCH_AMRUT,REG_W235,5613,Auto-estimated beneficiaries for Chahha Kashiram Rattor  Park B Block New Jafrabad (park)
BEN_AUTO_ASSET_PARK_SNZ_733,ASSET_PARK_SNZ_733,SCH_AMRUT,REG_W235,5613,"Auto-estimated beneficiaries for H.No. A-22, A PKT. Khatte Wala Park (park)"
BEN_AUTO_ASSET_PARK_SNZ_734,ASSET_PARK_SNZ_734,SCH_AMRUT,REG_W235,5613,Auto-estimated beneficiaries for Green land K.L. Rathi Mill Loni Road Shahdara (Divyang Park) (park)
BEN_AUTO_ASSET_PARK_SNZ_735,ASSET_PARK_SNZ_735,SCH_AMRUT,REG_W236,3546,"Auto-estimated beneficiaries for West Jyoti Nagar, Big Park (park)"
BEN_AUTO_ASSET_PARK_SNZ_736,ASSET_PARK_SNZ_736,SCH_AMRUT,REG_W236,3546,"Auto-estimated beneficiaries for Mandir Wala Park, West Jyoti Nagar (park)"
BEN_AUTO_ASSET_PARK_SNZ_737,ASSET_PARK_SNZ_737,SCH_AMRUT,REG_W236,3546,"Auto-estimated beneficiaries for Small Park, West Jyoti Nagar (park)"
BEN_AUTO_ASSET_PARK_SNZ_738,ASSET_PARK_SNZ_738,SCH_AMRUT,REG_W236,3546,Auto-estimated beneficiaries for Park Balbir Nagar Wala (park)
BEN_AUTO_ASSET_PARK_SNZ_739,ASSET_PARK_SNZ_739,SCH_AMRUT,REG_W239,1817,"Auto-estimated beneficiaries for A-Block, H. No. 322, Gokulpuri (park)"
BEN_AUTO_ASSET_PARK_SNZ_740,ASSET_PARK_SNZ_740,SCH_AMRUT,REG_W239,1817,"Auto-estimated beneficiaries for B-Block, H.No. 375 Gokulpuri (park)"
BEN_AUTO_ASSET_PARK_SNZ_741,ASSET_PARK_SNZ_741,SCH_AMRUT,REG_W239,1817,"Auto-estimated beneficiaries for C-Block, H. No. 495, Gokulpuri (Billu) (park)"
BEN_AUTO_ASSET_PARK_SNZ_742,ASSET_PARK_SNZ_742,SCH_AMRUT,REG_W239,1817,Auto-estimated beneficiaries for C/D Block H. No. 270 Gokulpuri (park)
BEN_AUTO_ASSET_PARK_SNZ_743,ASSET_PARK_SNZ_743,SCH_AMRUT,REG_W239,1817,"Auto-estimated beneficiaries for D-Block, H. No. 594, Gokulpuri( Mahila Park) (park)"
BEN_AUTO_ASSET_PARK_SNZ_744,ASSET_PARK_SNZ_744,SCH_AMRUT,REG_W239,1817,"Auto-estimated beneficiaries for D-Block, Community Hall, Gokulpuri H.No. D-6 (park)"
BEN_AUTO_ASSET_PARK_SNZ_745,ASSET_PARK_SNZ_745,SCH_AMRUT,REG_W239,1817,"Auto-estimated beneficiaries for A-Block, Green Belt, Gokulpuri (park)"
BEN_AUTO_ASSET_PARK_SNZ_746,ASSET_PARK_SNZ_746,SCH_AMRUT,REG_W239,1817,"Auto-estimated beneficiaries for D-Block, Green Belt, Main Road, Wazirabad (Ambedker Park) (park)"
BEN_AUTO_ASSET_PARK_SNZ_747,ASSET_PARK_SNZ_747,SCH_AMRUT,REG_W239,1817,Auto-estimated beneficiaries for Gokalpur Village (Jagat Wali Dairy) (park)
BEN_AUTO_ASSET_PARK_SNZ_748,ASSET_PARK_SNZ_748,SCH_AMRUT,REG_W241,4550,Auto-estimated beneficiaries for Chauhan Pur Park (park)
BEN_AUTO_ASSET_PARK_SNZ_749,ASSET_PARK_SNZ_749,SCH_AMRUT,REG_W242,5555,Auto-estimated beneficiaries for Park at Ashoka Colour Mill Karawal Nagar (park)
BEN_AUTO_ASSET_PARK_SNZ_750,ASSET_PARK_SNZ_750,SCH_AMRUT,REG_W250,3583,Auto-estimated beneficiaries for Sabha Pur Park (park)
