region_id,name,type,parent_region_id,population,lat,lon
GEO_IN_DL,Delhi,state,GEO_IN,,28.7041,77.1025
GEO_IN_DL_276400,East Delhi Municipal Corporation,city,GEO_IN_DL,,,
GEO_IN_DL_276401,North Delhi Municipal Corporation,city,GEO_IN_DL,,,
GEO_IN_DL_276402,South Delhi Municipal Corporation,city,GEO_IN_DL,,,
GEO_IN_DL_276447,New Delhi Municipal Council,city,GEO_IN_DL,,,
GEO_IN_DL_276402_W1290042,Sri Niwas Puri,ward,GEO_IN_DL_276402,,,
GEO_IN_DL_276400_W1289788,Trilokpuri-West,ward,GEO_IN_DL_276400,,,
GEO_IN_DL_276401_W1289904,Mangolpuri-B,ward,GEO_IN_DL_276401,,,
GEO_IN_DL_276402_W1290036,Sangam Vihar-C,ward,GEO_IN_DL_276402,,,
GEO_IN_DL_276402_W1290037,Sangam Vihar-D,ward,GEO_IN_DL_276402,,,
GEO_IN_DL_276402_W1290047,Pul Pehladpur,ward,GEO_IN_DL_276402,,,
GEO_IN_DL_276401_W1289932,Civil Lines,ward,GEO_IN_DL_276401,,,
GEO_IN_DL_276401_W1289896,Sultanpuri-B,ward,GEO_IN_DL_276401,,,
GEO_IN_DL_276402_W1289975,Sainik Enclave,ward,GEO_IN_DL_276402,,,
GEO_IN_DL_276402_W1289965,Keshopur,ward,GEO_IN_DL_276402,,,
GEO_IN_DL_276401_W1289864,Mukherjee Nagar,ward,GEO_IN_DL_276401,,,
GEO_IN_DL_276400_W1289814,Vivek Vihar,ward,GEO_IN_DL_276400,,,
GEO_IN_DL_276402_W1289955,Punjabi Bagh,ward,GEO_IN_DL_276402,,,
GEO_IN_DL_276400_W1289846,Karawal Nagar-West,ward,GEO_IN_DL_276400,,,
GEO_IN_DL_276402_W1290022,Vasant Kunj,ward,GEO_IN_DL_276402,,,
GEO_IN_DL_276401_W1289876,Budh Vhar,ward,GEO_IN_DL_276401,,,
GEO_IN_DL_276402_W1290046,Tughlakabad,ward,GEO_IN_DL_276402,,,
GEO_IN_DL_276402_W1290052,Om Vihar,ward,GEO_IN_DL_276402,,,
GEO_IN_DL_276401_W1289894,Sultanpuri-A,ward,GEO_IN_DL_276401,,,
GEO_IN_DL_276401_W1289920,Tri Nagar,ward,GEO_IN_DL_276401,,,
GEO_IN_DL_276401_W1289906,Rohini-F,ward,GEO_IN_DL_276401,,,
GEO_IN_DL_276402_W1290049,Molarband,ward,GEO_IN_DL_276402,,,
GEO_IN_DL_276401_W1289916,Paschim Vihar,ward,GEO_IN_DL_276401,,,
GEO_IN_DL_276401_W1289933,Chandni Chowk,ward,GEO_IN_DL_276401,,,
GEO_IN_DL_276400_W1289821,Ashok Nagar,ward,GEO_IN_DL_276400,,,
GEO_IN_DL_276401_W1289860,Mukundpur,ward,GEO_IN_DL_276401,,,
GEO_IN_DL_W1293211,Ward No. 3,ward,GEO_IN_DL,,,
GEO_IN_DL_276402_W1290043,Kalkaji,ward,GEO_IN_DL_276402,,,
GEO_IN_DL_276400_W1289807,Anarkali,ward,GEO_IN_DL_276400,,,
GEO_IN_DL_276400_W1289813,Dilshad Colony,ward,GEO_IN_DL_276400,,,
GEO_IN_DL_276400_W1289793,Kalyan Puri,ward,GEO_IN_DL_276400,,,
GEO_IN_DL_276402_W1290012,Andrews Ganj,ward,GEO_IN_DL_276402,,,
GEO_IN_DL_276401_W1289952,Inder Puri,ward,GEO_IN_DL_276401,,,
GEO_IN_DL_276401_W1289852,Alipur,ward,GEO_IN_DL_276401,,,
GEO_IN_DL_276402_W1289958,Rajouri Garden,ward,GEO_IN_DL_276402,,,
GEO_IN_DL_276400_W1289795,Vinod Nagar,ward,GEO_IN_DL_276400,,,
GEO_IN_DL_276402_W1289985,Sagarpur-East,ward,GEO_IN_DL_276402,,,
GEO_IN_DL_276402_W1290006,Sadh Nagar,ward,GEO_IN_DL_276402,,,
GEO_IN_DL_276401_W1289895,Mangolpuri-D,ward,GEO_IN_DL_276401,,,
GEO_IN_DL_276401_W1289948,Karampura,ward,GEO_IN_DL_276401,,,
GEO_IN_DL_276400_W1289815,Jhilmil,ward,GEO_IN_DL_276400,,,
GEO_IN_DL_276401_W1289898,Nangloi Jat,ward,GEO_IN_DL_276401,,,
GEO_IN_DL_276402_W1289977,Bapraula,ward,GEO_IN_DL_276402,,,
GEO_IN_DL_276402_W1290032,Madangir,ward,GEO_IN_DL_276402,,,
GEO_IN_DL_276400_W1289828,Gautam Puri,ward,GEO_IN_DL_276400,,,
GEO_IN_DL_276401_W1289857,Jharoda,ward,GEO_IN_DL_276401,,,
GEO_IN_DL_276401_W1289883,Rohini-D,ward,GEO_IN_DL_276401,,,
GEO_IN_DL_W1293213,Ward No. 5,ward,GEO_IN_DL,,,
GEO_IN_DL_276402_W1289957,Raghubir Nagar,ward,GEO_IN_DL_276402,,,
GEO_IN_DL_276400_W1289806,Krishna Nagar,ward,GEO_IN_DL_276400,,,
GEO_IN_DL_276402_W1289991,Dwarka-B,ward,GEO_IN_DL_276402,,,
GEO_IN_DL_276400_W1289847,Sadatpur,ward,GEO_IN_DL_276400,,,
GEO_IN_DL_276401_W1289880,Pooth Khurd,ward,GEO_IN_DL_276401,,,
GEO_IN_DL_276401_W1289893,Mubarak Pur Dabas,ward,GEO_IN_DL_276401,,,
GEO_IN_DL_276402_W1290054,Sarita Vihar,ward,GEO_IN_DL_276402,,,
GEO_IN_DL_276401_W1289928,Shastri Nagar,ward,GEO_IN_DL_276401,,,
GEO_IN_DL_276401_W1289945,Ranjit Nagar,ward,GEO_IN_DL_276401,,,
GEO_IN_DL_276402_W1290020,Lado Sarai,ward,GEO_IN_DL_276402,,,
GEO_IN_DL_W1293215,Ward No. 7,ward,GEO_IN_DL,,,
GEO_IN_DL_276402_W1289993,Ghuman Hera,ward,GEO_IN_DL_276402,,,
GEO_IN_DL_276401_W1289935,Ajmeri Gate,ward,GEO_IN_DL_276401,,,
GEO_IN_DL_276402_W1289963,Hari Nagar-A,ward,GEO_IN_DL_276402,,,
GEO_IN_DL_276401_W1289930,Kishan Ganj,ward,GEO_IN_DL_276401,,,
GEO_IN_DL_276401_W1289879,Bawana,ward,GEO_IN_DL_276401,,,
GEO_IN_DL_276401_W1289913,Pitampura,ward,GEO_IN_DL_276401,,,
GEO_IN_DL_276402_W1289995,Dichaon Kalan,ward,GEO_IN_DL_276402,,,
GEO_IN_DL_276400_W1289834,Kardam Puri,ward,GEO_IN_DL_276400,,,
GEO_IN_DL_276402_W1290038,Sangam Vihar-E,ward,GEO_IN_DL_276402,,,
GEO_IN_DL_276402_W1290048,Badarpur,ward,GEO_IN_DL_276402,,,
GEO_IN_DL_276401_W1289925,Sangam Park,ward,GEO_IN_DL_276401,,,
GEO_IN_DL_276402_W1289971,Milap Nagar,ward,GEO_IN_DL_276402,,,
GEO_IN_DL_W1293209,Ward No. 1,ward,GEO_IN_DL,,,
GEO_IN_DL_276401_W1289937,Delhi Gate,ward,GEO_IN_DL_276401,,,
GEO_IN_DL_276400_W1289822,Ram Nagar,ward,GEO_IN_DL_276400,,,
GEO_IN_DL_276402_W1290039,Greater Kailash,ward,GEO_IN_DL_276402,,,
GEO_IN_DL_276402_W1289956,Raja Garden,ward,GEO_IN_DL_276402,,,
GEO_IN_DL_276402_W1289966,Tilak Nagar,ward,GEO_IN_DL_276402,,,
GEO_IN_DL_276400_W1289840,Harsh Vihar,ward,GEO_IN_DL_276400,,,
GEO_IN_DL_276401_W1289918,Shakur Pur,ward,GEO_IN_DL_276401,,,
GEO_IN_DL_276400_W1289848,Khajoori Khas,ward,GEO_IN_DL_276400,,,
GEO_IN_DL_276402_W1289994,Gopal Nagar,ward,GEO_IN_DL_276402,,,
GEO_IN_DL_276401_W1289912,Shalimar Bagh -South,ward,GEO_IN_DL_276401,,,
GEO_IN_DL_276401_W1289951,Rajinder Nagar,ward,GEO_IN_DL_276401,,,
GEO_IN_DL_276402_W1289973,Vikaspuri,ward,GEO_IN_DL_276402,,,
GEO_IN_DL_276400_W1289849,Sri Ram Colony,ward,GEO_IN_DL_276400,,,
GEO_IN_DL_276401_W1289940,Ram Nagar,ward,GEO_IN_DL_276401,,,
GEO_IN_DL_276402_W1290011,Kasturba Nagar,ward,GEO_IN_DL_276402,,,
GEO_IN_DL_276402_W1290056,Madanpur Khadar East,ward,GEO_IN_DL_276402,,,
GEO_IN_DL_276401_W1289950,Ramesh Nagar,ward,GEO_IN_DL_276401,,,
GEO_IN_DL_276401_W1289878,Nangal Thakran,ward,GEO_IN_DL_276401,,,
GEO_IN_DL_276400_W1289786,Mayur Vihar Phase-I,ward,GEO_IN_DL_276400,,,
GEO_IN_DL_276401_W1289885,Rani Khera,ward,GEO_IN_DL_276401,,,
GEO_IN_DL_276401_W1289907,Rohini-G,ward,GEO_IN_DL_276401,,,
GEO_IN_DL_276402_W1290021,Mehrauli,ward,GEO_IN_DL_276402,,,
GEO_IN_DL_276402_W1290051,Jaitpur,ward,GEO_IN_DL_276402,,,
GEO_IN_DL_276402_W1289989,Dwarka - A,ward,GEO_IN_DL_276402,,,
GEO_IN_DL_276401_W1289929,Sadar Bazar,ward,GEO_IN_DL_276401,,,
GEO_IN_DL_276402_W1290001,Bijwasan,ward,GEO_IN_DL_276402,,,
GEO_IN_DL_276401_W1289910,Haiderpur,ward,GEO_IN_DL_276401,,,
GEO_IN_DL_276400_W1289839,Saboli,ward,GEO_IN_DL_276400,,,
GEO_IN_DL_276400_W1289810,Shastri Park,ward,GEO_IN_DL_276400,,,
GEO_IN_DL_276402_W1289986,Manglapuri,ward,GEO_IN_DL_276402,,,
GEO_IN_DL_276401_W1289931,Anand Parbat,ward,GEO_IN_DL_276401,,,
GEO_IN_DL_276400_W1289838,Gokal Puri,ward,GEO_IN_DL_276400,,,
GEO_IN_DL_276402_W1289970,Sitapuri,ward,GEO_IN_DL_276402,,,
GEO_IN_DL_276401_W1289923,Nimri Colony,ward,GEO_IN_DL_276401,,,
GEO_IN_DL_276400_W1289819,New Seemapuri,ward,GEO_IN_DL_276400,,,
GEO_IN_DL_276402_W1290010,Lajpat Nagar,ward,GEO_IN_DL_276402,,,
GEO_IN_DL_276402_W1290028,Tigri,ward,GEO_IN_DL_276402,,,
GEO_IN_DL_276401_W1289901,Lakshmi Park,ward,GEO_IN_DL_276401,,,
GEO_IN_DL_W1293210,Ward No. 2,ward,GEO_IN_DL,,,
GEO_IN_DL_276402_W1289969,Janakpuri South,ward,GEO_IN_DL_276402,,,
GEO_IN_DL_276400_W1289804,I.P. Extension,ward,GEO_IN_DL_276400,,,
GEO_IN_DL_276400_W1289841,Shiv Vihar,ward,GEO_IN_DL_276400,,,
GEO_IN_DL_276402_W1289998,Isapur,ward,GEO_IN_DL_276402,,,
GEO_IN_DL_276400_W1289831,Ghonda,ward,GEO_IN_DL_276400,,,
GEO_IN_DL_276401_W1289924,Ashok Vihar,ward,GEO_IN_DL_276401,,,
GEO_IN_DL_276402_W1289960,Vishnu Garden,ward,GEO_IN_DL_276402,,,
GEO_IN_DL_276401_W1289897,Sultanpuri-C,ward,GEO_IN_DL_276401,,,
GEO_IN_DL_276401_W1289890,Aman Vihar,ward,GEO_IN_DL_276401,,,
GEO_IN_DL_276401_W1289856,Burari,ward,GEO_IN_DL_276401,,,
GEO_IN_DL_276402_W1290000,Dwarka-C,ward,GEO_IN_DL_276402,,,
GEO_IN_DL_276401_W1289949,Moti Nagar,ward,GEO_IN_DL_276401,,,
GEO_IN_DL_276402_W1289990,Matiala,ward,GEO_IN_DL_276402,,,
GEO_IN_DL_276400_W1289824,Welcome Colony,ward,GEO_IN_DL_276400,,,
GEO_IN_DL_276401_W1289927,Kamla Nagar,ward,GEO_IN_DL_276401,,,
GEO_IN_DL_276400_W1289837,Joharipur,ward,GEO_IN_DL_276400,,,
GEO_IN_DL_276402_W1290053,Zakir Nagar,ward,GEO_IN_DL_276402,,,
GEO_IN_DL_276402_W1290023,Chhatarpur,ward,GEO_IN_DL_276402,,,
GEO_IN_DL_276400_W1289797,Patpar Ganj,ward,GEO_IN_DL_276400,,,
GEO_IN_DL_276402_W1290050,Hari Nagar-B,ward,GEO_IN_DL_276402,,,
GEO_IN_DL_276401_W1289892,Prem Nagar,ward,GEO_IN_DL_276401,,,
GEO_IN_DL_276402_W1290007,Palam,ward,GEO_IN_DL_276402,,,
GEO_IN_DL_276402_W1290025,Bhati,ward,GEO_IN_DL_276402,,,
GEO_IN_DL_276400_W1289812,Raghubarpura,ward,GEO_IN_DL_276400,,,
GEO_IN_DL_276401_W1289872,Samaypur Badli,ward,GEO_IN_DL_276401,,,
GEO_IN_DL_276402_W1289979,Mohan Garden-North,ward,GEO_IN_DL_276402,,,
GEO_IN_DL_276401_W1289934,Jama Masjid,ward,GEO_IN_DL_276401,,,
GEO_IN_DL_276401_W1289900,Nihal Vihar,ward,GEO_IN_DL_276401,,,
GEO_IN_DL_276401_W1289946,Baljit Nagar,ward,GEO_IN_DL_276401,,,
GEO_IN_DL_276400_W1289794,Mandawali,ward,GEO_IN_DL_276400,,,
GEO_IN_DL_276401_W1289859,Sant Nagar,ward,GEO_IN_DL_276401,,,
GEO_IN_DL_276402_W1289996,Najafgarh,ward,GEO_IN_DL_276402,,,
GEO_IN_DL_276401_W1289921,Wazir Pur,ward,GEO_IN_DL_276401,,,
GEO_IN_DL_276402_W1290014,Safdarjung Enclave,ward,GEO_IN_DL_276402,,,
GEO_IN_DL_276400_W1289826,Chauhan Banger,ward,GEO_IN_DL_276400,,,
GEO_IN_DL_276400_W1289818,Sunder Nagri,ward,GEO_IN_DL_276400,,,
GEO_IN_DL_276401_W1289903,Mangolpuri-A,ward,GEO_IN_DL_276401,,,
GEO_IN_DL_276402_W1290027,Dakshin Puri Extension,ward,GEO_IN_DL_276402,,,
GEO_IN_DL_276402_W1289959,Tagore Garden,ward,GEO_IN_DL_276402,,,
GEO_IN_DL_276400_W1289802,Vishwas Nagar,ward,GEO_IN_DL_276400,,,
GEO_IN_DL_276401_W1289909,Rohini-I,ward,GEO_IN_DL_276401,,,
GEO_IN_DL_276400_W1289835,Babarpur,ward,GEO_IN_DL_276400,,,
GEO_IN_DL_276400_W1289791,Gharoli,ward,GEO_IN_DL_276400,,,
GEO_IN_DL_276401_W1289939,Ballimaran,ward,GEO_IN_DL_276401,,,
GEO_IN_DL_276402_W1290031,Sangam Vihar-B,ward,GEO_IN_DL_276402,,,
GEO_IN_DL_276401_W1289887,Nilothi,ward,GEO_IN_DL_276401,,,
GEO_IN_DL_276400_W1289803,Anand Vihar,ward,GEO_IN_DL_276400,,,
GEO_IN_DL_276402_W1289984,Sagarpur-West,ward,GEO_IN_DL_276402,,,
GEO_IN_DL_276401_W1289867,Dhirpur,ward,GEO_IN_DL_276401,,,
GEO_IN_DL_276400_W1289798,Kishan Kunj,ward,GEO_IN_DL_276400,,,
GEO_IN_DL_276402_W1290034,Khanpur,ward,GEO_IN_DL_276402,,,
GEO_IN_DL_276401_W1289944,East Patel Nagar,ward,GEO_IN_DL_276401,,,
GEO_IN_DL_276400_W1289827,Seelampur,ward,GEO_IN_DL_276400,,,
GEO_IN_DL_276401_W1289863,G.T.B. Nagar,ward,GEO_IN_DL_276401,,,
GEO_IN_DL_276401_W1289908,Rohini-H,ward,GEO_IN_DL_276401,,,
GEO_IN_DL_276402_W1289992,Chhawla,ward,GEO_IN_DL_276402,,,
GEO_IN_DL_276400_W1289799,Lakshmi Nagar,ward,GEO_IN_DL_276400,,,
GEO_IN_DL_276402_W1290008,Daryaganj,ward,GEO_IN_DL_276402,,,
GEO_IN_DL_276401_W1289891,Kirari Suleman Nagar,ward,GEO_IN_DL_276401,,,
GEO_IN_DL_276401_W1289871,Bhalswa,ward,GEO_IN_DL_276401,,,
GEO_IN_DL_276402_W1290030,Sangam Vihar-A,ward,GEO_IN_DL_276402,,,
GEO_IN_DL_276400_W1289808,Ghondli,ward,GEO_IN_DL_276400,,,
GEO_IN_DL_276401_W1289943,Dev Nagar,ward,GEO_IN_DL_276401,,,
GEO_IN_DL_276400_W1289805,Preet Vihar,ward,GEO_IN_DL_276400,,,
GEO_IN_DL_276401_W1289942,Pahar Ganj,ward,GEO_IN_DL_276401,,,
GEO_IN_DL_276402_W1290013,Kotla Mubarakpur,ward,GEO_IN_DL_276402,,,
GEO_IN_DL_276400_W1289809,Geeta Colony,ward,GEO_IN_DL_276400,,,
GEO_IN_DL_276402_W1289974,Hastsal,ward,GEO_IN_DL_276402,,,
GEO_IN_DL_276400_W1289789,New Ashok Nagar,ward,GEO_IN_DL_276400,,,
GEO_IN_DL_276401_W1289851,Bakhtawarpur,ward,GEO_IN_DL_276401,,,
GEO_IN_DL_276401_W1289899,Peera Garhi,ward,GEO_IN_DL_276401,,,
GEO_IN_DL_276401_W1289926,Model Town,ward,GEO_IN_DL_276401,,,
GEO_IN_DL_276401_W1289938,Quraish Nagar,ward,GEO_IN_DL_276401,,,
GEO_IN_DL_276401_W1289889,Nithari,ward,GEO_IN_DL_276401,,,
GEO_IN_DL_276401_W1289854,Bankner,ward,GEO_IN_DL_276401,,,
GEO_IN_DL_276401_W1289922,Sawan Park,ward,GEO_IN_DL_276401,,,
GEO_IN_DL_276402_W1289967,Mahavir Nagar,ward,GEO_IN_DL_276402,,,
GEO_IN_DL_276402_W1290024,Said-Ul-Ajaib,ward,GEO_IN_DL_276402,,,
GEO_IN_DL_276400_W1289790,Dallupura,ward,GEO_IN_DL_276400,,,
GEO_IN_DL_276402_W1289978,Mohan Garden-South,ward,GEO_IN_DL_276402,,,
GEO_IN_DL_276402_W1290002,Kapashera,ward,GEO_IN_DL_276402,,,
GEO_IN_DL_276402_W1290017,Vasant Vihar,ward,GEO_IN_DL_276402,,,
GEO_IN_DL_276401_W1289911,Shalimar Bagh -North,ward,GEO_IN_DL_276401,,,
GEO_IN_DL_276402_W1290019,Munirka,ward,GEO_IN_DL_276402,,,
GEO_IN_DL_276401_W1289877,Rithala,ward,GEO_IN_DL_276401,,,
GEO_IN_DL_276400_W1289816,Shahdara,ward,GEO_IN_DL_276400,,,
GEO_IN_DL_276402_W1290005,Mahavir Enclave,ward,GEO_IN_DL_276402,,,
GEO_IN_DL_276402_W1289968,Janakpuri West,ward,GEO_IN_DL_276402,,,
GEO_IN_DL_276400_W1289833,Subhash Mohalla,ward,GEO_IN_DL_276400,,,
GEO_IN_DL_276401_W1289850,Narela,ward,GEO_IN_DL_276401,,,
GEO_IN_DL_276402_W1289972,Ranhola,ward,GEO_IN_DL_276402,,,
GEO_IN_DL_276401_W1289882,Begumpur,ward,GEO_IN_DL_276401,,,
GEO_IN_DL_276400_W1289787,Trilokpuri-East,ward,GEO_IN_DL_276400,,,
GEO_IN_DL_W1293212,Ward No. 4,ward,GEO_IN_DL,,,
GEO_IN_DL_276402_W1290018,R.K. Puram,ward,GEO_IN_DL_276402,,,
GEO_IN_DL_276401_W1289869,Swami Sharda Nand Colony,ward,GEO_IN_DL_276401,,,
GEO_IN_DL_276400_W1289830,Yamuna Vihar,ward,GEO_IN_DL_276400,,,
GEO_IN_DL_276401_W1289941,Karol Bagh,ward,GEO_IN_DL_276401,,,
GEO_IN_DL_276401_W1289870,Jahangir Puri,ward,GEO_IN_DL_276401,,,
GEO_IN_DL_276402_W1290041,Chirag Delhi,ward,GEO_IN_DL_276402,,,
GEO_IN_DL_276402_W1289962,Subhash Nagar,ward,GEO_IN_DL_276402,,,
GEO_IN_DL_276400_W1289845,Sonia Vihar,ward,GEO_IN_DL_276400,,,
GEO_IN_DL_276402_W1290040,Chitaranjan Park,ward,GEO_IN_DL_276402,,,
GEO_IN_DL_276402_W1290004,Madhu Vihar,ward,GEO_IN_DL_276402,,,
GEO_IN_DL_276401_W1289853,Holambi Khurd,ward,GEO_IN_DL_276401,,,
GEO_IN_DL_276402_W1290045,Harkesh Nagar,ward,GEO_IN_DL_276402,,,
GEO_IN_DL_276402_W1290033,Pushp Vihar,ward,GEO_IN_DL_276402,,,
GEO_IN_DL_276402_W1289964,Pratap Nagar,ward,GEO_IN_DL_276402,,,
GEO_IN_DL_276400_W1289800,Shakarpur,ward,GEO_IN_DL_276400,,,
GEO_IN_DL_276400_W1289829,Bhajan Pura,ward,GEO_IN_DL_276400,,,
GEO_IN_DL_276402_W1289999,Raj Nagar,ward,GEO_IN_DL_276402,,,
GEO_IN_DL_276402_W1290015,Hauz Khas,ward,GEO_IN_DL_276402,,,
GEO_IN_DL_276402_W1290003,Mahipalpur,ward,GEO_IN_DL_276402,,,
GEO_IN_DL_W1293214,Ward No. 6,ward,GEO_IN_DL,,,
GEO_IN_DL_276401_W1289919,Ram Pura,ward,GEO_IN_DL_276401,,,
GEO_IN_DL_276401_W1289855,Kadipur,ward,GEO_IN_DL_276401,,,
GEO_IN_DL_276401_W1289873,Rohini-A,ward,GEO_IN_DL_276401,,,
GEO_IN_DL_276401_W1289884,Kanjhawala,ward,GEO_IN_DL_276401,,,
GEO_IN_DL_276401_W1289862,Malka Ganj,ward,GEO_IN_DL_276401,,,
GEO_IN_DL_276402_W1289980,Nawada,ward,GEO_IN_DL_276402,,,
GEO_IN_DL_276400_W1289823,Rohtash Nagar,ward,GEO_IN_DL_276400,,,
GEO_IN_DL_276401_W1289875,Vijay Vihar,ward,GEO_IN_DL_276401,,,
GEO_IN_DL_276401_W1289953,Naraina,ward,GEO_IN_DL_276401,,,
GEO_IN_DL_276400_W1289842,Karawal Nagar-East,ward,GEO_IN_DL_276400,,,
GEO_IN_DL_276402_W1290044,Govind Puri,ward,GEO_IN_DL_276402,,,
GEO_IN_DL_276402_W1289976,Vikas Nagar,ward,GEO_IN_DL_276402,,,
GEO_IN_DL_276402_W1289997,Roshanpura,ward,GEO_IN_DL_276402,,,
GEO_IN_DL_276401_W1289874,Rohini-B,ward,GEO_IN_DL_276401,,,
GEO_IN_DL_276400_W1289801,Pandav Nagar,ward,GEO_IN_DL_276400,,,
GEO_IN_DL_276400_W1289844,Nehru Vihar,ward,GEO_IN_DL_276400,,,
GEO_IN_DL_276400_W1289843,Mustafabad,ward,GEO_IN_DL_276400,,,
GEO_IN_DL_276401_W1289914,Saraswati Vihar,ward,GEO_IN_DL_276401,,,
GEO_IN_DL_276401_W1289902,Rohini-E,ward,GEO_IN_DL_276401,,,
GEO_IN_DL_276401_W1289868,Sarup Nagar,ward,GEO_IN_DL_276401,,,
GEO_IN_DL_276401_W1289865,Sarai Pipal Thala,ward,GEO_IN_DL_276401,,,
GEO_IN_DL_276402_W1290016,Malviya Nagar,ward,GEO_IN_DL_276402,,,
GEO_IN_DL_276402_W1289954,Madipur,ward,GEO_IN_DL_276402,,,
GEO_IN_DL_276401_W1289917,Kohat Enclave,ward,GEO_IN_DL_276401,,,
GEO_IN_DL_276401_W1289866,Adarsh Nagar,ward,GEO_IN_DL_276401,,,
GEO_IN_DL_276401_W1289861,Timarpur,ward,GEO_IN_DL_276401,,,
GEO_IN_DL_276402_W1290026,Aya Nagar,ward,GEO_IN_DL_276402,,,
GEO_IN_DL_276402_W1289988,Kakraula,ward,GEO_IN_DL_276402,,,
GEO_IN_DL_276401_W1289905,Mangolpuri-C,ward,GEO_IN_DL_276401,,,
GEO_IN_DL_276402_W1290035,Tughlakabad Extension,ward,GEO_IN_DL_276402,,,
GEO_IN_DL_276400_W1289825,Maujpur,ward,GEO_IN_DL_276400,,,
GEO_IN_DL_276402_W1289987,Nangli Sakrawati,ward,GEO_IN_DL_276402,,,
GEO_IN_DL_276400_W1289820,Dilshad Garden,ward,GEO_IN_DL_276400,,,
GEO_IN_DL_276402_W1289981,Uttam Nagar,ward,GEO_IN_DL_276402,,,
GEO_IN_DL_276402_W1289961,Khyala,ward,GEO_IN_DL_276402,,,
GEO_IN_DL_276401_W1289915,Rani Bagh,ward,GEO_IN_DL_276401,,,
GEO_IN_DL_276401_W1289886,Nangloi,ward,GEO_IN_DL_276401,,,
GEO_IN_DL_276402_W1290029,Deoli,ward,GEO_IN_DL_276402,,,
GEO_IN_DL_276400_W1289817,Nand Nagri,ward,GEO_IN_DL_276400,,,
GEO_IN_DL_276400_W1289836,Janta Colony,ward,GEO_IN_DL_276400,,,
GEO_IN_DL_276401_W1289936,Bazar Sita Ram,ward,GEO_IN_DL_276401,,,
GEO_IN_DL_276400_W1289796,Mayur Vihar Phase-Ii,ward,GEO_IN_DL_276400,,,
GEO_IN_DL_276402_W1290055,Abul Fazal Enclave,ward,GEO_IN_DL_276402,,,
GEO_IN_DL_276400_W1289811,Kanti Nagar,ward,GEO_IN_DL_276400,,,
GEO_IN_DL_276402_W1289982,Bindapur,ward,GEO_IN_DL_276402,,,
GEO_IN_DL_276401_W1289858,Kamalpur,ward,GEO_IN_DL_276401,,,
GEO_IN_DL_276400_W1289832,Braham Puri,ward,GEO_IN_DL_276400,,,
GEO_IN_DL_276402_W1290057,Madanpur Khadar West,ward,GEO_IN_DL_276402,,,
GEO_IN_DL_276401_W1289947,West Patel Nagar,ward,GEO_IN_DL_276401,,,
GEO_IN_DL_276400_W1289792,Kondli,ward,GEO_IN_DL_276400,,,
GEO_IN_DL_276401_W1289881,Rohini-C,ward,GEO_IN_DL_276401,,,
GEO_IN_DL_276402_W1289983,Dabri,ward,GEO_IN_DL_276402,,,
GEO_IN_DL_W1293216,Ward No. 8,ward,GEO_IN_DL,,,
GEO_IN_DL_276401_W1289888,Mundka,ward,GEO_IN_DL_276401,,,
GEO_IN_AP,Andhra Pradesh,state,GEO_IN,,15.9129,79.74
GEO_IN_AP_248112,Anantapur,city,GEO_IN_AP,,,
GEO_IN_AP_248122,Chittoor,city,GEO_IN_AP,,,
GEO_IN_AP_251782,Cuddapah,city,GEO_IN_AP,,,
GEO_IN_AP_251739,Eluru,city,GEO_IN_AP,,,
GEO_IN_AP_251757,Guntur,city,GEO_IN_AP,,,
GEO_IN_AP_251731,Kakinada,city,GEO_IN_AP,,,
GEO_IN_AP_251789,Kurnool,city,GEO_IN_AP,,,
GEO_IN_AP_251750,Machilipatnam Municipal Corporation,city,GEO_IN_AP,,,
GEO_IN_AP_251752,Mangalagiri Tadepalli,city,GEO_IN_AP,,,
GEO_IN_AP_251772,Nellore Municipal Corporation,city,GEO_IN_AP,,,
GEO_IN_AP_251766,Ongole,city,GEO_IN_AP,,,
GEO_IN_AP_251725,Rajahmundry,city,GEO_IN_AP,,,
GEO_IN_AP_251700,Srikakulam,city,GEO_IN_AP,,,
GEO_IN_AP_248121,Tirupati,city,GEO_IN_AP,,,
GEO_IN_AP_251746,Vijayawada Municipal Corporation,city,GEO_IN_AP,,,
GEO_IN_AP_251719,Visakhapatnam,city,GEO_IN_AP,,,
GEO_IN_AP_251709,Vizianagaram Municipal Corporation,city,GEO_IN_AP,,,
GEO_IN_AP_257868,Addanki,city,GEO_IN_AP,,,
GEO_IN_AP_251792,Adoni,city,GEO_IN_AP,,,
GEO_IN_AP_253272,Allagadda,city,GEO_IN_AP,,,
GEO_IN_AP_251699,Amadalavalasa,city,GEO_IN_AP,,,
GEO_IN_AP_251735,Amalapuram,city,GEO_IN_AP,,,
GEO_IN_AP_258033,Atmakur,city,GEO_IN_AP,,,
GEO_IN_AP_253270,Atmakur (Kurnool),city,GEO_IN_AP,,,
GEO_IN_AP_248111,Badvel,city,GEO_IN_AP,,,
GEO_IN_AP_251760,Bapatla,city,GEO_IN_AP,,,
GEO_IN_AP_251741,Bhimavaram,city,GEO_IN_AP,,,
GEO_IN_AP_251702,Bobbili,city,GEO_IN_AP,,,
GEO_IN_AP_251756,Chilakaluripeta,city,GEO_IN_AP,,,
GEO_IN_AP_253274,Chimakurthy,city,GEO_IN_AP,,,
GEO_IN_AP_251763,Chirala,city,GEO_IN_AP,,,
GEO_IN_AP_248115,Dharmavaram,city,GEO_IN_AP,,,
GEO_IN_AP_253169,Dhone(M),city,GEO_IN_AP,,,
GEO_IN_AP_251797,Gooty,city,GEO_IN_AP,,,
GEO_IN_AP_251747,Gudivada,city,GEO_IN_AP,,,
GEO_IN_AP_263068,Gudur,city,GEO_IN_AP,,,
GEO_IN_AP_248113,Guntakal,city,GEO_IN_AP,,,
GEO_IN_AP_248118,Hindupur,city,GEO_IN_AP,,,
GEO_IN_AP_251696,Ichapuram,city,GEO_IN_AP,,,
GEO_IN_AP_277319,Jaggiahpet,city,GEO_IN_AP,,,
GEO_IN_AP_257906,Jangareddygudem,city,GEO_IN_AP,,,
GEO_IN_AP_248116,Kadiri,city,GEO_IN_AP,,,
GEO_IN_AP_251799,Kalyandurg,city,GEO_IN_AP,,,
GEO_IN_AP_251768,Kandukur,city,GEO_IN_AP,,,
GEO_IN_AP_253295,Kanigiri,city,GEO_IN_AP,,,
GEO_IN_AP_251770,Kavali,city,GEO_IN_AP,,,
GEO_IN_AP_296264,Kondapalli,city,GEO_IN_AP,,,
GEO_IN_AP_251736,Kovvur,city,GEO_IN_AP,,,
GEO_IN_AP_296257,Kuppam,city,GEO_IN_AP,,,
GEO_IN_AP_251751,Macherla,city,GEO_IN_AP,,,
GEO_IN_AP_248119,Madanapalli,city,GEO_IN_AP,,,
GEO_IN_AP_251732,Mandapeta,city,GEO_IN_AP,,,
GEO_IN_AP_251762,Markapur,city,GEO_IN_AP,,,
GEO_IN_AP_253297,Mydukur,city,GEO_IN_AP,,,
GEO_IN_AP_248125,Nagari,city,GEO_IN_AP,,,
GEO_IN_AP_257831,Naidupeta,city,GEO_IN_AP,,,
GEO_IN_AP_254922,Nandigama,city,GEO_IN_AP,,,
GEO_IN_AP_253273,Nandikotkur,city,GEO_IN_AP,,,
GEO_IN_AP_251795,Nandyal,city,GEO_IN_AP,,,
GEO_IN_AP_251742,Narasapur,city,GEO_IN_AP,,,
GEO_IN_AP_251755,Narasaraopeta,city,GEO_IN_AP,,,
GEO_IN_AP_251716,Narsipatnam,city,GEO_IN_AP,,,
GEO_IN_AP_251737,Nidadavole,city,GEO_IN_AP,,,
GEO_IN_AP_251745,Nuzvid,city,GEO_IN_AP,,,
GEO_IN_AP_251743,Palacole,city,GEO_IN_AP,,,
GEO_IN_AP_248123,Palamaner,city,GEO_IN_AP,,,
GEO_IN_AP_251695,Palasa Kasibugga,city,GEO_IN_AP,,,
GEO_IN_AP_251701,Parvathipuram,city,GEO_IN_AP,,,
GEO_IN_AP_251749,Pedana,city,GEO_IN_AP,,,
GEO_IN_AP_251724,Peddapuram,city,GEO_IN_AP,,,
GEO_IN_AP_253167,Piduguralla,city,GEO_IN_AP,,,
GEO_IN_AP_251728,Pithapuram,city,GEO_IN_AP,,,
GEO_IN_AP_251759,Ponnuru,city,GEO_IN_AP,,,
GEO_IN_AP_251778,Proddatur,city,GEO_IN_AP,,,
GEO_IN_AP_253101,Pulivendula,city,GEO_IN_AP,,,
GEO_IN_AP_248120,Punganur,city,GEO_IN_AP,,,
GEO_IN_AP_253254,Puttaparthi,city,GEO_IN_AP,,,
GEO_IN_AP_248126,Puttur,city,GEO_IN_AP,,,
GEO_IN_AP_251698,Rajam,city,GEO_IN_AP,,,
GEO_IN_AP_253102,Rajampet,city,GEO_IN_AP,,,
GEO_IN_AP_251733,Ramachandrapuram,city,GEO_IN_AP,,,
GEO_IN_AP_251786,Rayachoti,city,GEO_IN_AP,,,
GEO_IN_AP_248117,Rayadurg,city,GEO_IN_AP,,,
GEO_IN_AP_251761,Repalle,city,GEO_IN_AP,,,
GEO_IN_AP_251703,Salur,city,GEO_IN_AP,,,
GEO_IN_AP_251727,Samalkot,city,GEO_IN_AP,,,
GEO_IN_AP_251753,Sattenapalle,city,GEO_IN_AP,,,
GEO_IN_AP_248124,Srikalahasti,city,GEO_IN_AP,,,
GEO_IN_AP_253227,Sullurupeta,city,GEO_IN_AP,,,
GEO_IN_AP_251738,Tadepalligudem,city,GEO_IN_AP,,,
GEO_IN_AP_248114,Tadipatri,city,GEO_IN_AP,,,
GEO_IN_AP_251740,Tanuku,city,GEO_IN_AP,,,
GEO_IN_AP_251758,Tenali,city,GEO_IN_AP,,,
GEO_IN_AP_251722,Tuni,city,GEO_IN_AP,,,
GEO_IN_AP_251774,Venkatagiri,city,GEO_IN_AP,,,
GEO_IN_AP_251754,Vinukonda,city,GEO_IN_AP,,,
GEO_IN_AP_258054,Yelamanchili,city,GEO_IN_AP,,,
GEO_IN_AP_251787,Yemmiganur,city,GEO_IN_AP,,,
GEO_IN_AP_299612,Ysr Tadigadapa,city,GEO_IN_AP,,,
GEO_IN_AP_296256,Akiveedu,city,GEO_IN_AP,,,
GEO_IN_AP_299713,Alluru,city,GEO_IN_AP,,,
GEO_IN_AP_296260,Bethamcherla,city,GEO_IN_AP,,,
GEO_IN_AP_299714,B Kothakota,city,GEO_IN_AP,,,
GEO_IN_AP_296328,Buchireddypalem,city,GEO_IN_AP,,,
GEO_IN_AP_299715,Chinthalapudi,city,GEO_IN_AP,,,
GEO_IN_AP_296261,Dachepalli,city,GEO_IN_AP,,,
GEO_IN_AP_296263,Darsi,city,GEO_IN_AP,,,
GEO_IN_AP_257869,Giddalur,city,GEO_IN_AP,,,
GEO_IN_AP_277316,Gollaprolu,city,GEO_IN_AP,,,
GEO_IN_AP_251773,Gudur (Kurnool),city,GEO_IN_AP,,,
GEO_IN_AP_296262,Gurajala,city,GEO_IN_AP,,,
GEO_IN_AP_251780,Jammalamadugu,city,GEO_IN_AP,,,
GEO_IN_AP_296259,Kamalapuram,city,GEO_IN_AP,,,
GEO_IN_AP_253253,Madakasira,city,GEO_IN_AP,,,
GEO_IN_AP_277315,Mummidivaram,city,GEO_IN_AP,,,
GEO_IN_AP_251711,Nellimarla,city,GEO_IN_AP,,,
GEO_IN_AP_257967,Palakonda,city,GEO_IN_AP,,,
GEO_IN_AP_253252,Pamidi,city,GEO_IN_AP,,,
GEO_IN_AP_296250,Penukonda,city,GEO_IN_AP,,,
GEO_IN_AP_299716,Podili,city,GEO_IN_AP,,,
GEO_IN_AP_254924,Tiruvuru,city,GEO_IN_AP,,,
GEO_IN_AP_254923,Vuyyuru,city,GEO_IN_AP,,,
GEO_IN_AP_277317,Yeleswaram,city,GEO_IN_AP,,,
GEO_IN_AP_251781,Yerraguntla,city,GEO_IN_AP,,,
GEO_IN_AP_251770_W55498,Kavali (M) - Ward No.5,ward,GEO_IN_AP_251770,,,
GEO_IN_AP_251737_W58129,Nidadavole (M) - Ward No.13,ward,GEO_IN_AP_251737,,,
GEO_IN_AP_251762_W51817,Markapur (M) - Ward No.10,ward,GEO_IN_AP_251762,,,
GEO_IN_AP_296259_W2308012,Election Ward No.1,ward,GEO_IN_AP_296259,,,
GEO_IN_AP_251761_W2248,Repalle (M) - Ward No.20,ward,GEO_IN_AP_251761,,,
GEO_IN_AP_251756_W55705,Chilakaluripet (M) - Ward No.25,ward,GEO_IN_AP_251756,,,
GEO_IN_AP_251733_W54522,Ramachandrapuram (M) - Ward No.13,ward,GEO_IN_AP_251733,,,
GEO_IN_AP_251789_W52342,Kurnool Ward No. 9,ward,GEO_IN_AP_251789,,,
GEO_IN_AP_248112_W1297295,Anantapur Ward No. 40,ward,GEO_IN_AP_248112,,,
GEO_IN_AP_251749_W1297744,Pedana (NP) - Ward No. 22,ward,GEO_IN_AP_251749,,,
GEO_IN_AP_251778_W3975,Bodhan (M) - Ward No.35,ward,GEO_IN_AP_251778,,,
GEO_IN_AP_253297_W109,Mydukur (M) - Ward No.18,ward,GEO_IN_AP_253297,,,
GEO_IN_AP_251795_W52901,Nandyal (M) - Ward No.7,ward,GEO_IN_AP_251795,,,
GEO_IN_AP_253102_W3046153,Rajampet Ward No.26,ward,GEO_IN_AP_253102,,,
GEO_IN_AP_251753_W1509,Sattenapalle (M) - Ward No.26,ward,GEO_IN_AP_251753,,,
GEO_IN_AP_251756_W3046054,Chilakaluripet (M) - Ward No.37,ward,GEO_IN_AP_251756,,,
GEO_IN_AP_251722_W54037,Tuni (M) - Ward No.4,ward,GEO_IN_AP_251722,,,
GEO_IN_AP_251731_W58045,Kakinada (M) - Ward No.47,ward,GEO_IN_AP_251731,,,
GEO_IN_AP_253102_W52156,Rajampet Ward No.3,ward,GEO_IN_AP_253102,,,
GEO_IN_AP_248124_W55630,Srikalahasti (M) - Ward No.15,ward,GEO_IN_AP_248124,,,
GEO_IN_AP_257869_W126502,Giddalur-Ward No.12,ward,GEO_IN_AP_257869,,,
GEO_IN_AP_299714_W3045698,Ward No 18,ward,GEO_IN_AP_299714,,,
GEO_IN_AP_251772_W51888,Nellore (M) - Ward No.25,ward,GEO_IN_AP_251772,,,
GEO_IN_AP_251750_W3045993,Machilipatnam Ward No.43,ward,GEO_IN_AP_251750,,,
GEO_IN_AP_253297_W644,Mydukur (M) - Ward No.4,ward,GEO_IN_AP_253297,,,
GEO_IN_AP_248121_W126545,Tirupati - Ward No.31,ward,GEO_IN_AP_248121,,,
GEO_IN_AP_248122_W126544,Chittoor - Ward No.33,ward,GEO_IN_AP_248122,,,
GEO_IN_AP_251747_W54861,Gudivada (M) - Ward No.2,ward,GEO_IN_AP_251747,,,
GEO_IN_AP_248115_W1297390,Dharmavaram Ward No. 37,ward,GEO_IN_AP_248115,,,
GEO_IN_AP_248115_W53315,Dharmavaram (M) - Ward No.1,ward,GEO_IN_AP_248115,,,
GEO_IN_AP_248117_W53057,Rayadurg (M) - Ward No.6,ward,GEO_IN_AP_248117,,,
GEO_IN_AP_248111_W489,Ward No.25,ward,GEO_IN_AP_248111,,,
GEO_IN_AP_248125_W53629,Nagari (CT) - Ward No.15,ward,GEO_IN_AP_248125,,,
GEO_IN_AP_296259_W2308017,Election Ward No.6,ward,GEO_IN_AP_296259,,,
GEO_IN_AP_277319_W1297817,Jaggaiahpet Ward No. 3,ward,GEO_IN_AP_277319,,,
GEO_IN_AP_251787_W1297620,Yemmiganur Ward No. 25,ward,GEO_IN_AP_251787,,,
GEO_IN_AP_251755_W1718,Narasaraopet (M) - Ward No.32,ward,GEO_IN_AP_251755,,,
GEO_IN_AP_251731_W58031,Kakinada (M) - Ward No.40,ward,GEO_IN_AP_251731,,,
GEO_IN_AP_251758_W51655,Tenali (M) - Ward No.28,ward,GEO_IN_AP_251758,,,
GEO_IN_AP_253274_W162502,Chimakurthy Ward No 9,ward,GEO_IN_AP_253274,,,
GEO_IN_AP_251760_W51694,Bapatla (M) - Ward No.11,ward,GEO_IN_AP_251760,,,
GEO_IN_AP_253102_W52188,Rajampet Ward No.19,ward,GEO_IN_AP_253102,,,
GEO_IN_AP_253254_W363,Ward No. 5,ward,GEO_IN_AP_253254,,,
GEO_IN_AP_248113_W1297415,Ward No 29,ward,GEO_IN_AP_248113,,,
GEO_IN_AP_251766_W55433,Ongole (M) - Ward No.33,ward,GEO_IN_AP_251766,,,
GEO_IN_AP_253167_W54926,Piduguralla M Ward No 7,ward,GEO_IN_AP_253167,,,
GEO_IN_AP_251719_W54008,Visakhapatnam (M Corp.) - Ward No.66,ward,GEO_IN_AP_251719,,,
GEO_IN_AP_248113_W55570,Guntakal (M) - Ward No.3,ward,GEO_IN_AP_248113,,,
GEO_IN_AP_251758_W51632,Tenali (M) - Ward No.5,ward,GEO_IN_AP_251758,,,
GEO_IN_AP_277316_W1297374,Gollaprolu Ward No. 11,ward,GEO_IN_AP_277316,,,
GEO_IN_AP_296261_W2307974,Election Ward No.14,ward,GEO_IN_AP_296261,,,
GEO_IN_AP_251747_W54863,Gudivada (M) - Ward No.4,ward,GEO_IN_AP_251747,,,
GEO_IN_AP_248114_W53094,Tadpatri (M) - Ward No.16,ward,GEO_IN_AP_248114,,,
GEO_IN_AP_251719_W53504,Visakhapatnam (M Corp.) - Ward No.19,ward,GEO_IN_AP_251719,,,
GEO_IN_AP_251746_W58218,Vijayawada (M Corp.) - Ward No.25,ward,GEO_IN_AP_251746,,,
GEO_IN_AP_257831_W162487,Naidupet Ward No. 16,ward,GEO_IN_AP_257831,,,
GEO_IN_AP_251695_W1297672,Palasakasibugga Ward No. 23,ward,GEO_IN_AP_251695,,,
GEO_IN_AP_251758_W2236,Tenali (M) - Ward No.33,ward,GEO_IN_AP_251758,,,
GEO_IN_AP_251774_W52029,Venkatagiri (CT) - Ward No.10,ward,GEO_IN_AP_251774,,,
GEO_IN_AP_253274_W162497,Chimakurthy Ward No 4,ward,GEO_IN_AP_253274,,,
GEO_IN_AP_251700_W56990,Srikakulam (M) - Ward No.6,ward,GEO_IN_AP_251700,,,
GEO_IN_AP_251751_W2491,Macherla (M) - Ward No. 29,ward,GEO_IN_AP_251751,,,
GEO_IN_AP_251709_W1297986,Vizianagaram Ward No. 33,ward,GEO_IN_AP_251709,,,
GEO_IN_AP_251789_W1297551,Kurnool Ward No. 37,ward,GEO_IN_AP_251789,,,
GEO_IN_AP_251756_W55712,Chilakaluripet (M) - Ward No.32,ward,GEO_IN_AP_251756,,,
GEO_IN_AP_248115_W53346,Dharmavaram (M) - Ward No.32,ward,GEO_IN_AP_248115,,,
GEO_IN_AP_251719_W1297922,Visakhapatnam (M Corp.) - Ward No.75,ward,GEO_IN_AP_251719,,,
GEO_IN_AP_296257_W2308107,Election Ward No.21,ward,GEO_IN_AP_296257,,,
GEO_IN_AP_296262_W2307990,Election Ward No.10,ward,GEO_IN_AP_296262,,,
GEO_IN_AP_296261_W2307972,Election Ward No.12,ward,GEO_IN_AP_296261,,,
GEO_IN_AP_296260_W2308049,Election Ward No.18,ward,GEO_IN_AP_296260,,,
GEO_IN_AP_251698_W56975,Rajam (CT) - Ward No.18,ward,GEO_IN_AP_251698,,,
GEO_IN_AP_251789_W1297561,Kurnool Ward No. 47,ward,GEO_IN_AP_251789,,,
GEO_IN_AP_251731_W58027,Kakinada (M) - Ward No.38,ward,GEO_IN_AP_251731,,,
GEO_IN_AP_296263_W2308072,Election Ward No.6,ward,GEO_IN_AP_296263,,,
GEO_IN_AP_296250_W2309877,Election Ward No.16,ward,GEO_IN_AP_296250,,,
GEO_IN_AP_253102_W52162,Rajampet Ward No.6,ward,GEO_IN_AP_253102,,,
GEO_IN_AP_263068_W3046069,Gudurnlr Ward No. 34,ward,GEO_IN_AP_263068,,,
GEO_IN_AP_257967_W127803,Ward,ward,GEO_IN_AP_257967,,,
GEO_IN_AP_251761_W51806,Repalle (M) - Ward No.15,ward,GEO_IN_AP_251761,,,
GEO_IN_AP_248120_W56049,Punganur (NP) - Ward No.16,ward,GEO_IN_AP_248120,,,
GEO_IN_AP_248126_W53656,Puttur (CT) - Ward No.9,ward,GEO_IN_AP_248126,,,
GEO_IN_AP_248112_W53288,Anantapur (M) - Ward No.6,ward,GEO_IN_AP_248112,,,
GEO_IN_AP_251780_W52092,Jammalamadugu (CT) - Ward No.20,ward,GEO_IN_AP_251780,,,
GEO_IN_AP_257967_W127815,Ward,ward,GEO_IN_AP_257967,,,
GEO_IN_AP_251719_W1297921,Visakhapatnam (M Corp.) - Ward No.74,ward,GEO_IN_AP_251719,,,
GEO_IN_AP_251789_W1297540,Kurnool Ward No. 26,ward,GEO_IN_AP_251789,,,
GEO_IN_AP_253167_W54928,Piduguralla M Ward No 8,ward,GEO_IN_AP_253167,,,
GEO_IN_AP_253101_W2182,Pulivendula (M) - Ward No.25,ward,GEO_IN_AP_253101,,,
GEO_IN_AP_251719_W53525,Visakhapatnam (M Corp.) - Ward No.40,ward,GEO_IN_AP_251719,,,
GEO_IN_AP_253102_W52190,Rajampet Ward No.20,ward,GEO_IN_AP_253102,,,
GEO_IN_AP_258033_W160759,Atmakurnlr Ward No 8,ward,GEO_IN_AP_258033,,,
GEO_IN_AP_299713_W3045669,Ward No 9,ward,GEO_IN_AP_299713,,,
GEO_IN_AP_251766_W55448,Ongole (M) - Ward No.48,ward,GEO_IN_AP_251766,,,
GEO_IN_AP_251728_W1297568,Pithapuram Ward No.17,ward,GEO_IN_AP_251728,,,
GEO_IN_AP_251736_W54562,Kovvur (NP) - Ward No.1,ward,GEO_IN_AP_251736,,,
GEO_IN_AP_251695_W1297674,Palasakasibugga Ward No. 25,ward,GEO_IN_AP_251695,,,
GEO_IN_AP_251753_W55164,Sattenapalle (M) - Ward No.11,ward,GEO_IN_AP_251753,,,
GEO_IN_AP_251782_W2560,35th Division,ward,GEO_IN_AP_251782,,,
GEO_IN_AP_251747_W54877,Gudivada (M) - Ward No.18,ward,GEO_IN_AP_251747,,,
GEO_IN_AP_248123_W53692,Palamaner - Ward No.14,ward,GEO_IN_AP_248123,,,
GEO_IN_AP_251733_W54536,Ramachandrapuram (M) - Ward No.27,ward,GEO_IN_AP_251733,,,
GEO_IN_AP_253274_W162503,Chimakurthy Ward No 10,ward,GEO_IN_AP_253274,,,
GEO_IN_AP_248117_W53059,Rayadurg (M) - Ward No.8,ward,GEO_IN_AP_248117,,,
GEO_IN_AP_251753_W55172,Sattenapalle (M) - Ward No.15,ward,GEO_IN_AP_251753,,,
GEO_IN_AP_251719_W53520,Visakhapatnam (M Corp.) - Ward No.35,ward,GEO_IN_AP_251719,,,
GEO_IN_AP_277315_W1297499,Mummidivaram Ward No.7,ward,GEO_IN_AP_277315,,,
GEO_IN_AP_251733_W54523,Ramachandrapuram (M) - Ward No.14,ward,GEO_IN_AP_251733,,,
GEO_IN_AP_296261_W2307975,Election Ward No.15,ward,GEO_IN_AP_296261,,,
GEO_IN_AP_251753_W55146,Sattenapalle (M) - Ward No.2,ward,GEO_IN_AP_251753,,,
GEO_IN_AP_248116_W53357,Kadiri (M) - Ward No.11,ward,GEO_IN_AP_248116,,,
GEO_IN_AP_253270_W1297359,Atmakurknl Ward No. 16,ward,GEO_IN_AP_253270,,,
GEO_IN_AP_248119_W55668,Madanapalle (M) - Ward No.11,ward,GEO_IN_AP_248119,,,
GEO_IN_AP_248116_W1297441,Kadiri Ward No 35,ward,GEO_IN_AP_248116,,,
GEO_IN_AP_251762_W126613,Markapur M-Ward.15,ward,GEO_IN_AP_251762,,,
GEO_IN_AP_251731_W58017,Kakinada (M) - Ward No.33,ward,GEO_IN_AP_251731,,,
GEO_IN_AP_251754_W55163,Vinukonda M Ward No 10,ward,GEO_IN_AP_251754,,,
GEO_IN_AP_253167_W54922,Piduguralla M Ward No 5,ward,GEO_IN_AP_253167,,,
GEO_IN_AP_299612_W3045648,Ward No 26,ward,GEO_IN_AP_299612,,,
GEO_IN_AP_251750_W1297843,Machilipatnam Ward No.34,ward,GEO_IN_AP_251750,,,
GEO_IN_AP_251700_W56991,Srikakulam (M) - Ward No.7,ward,GEO_IN_AP_251700,,,
GEO_IN_AP_248126_W3046141,Puttur (CT) - Ward No.25,ward,GEO_IN_AP_248126,,,
GEO_IN_AP_251751_W2485,Macherla (M) - Ward No. 26,ward,GEO_IN_AP_251751,,,
GEO_IN_AP_251724_W54059,Peddapuram (M) - Ward No.12,ward,GEO_IN_AP_251724,,,
GEO_IN_AP_251772_W51884,Nellore (M) - Ward No.21,ward,GEO_IN_AP_251772,,,
GEO_IN_AP_251797_W96,Gooty (CT) - Ward No.14,ward,GEO_IN_AP_251797,,,
GEO_IN_AP_251738_W54580,Tadepalligudem (M) - Ward No.3,ward,GEO_IN_AP_251738,,,
GEO_IN_AP_248118_W1297399,Hindupur Ward No 36,ward,GEO_IN_AP_248118,,,
GEO_IN_AP_299715_W3045707,Ward No 7,ward,GEO_IN_AP_299715,,,
GEO_IN_AP_251795_W53021,Nandyal (M) - Ward No.19,ward,GEO_IN_AP_251795,,,
GEO_IN_AP_251728_W57475,Pithapuram (M) - Ward No.4,ward,GEO_IN_AP_251728,,,
GEO_IN_AP_248112_W53285,Anantapur (M) - Ward No.3,ward,GEO_IN_AP_248112,,,
GEO_IN_AP_248120_W56031,Punganur (NP) - Ward No.7,ward,GEO_IN_AP_248120,,,
GEO_IN_AP_251778_W2069,Bodhan (M) - Ward No.26,ward,GEO_IN_AP_251778,,,
GEO_IN_AP_251759_W51673,Ponnur (M) - Ward No.15,ward,GEO_IN_AP_251759,,,
GEO_IN_AP_248115_W53328,Dharmavaram (M) - Ward No.14,ward,GEO_IN_AP_248115,,,
GEO_IN_AP_248126_W53669,Puttur (CT) - Ward No.22,ward,GEO_IN_AP_248126,,,
GEO_IN_AP_251740_W54641,Tanuku (M) - Ward No.17,ward,GEO_IN_AP_251740,,,
GEO_IN_AP_248122_W56036,Chittoor - Ward No.9,ward,GEO_IN_AP_248122,,,
GEO_IN_AP_251770_W55506,Maddurupadu (OG) (Part) - Ward No.13,ward,GEO_IN_AP_251770,,,
GEO_IN_AP_251702_W52765,Bobbili (M) - Ward No.19,ward,GEO_IN_AP_251702,,,
GEO_IN_AP_251766_W55437,Ongole (M) - Ward No.37,ward,GEO_IN_AP_251766,,,
GEO_IN_AP_248121_W126562,Tirupati - Ward No.40,ward,GEO_IN_AP_248121,,,
GEO_IN_AP_251719_W53521,Visakhapatnam (M Corp.) - Ward No.36,ward,GEO_IN_AP_251719,,,
GEO_IN_AP_251763_W55369,Chirala (M) - Ward No.8,ward,GEO_IN_AP_251763,,,
GEO_IN_AP_251740_W54648,Tanuku (M) - Ward No.24,ward,GEO_IN_AP_251740,,,
GEO_IN_AP_251753_W126651,Sattenapalli Ward No 30,ward,GEO_IN_AP_251753,,,
GEO_IN_AP_251792_W52859,Adoni (M) - Ward No.21,ward,GEO_IN_AP_251792,,,
GEO_IN_AP_251778_W484,Bodhan (M) - Ward No.23,ward,GEO_IN_AP_251778,,,
GEO_IN_AP_251766_W55427,Ongole (M) - Ward No.27,ward,GEO_IN_AP_251766,,,
GEO_IN_AP_296328_W2323507,Election Ward No.19,ward,GEO_IN_AP_296328,,,
GEO_IN_AP_251745_W54843,Nuzvid (M) - Ward No.9,ward,GEO_IN_AP_251745,,,
GEO_IN_AP_296261_W2307963,Election Ward No.3,ward,GEO_IN_AP_296261,,,
GEO_IN_AP_296264_W2331465,Election Ward No.3,ward,GEO_IN_AP_296264,,,
GEO_IN_AP_253101_W3658,Pulivendula (M) - Ward No.16,ward,GEO_IN_AP_253101,,,
GEO_IN_AP_257906_W3046079,Jangareddigudem Ward No 26,ward,GEO_IN_AP_257906,,,
GEO_IN_AP_251766_W55420,Ongole (M) - Ward No.20,ward,GEO_IN_AP_251766,,,
GEO_IN_AP_251746_W58186,Vijayawada (M Corp.) - Ward No.9,ward,GEO_IN_AP_251746,,,
GEO_IN_AP_251702_W52764,Bobbili (M) - Ward No.18,ward,GEO_IN_AP_251702,,,
GEO_IN_AP_248119_W126589,Madanapalli - Ward No.26,ward,GEO_IN_AP_248119,,,
GEO_IN_AP_248121_W53614,Tirupati - Ward No.22,ward,GEO_IN_AP_248121,,,
GEO_IN_AP_253273_W1297604,Nandikotkur Ward No. 23,ward,GEO_IN_AP_253273,,,
GEO_IN_AP_251773_W52018,Guduru (R) (West) (OG) (Part) - Ward No.16,ward,GEO_IN_AP_251773,,,
GEO_IN_AP_248122_W126546,Chittoor - Ward No.34,ward,GEO_IN_AP_248122,,,
GEO_IN_AP_251768_W126605,Kandukur M-Ward.30,ward,GEO_IN_AP_251768,,,
GEO_IN_AP_248121_W126557,Tirupati - Ward No.37,ward,GEO_IN_AP_248121,,,
GEO_IN_AP_251792_W1297519,Adoni Ward No. 33,ward,GEO_IN_AP_251792,,,
GEO_IN_AP_251743_W54792,Palacole (M) - Ward No.17,ward,GEO_IN_AP_251743,,,
GEO_IN_AP_251733_W54528,Ramachandrapuram (M) - Ward No.19,ward,GEO_IN_AP_251733,,,
GEO_IN_AP_251700_W1297694,Srikakulam Ward No. 40,ward,GEO_IN_AP_251700,,,
GEO_IN_AP_251755_W55212,Narasaraopet (R) (OG) (Part) - Ward No.23,ward,GEO_IN_AP_251755,,,
GEO_IN_AP_258054_W163306,Yelamanchili M Ward No 4,ward,GEO_IN_AP_258054,,,
GEO_IN_AP_257906_W161535,Jangareddigudem Ward No 09,ward,GEO_IN_AP_257906,,,
GEO_IN_AP_248120_W56063,Punganur (NP) - Ward No.23,ward,GEO_IN_AP_248120,,,
GEO_IN_AP_296328_W2323491,Election Ward No.3,ward,GEO_IN_AP_296328,,,
GEO_IN_AP_251766_W55438,Ongole (M) - Ward No.38,ward,GEO_IN_AP_251766,,,
GEO_IN_AP_248120_W56051,Punganur (NP) - Ward No.17,ward,GEO_IN_AP_248120,,,
GEO_IN_AP_251758_W51630,Tenali (M) - Ward No.3,ward,GEO_IN_AP_251758,,,
GEO_IN_AP_253167_W1297797,Piduguralla Ward No 30,ward,GEO_IN_AP_253167,,,
GEO_IN_AP_248125_W53637,Nagari (CT) - Ward No.23,ward,GEO_IN_AP_248125,,,
GEO_IN_AP_251792_W52860,Adoni (M) - Ward No.22,ward,GEO_IN_AP_251792,,,
GEO_IN_AP_251780_W52081,Jammalamadugu (CT) - Ward No.9,ward,GEO_IN_AP_251780,,,
GEO_IN_AP_251761_W2249,Repalle (M) - Ward No.21,ward,GEO_IN_AP_251761,,,
GEO_IN_AP_251709_W1297989,Vizianagaram Ward No. 36,ward,GEO_IN_AP_251709,,,
GEO_IN_AP_296262_W2307997,Election Ward No.17,ward,GEO_IN_AP_296262,,,
GEO_IN_AP_296261_W2307968,Election Ward No.8,ward,GEO_IN_AP_296261,,,
GEO_IN_AP_296259_W2308027,Election Ward No.16,ward,GEO_IN_AP_296259,,,
GEO_IN_AP_251754_W3046166,Vinukonda Ward No.27,ward,GEO_IN_AP_251754,,,
GEO_IN_AP_251709_W52984,Vizianagaram (M) - Ward No.11,ward,GEO_IN_AP_251709,,,
GEO_IN_AP_251782_W52120,16th Division,ward,GEO_IN_AP_251782,,,
GEO_IN_AP_251742_W58147,Narasapur (M) - Ward No.13,ward,GEO_IN_AP_251742,,,
GEO_IN_AP_251739_W161466,Eluru Ward No 36,ward,GEO_IN_AP_251739,,,
GEO_IN_AP_296259_W2308029,Election Ward No.18,ward,GEO_IN_AP_296259,,,
GEO_IN_AP_251739_W161478,Eluru Ward No 42,ward,GEO_IN_AP_251739,,,
GEO_IN_AP_251781_W1297730,Yerraguntla Ward No. 11,ward,GEO_IN_AP_251781,,,
GEO_IN_AP_251751_W54927,Macherla (M) - Ward No.8,ward,GEO_IN_AP_251751,,,
GEO_IN_AP_248117_W53058,Rayadurg (M) - Ward No.7,ward,GEO_IN_AP_248117,,,
GEO_IN_AP_253167_W1297790,Piduguralla Ward No 23,ward,GEO_IN_AP_253167,,,
GEO_IN_AP_257868_W126450,Addanki-Ward No-1,ward,GEO_IN_AP_257868,,,
GEO_IN_AP_251740_W54625,Tanuku (M) - Ward No.1,ward,GEO_IN_AP_251740,,,
GEO_IN_AP_248113_W1297411,Ward No 25,ward,GEO_IN_AP_248113,,,
GEO_IN_AP_251725_W57235,Rajahmundry (M Corp.) - Ward No.39,ward,GEO_IN_AP_251725,,,
GEO_IN_AP_251700_W57003,Patha Srikakulam (R) (OG) (Part) - Ward No.19,ward,GEO_IN_AP_251700,,,
GEO_IN_AP_277316_W1297376,Gollaprolu Ward No. 13,ward,GEO_IN_AP_277316,,,
GEO_IN_AP_251750_W54888,Machilipatnam (M) - Ward No.8,ward,GEO_IN_AP_251750,,,
GEO_IN_AP_251701_W52739,Parvathipuram (M) - Ward No.30,ward,GEO_IN_AP_251701,,,
GEO_IN_AP_251731_W57510,Kakinada (M) - Ward No.5,ward,GEO_IN_AP_251731,,,
GEO_IN_AP_251770_W160840,Kavali M Ward No 34,ward,GEO_IN_AP_251770,,,
GEO_IN_AP_263068_W1297630,Gudurnlr Ward No. 1,ward,GEO_IN_AP_263068,,,
GEO_IN_AP_251763_W126606,Chirala M-Ward.30,ward,GEO_IN_AP_251763,,,
GEO_IN_AP_296261_W2307978,Election Ward No.18,ward,GEO_IN_AP_296261,,,
GEO_IN_AP_251789_W1297559,Kurnool Ward No. 45,ward,GEO_IN_AP_251789,,,
GEO_IN_AP_257869_W126507,Giddalur-Ward No.17,ward,GEO_IN_AP_257869,,,
GEO_IN_AP_248124_W55610,Srikalahasti (M) - Ward No.5,ward,GEO_IN_AP_248124,,,
GEO_IN_AP_251768_W55493,Kandukur (M) - Ward No.24,ward,GEO_IN_AP_251768,,,
GEO_IN_AP_254924_W1297884,Tiruvuru Ward No.8,ward,GEO_IN_AP_254924,,,
GEO_IN_AP_251709_W3046022,Vizianagaram Ward No. 43,ward,GEO_IN_AP_251709,,,
GEO_IN_AP_251770_W55495,Kavali (M) - Ward No.2,ward,GEO_IN_AP_251770,,,
GEO_IN_AP_257967_W127806,Ward,ward,GEO_IN_AP_257967,,,
GEO_IN_AP_254924_W1297878,Tiruvuru Ward No.2,ward,GEO_IN_AP_254924,,,
GEO_IN_AP_299713_W3045675,Ward No 15,ward,GEO_IN_AP_299713,,,
GEO_IN_AP_251737_W58107,Nidadavole (M) - Ward No.2,ward,GEO_IN_AP_251737,,,
GEO_IN_AP_257906_W161552,Jangareddigudem Ward No 15,ward,GEO_IN_AP_257906,,,
GEO_IN_AP_251766_W55423,Ongole (M) - Ward No.23,ward,GEO_IN_AP_251766,,,
GEO_IN_AP_251737_W58113,Nidadavole (M) - Ward No.5,ward,GEO_IN_AP_251737,,,
GEO_IN_AP_257831_W3046091,Naidupet Ward No. 22,ward,GEO_IN_AP_257831,,,
GEO_IN_AP_299715_W3045711,Ward No 11,ward,GEO_IN_AP_299715,,,
GEO_IN_AP_248119_W126596,Madanapalli - Ward No.33,ward,GEO_IN_AP_248119,,,
GEO_IN_AP_251789_W3045992,Kurnool Ward No. 52,ward,GEO_IN_AP_251789,,,
GEO_IN_AP_253274_W162513,Chimakurthy Ward No 20,ward,GEO_IN_AP_253274,,,
GEO_IN_AP_251789_W52336,Kurnool Ward No. 6,ward,GEO_IN_AP_251789,,,
GEO_IN_AP_251701_W52727,Parvathipuram (M) - Ward No.18,ward,GEO_IN_AP_251701,,,
GEO_IN_AP_248112_W1297292,Anantapur Ward No. 37,ward,GEO_IN_AP_248112,,,
GEO_IN_AP_296257_W2308093,Election Ward No.7,ward,GEO_IN_AP_296257,,,
GEO_IN_AP_263068_W1297648,Gudurnlr Ward No. 19,ward,GEO_IN_AP_263068,,,
GEO_IN_AP_251752_W55143,Mangalagiri Ward No.13,ward,GEO_IN_AP_251752,,,
GEO_IN_AP_251701_W52710,Parvathipuram (M) - Ward No.1,ward,GEO_IN_AP_251701,,,
GEO_IN_AP_248114_W53082,Tadpatri (M) - Ward No.4,ward,GEO_IN_AP_248114,,,
GEO_IN_AP_251799_W69098,Kalyandurg (CT) - Ward No.15,ward,GEO_IN_AP_251799,,,
GEO_IN_AP_248120_W56025,Punganur (NP) - Ward No.4,ward,GEO_IN_AP_248120,,,
GEO_IN_AP_251738_W54579,Tadepalligudem (M) - Ward No.2,ward,GEO_IN_AP_251738,,,
GEO_IN_AP_251700_W56994,Srikakulam (M) - Ward No.10,ward,GEO_IN_AP_251700,,,
GEO_IN_AP_251722_W1297765,Tuni Ward No.29,ward,GEO_IN_AP_251722,,,
GEO_IN_AP_251782_W2553,28th Division,ward,GEO_IN_AP_251782,,,
GEO_IN_AP_251772_W1297319,Nellore Ward No. 54,ward,GEO_IN_AP_251772,,,
GEO_IN_AP_248120_W56029,Punganur (NP) - Ward No.6,ward,GEO_IN_AP_248120,,,
GEO_IN_AP_296260_W2308051,Election Ward No.20,ward,GEO_IN_AP_296260,,,
GEO_IN_AP_253167_W3046113,Piduguralla Ward No 33,ward,GEO_IN_AP_253167,,,
GEO_IN_AP_251781_W1297728,Yerraguntla Ward No. 9,ward,GEO_IN_AP_251781,,,
GEO_IN_AP_253273_W3046098,Nandikotkur Ward No. 27,ward,GEO_IN_AP_253273,,,
GEO_IN_AP_296256_W2323423,Election Ward No.3,ward,GEO_IN_AP_296256,,,
GEO_IN_AP_248113_W55588,Guntakal (M) - Ward No.21,ward,GEO_IN_AP_248113,,,
GEO_IN_AP_251756_W55698,Chilakaluripet (M) - Ward No.18,ward,GEO_IN_AP_251756,,,
GEO_IN_AP_248112_W53296,Anantapur (M) - Ward No.14,ward,GEO_IN_AP_248112,,,
GEO_IN_AP_248124_W55618,Srikalahasti (M) - Ward No.9,ward,GEO_IN_AP_248124,,,
GEO_IN_AP_251752_W3046018,Mangalagiri Ward No.50,ward,GEO_IN_AP_251752,,,
GEO_IN_AP_299715_W3045704,Ward No 4,ward,GEO_IN_AP_299715,,,
GEO_IN_AP_251760_W51695,Bapatla (M) - Ward No.12,ward,GEO_IN_AP_251760,,,
GEO_IN_AP_251751_W2469,Macherla (M) - Ward No.18,ward,GEO_IN_AP_251751,,,
GEO_IN_AP_251756_W55686,Chilakaluripet (M) - Ward No.6,ward,GEO_IN_AP_251756,,,
GEO_IN_AP_251797_W3046068,Gooty (CT) - Ward No.25,ward,GEO_IN_AP_251797,,,
GEO_IN_AP_251787_W52347,Yemmiganur (M) - Ward No.12,ward,GEO_IN_AP_251787,,,
GEO_IN_AP_251695_W3046108,Palasakasibugga Ward No. 30,ward,GEO_IN_AP_251695,,,
GEO_IN_AP_248126_W53653,Puttur (CT) - Ward No.6,ward,GEO_IN_AP_248126,,,
GEO_IN_AP_248126_W53670,Puttur (CT) - Ward No.23,ward,GEO_IN_AP_248126,,,
GEO_IN_AP_253101_W3084,Pulivendula (M) - Ward No.3,ward,GEO_IN_AP_253101,,,
GEO_IN_AP_251762_W126629,Markapur M-Ward.31,ward,GEO_IN_AP_251762,,,
GEO_IN_AP_257831_W1297664,Naidupet Ward No. 21,ward,GEO_IN_AP_257831,,,
GEO_IN_AP_251700_W1297702,Srikakulam Ward No. 48,ward,GEO_IN_AP_251700,,,
GEO_IN_AP_251743_W54784,Palacole (M) - Ward No.9,ward,GEO_IN_AP_251743,,,
GEO_IN_AP_277319_W3046072,Jaggaiahpet Ward No. 30,ward,GEO_IN_AP_277319,,,
GEO_IN_AP_253254_W370,Ward No. 12,ward,GEO_IN_AP_253254,,,
GEO_IN_AP_251766_W55401,Ongole (M) - Ward No.1,ward,GEO_IN_AP_251766,,,
GEO_IN_AP_251743_W54776,Palacole (M) - Ward No.1,ward,GEO_IN_AP_251743,,,
GEO_IN_AP_251780_W52084,Jammalamadugu (CT) - Ward No.12,ward,GEO_IN_AP_251780,,,
GEO_IN_AP_251731_W57999,Kakinada (M) - Ward No.24,ward,GEO_IN_AP_251731,,,
GEO_IN_AP_251754_W3046170,Vinukonda Ward No.31,ward,GEO_IN_AP_251754,,,
GEO_IN_AP_251733_W54524,Ramachandrapuram (M) - Ward No.15,ward,GEO_IN_AP_251733,,,
GEO_IN_AP_251719_W53534,Visakhapatnam (M Corp.) - Ward No.49,ward,GEO_IN_AP_251719,,,
GEO_IN_AP_296257_W2308087,Election Ward No.1,ward,GEO_IN_AP_296257,,,
GEO_IN_AP_251741_W131478,Bhimavaram Ward No 32,ward,GEO_IN_AP_251741,,,
GEO_IN_AP_248125_W53615,Nagari (CT) - Ward No.1,ward,GEO_IN_AP_248125,,,
GEO_IN_AP_253101_W3660,Pulivendula (M) - Ward No.18,ward,GEO_IN_AP_253101,,,
GEO_IN_AP_251752_W55137,Mangalagiri (M) - Ward No.7,ward,GEO_IN_AP_251752,,,
GEO_IN_AP_251749_W59153,Pedana (NP) - Ward No.17,ward,GEO_IN_AP_251749,,,
GEO_IN_AP_258054_W163319,Yelamanchili M Ward No 6,ward,GEO_IN_AP_258054,,,
GEO_IN_AP_251770_W55507,Musunuru (OG) (Part) - Ward No.14,ward,GEO_IN_AP_251770,,,
GEO_IN_AP_251760_W51690,Bapatla (M) - Ward No.7,ward,GEO_IN_AP_251760,,,
GEO_IN_AP_257967_W127810,Ward,ward,GEO_IN_AP_257967,,,
GEO_IN_AP_299612_W3045628,Ward No 6,ward,GEO_IN_AP_299612,,,
GEO_IN_AP_251725_W57228,Rajahmundry (M Corp.) - Ward No.32,ward,GEO_IN_AP_251725,,,
GEO_IN_AP_248115_W53319,Dharmavaram (M) - Ward No.5,ward,GEO_IN_AP_248115,,,
GEO_IN_AP_251772_W51886,Nellore (M) - Ward No.23,ward,GEO_IN_AP_251772,,,
GEO_IN_AP_251699_W52707,Amadalavalasa (NP) - Ward No.18,ward,GEO_IN_AP_251699,,,
GEO_IN_AP_251766_W55409,Ongole (M) - Ward No.9,ward,GEO_IN_AP_251766,,,
GEO_IN_AP_248113_W55568,Guntakal (M) - Ward No.1,ward,GEO_IN_AP_248113,,,
GEO_IN_AP_251740_W54646,Tanuku (M) - Ward No.22,ward,GEO_IN_AP_251740,,,
GEO_IN_AP_296264_W2331473,Election Ward No.11,ward,GEO_IN_AP_296264,,,
GEO_IN_AP_251740_W54640,Tanuku (M) - Ward No.16,ward,GEO_IN_AP_251740,,,
GEO_IN_AP_251755_W55210,Narasaraopet (M) - Ward No.21,ward,GEO_IN_AP_251755,,,
GEO_IN_AP_251725_W57223,Rajahmundry (M Corp.) - Ward No.27,ward,GEO_IN_AP_251725,,,
GEO_IN_AP_258054_W163330,Yelamanchili M Ward No 12,ward,GEO_IN_AP_258054,,,
GEO_IN_AP_251722_W1297753,Tuni Ward No.17,ward,GEO_IN_AP_251722,,,
GEO_IN_AP_254922_W1297858,Nandigama Ward No.7,ward,GEO_IN_AP_254922,,,
GEO_IN_AP_248119_W126587,Madanapalli - Ward No.24,ward,GEO_IN_AP_248119,,,
GEO_IN_AP_251739_W161481,Eluru Ward No 44,ward,GEO_IN_AP_251739,,,
GEO_IN_AP_251782_W2562,37th Division,ward,GEO_IN_AP_251782,,,
GEO_IN_AP_251772_W51990,Nellore (M) - Ward No.36,ward,GEO_IN_AP_251772,,,
GEO_IN_AP_248112_W1297290,Anantapur Ward No. 35,ward,GEO_IN_AP_248112,,,
GEO_IN_AP_251749_W1297742,Pedana (NP) - Ward No. 20,ward,GEO_IN_AP_251749,,,
GEO_IN_AP_253169_W52906,Dhone Ward No. 9,ward,GEO_IN_AP_253169,,,
GEO_IN_AP_253297_W103,Mydukur (M) - Ward No.10,ward,GEO_IN_AP_253297,,,
GEO_IN_AP_251786_W52163,Rayachoti (CT) - Ward No.7,ward,GEO_IN_AP_251786,,,
GEO_IN_AP_251722_W54040,Tuni (M) - Ward No.7,ward,GEO_IN_AP_251722,,,
GEO_IN_AP_251746_W58230,Vijayawada (M Corp.) - Ward No.31,ward,GEO_IN_AP_251746,,,
GEO_IN_AP_251716_W53423,Narsipatnam (CT) - Ward No.8,ward,GEO_IN_AP_251716,,,
GEO_IN_AP_253297_W105,Mydukur (M) - Ward No.13,ward,GEO_IN_AP_253297,,,
GEO_IN_AP_248114_W1297471,Tadipatri Ward No.31,ward,GEO_IN_AP_248114,,,
GEO_IN_AP_251792_W52864,Adoni (M) - Ward No.26,ward,GEO_IN_AP_251792,,,
GEO_IN_AP_251755_W1715,Narasaraopet (M) - Ward No.29,ward,GEO_IN_AP_251755,,,
GEO_IN_AP_248119_W126598,Madanapalli - Ward No.35,ward,GEO_IN_AP_248119,,,
GEO_IN_AP_251782_W3655,47th Division,ward,GEO_IN_AP_251782,,,
GEO_IN_AP_251778_W164688,37,ward,GEO_IN_AP_251778,,,
GEO_IN_AP_248117_W53060,Rayadurg (M) - Ward No.9,ward,GEO_IN_AP_248117,,,
GEO_IN_AP_248126_W53654,Puttur (CT) - Ward No.7,ward,GEO_IN_AP_248126,,,
GEO_IN_AP_251757_W59168,Guntur (M Corp.) - Ward No.15,ward,GEO_IN_AP_251757,,,
GEO_IN_AP_299612_W3045626,Ward No 4,ward,GEO_IN_AP_299612,,,
GEO_IN_AP_251731_W58003,Kakinada (M) - Ward No.26,ward,GEO_IN_AP_251731,,,
GEO_IN_AP_248114_W1297466,Tadipatri Ward No.26,ward,GEO_IN_AP_248114,,,
GEO_IN_AP_251782_W52112,8th Division,ward,GEO_IN_AP_251782,,,
GEO_IN_AP_251742_W58139,Narasapur (M) - Ward No.5,ward,GEO_IN_AP_251742,,,
GEO_IN_AP_251756_W55706,Chilakaluripet (M) - Ward No.26,ward,GEO_IN_AP_251756,,,
GEO_IN_AP_253274_W162509,Chimakurthy Ward No 16,ward,GEO_IN_AP_253274,,,
GEO_IN_AP_248119_W55677,Madanapalle (R) (OG) (Part) - Ward No.20,ward,GEO_IN_AP_248119,,,
GEO_IN_AP_251762_W126627,Markapur M-Ward.29,ward,GEO_IN_AP_251762,,,
GEO_IN_AP_251752_W3046007,Mangalagiri Ward No.39,ward,GEO_IN_AP_251752,,,
GEO_IN_AP_251787_W1297619,Yemmiganur Ward No. 24,ward,GEO_IN_AP_251787,,,
GEO_IN_AP_251739_W161482,Eluru Ward No 45,ward,GEO_IN_AP_251739,,,
GEO_IN_AP_253270_W3046041,Atmakurknl Ward No. 22,ward,GEO_IN_AP_253270,,,
GEO_IN_AP_251733_W54514,Ramachandrapuram (M) - Ward No.5,ward,GEO_IN_AP_251733,,,
GEO_IN_AP_251724_W1297528,Peddapuram Ward No.24,ward,GEO_IN_AP_251724,,,
GEO_IN_AP_251725_W57212,Rajahmundry (M Corp.) - Ward No.16,ward,GEO_IN_AP_251725,,,
GEO_IN_AP_251749_W59140,Pedana (NP) - Ward No.4,ward,GEO_IN_AP_251749,,,
GEO_IN_AP_251722_W1297761,Tuni Ward No.25,ward,GEO_IN_AP_251722,,,
GEO_IN_AP_251732_W57974,Mandapeta Ward No.11,ward,GEO_IN_AP_251732,,,
GEO_IN_AP_296257_W2308097,Election Ward No.11,ward,GEO_IN_AP_296257,,,
GEO_IN_AP_251792_W52863,Adoni (M) - Ward No.25,ward,GEO_IN_AP_251792,,,
GEO_IN_AP_251737_W58115,Nidadavole (M) - Ward No.6,ward,GEO_IN_AP_251737,,,
GEO_IN_AP_251772_W51871,Nellore (M) - Ward No.8,ward,GEO_IN_AP_251772,,,
GEO_IN_AP_251738_W54581,Tadepalligudem (M) - Ward No.4,ward,GEO_IN_AP_251738,,,
GEO_IN_AP_248111_W3046045,Ward No.29,ward,GEO_IN_AP_248111,,,
GEO_IN_AP_253254_W374,Ward No. 16,ward,GEO_IN_AP_253254,,,
GEO_IN_AP_253270_W1297348,Atmakurknl Ward No. 5,ward,GEO_IN_AP_253270,,,
GEO_IN_AP_251773_W52015,Gudur (M) - Ward No.13,ward,GEO_IN_AP_251773,,,
GEO_IN_AP_251795_W53037,Nandyal (M) - Ward No.27,ward,GEO_IN_AP_251795,,,
GEO_IN_AP_251746_W58216,Vijayawada (M Corp.) - Ward No.24,ward,GEO_IN_AP_251746,,,
GEO_IN_AP_258054_W163338,Yelamanchili M Ward No 16,ward,GEO_IN_AP_258054,,,
GEO_IN_AP_251797_W277,Gooty (CT) - Ward No.22,ward,GEO_IN_AP_251797,,,
GEO_IN_AP_296257_W2308103,Election Ward No.17,ward,GEO_IN_AP_296257,,,
GEO_IN_AP_251756_W55689,Chilakaluripet (M) - Ward No.9,ward,GEO_IN_AP_251756,,,
GEO_IN_AP_251719_W53527,Visakhapatnam (M Corp.) - Ward No.42,ward,GEO_IN_AP_251719,,,
GEO_IN_AP_248121_W53606,Tirupati (M) - Ward No.14,ward,GEO_IN_AP_248121,,,
GEO_IN_AP_248123_W3046102,Palamaner - Ward No.25,ward,GEO_IN_AP_248123,,,
GEO_IN_AP_251799_W69102,Kalyandurg (CT) - Ward No.19,ward,GEO_IN_AP_251799,,,
GEO_IN_AP_251768_W55475,Kandukur (M) - Ward No.6,ward,GEO_IN_AP_251768,,,
GEO_IN_AP_251759_W51678,Ponnur (M) - Ward No.20,ward,GEO_IN_AP_251759,,,
GEO_IN_AP_251747_W54873,Gudivada (M) - Ward No.14,ward,GEO_IN_AP_251747,,,
GEO_IN_AP_296328_W2323498,Election Ward No.10,ward,GEO_IN_AP_296328,,,
GEO_IN_AP_251770_W160838,Kavali M Ward No 33,ward,GEO_IN_AP_251770,,,
GEO_IN_AP_253297_W646,Mydukur (M) - Ward No.6,ward,GEO_IN_AP_253297,,,
GEO_IN_AP_248120_W3046139,Punganur (NP) - Ward No.30,ward,GEO_IN_AP_248120,,,
GEO_IN_AP_257906_W3046078,Jangareddigudem Ward No 25,ward,GEO_IN_AP_257906,,,
GEO_IN_AP_248119_W126586,Madanapalli - Ward No.23,ward,GEO_IN_AP_248119,,,
GEO_IN_AP_253254_W493,Ward No. 19,ward,GEO_IN_AP_253254,,,
GEO_IN_AP_251700_W1297680,Srikakulam Ward No. 26,ward,GEO_IN_AP_251700,,,
GEO_IN_AP_251719_W1297945,Visakhapatnam (M Corp.) - Ward No.98,ward,GEO_IN_AP_251719,,,
GEO_IN_AP_251703_W52804,Salur (M) - Ward No.7,ward,GEO_IN_AP_251703,,,
GEO_IN_AP_251736_W54574,Kovvur (NP) - Ward No.13,ward,GEO_IN_AP_251736,,,
GEO_IN_AP_253167_W1297796,Piduguralla Ward No 29,ward,GEO_IN_AP_253167,,,
GEO_IN_AP_296264_W2331469,Election Ward No.7,ward,GEO_IN_AP_296264,,,
GEO_IN_AP_248114_W1297461,Tadipatri Ward No.21,ward,GEO_IN_AP_248114,,,
GEO_IN_AP_277317_W1297767,Yelleswaram Ward No.1,ward,GEO_IN_AP_277317,,,
GEO_IN_AP_251757_W69697,Guntur (M Corp.) - Ward No.51,ward,GEO_IN_AP_251757,,,
GEO_IN_AP_258033_W160756,Atmakurnlr Ward No 7,ward,GEO_IN_AP_258033,,,
GEO_IN_AP_277316_W1297370,Gollaprolu Ward No. 7,ward,GEO_IN_AP_277316,,,
GEO_IN_AP_248116_W53349,Kadiri (M) - Ward No.3,ward,GEO_IN_AP_248116,,,
GEO_IN_AP_248126_W53660,Puttur (CT) - Ward No.13,ward,GEO_IN_AP_248126,,,
GEO_IN_AP_251725_W57201,Rajahmundry (M Corp.) - Ward No.5,ward,GEO_IN_AP_251725,,,
GEO_IN_AP_251752_W1790,Mangalagiri (M) - Ward No.15,ward,GEO_IN_AP_251752,,,
GEO_IN_AP_251731_W57977,Kakinada (M) - Ward No.13,ward,GEO_IN_AP_251731,,,
GEO_IN_AP_251698_W56966,Rajam (CT) - Ward No.9,ward,GEO_IN_AP_251698,,,
GEO_IN_AP_251722_W1297757,Tuni Ward No.21,ward,GEO_IN_AP_251722,,,
GEO_IN_AP_251741_W54769,Bhimavaram (M) - Ward No.23,ward,GEO_IN_AP_251741,,,
GEO_IN_AP_254922_W1297869,Nandigama Ward No.18,ward,GEO_IN_AP_254922,,,
GEO_IN_AP_296256_W2323424,Election Ward No.4,ward,GEO_IN_AP_296256,,,
GEO_IN_AP_251698_W56971,Rajam (CT) - Ward No.14,ward,GEO_IN_AP_251698,,,
GEO_IN_AP_296256_W2323427,Election Ward No.7,ward,GEO_IN_AP_296256,,,
GEO_IN_AP_251741_W54771,Bhimavaram (M) - Ward No.25,ward,GEO_IN_AP_251741,,,
GEO_IN_AP_251722_W1297750,Tuni Ward No.14,ward,GEO_IN_AP_251722,,,
GEO_IN_AP_299713_W3045667,Ward No 7,ward,GEO_IN_AP_299713,,,
GEO_IN_AP_251747_W54870,Gudivada (M) - Ward No.11,ward,GEO_IN_AP_251747,,,
GEO_IN_AP_251695_W56943,Palasa Kasibugga (NP) - Ward No.1,ward,GEO_IN_AP_251695,,,
GEO_IN_AP_251719_W54004,Visakhapatnam (M Corp.) - Ward No.62,ward,GEO_IN_AP_251719,,,
GEO_IN_AP_251774_W52042,Venkatagiri (CT) - Ward No.23,ward,GEO_IN_AP_251774,,,
GEO_IN_AP_251696_W1297408,Ichapuram Ward No. 22,ward,GEO_IN_AP_251696,,,
GEO_IN_AP_251780_W52088,Jammalamadugu (CT) - Ward No.16,ward,GEO_IN_AP_251780,,,
GEO_IN_AP_257868_W126466,Addanki Ward No-17,ward,GEO_IN_AP_257868,,,
GEO_IN_AP_299715_W3045701,Ward No 1,ward,GEO_IN_AP_299715,,,
GEO_IN_AP_251770_W160842,Kavali M Ward No 35,ward,GEO_IN_AP_251770,,,
GEO_IN_AP_251743_W54794,Palacole (M) - Ward No.19,ward,GEO_IN_AP_251743,,,
GEO_IN_AP_251739_W54613,Eluru (M) - Ward No.22,ward,GEO_IN_AP_251739,,,
GEO_IN_AP_251722_W1297755,Tuni Ward No.19,ward,GEO_IN_AP_251722,,,
GEO_IN_AP_251766_W55405,Ongole (M) - Ward No.5,ward,GEO_IN_AP_251766,,,
GEO_IN_AP_254922_W1297871,Nandigama Ward No.20,ward,GEO_IN_AP_254922,,,
GEO_IN_AP_253253_W340,Ward No. 2,ward,GEO_IN_AP_253253,,,
GEO_IN_AP_251795_W1297612,Nandyal Ward No. 41,ward,GEO_IN_AP_251795,,,
GEO_IN_AP_251743_W54786,Palacole (M) - Ward No.11,ward,GEO_IN_AP_251743,,,
GEO_IN_AP_251733_W54517,Ramachandrapuram (M) - Ward No.8,ward,GEO_IN_AP_251733,,,
GEO_IN_AP_248118_W53376,Hindupur (M) - Ward No.13,ward,GEO_IN_AP_248118,,,
GEO_IN_AP_248126_W53665,Puttur (CT) - Ward No.18,ward,GEO_IN_AP_248126,,,
GEO_IN_AP_257831_W162476,Naidupet Ward No. 9,ward,GEO_IN_AP_257831,,,
GEO_IN_AP_251782_W52109,5th Division,ward,GEO_IN_AP_251782,,,
GEO_IN_AP_251702_W52760,Bobbili (M) - Ward No.14,ward,GEO_IN_AP_251702,,,
GEO_IN_AP_251745_W1297875,Nuzvid Ward No.29,ward,GEO_IN_AP_251745,,,
GEO_IN_AP_251736_W54576,Kovvur (NP) - Ward No.15,ward,GEO_IN_AP_251736,,,
GEO_IN_AP_251799_W55598,Kalyandurg (CT) - Ward No.8,ward,GEO_IN_AP_251799,,,
GEO_IN_AP_248111_W3046051,Ward No.35,ward,GEO_IN_AP_248111,,,
GEO_IN_AP_253227_W127747,Sullurpeta Ward No. 17,ward,GEO_IN_AP_253227,,,
GEO_IN_AP_251756_W55700,Chilakaluripet (M) - Ward No.20,ward,GEO_IN_AP_251756,,,
GEO_IN_AP_251696_W52662,Ichchapuram (NP) - Ward No.4,ward,GEO_IN_AP_251696,,,
GEO_IN_AP_251746_W58202,Vijayawada (M Corp.) - Ward No.17,ward,GEO_IN_AP_251746,,,
GEO_IN_AP_251795_W53017,Nandyal (M) - Ward No.17,ward,GEO_IN_AP_251795,,,
GEO_IN_AP_251738_W54589,Tadepalligudem (M) - Ward No.12,ward,GEO_IN_AP_251738,,,
GEO_IN_AP_253254_W368,Ward No. 10,ward,GEO_IN_AP_253254,,,
GEO_IN_AP_251701_W52729,Parvathipuram (M) - Ward No.20,ward,GEO_IN_AP_251701,,,
GEO_IN_AP_251743_W54801,Palacole (M) - Ward No.26,ward,GEO_IN_AP_251743,,,
GEO_IN_AP_251795_W53041,Nandyal (M) - Ward No.29,ward,GEO_IN_AP_251795,,,
GEO_IN_AP_253297_W1193,Mydukur (M) - Ward No.22,ward,GEO_IN_AP_253297,,,
GEO_IN_AP_257869_W126494,Giddalur-Ward No.4,ward,GEO_IN_AP_257869,,,
GEO_IN_AP_253169_W52890,Dhone Ward No. 1,ward,GEO_IN_AP_253169,,,
GEO_IN_AP_251741_W54764,Bhimavaram (M) - Ward No.18,ward,GEO_IN_AP_251741,,,
GEO_IN_AP_251742_W131492,Narasapur Ward No 23,ward,GEO_IN_AP_251742,,,
GEO_IN_AP_248115_W53321,Dharmavaram (M) - Ward No.7,ward,GEO_IN_AP_248115,,,
GEO_IN_AP_251756_W55690,Chilakaluripet (M) - Ward No.10,ward,GEO_IN_AP_251756,,,
GEO_IN_AP_257906_W3046074,Jangareddigudem Ward No 21,ward,GEO_IN_AP_257906,,,
GEO_IN_AP_253297_W121,Mydukur (M) - Ward No.20,ward,GEO_IN_AP_253297,,,
GEO_IN_AP_251703_W52822,Salur (M) - Ward No.25,ward,GEO_IN_AP_251703,,,
GEO_IN_AP_248114_W1297467,Tadipatri Ward No.27,ward,GEO_IN_AP_248114,,,
GEO_IN_AP_251773_W52014,Gudur (M) - Ward No.12,ward,GEO_IN_AP_251773,,,
GEO_IN_AP_248111_W3046047,Ward No.31,ward,GEO_IN_AP_248111,,,
GEO_IN_AP_251731_W57975,Kakinada (M) - Ward No.12,ward,GEO_IN_AP_251731,,,
GEO_IN_AP_248112_W53283,Anantapur (M) - Ward No.1,ward,GEO_IN_AP_248112,,,
GEO_IN_AP_251768_W55478,Kandukur (M) - Ward No.9,ward,GEO_IN_AP_251768,,,
GEO_IN_AP_251758_W51629,Tenali (M) - Ward No.2,ward,GEO_IN_AP_251758,,,
GEO_IN_AP_251722_W1297756,Tuni Ward No.20,ward,GEO_IN_AP_251722,,,
GEO_IN_AP_258033_W160786,Atmakurnlr Ward No 19,ward,GEO_IN_AP_258033,,,
GEO_IN_AP_251719_W53507,Visakhapatnam (M Corp.) - Ward No.22,ward,GEO_IN_AP_251719,,,
GEO_IN_AP_251795_W53019,Nandyal (M) - Ward No.18,ward,GEO_IN_AP_251795,,,
GEO_IN_AP_248114_W53084,Tadpatri (M) - Ward No.6,ward,GEO_IN_AP_248114,,,
GEO_IN_AP_251761_W51704,Repalle (M) - Ward No.2,ward,GEO_IN_AP_251761,,,
GEO_IN_AP_253272_W3046034,Allagadda Ward No. 26,ward,GEO_IN_AP_253272,,,
GEO_IN_AP_251789_W1297558,Kurnool Ward No. 44,ward,GEO_IN_AP_251789,,,
GEO_IN_AP_251760_W1586,Bapatla (M) - Ward No. 27,ward,GEO_IN_AP_251760,,,
GEO_IN_AP_248118_W1297398,Hindupur Ward No 35,ward,GEO_IN_AP_248118,,,
GEO_IN_AP_248111_W453,Ward No.13,ward,GEO_IN_AP_248111,,,
GEO_IN_AP_251750_W54895,Machilipatnam (M) - Ward No.15,ward,GEO_IN_AP_251750,,,
GEO_IN_AP_248111_W483,Ward No.23,ward,GEO_IN_AP_248111,,,
GEO_IN_AP_254924_W1297880,Tiruvuru Ward No.4,ward,GEO_IN_AP_254924,,,
GEO_IN_AP_253274_W162512,Chimakurthy Ward No 19,ward,GEO_IN_AP_253274,,,
GEO_IN_AP_257906_W161517,Jangareddigudem Ward No 03,ward,GEO_IN_AP_257906,,,
GEO_IN_AP_251749_W1297741,Pedana (NP) - Ward No. 19,ward,GEO_IN_AP_251749,,,
GEO_IN_AP_251700_W1297690,Srikakulam Ward No. 36,ward,GEO_IN_AP_251700,,,
GEO_IN_AP_248125_W53616,Nagari (CT) - Ward No.2,ward,GEO_IN_AP_248125,,,
GEO_IN_AP_248118_W53542,Hindupur (M) - Ward No.15,ward,GEO_IN_AP_248118,,,
GEO_IN_AP_248121_W53572,Tirupati - Ward No.23,ward,GEO_IN_AP_248121,,,
GEO_IN_AP_253270_W1297355,Atmakurknl Ward No. 12,ward,GEO_IN_AP_253270,,,
GEO_IN_AP_251786_W52205,Rayachoti (CT) - Ward No.28,ward,GEO_IN_AP_251786,,,
GEO_IN_AP_251701_W52736,Parvathipuram (M) - Ward No.27,ward,GEO_IN_AP_251701,,,
GEO_IN_AP_251700_W1297699,Srikakulam Ward No. 45,ward,GEO_IN_AP_251700,,,
GEO_IN_AP_248125_W53635,Nagari (CT) - Ward No.21,ward,GEO_IN_AP_248125,,,
GEO_IN_AP_251724_W1297530,Peddapuram Ward No.26,ward,GEO_IN_AP_251724,,,
GEO_IN_AP_253272_W3046030,Allagadda Ward No. 22,ward,GEO_IN_AP_253272,,,
GEO_IN_AP_253272_W3046035,Allagadda Ward No. 27,ward,GEO_IN_AP_253272,,,
GEO_IN_AP_253101_W2181,Pulivendula (M) - Ward No.12,ward,GEO_IN_AP_253101,,,
GEO_IN_AP_251759_W3046115,Ponnur Ward No. 34,ward,GEO_IN_AP_251759,,,
GEO_IN_AP_251755_W55190,Narasaraopet (M) - Ward No.1,ward,GEO_IN_AP_251755,,,
GEO_IN_AP_296264_W2331476,Election Ward No.14,ward,GEO_IN_AP_296264,,,
GEO_IN_AP_253169_W3046060,Dhone Ward No. 25,ward,GEO_IN_AP_253169,,,
GEO_IN_AP_251778_W164697,Ward 38,ward,GEO_IN_AP_251778,,,
GEO_IN_AP_251745_W1297872,Nuzvid Ward No.26,ward,GEO_IN_AP_251745,,,
GEO_IN_AP_251719_W53500,Visakhapatnam (M Corp.) - Ward No.15,ward,GEO_IN_AP_251719,,,
GEO_IN_AP_251757_W69696,Guntur (M Corp.) - Ward No.50,ward,GEO_IN_AP_251757,,,
GEO_IN_AP_251787_W52343,Yemmiganur (M) - Ward No.10,ward,GEO_IN_AP_251787,,,
GEO_IN_AP_251789_W52344,Kurnool Ward No. 10,ward,GEO_IN_AP_251789,,,
GEO_IN_AP_296250_W2309863,Election Ward No.2,ward,GEO_IN_AP_296250,,,
GEO_IN_AP_251737_W131067,Nidadavole Ward No 26,ward,GEO_IN_AP_251737,,,
GEO_IN_AP_251728_W1297576,Pithapuram Ward No.25,ward,GEO_IN_AP_251728,,,
GEO_IN_AP_251753_W55176,Sattenapalle (M) - Ward No.17,ward,GEO_IN_AP_251753,,,
GEO_IN_AP_257906_W161532,Jangareddigudem Ward No 08,ward,GEO_IN_AP_257906,,,
GEO_IN_AP_253102_W52174,Rajampet Ward No.12,ward,GEO_IN_AP_253102,,,
GEO_IN_AP_251719_W54009,Visakhapatnam (M Corp.) - Ward No.67,ward,GEO_IN_AP_251719,,,
GEO_IN_AP_258054_W163331,Yelamanchili M Ward No 13,ward,GEO_IN_AP_258054,,,
GEO_IN_AP_251745_W54854,Nuzvid (M) - Ward No.20,ward,GEO_IN_AP_251745,,,
GEO_IN_AP_248122_W56024,Chittoor - Ward No.3,ward,GEO_IN_AP_248122,,,
GEO_IN_AP_248113_W55586,Guntakal (M) - Ward No.19,ward,GEO_IN_AP_248113,,,
GEO_IN_AP_251741_W54750,Bhimavaram (M) - Ward No.4,ward,GEO_IN_AP_251741,,,
GEO_IN_AP_248119_W55672,Madanapalle (M) - Ward No.15,ward,GEO_IN_AP_248119,,,
GEO_IN_AP_248125_W53632,Nagari (CT) - Ward No.18,ward,GEO_IN_AP_248125,,,
GEO_IN_AP_296259_W2308016,Election Ward No.5,ward,GEO_IN_AP_296259,,,
GEO_IN_AP_253297_W1189,Mydukur (M) - Ward No.8,ward,GEO_IN_AP_253297,,,
GEO_IN_AP_251797_W384,Gooty (CT) - Ward No.12,ward,GEO_IN_AP_251797,,,
GEO_IN_AP_251743_W54805,Palacole (M) - Ward No.30,ward,GEO_IN_AP_251743,,,
GEO_IN_AP_251770_W160853,Kavali M Ward No 40,ward,GEO_IN_AP_251770,,,
GEO_IN_AP_277319_W1297818,Jaggaiahpet Ward No. 4,ward,GEO_IN_AP_277319,,,
GEO_IN_AP_251782_W52121,17th Division,ward,GEO_IN_AP_251782,,,
GEO_IN_AP_251792_W52849,Adoni (M) - Ward No.11,ward,GEO_IN_AP_251792,,,
GEO_IN_AP_251719_W53501,Visakhapatnam (M Corp.) - Ward No.16,ward,GEO_IN_AP_251719,,,
GEO_IN_AP_251755_W55195,Narasaraopet (M) - Ward No.6,ward,GEO_IN_AP_251755,,,
GEO_IN_AP_251699_W3046036,Amadalavalasa Ward No. 24,ward,GEO_IN_AP_251699,,,
GEO_IN_AP_296328_W2323495,Election Ward No.7,ward,GEO_IN_AP_296328,,,
GEO_IN_AP_248112_W1297305,Anantapur Ward No. 50,ward,GEO_IN_AP_248112,,,
GEO_IN_AP_253102_W52178,Rajampet Ward No.14,ward,GEO_IN_AP_253102,,,
GEO_IN_AP_253270_W1297351,Atmakurknl Ward No. 8,ward,GEO_IN_AP_253270,,,
GEO_IN_AP_251774_W52027,Venkatagiri (CT) - Ward No.8,ward,GEO_IN_AP_251774,,,
GEO_IN_AP_251758_W51656,Tenali (M) - Ward No.29,ward,GEO_IN_AP_251758,,,
GEO_IN_AP_251742_W58152,Narasapur (M) - Ward No.18,ward,GEO_IN_AP_251742,,,
GEO_IN_AP_248123_W53689,Palamaner - Ward No.11,ward,GEO_IN_AP_248123,,,
GEO_IN_AP_251757_W69682,Guntur (M Corp.) - Ward No.36,ward,GEO_IN_AP_251757,,,
GEO_IN_AP_248112_W1297304,Anantapur Ward No. 49,ward,GEO_IN_AP_248112,,,
GEO_IN_AP_251772_W51986,Nellore (M) - Ward No.32,ward,GEO_IN_AP_251772,,,
GEO_IN_AP_251778_W3972,Bodhan (M) - Ward No.34,ward,GEO_IN_AP_251778,,,
GEO_IN_AP_248122_W126581,Chittoor - Ward No.50,ward,GEO_IN_AP_248122,,,
GEO_IN_AP_251792_W52865,Mandagiri (OG) (Part) - Ward No.27,ward,GEO_IN_AP_251792,,,
GEO_IN_AP_251757_W59159,Guntur (M Corp.) - Ward No.6,ward,GEO_IN_AP_251757,,,
GEO_IN_AP_251722_W1297748,Tuni Ward No.12,ward,GEO_IN_AP_251722,,,
GEO_IN_AP_251778_W2075,Bodhan (M) - Ward No.28,ward,GEO_IN_AP_251778,,,
GEO_IN_AP_251733_W54519,Ramachandrapuram (M) - Ward No.10,ward,GEO_IN_AP_251733,,,
GEO_IN_AP_251700_W1297696,Srikakulam Ward No. 42,ward,GEO_IN_AP_251700,,,
GEO_IN_AP_248118_W53377,Hindupur (M) - Ward No.14,ward,GEO_IN_AP_248118,,,
GEO_IN_AP_251758_W51637,Tenali (M) - Ward No.10,ward,GEO_IN_AP_251758,,,
GEO_IN_AP_251741_W54759,Bhimavaram (M) - Ward No.13,ward,GEO_IN_AP_251741,,,
GEO_IN_AP_251747_W1297807,Gudivada Ward No. 29,ward,GEO_IN_AP_251747,,,
GEO_IN_AP_251754_W55189,Vinukonda Ward No.23,ward,GEO_IN_AP_251754,,,
GEO_IN_AP_251725_W57237,Rajahmundry (M Corp.) - Ward No.41,ward,GEO_IN_AP_251725,,,
GEO_IN_AP_251695_W56947,Palasa Kasibugga (NP) - Ward No.5,ward,GEO_IN_AP_251695,,,
GEO_IN_AP_248123_W53695,Palamaner - Ward No.17,ward,GEO_IN_AP_248123,,,
GEO_IN_AP_251745_W54836,Nuzvid (M) - Ward No.2,ward,GEO_IN_AP_251745,,,
GEO_IN_AP_251754_W55159,Vinukonda M Ward No 8,ward,GEO_IN_AP_251754,,,
GEO_IN_AP_251732_W58010,Mandapeta Ward No.29,ward,GEO_IN_AP_251732,,,
GEO_IN_AP_251755_W55193,Narasaraopet (M) - Ward No.4,ward,GEO_IN_AP_251755,,,
GEO_IN_AP_248115_W53330,Dharmavaram (M) - Ward No.16,ward,GEO_IN_AP_248115,,,
GEO_IN_AP_253167_W1297791,Piduguralla Ward No 24,ward,GEO_IN_AP_253167,,,
GEO_IN_AP_251736_W54568,Kovvur (NP) - Ward No.7,ward,GEO_IN_AP_251736,,,
GEO_IN_AP_251716_W53417,Narsipatnam (CT) - Ward No.2,ward,GEO_IN_AP_251716,,,
GEO_IN_AP_248122_W126575,Chittoor - Ward No.44,ward,GEO_IN_AP_248122,,,
GEO_IN_AP_296257_W2308091,Election Ward No.5,ward,GEO_IN_AP_296257,,,
GEO_IN_AP_251716_W53430,Narsipatnam (CT) - Ward No.15,ward,GEO_IN_AP_251716,,,
GEO_IN_AP_251759_W51679,Ponnur (M) - Ward No.21,ward,GEO_IN_AP_251759,,,
GEO_IN_AP_251702_W52773,Bobbili (M) - Ward No.27,ward,GEO_IN_AP_251702,,,
GEO_IN_AP_251786_W52159,Rayachoti (CT) - Ward No.5,ward,GEO_IN_AP_251786,,,
GEO_IN_AP_251731_W57502,Kakinada (M) - Ward No.1,ward,GEO_IN_AP_251731,,,
GEO_IN_AP_253270_W1297363,Atmakurknl Ward No. 20,ward,GEO_IN_AP_253270,,,
GEO_IN_AP_248124_W55608,Srikalahasti (M) - Ward No.4,ward,GEO_IN_AP_248124,,,
GEO_IN_AP_296257_W2308101,Election Ward No.15,ward,GEO_IN_AP_296257,,,
GEO_IN_AP_251742_W131502,Narasapur Ward No 28,ward,GEO_IN_AP_251742,,,
GEO_IN_AP_251741_W54766,Bhimavaram (M) - Ward No.20,ward,GEO_IN_AP_251741,,,
GEO_IN_AP_296262_W2307982,Election Ward No.2,ward,GEO_IN_AP_296262,,,
GEO_IN_AP_251701_W52737,Parvathipuram (M) - Ward No.28,ward,GEO_IN_AP_251701,,,
GEO_IN_AP_253252_W334,Ward No.19,ward,GEO_IN_AP_253252,,,
GEO_IN_AP_296261_W2307976,Election Ward No.16,ward,GEO_IN_AP_296261,,,
GEO_IN_AP_251747_W54868,Gudivada (M) - Ward No.9,ward,GEO_IN_AP_251747,,,
GEO_IN_AP_277317_W1297774,Yelleswaram Ward No.8,ward,GEO_IN_AP_277317,,,
GEO_IN_AP_248122_W126561,Chittoor - Ward No.41,ward,GEO_IN_AP_248122,,,
GEO_IN_AP_296262_W2307987,Election Ward No.7,ward,GEO_IN_AP_296262,,,
GEO_IN_AP_251778_W164683,36,ward,GEO_IN_AP_251778,,,
GEO_IN_AP_251732_W57970,Mandapeta Ward No.9,ward,GEO_IN_AP_251732,,,
GEO_IN_AP_251719_W53491,Visakhapatnam (M Corp.) - Ward No.6,ward,GEO_IN_AP_251719,,,
GEO_IN_AP_251742_W131497,Narasapur Ward No 25,ward,GEO_IN_AP_251742,,,
GEO_IN_AP_251762_W51818,Markapur (M) - Ward No.11,ward,GEO_IN_AP_251762,,,
GEO_IN_AP_251722_W1297758,Tuni Ward No.22,ward,GEO_IN_AP_251722,,,
GEO_IN_AP_251695_W56951,Palasa Kasibugga (NP) - Ward No.9,ward,GEO_IN_AP_251695,,,
GEO_IN_AP_253253_W341,Ward No. 3,ward,GEO_IN_AP_253253,,,
GEO_IN_AP_248116_W1297432,Kadiri Ward No 26,ward,GEO_IN_AP_248116,,,
GEO_IN_AP_277315_W1297497,Mummidivaram Ward No.5,ward,GEO_IN_AP_277315,,,
GEO_IN_AP_251709_W52988,Vizianagaram (M) - Ward No.15,ward,GEO_IN_AP_251709,,,
GEO_IN_AP_253295_W126482,Kanigiri-Ward No.12,ward,GEO_IN_AP_253295,,,
GEO_IN_AP_251772_W51887,Nellore (M) - Ward No.24,ward,GEO_IN_AP_251772,,,
GEO_IN_AP_251772_W51991,Nellore (M) - Ward No.37,ward,GEO_IN_AP_251772,,,
GEO_IN_AP_248124_W55624,Srikalahasti (M) - Ward No.12,ward,GEO_IN_AP_248124,,,
GEO_IN_AP_251747_W54864,Gudivada (M) - Ward No.5,ward,GEO_IN_AP_251747,,,
GEO_IN_AP_248120_W56053,Punganur (NP) - Ward No.18,ward,GEO_IN_AP_248120,,,
GEO_IN_AP_253272_W1297338,Allagadda Ward No. 19,ward,GEO_IN_AP_253272,,,
GEO_IN_AP_253252_W323,Ward No.8,ward,GEO_IN_AP_253252,,,
GEO_IN_AP_251768_W55492,Kandukur (M) - Ward No.23,ward,GEO_IN_AP_251768,,,
GEO_IN_AP_251725_W57245,Rajahmundry (M Corp.) - Ward No.49,ward,GEO_IN_AP_251725,,,
GEO_IN_AP_251751_W2475,Macherla (M) - Ward No. 21,ward,GEO_IN_AP_251751,,,
GEO_IN_AP_251752_W55131,Mangalagiri (M) - Ward No.1,ward,GEO_IN_AP_251752,,,
GEO_IN_AP_248122_W126556,Chittoor - Ward No.39,ward,GEO_IN_AP_248122,,,
GEO_IN_AP_248112_W53303,Anantapur (M) - Ward No.21,ward,GEO_IN_AP_248112,,,
GEO_IN_AP_248121_W53612,Tirupati (M) - Ward No.20,ward,GEO_IN_AP_248121,,,
GEO_IN_AP_248118_W53552,Hindupur (M) - Ward No.25,ward,GEO_IN_AP_248118,,,
GEO_IN_AP_251772_W1297317,Nellore Ward No. 52,ward,GEO_IN_AP_251772,,,
GEO_IN_AP_251754_W55167,Vinukonda M Ward No 12,ward,GEO_IN_AP_251754,,,
GEO_IN_AP_257831_W162462,Naidupet Ward No. 4,ward,GEO_IN_AP_257831,,,
GEO_IN_AP_248119_W126590,Madanapalli - Ward No.27,ward,GEO_IN_AP_248119,,,
GEO_IN_AP_251725_W57206,Rajahmundry (M Corp.) - Ward No.10,ward,GEO_IN_AP_251725,,,
GEO_IN_AP_258054_W163325,Yelamanchili M Ward No 10,ward,GEO_IN_AP_258054,,,
GEO_IN_AP_251751_W3046086,Macherla (M) - Ward No.30,ward,GEO_IN_AP_251751,,,
GEO_IN_AP_251754_W1510,Vinukonda Ward No.26,ward,GEO_IN_AP_251754,,,
GEO_IN_AP_251719_W53503,Visakhapatnam (M Corp.) - Ward No.18,ward,GEO_IN_AP_251719,,,
GEO_IN_AP_251787_W52829,Yemmiganur (M) - Ward No.18,ward,GEO_IN_AP_251787,,,
GEO_IN_AP_253101_W3087,Pulivendula (M) - Ward No.5,ward,GEO_IN_AP_253101,,,
GEO_IN_AP_251786_W52191,Rayachoti (CT) - Ward No.21,ward,GEO_IN_AP_251786,,,
GEO_IN_AP_253169_W53016,Dhone Ward No. 16,ward,GEO_IN_AP_253169,,,
GEO_IN_AP_251778_W164705,Ward 40,ward,GEO_IN_AP_251778,,,
GEO_IN_AP_251698_W3046146,Rajam (CT) - Ward No.23,ward,GEO_IN_AP_251698,,,
GEO_IN_AP_251759_W3046114,Ponnur Ward No. 33,ward,GEO_IN_AP_251759,,,
GEO_IN_AP_251727_W54495,Samalkot (M) - Ward No.17,ward,GEO_IN_AP_251727,,,
GEO_IN_AP_251724_W54056,Peddapuram (M) - Ward No.9,ward,GEO_IN_AP_251724,,,
GEO_IN_AP_251760_W51688,Bapatla (M) - Ward No.5,ward,GEO_IN_AP_251760,,,
GEO_IN_AP_248123_W53700,Palamaner - Ward No.22,ward,GEO_IN_AP_248123,,,
GEO_IN_AP_263068_W1297632,Gudurnlr Ward No. 3,ward,GEO_IN_AP_263068,,,
GEO_IN_AP_251737_W1297721,Nidadavole Ward No. 28,ward,GEO_IN_AP_251737,,,
GEO_IN_AP_251759_W51676,Ponnur (M) - Ward No.18,ward,GEO_IN_AP_251759,,,
GEO_IN_AP_251719_W1297930,Visakhapatnam (M Corp.) - Ward No.83,ward,GEO_IN_AP_251719,,,
GEO_IN_AP_296260_W2308048,Election Ward No.17,ward,GEO_IN_AP_296260,,,
GEO_IN_AP_253274_W162510,Chimakurthy Ward No 17,ward,GEO_IN_AP_253274,,,
GEO_IN_AP_248124_W126519,Srikalahasti - Ward No.24,ward,GEO_IN_AP_248124,,,
GEO_IN_AP_251695_W1297669,Palasakasibugga Ward No. 20,ward,GEO_IN_AP_251695,,,
GEO_IN_AP_251728_W57484,Pithapuram (M) - Ward No.13,ward,GEO_IN_AP_251728,,,
GEO_IN_AP_251789_W1297535,Kurnool Ward No. 21,ward,GEO_IN_AP_251789,,,
GEO_IN_AP_251755_W55199,Narasaraopet (M) - Ward No.10,ward,GEO_IN_AP_251755,,,
GEO_IN_AP_257906_W161514,Jangareddigudem Ward No 01,ward,GEO_IN_AP_257906,,,
GEO_IN_AP_251755_W55205,Narasaraopet (M) - Ward No.16,ward,GEO_IN_AP_251755,,,
GEO_IN_AP_251755_W1717,Narasaraopet (M) - Ward No.31,ward,GEO_IN_AP_251755,,,
GEO_IN_AP_251731_W57506,Kakinada (M) - Ward No.3,ward,GEO_IN_AP_251731,,,
GEO_IN_AP_277319_W1297815,Jaggaiahpet Ward No. 1,ward,GEO_IN_AP_277319,,,
GEO_IN_AP_248113_W55575,Guntakal (M) - Ward No.8,ward,GEO_IN_AP_248113,,,
GEO_IN_AP_253167_W2472,Piduguralla M Ward No 19,ward,GEO_IN_AP_253167,,,
GEO_IN_AP_248118_W53556,Hindupur (M) - Ward No.29,ward,GEO_IN_AP_248118,,,
GEO_IN_AP_248112_W53292,Anantapur (M) - Ward No.10,ward,GEO_IN_AP_248112,,,
GEO_IN_AP_251728_W1297571,Pithapuram Ward No.20,ward,GEO_IN_AP_251728,,,
GEO_IN_AP_277319_W1297828,Jaggaiahpet Ward No. 14,ward,GEO_IN_AP_277319,,,
GEO_IN_AP_248116_W1297425,Kadiri Ward No 19,ward,GEO_IN_AP_248116,,,
GEO_IN_AP_248117_W53066,Rayadurg (M) - Ward No.15,ward,GEO_IN_AP_248117,,,
GEO_IN_AP_248120_W56033,Punganur (NP) - Ward No.8,ward,GEO_IN_AP_248120,,,
GEO_IN_AP_248124_W126523,Srikalahasti - Ward No.28,ward,GEO_IN_AP_248124,,,
GEO_IN_AP_251757_W69684,Guntur (M Corp.) - Ward No.38,ward,GEO_IN_AP_251757,,,
GEO_IN_AP_296261_W2307979,Election Ward No.19,ward,GEO_IN_AP_296261,,,
GEO_IN_AP_263068_W1297656,Gudurnlr Ward No. 27,ward,GEO_IN_AP_263068,,,
GEO_IN_AP_251758_W51641,Tenali (M) - Ward No.14,ward,GEO_IN_AP_251758,,,
GEO_IN_AP_248125_W53624,Nagari (CT) - Ward No.10,ward,GEO_IN_AP_248125,,,
GEO_IN_AP_296257_W2308088,Election Ward No.2,ward,GEO_IN_AP_296257,,,
GEO_IN_AP_257906_W161526,Jangareddigudem Ward No 06,ward,GEO_IN_AP_257906,,,
GEO_IN_AP_296256_W2323428,Election Ward No.8,ward,GEO_IN_AP_296256,,,
GEO_IN_AP_296264_W2331467,Election Ward No.5,ward,GEO_IN_AP_296264,,,
GEO_IN_AP_251731_W58049,Kakinada (M) - Ward No.49,ward,GEO_IN_AP_251731,,,
GEO_IN_AP_251750_W54899,Machilipatnam (M) - Ward No.19,ward,GEO_IN_AP_251750,,,
GEO_IN_AP_253227_W127740,Sullurpeta Ward No. 10,ward,GEO_IN_AP_253227,,,
GEO_IN_AP_253295_W126476,Kanigiri-Ward No.7,ward,GEO_IN_AP_253295,,,
GEO_IN_AP_251760_W1590,Bapatla (M) - Ward No. 31,ward,GEO_IN_AP_251760,,,
GEO_IN_AP_253167_W54918,Piduguralla M Ward No 3,ward,GEO_IN_AP_253167,,,
GEO_IN_AP_251702_W52766,Bobbili (M) - Ward No.20,ward,GEO_IN_AP_251702,,,
GEO_IN_AP_251709_W1297984,Vizianagaram Ward No. 31,ward,GEO_IN_AP_251709,,,
GEO_IN_AP_254924_W1297895,Tiruvuru Ward No.19,ward,GEO_IN_AP_254924,,,
GEO_IN_AP_251738_W131453,Tadepalligudem Ward No 20,ward,GEO_IN_AP_251738,,,
GEO_IN_AP_251733_W54526,Ramachandrapuram (M) - Ward No.17,ward,GEO_IN_AP_251733,,,
GEO_IN_AP_251732_W57507,Mandapeta Ward No.3,ward,GEO_IN_AP_251732,,,
GEO_IN_AP_251724_W54065,Peddapuram (M) - Ward No.18,ward,GEO_IN_AP_251724,,,
GEO_IN_AP_263068_W1297659,Gudurnlr Ward No. 30,ward,GEO_IN_AP_263068,,,
GEO_IN_AP_248122_W126550,Chittoor - Ward No.36,ward,GEO_IN_AP_248122,,,
GEO_IN_AP_251774_W52038,Venkatagiri (CT) - Ward No.19,ward,GEO_IN_AP_251774,,,
GEO_IN_AP_253253_W345,Ward No. 7,ward,GEO_IN_AP_253253,,,
GEO_IN_AP_253101_W2578,Pulivendula (M) - Ward No.13,ward,GEO_IN_AP_253101,,,
GEO_IN_AP_251731_W58037,Kakinada (M) - Ward No.43,ward,GEO_IN_AP_251731,,,
GEO_IN_AP_251709_W52979,Vizianagaram (M) - Ward No.6,ward,GEO_IN_AP_251709,,,
GEO_IN_AP_251763_W55364,Chirala (M) - Ward No.3,ward,GEO_IN_AP_251763,,,
GEO_IN_AP_251695_W56944,Palasa Kasibugga (NP) - Ward No.2,ward,GEO_IN_AP_251695,,,
GEO_IN_AP_251778_W454,Bodhan (M) - Ward No.13,ward,GEO_IN_AP_251778,,,
GEO_IN_AP_251760_W51696,Bapatla (M) - Ward No.13,ward,GEO_IN_AP_251760,,,
GEO_IN_AP_251731_W58021,Kakinada (M) - Ward No.35,ward,GEO_IN_AP_251731,,,
GEO_IN_AP_251743_W3046903,Palacole (M) - Ward No.34,ward,GEO_IN_AP_251743,,,
GEO_IN_AP_251778_W2072,Bodhan (M) - Ward No.27,ward,GEO_IN_AP_251778,,,
GEO_IN_AP_251751_W54929,Macherla (M) - Ward No.9,ward,GEO_IN_AP_251751,,,
GEO_IN_AP_248112_W53289,Anantapur (M) - Ward No.7,ward,GEO_IN_AP_248112,,,
GEO_IN_AP_251731_W58005,Kakinada (M) - Ward No.27,ward,GEO_IN_AP_251731,,,
GEO_IN_AP_251774_W52040,Venkatagiri (CT) - Ward No.21,ward,GEO_IN_AP_251774,,,
GEO_IN_AP_251719_W53518,Visakhapatnam (M Corp.) - Ward No.33,ward,GEO_IN_AP_251719,,,
GEO_IN_AP_251778_W445,Bodhan (M) - Ward No.10,ward,GEO_IN_AP_251778,,,
GEO_IN_AP_251755_W55202,Narasaraopet (M) - Ward No.13,ward,GEO_IN_AP_251755,,,
GEO_IN_AP_251758_W2238,Tenali (M) - Ward No.35,ward,GEO_IN_AP_251758,,,
GEO_IN_AP_251782_W2565,40th Division,ward,GEO_IN_AP_251782,,,
GEO_IN_AP_251782_W3656,48th Division,ward,GEO_IN_AP_251782,,,
GEO_IN_AP_296328_W2323506,Election Ward No.18,ward,GEO_IN_AP_296328,,,
GEO_IN_AP_251760_W51686,Bapatla (M) - Ward No.3,ward,GEO_IN_AP_251760,,,
GEO_IN_AP_248121_W126551,Tirupati - Ward No.34,ward,GEO_IN_AP_248121,,,
GEO_IN_AP_248116_W53359,Kadiri (M) - Ward No.13,ward,GEO_IN_AP_248116,,,
GEO_IN_AP_251780_W52073,Jammalamadugu (CT) - Ward No.1,ward,GEO_IN_AP_251780,,,
GEO_IN_AP_296260_W2308037,Election Ward No.6,ward,GEO_IN_AP_296260,,,
GEO_IN_AP_263068_W1297637,Gudurnlr Ward No. 8,ward,GEO_IN_AP_263068,,,
GEO_IN_AP_251728_W1297580,Pithapuram Ward No.29,ward,GEO_IN_AP_251728,,,
GEO_IN_AP_251711_W53390,Nellimarla (CT) - Ward No.17,ward,GEO_IN_AP_251711,,,
GEO_IN_AP_248112_W53297,Anantapur (M) - Ward No.15,ward,GEO_IN_AP_248112,,,
GEO_IN_AP_251761_W51703,Repalle (M) - Ward No.1,ward,GEO_IN_AP_251761,,,
GEO_IN_AP_248122_W126542,Chittoor - Ward No.32,ward,GEO_IN_AP_248122,,,
GEO_IN_AP_251752_W55136,Mangalagiri (M) - Ward No.6,ward,GEO_IN_AP_251752,,,
GEO_IN_AP_251739_W161467,Eluru Ward No 37,ward,GEO_IN_AP_251739,,,
GEO_IN_AP_251695_W56955,Palasa Kasibugga (NP) - Ward No.13,ward,GEO_IN_AP_251695,,,
GEO_IN_AP_251725_W57244,Rajahmundry (M Corp.) - Ward No.48,ward,GEO_IN_AP_251725,,,
GEO_IN_AP_248113_W1297420,Ward No 34,ward,GEO_IN_AP_248113,,,
GEO_IN_AP_251770_W160294,Kavali Ward No 17,ward,GEO_IN_AP_251770,,,
GEO_IN_AP_251782_W52126,22nd Division,ward,GEO_IN_AP_251782,,,
GEO_IN_AP_251702_W52757,Bobbili (M) - Ward No.11,ward,GEO_IN_AP_251702,,,
GEO_IN_AP_251781_W52100,Yerraguntla (CT) - Ward No.2,ward,GEO_IN_AP_251781,,,
GEO_IN_AP_248112_W1297293,Anantapur Ward No. 38,ward,GEO_IN_AP_248112,,,
GEO_IN_AP_253254_W367,Ward No. 9,ward,GEO_IN_AP_253254,,,
GEO_IN_AP_251736_W161508,Kovvur Ward No 20,ward,GEO_IN_AP_251736,,,
GEO_IN_AP_253274_W162501,Chimakurthy Ward No 8,ward,GEO_IN_AP_253274,,,
GEO_IN_AP_253272_W1297328,Allagadda Ward No. 9,ward,GEO_IN_AP_253272,,,
GEO_IN_AP_263068_W1297658,Gudurnlr Ward No. 29,ward,GEO_IN_AP_263068,,,
GEO_IN_AP_248113_W55569,Guntakal (M) - Ward No.2,ward,GEO_IN_AP_248113,,,
GEO_IN_AP_251700_W56985,Srikakulam (M) - Ward No.1,ward,GEO_IN_AP_251700,,,
GEO_IN_AP_299713_W3045678,Ward No 18,ward,GEO_IN_AP_299713,,,
GEO_IN_AP_251789_W52826,Kurnool Ward No. 16,ward,GEO_IN_AP_251789,,,
GEO_IN_AP_296263_W2308081,Election Ward No.15,ward,GEO_IN_AP_296263,,,
GEO_IN_AP_253101_W2584,Pulivendula (M) - Ward No.23,ward,GEO_IN_AP_253101,,,
GEO_IN_AP_251750_W54911,Machilipatnam (M) - Ward No.31,ward,GEO_IN_AP_251750,,,
GEO_IN_AP_253272_W1297320,Allagadda Ward No. 1,ward,GEO_IN_AP_253272,,,
GEO_IN_AP_248125_W126582,Nagari - Ward No.27,ward,GEO_IN_AP_248125,,,
GEO_IN_AP_251782_W2557,32nd Division,ward,GEO_IN_AP_251782,,,
GEO_IN_AP_251795_W1297608,Nandyal Ward No. 37,ward,GEO_IN_AP_251795,,,
GEO_IN_AP_248112_W1297294,Anantapur Ward No. 39,ward,GEO_IN_AP_248112,,,
GEO_IN_AP_251750_W3045995,Machilipatnam Ward No.45,ward,GEO_IN_AP_251750,,,
GEO_IN_AP_251737_W131056,Nidadavole Ward No 20,ward,GEO_IN_AP_251737,,,
GEO_IN_AP_251719_W53497,Visakhapatnam (M Corp.) - Ward No.12,ward,GEO_IN_AP_251719,,,
GEO_IN_AP_253253_W348,Ward No. 10,ward,GEO_IN_AP_253253,,,
GEO_IN_AP_248125_W53621,Nagari (CT) - Ward No.7,ward,GEO_IN_AP_248125,,,
GEO_IN_AP_299612_W3045637,Ward No 15,ward,GEO_IN_AP_299612,,,
GEO_IN_AP_251763_W55363,Chirala (M) - Ward No.2,ward,GEO_IN_AP_251763,,,
GEO_IN_AP_251709_W1297992,Vizianagaram Ward No. 39,ward,GEO_IN_AP_251709,,,
GEO_IN_AP_251781_W1297734,Yerraguntla Ward No. 15,ward,GEO_IN_AP_251781,,,
GEO_IN_AP_251735_W1297491,Amalapuram Ward No. 29,ward,GEO_IN_AP_251735,,,
GEO_IN_AP_248112_W1297301,Anantapur Ward No. 46,ward,GEO_IN_AP_248112,,,
GEO_IN_AP_251786_W52185,Rayachoti (CT) - Ward No.18,ward,GEO_IN_AP_251786,,,
GEO_IN_AP_251745_W1297873,Nuzvid Ward No.27,ward,GEO_IN_AP_251745,,,
GEO_IN_AP_253274_W162500,Chimakurthy Ward No 7,ward,GEO_IN_AP_253274,,,
GEO_IN_AP_251731_W57969,Kakinada (M) - Ward No.9,ward,GEO_IN_AP_251731,,,
GEO_IN_AP_251743_W54797,Palacole (M) - Ward No.22,ward,GEO_IN_AP_251743,,,
GEO_IN_AP_251699_W52702,Amadalavalasa (NP) - Ward No.13,ward,GEO_IN_AP_251699,,,
GEO_IN_AP_296264_W2331472,Election Ward No.10,ward,GEO_IN_AP_296264,,,
GEO_IN_AP_257967_W127820,Ward,ward,GEO_IN_AP_257967,,,
GEO_IN_AP_248120_W56035,Punganur (NP) - Ward No.9,ward,GEO_IN_AP_248120,,,
GEO_IN_AP_251696_W52659,Ichchapuram (NP) - Ward No.1,ward,GEO_IN_AP_251696,,,
GEO_IN_AP_248115_W1297389,Dharmavaram Ward No. 36,ward,GEO_IN_AP_248115,,,
GEO_IN_AP_251753_W55158,Sattenapalle (M) - Ward No.8,ward,GEO_IN_AP_251753,,,
GEO_IN_AP_251778_W448,Bodhan (M) - Ward No.11,ward,GEO_IN_AP_251778,,,
GEO_IN_AP_251770_W160818,Kavali M Ward No 26,ward,GEO_IN_AP_251770,,,
GEO_IN_AP_257967_W127805,Ward,ward,GEO_IN_AP_257967,,,
GEO_IN_AP_254922_W1297863,Nandigama Ward No.12,ward,GEO_IN_AP_254922,,,
GEO_IN_AP_248119_W55673,Madanapalle (M) - Ward No.16,ward,GEO_IN_AP_248119,,,
GEO_IN_AP_251770_W55501,Kavali (M) - Ward No.8,ward,GEO_IN_AP_251770,,,
GEO_IN_AP_251719_W53528,Visakhapatnam (M Corp.) - Ward No.43,ward,GEO_IN_AP_251719,,,
GEO_IN_AP_296328_W2323493,Election Ward No.5,ward,GEO_IN_AP_296328,,,
GEO_IN_AP_251768_W55479,Kandukur (M) - Ward No.10,ward,GEO_IN_AP_251768,,,
GEO_IN_AP_253227_W127737,Sullurpeta Ward No. 7,ward,GEO_IN_AP_253227,,,
GEO_IN_AP_251719_W53539,Visakhapatnam (M Corp.) - Ward No.54,ward,GEO_IN_AP_251719,,,
GEO_IN_AP_299612_W3045636,Ward No 14,ward,GEO_IN_AP_299612,,,
GEO_IN_AP_251719_W53495,Visakhapatnam (M Corp.) - Ward No.10,ward,GEO_IN_AP_251719,,,
GEO_IN_AP_248115_W53325,Dharmavaram (M) - Ward No.11,ward,GEO_IN_AP_248115,,,
GEO_IN_AP_251735_W1297482,Amalapuram Ward No. 20,ward,GEO_IN_AP_251735,,,
GEO_IN_AP_251711_W53381,Nellimarla (CT) - Ward No.8,ward,GEO_IN_AP_251711,,,
GEO_IN_AP_248126_W53661,Puttur (CT) - Ward No.14,ward,GEO_IN_AP_248126,,,
GEO_IN_AP_251722_W54041,Tuni (M) - Ward No.8,ward,GEO_IN_AP_251722,,,
GEO_IN_AP_248112_W53308,Anantapur (M) - Ward No.26,ward,GEO_IN_AP_248112,,,
GEO_IN_AP_254923_W1297904,Vuyyuru Ward No.8,ward,GEO_IN_AP_254923,,,
GEO_IN_AP_248122_W56080,Chittoor - Ward No.31,ward,GEO_IN_AP_248122,,,
GEO_IN_AP_248121_W53610,Tirupati (M) - Ward No.18,ward,GEO_IN_AP_248121,,,
GEO_IN_AP_248116_W53362,Kadiri (M) - Ward No.16,ward,GEO_IN_AP_248116,,,
GEO_IN_AP_251739_W54597,Eluru (M) - Ward No.6,ward,GEO_IN_AP_251739,,,
GEO_IN_AP_296262_W2307985,Election Ward No.5,ward,GEO_IN_AP_296262,,,
GEO_IN_AP_251759_W2372,Ponnur (M) - Ward No.26,ward,GEO_IN_AP_251759,,,
GEO_IN_AP_251738_W1297723,Tadepalligudem Ward No. 33,ward,GEO_IN_AP_251738,,,
GEO_IN_AP_254924_W1297885,Tiruvuru Ward No.9,ward,GEO_IN_AP_254924,,,
GEO_IN_AP_248123_W53693,Palamaner - Ward No.15,ward,GEO_IN_AP_248123,,,
GEO_IN_AP_251763_W55390,Kothapeta (OG) (Part) - Ward No.29,ward,GEO_IN_AP_251763,,,
GEO_IN_AP_251752_W3046002,Mangalagiri Ward No.34,ward,GEO_IN_AP_251752,,,
GEO_IN_AP_251737_W129974,Nidadavole Ward No 17,ward,GEO_IN_AP_251737,,,
GEO_IN_AP_248122_W56054,Chittoor - Ward No.18,ward,GEO_IN_AP_248122,,,
GEO_IN_AP_251786_W3046157,Rayachoti (CT) - Ward No.32,ward,GEO_IN_AP_251786,,,
GEO_IN_AP_248122_W126576,Chittoor - Ward No.45,ward,GEO_IN_AP_248122,,,
GEO_IN_AP_251797_W53077,Gooty (CT) - Ward No.9,ward,GEO_IN_AP_251797,,,
GEO_IN_AP_251742_W131051,Narasapur Ward No 21,ward,GEO_IN_AP_251742,,,
GEO_IN_AP_299715_W3045716,Ward No 16,ward,GEO_IN_AP_299715,,,
GEO_IN_AP_251695_W56953,Palasa Kasibugga (NP) - Ward No.11,ward,GEO_IN_AP_251695,,,
GEO_IN_AP_251762_W126617,Markapur M-Ward.19,ward,GEO_IN_AP_251762,,,
GEO_IN_AP_251787_W52339,Yemmiganur (M) - Ward No.8,ward,GEO_IN_AP_251787,,,
GEO_IN_AP_253272_W1297321,Allagadda Ward No. 2,ward,GEO_IN_AP_253272,,,
GEO_IN_AP_248120_W56039,Punganur (NP) - Ward No.11,ward,GEO_IN_AP_248120,,,
GEO_IN_AP_251737_W58123,Nidadavole (M) - Ward No.10,ward,GEO_IN_AP_251737,,,
GEO_IN_AP_254923_W1297897,Vuyyuru Ward No.1,ward,GEO_IN_AP_254923,,,
GEO_IN_AP_251752_W3046016,Mangalagiri Ward No.48,ward,GEO_IN_AP_251752,,,
GEO_IN_AP_251770_W55505,Maddurupadu (OG) (Part) - Ward No.12,ward,GEO_IN_AP_251770,,,
GEO_IN_AP_251757_W59162,Guntur (M Corp.) - Ward No.9,ward,GEO_IN_AP_251757,,,
GEO_IN_AP_253274_W162495,Chimakurthy Ward No 2,ward,GEO_IN_AP_253274,,,
GEO_IN_AP_248122_W126559,Chittoor - Ward No.40,ward,GEO_IN_AP_248122,,,
GEO_IN_AP_251737_W58117,Nidadavole (M) - Ward No.7,ward,GEO_IN_AP_251737,,,
GEO_IN_AP_248113_W55573,Guntakal (M) - Ward No.6,ward,GEO_IN_AP_248113,,,
GEO_IN_AP_299612_W3045627,Ward No 5,ward,GEO_IN_AP_299612,,,
GEO_IN_AP_253169_W3046067,Dhone Ward No. 32,ward,GEO_IN_AP_253169,,,
GEO_IN_AP_251703_W52808,Salur (M) - Ward No.11,ward,GEO_IN_AP_251703,,,
GEO_IN_AP_251760_W2461,Bapatla (M) - Ward No. 20,ward,GEO_IN_AP_251760,,,
GEO_IN_AP_251751_W54913,Macherla (M) - Ward No.1,ward,GEO_IN_AP_251751,,,
GEO_IN_AP_253273_W1297583,Nandikotkur Ward No. 2,ward,GEO_IN_AP_253273,,,
GEO_IN_AP_248119_W126595,Madanapalli - Ward No.32,ward,GEO_IN_AP_248119,,,
GEO_IN_AP_251768_W55483,Kandukur (M) - Ward No.14,ward,GEO_IN_AP_251768,,,
GEO_IN_AP_251747_W54865,Gudivada (M) - Ward No.6,ward,GEO_IN_AP_251747,,,
GEO_IN_AP_251703_W52816,Salur (M) - Ward No.19,ward,GEO_IN_AP_251703,,,
GEO_IN_AP_253169_W52900,Dhone Ward No. 6,ward,GEO_IN_AP_253169,,,
GEO_IN_AP_248112_W1297287,Anantapur Ward No. 32,ward,GEO_IN_AP_248112,,,
GEO_IN_AP_251742_W131049,Narasapur Ward No 20,ward,GEO_IN_AP_251742,,,
GEO_IN_AP_251719_W53536,Visakhapatnam (M Corp.) - Ward No.51,ward,GEO_IN_AP_251719,,,
GEO_IN_AP_251702_W52753,Bobbili (M) - Ward No.7,ward,GEO_IN_AP_251702,,,
GEO_IN_AP_248121_W126538,Tirupati - Ward No.27,ward,GEO_IN_AP_248121,,,
GEO_IN_AP_251759_W51660,Ponnur (M) - Ward No.2,ward,GEO_IN_AP_251759,,,
GEO_IN_AP_251792_W52857,Adoni (M) - Ward No.19,ward,GEO_IN_AP_251792,,,
GEO_IN_AP_251732_W57976,Mandapeta Ward No.12,ward,GEO_IN_AP_251732,,,
GEO_IN_AP_251728_W1297581,Pithapuram Ward No.30,ward,GEO_IN_AP_251728,,,
GEO_IN_AP_248118_W53375,Hindupur (M) - Ward No.12,ward,GEO_IN_AP_248118,,,
GEO_IN_AP_248120_W56041,Punganur (NP) - Ward No.12,ward,GEO_IN_AP_248120,,,
GEO_IN_AP_248115_W53339,Dharmavaram (M) - Ward No.25,ward,GEO_IN_AP_248115,,,
GEO_IN_AP_251742_W58135,Narasapur (M) - Ward No.1,ward,GEO_IN_AP_251742,,,
GEO_IN_AP_251768_W55487,Kandukur (M) - Ward No.18,ward,GEO_IN_AP_251768,,,
GEO_IN_AP_251770_W160764,Kavali M Ward No 22,ward,GEO_IN_AP_251770,,,
GEO_IN_AP_251727_W54486,Samalkot (M) - Ward No.8,ward,GEO_IN_AP_251727,,,
GEO_IN_AP_299715_W3045714,Ward No 14,ward,GEO_IN_AP_299715,,,
GEO_IN_AP_251751_W54925,Macherla (M) - Ward No.7,ward,GEO_IN_AP_251751,,,
GEO_IN_AP_251750_W54898,Machilipatnam (M) - Ward No.18,ward,GEO_IN_AP_251750,,,
GEO_IN_AP_251745_W54845,Nuzvid (M) - Ward No.11,ward,GEO_IN_AP_251745,,,
GEO_IN_AP_251709_W52999,Vizianagaram (M) - Ward No.26,ward,GEO_IN_AP_251709,,,
GEO_IN_AP_251758_W51636,Tenali (M) - Ward No.9,ward,GEO_IN_AP_251758,,,
GEO_IN_AP_296261_W2307969,Election Ward No.9,ward,GEO_IN_AP_296261,,,
GEO_IN_AP_253295_W126489,Kanigiri-Ward No.19,ward,GEO_IN_AP_253295,,,
GEO_IN_AP_257831_W162478,Naidupet Ward No. 11,ward,GEO_IN_AP_257831,,,
GEO_IN_AP_253167_W2470,Piduguralla M Ward No 18,ward,GEO_IN_AP_253167,,,
GEO_IN_AP_253252_W320,Ward No.5,ward,GEO_IN_AP_253252,,,
GEO_IN_AP_251745_W54857,Nuzvid (M) - Ward No.23,ward,GEO_IN_AP_251745,,,
GEO_IN_AP_251736_W54569,Kovvur (NP) - Ward No.8,ward,GEO_IN_AP_251736,,,
GEO_IN_AP_299716_W3045734,Ward No 14,ward,GEO_IN_AP_299716,,,
GEO_IN_AP_263068_W1297634,Gudurnlr Ward No. 5,ward,GEO_IN_AP_263068,,,
GEO_IN_AP_251745_W54837,Nuzvid (M) - Ward No.3,ward,GEO_IN_AP_251745,,,
GEO_IN_AP_257906_W161551,Jangareddigudem Ward No 14,ward,GEO_IN_AP_257906,,,
GEO_IN_AP_251751_W54919,Macherla (M) - Ward No.4,ward,GEO_IN_AP_251751,,,
GEO_IN_AP_251757_W69679,Guntur (M Corp.) - Ward No.33,ward,GEO_IN_AP_251757,,,
GEO_IN_AP_251727_W54487,Samalkot (M) - Ward No.9,ward,GEO_IN_AP_251727,,,
GEO_IN_AP_257868_W126464,Addanki Ward No-15,ward,GEO_IN_AP_257868,,,
GEO_IN_AP_248120_W3046135,Punganur (NP) - Ward No.26,ward,GEO_IN_AP_248120,,,
GEO_IN_AP_251742_W58136,Narasapur (M) - Ward No.2,ward,GEO_IN_AP_251742,,,
GEO_IN_AP_251747_W54879,Gudivada (M) - Ward No.20,ward,GEO_IN_AP_251747,,,
GEO_IN_AP_248119_W126585,Madanapalli - Ward No.22,ward,GEO_IN_AP_248119,,,
GEO_IN_AP_251741_W131479,Bhimavaram Ward No 33,ward,GEO_IN_AP_251741,,,
GEO_IN_AP_263068_W1297661,Gudurnlr Ward No. 32,ward,GEO_IN_AP_263068,,,
GEO_IN_AP_251711_W53389,Nellimarla (CT) - Ward No.16,ward,GEO_IN_AP_251711,,,
GEO_IN_AP_253101_W3085,Pulivendula (M) - Ward No.9,ward,GEO_IN_AP_253101,,,
GEO_IN_AP_299713_W3045664,Ward No 4,ward,GEO_IN_AP_299713,,,
GEO_IN_AP_251792_W52844,Adoni (M) - Ward No.6,ward,GEO_IN_AP_251792,,,
GEO_IN_AP_251789_W1297545,Kurnool Ward No. 31,ward,GEO_IN_AP_251789,,,
GEO_IN_AP_251762_W126621,Markapur M-Ward.23,ward,GEO_IN_AP_251762,,,
GEO_IN_AP_251750_W54902,Machilipatnam (M) - Ward No.22,ward,GEO_IN_AP_251750,,,
GEO_IN_AP_251700_W56997,Srikakulam (M) - Ward No.13,ward,GEO_IN_AP_251700,,,
GEO_IN_AP_277316_W1297381,Gollaprolu Ward No. 18,ward,GEO_IN_AP_277316,,,
GEO_IN_AP_251774_W52033,Venkatagiri (CT) - Ward No.14,ward,GEO_IN_AP_251774,,,
GEO_IN_AP_251742_W58144,Narasapur (M) - Ward No.10,ward,GEO_IN_AP_251742,,,
GEO_IN_AP_296250_W2309866,Election Ward No.5,ward,GEO_IN_AP_296250,,,
GEO_IN_AP_251755_W55196,Narasaraopet (M) - Ward No.7,ward,GEO_IN_AP_251755,,,
GEO_IN_AP_251753_W55127,Sattenapalle (M) - Ward No.24,ward,GEO_IN_AP_251753,,,
GEO_IN_AP_248111_W465,Ward No.17,ward,GEO_IN_AP_248111,,,
GEO_IN_AP_253252_W327,Ward No.12,ward,GEO_IN_AP_253252,,,
GEO_IN_AP_251728_W57476,Pithapuram (M) - Ward No.5,ward,GEO_IN_AP_251728,,,
GEO_IN_AP_251743_W54806,Palacole (M) - Ward No.31,ward,GEO_IN_AP_251743,,,
GEO_IN_AP_251774_W52022,Venkatagiri (CT) - Ward No.3,ward,GEO_IN_AP_251774,,,
GEO_IN_AP_251755_W55201,Narasaraopet (M) - Ward No.12,ward,GEO_IN_AP_251755,,,
GEO_IN_AP_277315_W1297511,Mummidivaram Ward No.19,ward,GEO_IN_AP_277315,,,
GEO_IN_AP_251731_W58051,Kakinada (M) - Ward No.50,ward,GEO_IN_AP_251731,,,
GEO_IN_AP_253167_W54930,Piduguralla M Ward No 9,ward,GEO_IN_AP_253167,,,
GEO_IN_AP_251736_W54565,Kovvur (NP) - Ward No.4,ward,GEO_IN_AP_251736,,,
GEO_IN_AP_251782_W52105,1st Division,ward,GEO_IN_AP_251782,,,
GEO_IN_AP_299713_W3045671,Ward No 11,ward,GEO_IN_AP_299713,,,
GEO_IN_AP_251724_W54058,Peddapuram (M) - Ward No.11,ward,GEO_IN_AP_251724,,,
GEO_IN_AP_251773_W52003,Gudur (M) - Ward No.1,ward,GEO_IN_AP_251773,,,
GEO_IN_AP_251750_W54884,Machilipatnam (M) - Ward No.4,ward,GEO_IN_AP_251750,,,
GEO_IN_AP_248118_W1297395,Hindupur Ward No 32,ward,GEO_IN_AP_248118,,,
GEO_IN_AP_263068_W1297643,Gudurnlr Ward No. 14,ward,GEO_IN_AP_263068,,,
GEO_IN_AP_251762_W126614,Markapur M-Ward.16,ward,GEO_IN_AP_251762,,,
GEO_IN_AP_248121_W126573,Tirupati - Ward No.49,ward,GEO_IN_AP_248121,,,
GEO_IN_AP_251741_W54749,Bhimavaram (M) - Ward No.3,ward,GEO_IN_AP_251741,,,
GEO_IN_AP_251728_W57478,Pithapuram (M) - Ward No.7,ward,GEO_IN_AP_251728,,,
GEO_IN_AP_299715_W3045717,Ward No 17,ward,GEO_IN_AP_299715,,,
GEO_IN_AP_251719_W53510,Visakhapatnam (M Corp.) - Ward No.25,ward,GEO_IN_AP_251719,,,
GEO_IN_AP_251719_W54002,Visakhapatnam (M Corp.) - Ward No.60,ward,GEO_IN_AP_251719,,,
GEO_IN_AP_251778_W466,Bodhan (M) - Ward No.17,ward,GEO_IN_AP_251778,,,
GEO_IN_AP_251757_W59164,Guntur (M Corp.) - Ward No.11,ward,GEO_IN_AP_251757,,,
GEO_IN_AP_253295_W126486,Kanigiri-Ward No.16,ward,GEO_IN_AP_253295,,,
GEO_IN_AP_248118_W53370,Hindupur (M) - Ward No.7,ward,GEO_IN_AP_248118,,,
GEO_IN_AP_251731_W58015,Kakinada (M) - Ward No.32,ward,GEO_IN_AP_251731,,,
GEO_IN_AP_251719_W53509,Visakhapatnam (M Corp.) - Ward No.24,ward,GEO_IN_AP_251719,,,
GEO_IN_AP_253254_W364,Ward No. 6,ward,GEO_IN_AP_253254,,,
GEO_IN_AP_251719_W53508,Visakhapatnam (M Corp.) - Ward No.23,ward,GEO_IN_AP_251719,,,
GEO_IN_AP_277319_W1297831,Jaggaiahpet Ward No. 17,ward,GEO_IN_AP_277319,,,
GEO_IN_AP_253167_W1297794,Piduguralla Ward No 27,ward,GEO_IN_AP_253167,,,
GEO_IN_AP_251695_W1297666,Palasakasibugga Ward No. 17,ward,GEO_IN_AP_251695,,,
GEO_IN_AP_251699_W52690,Amadalavalasa (NP) - Ward No.1,ward,GEO_IN_AP_251699,,,
GEO_IN_AP_248126_W53671,Puttur (CT) - Ward No.24,ward,GEO_IN_AP_248126,,,
GEO_IN_AP_251737_W131054,Nidadavole Ward No 18,ward,GEO_IN_AP_251737,,,
GEO_IN_AP_253101_W3661,Pulivendula (M) - Ward No.20,ward,GEO_IN_AP_253101,,,
GEO_IN_AP_251757_W69677,Guntur (M Corp.) - Ward No.31,ward,GEO_IN_AP_251757,,,
GEO_IN_AP_253167_W55126,Piduguralla M Ward No 15,ward,GEO_IN_AP_253167,,,
GEO_IN_AP_251724_W54064,Peddapuram (M) - Ward No.17,ward,GEO_IN_AP_251724,,,
GEO_IN_AP_296250_W2309865,Election Ward No.4,ward,GEO_IN_AP_296250,,,
GEO_IN_AP_251727_W54492,Samalkot (M) - Ward No.14,ward,GEO_IN_AP_251727,,,
GEO_IN_AP_251735_W1297489,Amalapuram Ward No. 27,ward,GEO_IN_AP_251735,,,
GEO_IN_AP_251795_W52891,Nandyal (M) - Ward No.2,ward,GEO_IN_AP_251795,,,
GEO_IN_AP_251750_W1297848,Machilipatnam Ward No.39,ward,GEO_IN_AP_251750,,,
GEO_IN_AP_253227_W127751,Sullurpeta Ward No. 21,ward,GEO_IN_AP_253227,,,
GEO_IN_AP_251719_W53502,Visakhapatnam (M Corp.) - Ward No.17,ward,GEO_IN_AP_251719,,,
GEO_IN_AP_248126_W53664,Puttur (CT) - Ward No.17,ward,GEO_IN_AP_248126,,,
GEO_IN_AP_248112_W1297298,Anantapur Ward No. 43,ward,GEO_IN_AP_248112,,,
GEO_IN_AP_251789_W1297544,Kurnool Ward No. 30,ward,GEO_IN_AP_251789,,,
GEO_IN_AP_254923_W1297911,Vuyyuru Ward No.15,ward,GEO_IN_AP_254923,,,
GEO_IN_AP_253297_W102,Mydukur (M) - Ward No.9,ward,GEO_IN_AP_253297,,,
GEO_IN_AP_251733_W54535,Ramachandrapuram (M) - Ward No.26,ward,GEO_IN_AP_251733,,,
GEO_IN_AP_251747_W1297803,Gudivada Ward No. 25,ward,GEO_IN_AP_251747,,,
GEO_IN_AP_251763_W55386,Chirala (M) - Ward No.25,ward,GEO_IN_AP_251763,,,
GEO_IN_AP_251695_W3046106,Palasakasibugga Ward No. 28,ward,GEO_IN_AP_251695,,,
GEO_IN_AP_254924_W1297882,Tiruvuru Ward No.6,ward,GEO_IN_AP_254924,,,
GEO_IN_AP_251716_W53416,Narsipatnam (CT) - Ward No.1,ward,GEO_IN_AP_251716,,,
GEO_IN_AP_251698_W56964,Rajam (CT) - Ward No.7,ward,GEO_IN_AP_251698,,,
GEO_IN_AP_254922_W1297855,Nandigama Ward No.4,ward,GEO_IN_AP_254922,,,
GEO_IN_AP_248124_W126518,Srikalahasti - Ward No.23,ward,GEO_IN_AP_248124,,,
GEO_IN_AP_251778_W478,Bodhan (M) - Ward No.21,ward,GEO_IN_AP_251778,,,
GEO_IN_AP_254924_W1297896,Tiruvuru Ward No.20,ward,GEO_IN_AP_254924,,,
GEO_IN_AP_251746_W58238,Vijayawada (M Corp.) - Ward No.35,ward,GEO_IN_AP_251746,,,
GEO_IN_AP_251770_W160843,Kavali M Ward No 36,ward,GEO_IN_AP_251770,,,
GEO_IN_AP_248120_W56043,Punganur (NP) - Ward No.13,ward,GEO_IN_AP_248120,,,
GEO_IN_AP_251719_W1297928,Visakhapatnam (M Corp.) - Ward No.81,ward,GEO_IN_AP_251719,,,
GEO_IN_AP_251782_W52107,3rd Division,ward,GEO_IN_AP_251782,,,
GEO_IN_AP_251738_W3046174,Tadepalligudem Ward No. 36,ward,GEO_IN_AP_251738,,,
GEO_IN_AP_257967_W127816,Ward,ward,GEO_IN_AP_257967,,,
GEO_IN_AP_251737_W129914,Nidadavolu M Ward No,ward,GEO_IN_AP_251737,,,
GEO_IN_AP_251770_W160824,Kavali M Ward No 28,ward,GEO_IN_AP_251770,,,
GEO_IN_AP_251750_W54910,Machilipatnam (M) - Ward No.30,ward,GEO_IN_AP_251750,,,
GEO_IN_AP_251752_W3046004,Mangalagiri Ward No.36,ward,GEO_IN_AP_251752,,,
GEO_IN_AP_248112_W53293,Anantapur (M) - Ward No.11,ward,GEO_IN_AP_248112,,,
GEO_IN_AP_251751_W54937,Macherla (M) - Ward No.13,ward,GEO_IN_AP_251751,,,
GEO_IN_AP_253297_W108,Mydukur (M) - Ward No.17,ward,GEO_IN_AP_253297,,,
GEO_IN_AP_251738_W3046175,Tadepalligudem Ward No. 37,ward,GEO_IN_AP_251738,,,
GEO_IN_AP_251702_W52770,Bobbili (M) - Ward No.24,ward,GEO_IN_AP_251702,,,
GEO_IN_AP_251789_W52328,Kurnool Ward No. 2,ward,GEO_IN_AP_251789,,,
GEO_IN_AP_251789_W1297543,Kurnool Ward No. 29,ward,GEO_IN_AP_251789,,,
GEO_IN_AP_251747_W1297809,Gudivada Ward No. 31,ward,GEO_IN_AP_251747,,,
GEO_IN_AP_248114_W53088,Tadpatri (M) - Ward No.10,ward,GEO_IN_AP_248114,,,
GEO_IN_AP_248119_W55678,Madanapalli - Ward No.21,ward,GEO_IN_AP_248119,,,
GEO_IN_AP_296260_W2308045,Election Ward No.14,ward,GEO_IN_AP_296260,,,
GEO_IN_AP_251735_W1297477,Amalapuram Ward No. 15,ward,GEO_IN_AP_251735,,,
GEO_IN_AP_251738_W131466,Tadepalligudem Ward No 28,ward,GEO_IN_AP_251738,,,
GEO_IN_AP_253253_W339,Ward No. 1,ward,GEO_IN_AP_253253,,,
GEO_IN_AP_248122_W126548,Chittoor - Ward No.35,ward,GEO_IN_AP_248122,,,
GEO_IN_AP_251727_W1297712,Samalkot Ward No.22,ward,GEO_IN_AP_251727,,,
GEO_IN_AP_299714_W3045692,Ward No 12,ward,GEO_IN_AP_299714,,,
GEO_IN_AP_251699_W52695,Amadalavalasa (NP) - Ward No.6,ward,GEO_IN_AP_251699,,,
GEO_IN_AP_253297_W1192,Mydukur (M) - Ward No.19,ward,GEO_IN_AP_253297,,,
GEO_IN_AP_251757_W69676,Guntur (M Corp.) - Ward No.30,ward,GEO_IN_AP_251757,,,
GEO_IN_AP_251739_W54594,Eluru (M) - Ward No.3,ward,GEO_IN_AP_251739,,,
GEO_IN_AP_248111_W486,Ward No.24,ward,GEO_IN_AP_248111,,,
GEO_IN_AP_251736_W161503,Kovvur Ward No 17,ward,GEO_IN_AP_251736,,,
GEO_IN_AP_257967_W127819,Ward,ward,GEO_IN_AP_257967,,,
GEO_IN_AP_296259_W2308030,Election Ward No.19,ward,GEO_IN_AP_296259,,,
GEO_IN_AP_251709_W52990,Vizianagaram (M) - Ward No.17,ward,GEO_IN_AP_251709,,,
GEO_IN_AP_251725_W1297919,Rajahmundry Ward No.44,ward,GEO_IN_AP_251725,,,
GEO_IN_AP_251702_W52754,Bobbili (M) - Ward No.8,ward,GEO_IN_AP_251702,,,
GEO_IN_AP_296328_W2323508,Election Ward No.20,ward,GEO_IN_AP_296328,,,
GEO_IN_AP_251739_W54609,Eluru (M) - Ward No.18,ward,GEO_IN_AP_251739,,,
GEO_IN_AP_253169_W3046059,Dhone Ward No. 24,ward,GEO_IN_AP_253169,,,
GEO_IN_AP_251737_W131058,Nidadavole Ward No 21,ward,GEO_IN_AP_251737,,,
GEO_IN_AP_251759_W1297798,Ponnur Ward No. 32,ward,GEO_IN_AP_251759,,,
GEO_IN_AP_251799_W69104,Kalyandurg (CT) - Ward No.21,ward,GEO_IN_AP_251799,,,
GEO_IN_AP_251733_W54510,Ramachandrapuram (M) - Ward No.1,ward,GEO_IN_AP_251733,,,
GEO_IN_AP_251735_W1297478,Amalapuram Ward No. 16,ward,GEO_IN_AP_251735,,,
GEO_IN_AP_251725_W57222,Rajahmundry (M Corp.) - Ward No.26,ward,GEO_IN_AP_251725,,,
GEO_IN_AP_248116_W1297431,Kadiri Ward No 25,ward,GEO_IN_AP_248116,,,
GEO_IN_AP_253102_W3046150,Rajampet Ward No.23,ward,GEO_IN_AP_253102,,,
GEO_IN_AP_251752_W1789,Mangalagiri (M) - Ward No.14,ward,GEO_IN_AP_251752,,,
GEO_IN_AP_251754_W55153,Vinukonda M Ward No 4,ward,GEO_IN_AP_251754,,,
GEO_IN_AP_251709_W52985,Vizianagaram (M) - Ward No.12,ward,GEO_IN_AP_251709,,,
GEO_IN_AP_253254_W492,Ward No. 18,ward,GEO_IN_AP_253254,,,
GEO_IN_AP_258033_W160748,Atmakurnlr Ward No 6,ward,GEO_IN_AP_258033,,,
GEO_IN_AP_251727_W1297711,Samalkot Ward No.21,ward,GEO_IN_AP_251727,,,
GEO_IN_AP_251735_W1297484,Amalapuram Ward No. 22,ward,GEO_IN_AP_251735,,,
GEO_IN_AP_251709_W1297982,Vizianagaram Ward No. 29,ward,GEO_IN_AP_251709,,,
GEO_IN_AP_251709_W52992,Vizianagaram (M) - Ward No.19,ward,GEO_IN_AP_251709,,,
GEO_IN_AP_257967_W127823,Ward,ward,GEO_IN_AP_257967,,,
GEO_IN_AP_251719_W53496,Visakhapatnam (M Corp.) - Ward No.11,ward,GEO_IN_AP_251719,,,
GEO_IN_AP_248119_W55660,Madanapalle (M) - Ward No.3,ward,GEO_IN_AP_248119,,,
GEO_IN_AP_251766_W55408,Ongole (M) - Ward No.8,ward,GEO_IN_AP_251766,,,
GEO_IN_AP_258033_W160730,Atmakurnlr Ward No 2,ward,GEO_IN_AP_258033,,,
GEO_IN_AP_251747_W1297814,Gudivada Ward No. 36,ward,GEO_IN_AP_251747,,,
GEO_IN_AP_296328_W2323504,Election Ward No.16,ward,GEO_IN_AP_296328,,,
GEO_IN_AP_248116_W1297442,Kadiri Ward No 36,ward,GEO_IN_AP_248116,,,
GEO_IN_AP_296256_W2323433,Election Ward No.13,ward,GEO_IN_AP_296256,,,
GEO_IN_AP_251700_W57001,Balaga (R) (OG) (Part) - Ward No.17,ward,GEO_IN_AP_251700,,,
GEO_IN_AP_248124_W126520,Srikalahasti - Ward No.25,ward,GEO_IN_AP_248124,,,
GEO_IN_AP_251757_W59180,Guntur (M Corp.) - Ward No.27,ward,GEO_IN_AP_251757,,,
GEO_IN_AP_299612_W3045646,Ward No 24,ward,GEO_IN_AP_299612,,,
GEO_IN_AP_251792_W52856,Adoni (M) - Ward No.18,ward,GEO_IN_AP_251792,,,
GEO_IN_AP_257831_W162465,Naidupet Ward No. 5,ward,GEO_IN_AP_257831,,,
GEO_IN_AP_296256_W2323426,Election Ward No.6,ward,GEO_IN_AP_296256,,,
GEO_IN_AP_251799_W69096,Kalyandurg (CT) - Ward No.13,ward,GEO_IN_AP_251799,,,
GEO_IN_AP_251780_W52091,Jammalamadugu (CT) - Ward No.19,ward,GEO_IN_AP_251780,,,
GEO_IN_AP_254922_W1297852,Nandigama Ward No.1,ward,GEO_IN_AP_254922,,,
GEO_IN_AP_248121_W53598,Tirupati (M) - Ward No.6,ward,GEO_IN_AP_248121,,,
GEO_IN_AP_251799_W55597,Kalyandurg (CT) - Ward No.7,ward,GEO_IN_AP_251799,,,
GEO_IN_AP_251795_W53033,Nandyal (M) - Ward No.25,ward,GEO_IN_AP_251795,,,
GEO_IN_AP_248111_W441,Ward No.9,ward,GEO_IN_AP_248111,,,
GEO_IN_AP_251758_W51631,Tenali (M) - Ward No.4,ward,GEO_IN_AP_251758,,,
GEO_IN_AP_248112_W53299,Anantapur (M) - Ward No.17,ward,GEO_IN_AP_248112,,,
GEO_IN_AP_251766_W55445,Ongole (M) - Ward No.45,ward,GEO_IN_AP_251766,,,
GEO_IN_AP_251719_W1297943,Visakhapatnam (M Corp.) - Ward No.96,ward,GEO_IN_AP_251719,,,
GEO_IN_AP_253272_W1297326,Allagadda Ward No. 7,ward,GEO_IN_AP_253272,,,
GEO_IN_AP_299612_W3045638,Ward No 16,ward,GEO_IN_AP_299612,,,
GEO_IN_AP_251789_W52828,Kurnool Ward No. 17,ward,GEO_IN_AP_251789,,,
GEO_IN_AP_251752_W3046017,Mangalagiri Ward No.49,ward,GEO_IN_AP_251752,,,
GEO_IN_AP_251772_W51996,Nellore (M) - Ward No.42,ward,GEO_IN_AP_251772,,,
GEO_IN_AP_299713_W3045680,Ward No 20,ward,GEO_IN_AP_299713,,,
GEO_IN_AP_251719_W54010,Visakhapatnam (M Corp.) - Ward No.68,ward,GEO_IN_AP_251719,,,
GEO_IN_AP_251716_W53438,Narsipatnam (CT) - Ward No.23,ward,GEO_IN_AP_251716,,,
GEO_IN_AP_251750_W3046000,Machilipatnam Ward No.50,ward,GEO_IN_AP_251750,,,
GEO_IN_AP_251696_W1297407,Ichapuram Ward No. 21,ward,GEO_IN_AP_251696,,,
GEO_IN_AP_299715_W3045718,Ward No 18,ward,GEO_IN_AP_299715,,,
GEO_IN_AP_251772_W51994,Nellore (M) - Ward No.40,ward,GEO_IN_AP_251772,,,
GEO_IN_AP_251700_W1297687,Srikakulam Ward No. 33,ward,GEO_IN_AP_251700,,,
GEO_IN_AP_251750_W1297844,Machilipatnam Ward No.35,ward,GEO_IN_AP_251750,,,
GEO_IN_AP_296257_W2308096,Election Ward No.10,ward,GEO_IN_AP_296257,,,
GEO_IN_AP_257906_W161546,Jangareddigudem Ward No 11,ward,GEO_IN_AP_257906,,,
GEO_IN_AP_251757_W69681,Guntur (M Corp.) - Ward No.35,ward,GEO_IN_AP_251757,,,
GEO_IN_AP_251746_W58214,Vijayawada (M Corp.) - Ward No.23,ward,GEO_IN_AP_251746,,,
GEO_IN_AP_251719_W53529,Visakhapatnam (M Corp.) - Ward No.44,ward,GEO_IN_AP_251719,,,
GEO_IN_AP_248119_W126588,Madanapalli - Ward No.25,ward,GEO_IN_AP_248119,,,
GEO_IN_AP_251770_W160846,Kavali M Ward No 37,ward,GEO_IN_AP_251770,,,
GEO_IN_AP_251754_W55149,Vinukonda M Ward No 3,ward,GEO_IN_AP_251754,,,
GEO_IN_AP_251760_W51692,Bapatla (M) - Ward No.9,ward,GEO_IN_AP_251760,,,
GEO_IN_AP_248118_W53557,Hindupur (M) - Ward No.30,ward,GEO_IN_AP_248118,,,
GEO_IN_AP_253273_W1297589,Nandikotkur Ward No. 8,ward,GEO_IN_AP_253273,,,
GEO_IN_AP_251786_W52151,Rayachoti (CT) - Ward No.1,ward,GEO_IN_AP_251786,,,
GEO_IN_AP_251746_W58212,Vijayawada (M Corp.) - Ward No.22,ward,GEO_IN_AP_251746,,,
GEO_IN_AP_251766_W55406,Ongole (M) - Ward No.6,ward,GEO_IN_AP_251766,,,
GEO_IN_AP_251733_W54512,Ramachandrapuram (M) - Ward No.3,ward,GEO_IN_AP_251733,,,
GEO_IN_AP_251700_W56992,Srikakulam (M) - Ward No.8,ward,GEO_IN_AP_251700,,,
GEO_IN_AP_257967_W127808,Ward,ward,GEO_IN_AP_257967,,,
GEO_IN_AP_251719_W53513,Visakhapatnam (M Corp.) - Ward No.28,ward,GEO_IN_AP_251719,,,
GEO_IN_AP_251786_W52161,Rayachoti (CT) - Ward No.6,ward,GEO_IN_AP_251786,,,
GEO_IN_AP_251786_W52199,Rayachoti (CT) - Ward No.25,ward,GEO_IN_AP_251786,,,
GEO_IN_AP_251728_W57482,Pithapuram (M) - Ward No.11,ward,GEO_IN_AP_251728,,,
GEO_IN_AP_251757_W59165,Guntur (M Corp.) - Ward No.12,ward,GEO_IN_AP_251757,,,
GEO_IN_AP_253252_W335,Ward No.20,ward,GEO_IN_AP_253252,,,
GEO_IN_AP_253254_W491,Ward No. 17,ward,GEO_IN_AP_253254,,,
GEO_IN_AP_251795_W52913,Nandyal (M) - Ward No.13,ward,GEO_IN_AP_251795,,,
GEO_IN_AP_251724_W3046110,Peddapuram Ward No.29,ward,GEO_IN_AP_251724,,,
GEO_IN_AP_257967_W127822,Ward,ward,GEO_IN_AP_257967,,,
GEO_IN_AP_299716_W3045722,Ward No 2,ward,GEO_IN_AP_299716,,,
GEO_IN_AP_251781_W1297729,Yerraguntla Ward No. 10,ward,GEO_IN_AP_251781,,,
GEO_IN_AP_251703_W52798,Salur (M) - Ward No.1,ward,GEO_IN_AP_251703,,,
GEO_IN_AP_251716_W53433,Narsipatnam (CT) - Ward No.18,ward,GEO_IN_AP_251716,,,
GEO_IN_AP_248115_W53316,Dharmavaram (M) - Ward No.2,ward,GEO_IN_AP_248115,,,
GEO_IN_AP_251701_W52734,Parvathipuram (M) - Ward No.25,ward,GEO_IN_AP_251701,,,
GEO_IN_AP_248120_W56061,Punganur (NP) - Ward No.22,ward,GEO_IN_AP_248120,,,
GEO_IN_AP_253227_W127742,Sullurpeta Ward No. 12,ward,GEO_IN_AP_253227,,,
GEO_IN_AP_248112_W1297303,Anantapur Ward No. 48,ward,GEO_IN_AP_248112,,,
GEO_IN_AP_251735_W1297488,Amalapuram Ward No. 26,ward,GEO_IN_AP_251735,,,
GEO_IN_AP_251711_W53385,Nellimarla (CT) - Ward No.12,ward,GEO_IN_AP_251711,,,
GEO_IN_AP_251741_W131483,Bhimavaram Ward No 35,ward,GEO_IN_AP_251741,,,
GEO_IN_AP_251695_W56949,Palasa Kasibugga (NP) - Ward No.7,ward,GEO_IN_AP_251695,,,
GEO_IN_AP_299716_W3045739,Ward No 19,ward,GEO_IN_AP_299716,,,
GEO_IN_AP_251746_W3046637,Vijayawada (M Corp.) - Ward No.61,ward,GEO_IN_AP_251746,,,
GEO_IN_AP_251757_W69698,Guntur (M Corp.) - Ward No.52,ward,GEO_IN_AP_251757,,,
GEO_IN_AP_251750_W54907,Machilipatnam (M) - Ward No.27,ward,GEO_IN_AP_251750,,,
GEO_IN_AP_251780_W52086,Jammalamadugu (CT) - Ward No.14,ward,GEO_IN_AP_251780,,,
GEO_IN_AP_254922_W1297856,Nandigama Ward No.5,ward,GEO_IN_AP_254922,,,
GEO_IN_AP_277317_W1297784,Yelleswaram Ward No.18,ward,GEO_IN_AP_277317,,,
GEO_IN_AP_251737_W58121,Nidadavole (M) - Ward No.9,ward,GEO_IN_AP_251737,,,
GEO_IN_AP_251747_W54867,Gudivada (M) - Ward No.8,ward,GEO_IN_AP_251747,,,
GEO_IN_AP_251772_W51988,Nellore (M) - Ward No.34,ward,GEO_IN_AP_251772,,,
GEO_IN_AP_251774_W52025,Venkatagiri (CT) - Ward No.6,ward,GEO_IN_AP_251774,,,
GEO_IN_AP_253101_W2581,Pulivendula (M) - Ward No.19,ward,GEO_IN_AP_253101,,,
GEO_IN_AP_251786_W52169,Rayachoti (CT) - Ward No.10,ward,GEO_IN_AP_251786,,,
GEO_IN_AP_296261_W2307964,Election Ward No.4,ward,GEO_IN_AP_296261,,,
GEO_IN_AP_251750_W54890,Machilipatnam (M) - Ward No.10,ward,GEO_IN_AP_251750,,,
GEO_IN_AP_251727_W54483,Samalkot (M) - Ward No.5,ward,GEO_IN_AP_251727,,,
GEO_IN_AP_248122_W56068,Chittoor - Ward No.25,ward,GEO_IN_AP_248122,,,
GEO_IN_AP_253274_W162505,Chimakurthy Ward No 12,ward,GEO_IN_AP_253274,,,
GEO_IN_AP_253167_W2466,Piduguralla M Ward No 16,ward,GEO_IN_AP_253167,,,
GEO_IN_AP_253273_W1297584,Nandikotkur Ward No. 3,ward,GEO_IN_AP_253273,,,
GEO_IN_AP_253297_W107,Mydukur (M) - Ward No.16,ward,GEO_IN_AP_253297,,,
GEO_IN_AP_263068_W1297660,Gudurnlr Ward No. 31,ward,GEO_IN_AP_263068,,,
GEO_IN_AP_299612_W3045649,Ward No 27,ward,GEO_IN_AP_299612,,,
GEO_IN_AP_251716_W53439,Narsipatnam (CT) - Ward No.24,ward,GEO_IN_AP_251716,,,
GEO_IN_AP_248121_W53605,Tirupati (M) - Ward No.13,ward,GEO_IN_AP_248121,,,
GEO_IN_AP_251709_W52978,Vizianagaram (M) - Ward No.5,ward,GEO_IN_AP_251709,,,
GEO_IN_AP_296259_W2308026,Election Ward No.15,ward,GEO_IN_AP_296259,,,
GEO_IN_AP_251725_W57225,Rajahmundry (M Corp.) - Ward No.29,ward,GEO_IN_AP_251725,,,
GEO_IN_AP_248113_W55584,Guntakal (M) - Ward No.17,ward,GEO_IN_AP_248113,,,
GEO_IN_AP_253254_W365,Ward No. 7,ward,GEO_IN_AP_253254,,,
GEO_IN_AP_258054_W163305,Yelamanchili M Ward No 3,ward,GEO_IN_AP_258054,,,
GEO_IN_AP_251792_W52843,Adoni (M) - Ward No.5,ward,GEO_IN_AP_251792,,,
GEO_IN_AP_248120_W56023,Punganur (NP) - Ward No.3,ward,GEO_IN_AP_248120,,,
GEO_IN_AP_277317_W1297782,Yelleswaram Ward No.16,ward,GEO_IN_AP_277317,,,
GEO_IN_AP_251774_W52032,Venkatagiri (CT) - Ward No.13,ward,GEO_IN_AP_251774,,,
GEO_IN_AP_248115_W53333,Dharmavaram (M) - Ward No.19,ward,GEO_IN_AP_248115,,,
GEO_IN_AP_251780_W52076,Jammalamadugu (CT) - Ward No.4,ward,GEO_IN_AP_251780,,,
GEO_IN_AP_277316_W1297366,Gollaprolu Ward No. 3,ward,GEO_IN_AP_277316,,,
GEO_IN_AP_251696_W1297405,Ichapuram Ward No. 19,ward,GEO_IN_AP_251696,,,
GEO_IN_AP_277319_W1297832,Jaggaiahpet Ward No. 18,ward,GEO_IN_AP_277319,,,
GEO_IN_AP_251724_W54062,Peddapuram (M) - Ward No.15,ward,GEO_IN_AP_251724,,,
GEO_IN_AP_251699_W52699,Amadalavalasa (NP) - Ward No.10,ward,GEO_IN_AP_251699,,,
GEO_IN_AP_248112_W53287,Anantapur (M) - Ward No.5,ward,GEO_IN_AP_248112,,,
GEO_IN_AP_251743_W3046904,Palacole (M) - Ward No.35,ward,GEO_IN_AP_251743,,,
GEO_IN_AP_251786_W52167,Rayachoti (CT) - Ward No.9,ward,GEO_IN_AP_251786,,,
GEO_IN_AP_251700_W1297686,Srikakulam Ward No. 32,ward,GEO_IN_AP_251700,,,
GEO_IN_AP_253274_W162508,Chimakurthy Ward No 15,ward,GEO_IN_AP_253274,,,
GEO_IN_AP_248111_W50964,Ward No.4,ward,GEO_IN_AP_248111,,,
GEO_IN_AP_251772_W51878,Nellore (M) - Ward No.15,ward,GEO_IN_AP_251772,,,
GEO_IN_AP_296264_W2331481,Election Ward No.19,ward,GEO_IN_AP_296264,,,
GEO_IN_AP_248122_W56058,Chittoor - Ward No.20,ward,GEO_IN_AP_248122,,,
GEO_IN_AP_251786_W52165,Rayachoti (CT) - Ward No.8,ward,GEO_IN_AP_251786,,,
GEO_IN_AP_251696_W52664,Ichchapuram (NP) - Ward No.6,ward,GEO_IN_AP_251696,,,
GEO_IN_AP_299716_W3045738,Ward No 18,ward,GEO_IN_AP_299716,,,
GEO_IN_AP_251753_W55144,Sattenapalle (M) - Ward No.1,ward,GEO_IN_AP_251753,,,
GEO_IN_AP_251740_W54657,Tanuku (M) - Ward No.33,ward,GEO_IN_AP_251740,,,
GEO_IN_AP_251778_W50965,Bodhan (M) - Ward No.4,ward,GEO_IN_AP_251778,,,
GEO_IN_AP_248118_W53555,Hindupur (M) - Ward No.28,ward,GEO_IN_AP_248118,,,
GEO_IN_AP_277319_W1297821,Jaggaiahpet Ward No. 7,ward,GEO_IN_AP_277319,,,
GEO_IN_AP_248114_W53080,Tadpatri (M) - Ward No.2,ward,GEO_IN_AP_248114,,,
GEO_IN_AP_251759_W51663,Ponnur (M) - Ward No.5,ward,GEO_IN_AP_251759,,,
GEO_IN_AP_248126_W53668,Puttur (CT) - Ward No.21,ward,GEO_IN_AP_248126,,,
GEO_IN_AP_251737_W58131,Nidadavole (M) - Ward No.14,ward,GEO_IN_AP_251737,,,
GEO_IN_AP_251747_W54862,Gudivada (M) - Ward No.3,ward,GEO_IN_AP_251747,,,
GEO_IN_AP_248125_W3046089,Nagari - Ward No.28,ward,GEO_IN_AP_248125,,,
GEO_IN_AP_251766_W55436,Ongole (M) - Ward No.36,ward,GEO_IN_AP_251766,,,
GEO_IN_AP_251773_W52017,Gudur (M) - Ward No.15,ward,GEO_IN_AP_251773,,,
GEO_IN_AP_248121_W53611,Tirupati (M) - Ward No.19,ward,GEO_IN_AP_248121,,,
GEO_IN_AP_251716_W53426,Narsipatnam (CT) - Ward No.11,ward,GEO_IN_AP_251716,,,
GEO_IN_AP_251754_W55151,Vinukonda M Ward No 5,ward,GEO_IN_AP_251754,,,
GEO_IN_AP_251753_W55166,Sattenapalle (M) - Ward No.12,ward,GEO_IN_AP_251753,,,
GEO_IN_AP_251752_W3046012,Mangalagiri Ward No.44,ward,GEO_IN_AP_251752,,,
GEO_IN_AP_257906_W3046082,Jangareddigudem Ward No 29,ward,GEO_IN_AP_257906,,,
GEO_IN_AP_251739_W54619,Eluru (M) - Ward No.28,ward,GEO_IN_AP_251739,,,
GEO_IN_AP_299612_W3045643,Ward No 21,ward,GEO_IN_AP_299612,,,
GEO_IN_AP_248113_W55578,Guntakal (M) - Ward No.11,ward,GEO_IN_AP_248113,,,
GEO_IN_AP_277319_W1297830,Jaggaiahpet Ward No. 16,ward,GEO_IN_AP_277319,,,
GEO_IN_AP_248111_W480,Ward No.22,ward,GEO_IN_AP_248111,,,
GEO_IN_AP_251702_W52752,Bobbili (M) - Ward No.6,ward,GEO_IN_AP_251702,,,
GEO_IN_AP_248118_W53369,Hindupur (M) - Ward No.6,ward,GEO_IN_AP_248118,,,
GEO_IN_AP_251759_W51662,Ponnur (M) - Ward No.4,ward,GEO_IN_AP_251759,,,
GEO_IN_AP_254924_W1297886,Tiruvuru Ward No.10,ward,GEO_IN_AP_254924,,,
GEO_IN_AP_254922_W1297870,Nandigama Ward No.19,ward,GEO_IN_AP_254922,,,
GEO_IN_AP_251757_W69695,Guntur (M Corp.) - Ward No.49,ward,GEO_IN_AP_251757,,,
GEO_IN_AP_251725_W57227,Rajahmundry (M Corp.) - Ward No.31,ward,GEO_IN_AP_251725,,,
GEO_IN_AP_251754_W55145,Vinukonda M Ward No 1,ward,GEO_IN_AP_251754,,,
GEO_IN_AP_248114_W1297459,Tadipatri Ward No.19,ward,GEO_IN_AP_248114,,,
GEO_IN_AP_251725_W57208,Rajahmundry (M Corp.) - Ward No.12,ward,GEO_IN_AP_251725,,,
GEO_IN_AP_277319_W1297822,Jaggaiahpet Ward No. 8,ward,GEO_IN_AP_277319,,,
GEO_IN_AP_251711_W53010,Nellimarla (CT) - Ward No.4,ward,GEO_IN_AP_251711,,,
GEO_IN_AP_251755_W2191,Narasaraopet (M) - Ward No.33,ward,GEO_IN_AP_251755,,,
GEO_IN_AP_257869_W126491,Giddalur-Ward No.1,ward,GEO_IN_AP_257869,,,
GEO_IN_AP_253102_W3046152,Rajampet Ward No.25,ward,GEO_IN_AP_253102,,,
GEO_IN_AP_251781_W52104,Yerraguntla (CT) - Ward No.6,ward,GEO_IN_AP_251781,,,
GEO_IN_AP_253227_W127741,Sullurpeta Ward No. 11,ward,GEO_IN_AP_253227,,,
GEO_IN_AP_251789_W52830,Kurnool Ward No. 18,ward,GEO_IN_AP_251789,,,
GEO_IN_AP_248111_W2068,Ward No.26,ward,GEO_IN_AP_248111,,,
GEO_IN_AP_251701_W52720,Parvathipuram (M) - Ward No.11,ward,GEO_IN_AP_251701,,,
GEO_IN_AP_253274_W162499,Chimakurthy Ward No 6,ward,GEO_IN_AP_253274,,,
GEO_IN_AP_251698_W56976,Rajam (CT) - Ward No.19,ward,GEO_IN_AP_251698,,,
GEO_IN_AP_251747_W54871,Gudivada (M) - Ward No.12,ward,GEO_IN_AP_251747,,,
GEO_IN_AP_248122_W56046,Chittoor - Ward No.14,ward,GEO_IN_AP_248122,,,
GEO_IN_AP_251695_W1297671,Palasakasibugga Ward No. 22,ward,GEO_IN_AP_251695,,,
GEO_IN_AP_253169_W53018,Dhone Ward No. 17,ward,GEO_IN_AP_253169,,,
GEO_IN_AP_251746_W58228,Vijayawada (M Corp.) - Ward No.30,ward,GEO_IN_AP_251746,,,
GEO_IN_AP_253254_W369,Ward No. 11,ward,GEO_IN_AP_253254,,,
GEO_IN_AP_253227_W127750,Sullurpeta Ward No. 20,ward,GEO_IN_AP_253227,,,
GEO_IN_AP_248116_W1297429,Kadiri Ward No 23,ward,GEO_IN_AP_248116,,,
GEO_IN_AP_251731_W58033,Kakinada (M) - Ward No.41,ward,GEO_IN_AP_251731,,,
GEO_IN_AP_248124_W55620,Srikalahasti (M) - Ward No.10,ward,GEO_IN_AP_248124,,,
GEO_IN_AP_251762_W51808,Markapur (M) - Ward No.1,ward,GEO_IN_AP_251762,,,
GEO_IN_AP_251719_W53490,Visakhapatnam (M Corp.) - Ward No.5,ward,GEO_IN_AP_251719,,,
GEO_IN_AP_248117_W1297452,Rayadurg Ward No 27,ward,GEO_IN_AP_248117,,,
GEO_IN_AP_251738_W131470,Tadepalligudem Ward No 30,ward,GEO_IN_AP_251738,,,
GEO_IN_AP_251745_W54842,Nuzvid (M) - Ward No.8,ward,GEO_IN_AP_251745,,,
GEO_IN_AP_251781_W52102,Yerraguntla (CT) - Ward No.4,ward,GEO_IN_AP_251781,,,
GEO_IN_AP_248112_W53305,Anantapur (M) - Ward No.23,ward,GEO_IN_AP_248112,,,
GEO_IN_AP_277316_W1297377,Gollaprolu Ward No. 14,ward,GEO_IN_AP_277316,,,
GEO_IN_AP_251761_W2255,Repalle (M) - Ward No.27,ward,GEO_IN_AP_251761,,,
GEO_IN_AP_251759_W2374,Ponnur (M) - Ward No.28,ward,GEO_IN_AP_251759,,,
GEO_IN_AP_277315_W1297502,Mummidivaram Ward No.10,ward,GEO_IN_AP_277315,,,
GEO_IN_AP_251739_W54620,Satrampadu (OG) - Ward No.29,ward,GEO_IN_AP_251739,,,
GEO_IN_AP_251728_W1297579,Pithapuram Ward No.28,ward,GEO_IN_AP_251728,,,
GEO_IN_AP_253102_W52160,Rajampet Ward No.5,ward,GEO_IN_AP_253102,,,
GEO_IN_AP_299715_W3045719,Ward No 19,ward,GEO_IN_AP_299715,,,
GEO_IN_AP_248114_W1297472,Tadipatri Ward No.32,ward,GEO_IN_AP_248114,,,
GEO_IN_AP_251695_W56950,Palasa Kasibugga (NP) - Ward No.8,ward,GEO_IN_AP_251695,,,
GEO_IN_AP_251716_W53421,Narsipatnam (CT) - Ward No.6,ward,GEO_IN_AP_251716,,,
GEO_IN_AP_296250_W2309874,Election Ward No.13,ward,GEO_IN_AP_296250,,,
GEO_IN_AP_251738_W131461,Tadepalligudem Ward No 25,ward,GEO_IN_AP_251738,,,
GEO_IN_AP_251747_W54860,Gudivada (M) - Ward No.1,ward,GEO_IN_AP_251747,,,
GEO_IN_AP_258054_W163320,Yelamanchili M Ward No 7,ward,GEO_IN_AP_258054,,,
GEO_IN_AP_251757_W59176,Guntur (M Corp.) - Ward No.23,ward,GEO_IN_AP_251757,,,
GEO_IN_AP_251735_W54553,Amalapuram (M) - Ward No.4,ward,GEO_IN_AP_251735,,,
GEO_IN_AP_251709_W52981,Vizianagaram (M) - Ward No.8,ward,GEO_IN_AP_251709,,,
GEO_IN_AP_248113_W55574,Guntakal (M) - Ward No.7,ward,GEO_IN_AP_248113,,,
GEO_IN_AP_251724_W54051,Peddapuram (M) - Ward No.4,ward,GEO_IN_AP_251724,,,
GEO_IN_AP_251739_W54604,Eluru (M) - Ward No.13,ward,GEO_IN_AP_251739,,,
GEO_IN_AP_251799_W69099,Kalyandurg (CT) - Ward No.16,ward,GEO_IN_AP_251799,,,
GEO_IN_AP_251752_W2177,Mangalagiri (M) - Ward No.29,ward,GEO_IN_AP_251752,,,
GEO_IN_AP_296328_W2323499,Election Ward No.11,ward,GEO_IN_AP_296328,,,
GEO_IN_AP_251763_W55380,Chirala (M) - Ward No.19,ward,GEO_IN_AP_251763,,,
GEO_IN_AP_251699_W3046037,Amadalavalasa Ward No. 25,ward,GEO_IN_AP_251699,,,
GEO_IN_AP_299612_W3045644,Ward No 22,ward,GEO_IN_AP_299612,,,
GEO_IN_AP_296259_W2308031,Election Ward No.20,ward,GEO_IN_AP_296259,,,
GEO_IN_AP_251696_W1297403,Ichapuram Ward No. 17,ward,GEO_IN_AP_251696,,,
GEO_IN_AP_299715_W3045712,Ward No 12,ward,GEO_IN_AP_299715,,,
GEO_IN_AP_251700_W1297698,Srikakulam Ward No. 44,ward,GEO_IN_AP_251700,,,
GEO_IN_AP_251749_W59150,Pedana (NP) - Ward No.14,ward,GEO_IN_AP_251749,,,
GEO_IN_AP_251789_W52326,Kurnool Ward No. 1,ward,GEO_IN_AP_251789,,,
GEO_IN_AP_251778_W451,Bodhan (M) - Ward No.12,ward,GEO_IN_AP_251778,,,
GEO_IN_AP_251797_W1195,Gooty (CT) - Ward No.13,ward,GEO_IN_AP_251797,,,
GEO_IN_AP_251760_W2462,Bapatla (M) - Ward No. 21,ward,GEO_IN_AP_251760,,,
GEO_IN_AP_251701_W52731,Parvathipuram (M) - Ward No.22,ward,GEO_IN_AP_251701,,,
GEO_IN_AP_251724_W1297532,Peddapuram Ward No.28,ward,GEO_IN_AP_251724,,,
GEO_IN_AP_253167_W54920,Piduguralla M Ward No 4,ward,GEO_IN_AP_253167,,,
GEO_IN_AP_251742_W58138,Narasapur (M) - Ward No.4,ward,GEO_IN_AP_251742,,,
GEO_IN_AP_258033_W160760,Atmakurnlr Ward No 9,ward,GEO_IN_AP_258033,,,
GEO_IN_AP_248124_W126531,Srikalahasti - Ward No.35,ward,GEO_IN_AP_248124,,,
GEO_IN_AP_253253_W356,Ward No. 18,ward,GEO_IN_AP_253253,,,
GEO_IN_AP_251772_W51885,Nellore (M) - Ward No.22,ward,GEO_IN_AP_251772,,,
GEO_IN_AP_251762_W51813,Markapur (M) - Ward No.6,ward,GEO_IN_AP_251762,,,
GEO_IN_AP_248113_W1297421,Ward No 35,ward,GEO_IN_AP_248113,,,
GEO_IN_AP_251745_W54840,Nuzvid (M) - Ward No.6,ward,GEO_IN_AP_251745,,,
GEO_IN_AP_251709_W3046021,Vizianagaram Ward No. 42,ward,GEO_IN_AP_251709,,,
GEO_IN_AP_251789_W52352,Kurnool Ward No. 14,ward,GEO_IN_AP_251789,,,
GEO_IN_AP_251700_W1297692,Srikakulam Ward No. 38,ward,GEO_IN_AP_251700,,,
GEO_IN_AP_248115_W1297386,Dharmavaram Ward No. 33,ward,GEO_IN_AP_248115,,,
GEO_IN_AP_248119_W55675,Madanapalli - Ward No.18,ward,GEO_IN_AP_248119,,,
GEO_IN_AP_248113_W55572,Guntakal (M) - Ward No.5,ward,GEO_IN_AP_248113,,,
GEO_IN_AP_251719_W1297933,Visakhapatnam (M Corp.) - Ward No.86,ward,GEO_IN_AP_251719,,,
GEO_IN_AP_251799_W69105,Kalyandurg (CT) - Ward No.22,ward,GEO_IN_AP_251799,,,
GEO_IN_AP_251703_W52810,Salur (M) - Ward No.13,ward,GEO_IN_AP_251703,,,
GEO_IN_AP_251725_W57231,Rajahmundry (M Corp.) - Ward No.35,ward,GEO_IN_AP_251725,,,
GEO_IN_AP_251761_W51796,Repalle (M) - Ward No.5,ward,GEO_IN_AP_251761,,,
GEO_IN_AP_251732_W57992,Mandapeta Ward No.20,ward,GEO_IN_AP_251732,,,
GEO_IN_AP_251698_W56959,Rajam (CT) - Ward No.2,ward,GEO_IN_AP_251698,,,
GEO_IN_AP_251743_W54780,Palacole (M) - Ward No.5,ward,GEO_IN_AP_251743,,,
GEO_IN_AP_248122_W126552,Chittoor - Ward No.37,ward,GEO_IN_AP_248122,,,
GEO_IN_AP_251757_W69683,Guntur (M Corp.) - Ward No.37,ward,GEO_IN_AP_251757,,,
GEO_IN_AP_251756_W55703,Chilakaluripet (M) - Ward No.23,ward,GEO_IN_AP_251756,,,
GEO_IN_AP_251753_W3046161,Sattenapalli Ward No 31,ward,GEO_IN_AP_251753,,,
GEO_IN_AP_248112_W53284,Anantapur (M) - Ward No.2,ward,GEO_IN_AP_248112,,,
GEO_IN_AP_248114_W1297463,Tadipatri Ward No.23,ward,GEO_IN_AP_248114,,,
GEO_IN_AP_248113_W55580,Guntakal (M) - Ward No.13,ward,GEO_IN_AP_248113,,,
GEO_IN_AP_257831_W162481,Naidupet Ward No. 14,ward,GEO_IN_AP_257831,,,
GEO_IN_AP_248113_W1297423,Ward No 37,ward,GEO_IN_AP_248113,,,
GEO_IN_AP_299612_W3045635,Ward No 13,ward,GEO_IN_AP_299612,,,
GEO_IN_AP_251761_W2253,Repalle (M) - Ward No.25,ward,GEO_IN_AP_251761,,,
GEO_IN_AP_251757_W59172,Guntur (M Corp.) - Ward No.19,ward,GEO_IN_AP_251757,,,
GEO_IN_AP_251739_W54606,Eluru (M) - Ward No.15,ward,GEO_IN_AP_251739,,,
GEO_IN_AP_251763_W55384,Chirala (M) - Ward No.23,ward,GEO_IN_AP_251763,,,
GEO_IN_AP_248118_W53371,Hindupur (M) - Ward No.8,ward,GEO_IN_AP_248118,,,
GEO_IN_AP_251702_W52768,Bobbili (M) - Ward No.22,ward,GEO_IN_AP_251702,,,
GEO_IN_AP_248118_W53373,Hindupur (M) - Ward No.10,ward,GEO_IN_AP_248118,,,
GEO_IN_AP_296259_W2308018,Election Ward No.7,ward,GEO_IN_AP_296259,,,
GEO_IN_AP_253272_W1297335,Allagadda Ward No. 16,ward,GEO_IN_AP_253272,,,
GEO_IN_AP_251768_W126532,Kandukur-Ward No.26,ward,GEO_IN_AP_251768,,,
GEO_IN_AP_251754_W55175,Vinukonda M Ward No 16,ward,GEO_IN_AP_251754,,,
GEO_IN_AP_251786_W52153,Rayachoti (CT) - Ward No.2,ward,GEO_IN_AP_251786,,,
GEO_IN_AP_296263_W2308067,Election Ward No.1,ward,GEO_IN_AP_296263,,,
GEO_IN_AP_248115_W53318,Dharmavaram (M) - Ward No.4,ward,GEO_IN_AP_248115,,,
GEO_IN_AP_251766_W55418,Ongole (M) - Ward No.18,ward,GEO_IN_AP_251766,,,
GEO_IN_AP_251722_W1297752,Tuni Ward No.16,ward,GEO_IN_AP_251722,,,
GEO_IN_AP_251786_W52211,Rayachoti (CT) - Ward No.31,ward,GEO_IN_AP_251786,,,
GEO_IN_AP_251772_W51877,Nellore (M) - Ward No.14,ward,GEO_IN_AP_251772,,,
GEO_IN_AP_251756_W55707,Chilakaluripet (M) - Ward No.27,ward,GEO_IN_AP_251756,,,
GEO_IN_AP_248117_W1297446,Rayadurg Ward No 21,ward,GEO_IN_AP_248117,,,
GEO_IN_AP_251746_W58204,Vijayawada (M Corp.) - Ward No.18,ward,GEO_IN_AP_251746,,,
GEO_IN_AP_251766_W55424,Ongole (M) - Ward No.24,ward,GEO_IN_AP_251766,,,
GEO_IN_AP_251731_W57989,Kakinada (M) - Ward No.19,ward,GEO_IN_AP_251731,,,
GEO_IN_AP_248121_W126567,Tirupati - Ward No.43,ward,GEO_IN_AP_248121,,,
GEO_IN_AP_296250_W2309871,Election Ward No.10,ward,GEO_IN_AP_296250,,,
GEO_IN_AP_277315_W1297501,Mummidivaram Ward No.9,ward,GEO_IN_AP_277315,,,
GEO_IN_AP_296264_W2331471,Election Ward No.9,ward,GEO_IN_AP_296264,,,
GEO_IN_AP_253253_W358,Ward No. 20,ward,GEO_IN_AP_253253,,,
GEO_IN_AP_251719_W54005,Visakhapatnam (M Corp.) - Ward No.63,ward,GEO_IN_AP_251719,,,
GEO_IN_AP_251737_W131066,Nidadavole Ward No 25,ward,GEO_IN_AP_251737,,,
GEO_IN_AP_251772_W51995,Nellore (M) - Ward No.41,ward,GEO_IN_AP_251772,,,
GEO_IN_AP_251724_W54050,Peddapuram (M) - Ward No.3,ward,GEO_IN_AP_251724,,,
GEO_IN_AP_248116_W1297434,Kadiri Ward No 28,ward,GEO_IN_AP_248116,,,
GEO_IN_AP_251755_W55194,Narasaraopet (M) - Ward No.5,ward,GEO_IN_AP_251755,,,
GEO_IN_AP_248115_W53343,Dharmavaram (M) - Ward No.29,ward,GEO_IN_AP_248115,,,
GEO_IN_AP_251700_W56986,Srikakulam (M) - Ward No.2,ward,GEO_IN_AP_251700,,,
GEO_IN_AP_251725_W57242,Rajahmundry (M Corp.) - Ward No.46,ward,GEO_IN_AP_251725,,,
GEO_IN_AP_251701_W52735,Parvathipuram (M) - Ward No.26,ward,GEO_IN_AP_251701,,,
GEO_IN_AP_248118_W53365,Hindupur (M) - Ward No.2,ward,GEO_IN_AP_248118,,,
GEO_IN_AP_253169_W52904,Dhone Ward No. 8,ward,GEO_IN_AP_253169,,,
GEO_IN_AP_251731_W58019,Kakinada (M) - Ward No.34,ward,GEO_IN_AP_251731,,,
GEO_IN_AP_254923_W1297906,Vuyyuru Ward No.10,ward,GEO_IN_AP_254923,,,
GEO_IN_AP_251770_W160849,Kavali M Ward No 38,ward,GEO_IN_AP_251770,,,
GEO_IN_AP_251740_W54658,Tanuku (M) - Ward No.34,ward,GEO_IN_AP_251740,,,
GEO_IN_AP_251760_W51700,Bapatla (M) - Ward No.17,ward,GEO_IN_AP_251760,,,
GEO_IN_AP_251756_W55687,Chilakaluripet (M) - Ward No.7,ward,GEO_IN_AP_251756,,,
GEO_IN_AP_251795_W1297613,Nandyal Ward No. 42,ward,GEO_IN_AP_251795,,,
GEO_IN_AP_251745_W54847,Nuzvid (M) - Ward No.13,ward,GEO_IN_AP_251745,,,
GEO_IN_AP_248115_W53324,Dharmavaram (M) - Ward No.10,ward,GEO_IN_AP_248115,,,
GEO_IN_AP_251758_W51633,Tenali (M) - Ward No.6,ward,GEO_IN_AP_251758,,,
GEO_IN_AP_251699_W52694,Amadalavalasa (NP) - Ward No.5,ward,GEO_IN_AP_251699,,,
GEO_IN_AP_299713_W3045674,Ward No 14,ward,GEO_IN_AP_299713,,,
GEO_IN_AP_296259_W2308023,Election Ward No.12,ward,GEO_IN_AP_296259,,,
GEO_IN_AP_251770_W160295,Kavali M Ward No 18,ward,GEO_IN_AP_251770,,,
GEO_IN_AP_253270_W3046040,Atmakurknl Ward No. 21,ward,GEO_IN_AP_253270,,,
GEO_IN_AP_251711_W53393,Nellimarla (CT) - Ward No.20,ward,GEO_IN_AP_251711,,,
GEO_IN_AP_248115_W53320,Dharmavaram (M) - Ward No.6,ward,GEO_IN_AP_248115,,,
GEO_IN_AP_251795_W53011,Nandyal (M) - Ward No.14,ward,GEO_IN_AP_251795,,,
GEO_IN_AP_277319_W3046073,Jaggaiahpet Ward No. 31,ward,GEO_IN_AP_277319,,,
GEO_IN_AP_251795_W1297609,Nandyal Ward No. 38,ward,GEO_IN_AP_251795,,,
GEO_IN_AP_299714_W3045683,Ward No 3,ward,GEO_IN_AP_299714,,,
GEO_IN_AP_253273_W1297595,Nandikotkur Ward No. 14,ward,GEO_IN_AP_253273,,,
GEO_IN_AP_253227_W127749,Sullurpeta Ward No. 19,ward,GEO_IN_AP_253227,,,
GEO_IN_AP_251763_W126607,Chirala M-Ward.31,ward,GEO_IN_AP_251763,,,
GEO_IN_AP_248118_W1297394,Hindupur Ward No 31,ward,GEO_IN_AP_248118,,,
GEO_IN_AP_251700_W1297675,Srikakulam Ward No. 21,ward,GEO_IN_AP_251700,,,
GEO_IN_AP_248112_W1297288,Anantapur Ward No. 33,ward,GEO_IN_AP_248112,,,
GEO_IN_AP_251756_W55694,Chilakaluripet (M) - Ward No.14,ward,GEO_IN_AP_251756,,,
GEO_IN_AP_248124_W126524,Srikalahasti - Ward No.29,ward,GEO_IN_AP_248124,,,
GEO_IN_AP_251795_W1297610,Nandyal Ward No. 39,ward,GEO_IN_AP_251795,,,
GEO_IN_AP_257967_W127821,Ward,ward,GEO_IN_AP_257967,,,
GEO_IN_AP_296260_W2308047,Election Ward No.16,ward,GEO_IN_AP_296260,,,
GEO_IN_AP_248119_W126593,Madanapalli - Ward No.30,ward,GEO_IN_AP_248119,,,
GEO_IN_AP_251746_W58198,Vijayawada (M Corp.) - Ward No.15,ward,GEO_IN_AP_251746,,,
GEO_IN_AP_299713_W3045666,Ward No 6,ward,GEO_IN_AP_299713,,,
GEO_IN_AP_251758_W51638,Tenali (M) - Ward No.11,ward,GEO_IN_AP_251758,,,
GEO_IN_AP_253295_W126481,Kanigiri-Ward No.11,ward,GEO_IN_AP_253295,,,
GEO_IN_AP_251724_W54066,Peddapuram (M) - Ward No.19,ward,GEO_IN_AP_251724,,,
GEO_IN_AP_251716_W3046101,Narsipatnam (CT) - Ward No.28,ward,GEO_IN_AP_251716,,,
GEO_IN_AP_296263_W2308083,Election Ward No.17,ward,GEO_IN_AP_296263,,,
GEO_IN_AP_251766_W55444,Ongole (M) - Ward No.44,ward,GEO_IN_AP_251766,,,
GEO_IN_AP_248117_W1297451,Rayadurg Ward No 26,ward,GEO_IN_AP_248117,,,
GEO_IN_AP_248117_W53068,Rayadurg (M) - Ward No.17,ward,GEO_IN_AP_248117,,,
GEO_IN_AP_251787_W52337,Yemmiganur (M) - Ward No.7,ward,GEO_IN_AP_251787,,,
GEO_IN_AP_251719_W53538,Visakhapatnam (M Corp.) - Ward No.53,ward,GEO_IN_AP_251719,,,
GEO_IN_AP_254923_W1297899,Vuyyuru Ward No.3,ward,GEO_IN_AP_254923,,,
GEO_IN_AP_296256_W2323439,Election Ward No.19,ward,GEO_IN_AP_296256,,,
GEO_IN_AP_248122_W56020,Chittoor - Ward No.1,ward,GEO_IN_AP_248122,,,
GEO_IN_AP_248121_W53608,Tirupati (M) - Ward No.16,ward,GEO_IN_AP_248121,,,
GEO_IN_AP_251763_W55378,Chirala (M) - Ward No.17,ward,GEO_IN_AP_251763,,,
GEO_IN_AP_251757_W59169,Guntur (M Corp.) - Ward No.16,ward,GEO_IN_AP_251757,,,
GEO_IN_AP_253297_W106,Mydukur (M) - Ward No.14,ward,GEO_IN_AP_253297,,,
GEO_IN_AP_253272_W3046033,Allagadda Ward No. 25,ward,GEO_IN_AP_253272,,,
GEO_IN_AP_251719_W53511,Visakhapatnam (M Corp.) - Ward No.26,ward,GEO_IN_AP_251719,,,
GEO_IN_AP_251745_W1297876,Nuzvid Ward No.30,ward,GEO_IN_AP_251745,,,
GEO_IN_AP_251760_W51691,Bapatla (M) - Ward No.8,ward,GEO_IN_AP_251760,,,
GEO_IN_AP_253270_W1297344,Atmakurknl Ward No. 1,ward,GEO_IN_AP_253270,,,
GEO_IN_AP_296263_W2308068,Election Ward No.2,ward,GEO_IN_AP_296263,,,
GEO_IN_AP_253169_W52894,Dhone Ward No. 3,ward,GEO_IN_AP_253169,,,
GEO_IN_AP_251701_W52726,Parvathipuram (M) - Ward No.17,ward,GEO_IN_AP_251701,,,
GEO_IN_AP_251782_W52117,13th Division,ward,GEO_IN_AP_251782,,,
GEO_IN_AP_251750_W54903,Machilipatnam (M) - Ward No.23,ward,GEO_IN_AP_251750,,,
GEO_IN_AP_251700_W1297681,Srikakulam Ward No. 27,ward,GEO_IN_AP_251700,,,
GEO_IN_AP_248116_W1297438,Kadiri Ward No 32,ward,GEO_IN_AP_248116,,,
GEO_IN_AP_263068_W1297652,Gudurnlr Ward No. 23,ward,GEO_IN_AP_263068,,,
GEO_IN_AP_248122_W56032,Chittoor - Ward No.7,ward,GEO_IN_AP_248122,,,
GEO_IN_AP_251702_W52758,Bobbili (M) - Ward No.12,ward,GEO_IN_AP_251702,,,
GEO_IN_AP_251789_W1297546,Kurnool Ward No. 32,ward,GEO_IN_AP_251789,,,
GEO_IN_AP_248126_W53658,Puttur (CT) - Ward No.11,ward,GEO_IN_AP_248126,,,
GEO_IN_AP_251762_W126625,Markapur M-Ward.27,ward,GEO_IN_AP_251762,,,
GEO_IN_AP_251792_W1297515,Adoni Ward No. 29,ward,GEO_IN_AP_251792,,,
GEO_IN_AP_251719_W53481,Visakhapatnam (M Corp.) - Ward No.72,ward,GEO_IN_AP_251719,,,
GEO_IN_AP_254923_W1297907,Vuyyuru Ward No.11,ward,GEO_IN_AP_254923,,,
GEO_IN_AP_251728_W1297575,Pithapuram Ward No.24,ward,GEO_IN_AP_251728,,,
GEO_IN_AP_253167_W54938,Piduguralla M Ward No 13,ward,GEO_IN_AP_253167,,,
GEO_IN_AP_296264_W2331488,Election Ward No.26,ward,GEO_IN_AP_296264,,,
GEO_IN_AP_251739_W54610,Eluru (M) - Ward No.19,ward,GEO_IN_AP_251739,,,
GEO_IN_AP_251766_W55410,Ongole (M) - Ward No.10,ward,GEO_IN_AP_251766,,,
GEO_IN_AP_299716_W3045726,Ward No 6,ward,GEO_IN_AP_299716,,,
GEO_IN_AP_248125_W53627,Nagari (CT) - Ward No.13,ward,GEO_IN_AP_248125,,,
GEO_IN_AP_251761_W51803,Repalle (M) - Ward No.12,ward,GEO_IN_AP_251761,,,
GEO_IN_AP_251696_W52660,Ichchapuram (NP) - Ward No.2,ward,GEO_IN_AP_251696,,,
GEO_IN_AP_251781_W1297732,Yerraguntla Ward No. 13,ward,GEO_IN_AP_251781,,,
GEO_IN_AP_251787_W1297625,Yemmiganur Ward No. 30,ward,GEO_IN_AP_251787,,,
GEO_IN_AP_248124_W55612,Srikalahasti (M) - Ward No.6,ward,GEO_IN_AP_248124,,,
GEO_IN_AP_251709_W52976,Vizianagaram (M) - Ward No.3,ward,GEO_IN_AP_251709,,,
GEO_IN_AP_251797_W53072,Gooty (CT) - Ward No.4,ward,GEO_IN_AP_251797,,,
GEO_IN_AP_251733_W54533,Ramachandrapuram (M) - Ward No.24,ward,GEO_IN_AP_251733,,,
GEO_IN_AP_251701_W52712,Parvathipuram (M) - Ward No.3,ward,GEO_IN_AP_251701,,,
GEO_IN_AP_251799_W55599,Kalyandurg (CT) - Ward No.9,ward,GEO_IN_AP_251799,,,
GEO_IN_AP_251759_W51666,Ponnur (M) - Ward No.8,ward,GEO_IN_AP_251759,,,
GEO_IN_AP_251766_W55443,Ongole (M) - Ward No.43,ward,GEO_IN_AP_251766,,,
GEO_IN_AP_251701_W52715,Parvathipuram (M) - Ward No.6,ward,GEO_IN_AP_251701,,,
GEO_IN_AP_251757_W59166,Guntur (M Corp.) - Ward No.13,ward,GEO_IN_AP_251757,,,
GEO_IN_AP_296261_W2307961,Election Ward No.1,ward,GEO_IN_AP_296261,,,
GEO_IN_AP_251740_W54644,Tanuku (M) - Ward No.20,ward,GEO_IN_AP_251740,,,
GEO_IN_AP_253101_W2178,Pulivendula (M) - Ward No.1,ward,GEO_IN_AP_253101,,,
GEO_IN_AP_253254_W359,Ward No. 1,ward,GEO_IN_AP_253254,,,
GEO_IN_AP_248126_W53652,Puttur (CT) - Ward No.5,ward,GEO_IN_AP_248126,,,
GEO_IN_AP_248116_W1297435,Kadiri Ward No 29,ward,GEO_IN_AP_248116,,,
GEO_IN_AP_251797_W275,Gooty (CT) - Ward No.20,ward,GEO_IN_AP_251797,,,
GEO_IN_AP_251781_W1297736,Yerraguntla Ward No. 17,ward,GEO_IN_AP_251781,,,
GEO_IN_AP_251701_W52733,Parvathipuram (M) - Ward No.24,ward,GEO_IN_AP_251701,,,
GEO_IN_AP_299714_W3045694,Ward No 14,ward,GEO_IN_AP_299714,,,
GEO_IN_AP_248121_W126566,Tirupati - Ward No.42,ward,GEO_IN_AP_248121,,,
GEO_IN_AP_251742_W58145,Narasapur (M) - Ward No.11,ward,GEO_IN_AP_251742,,,
GEO_IN_AP_251787_W52325,Yemmiganur (M) - Ward No.1,ward,GEO_IN_AP_251787,,,
GEO_IN_AP_248115_W1297388,Dharmavaram Ward No. 35,ward,GEO_IN_AP_248115,,,
GEO_IN_AP_251778_W469,Bodhan (M) - Ward No.18,ward,GEO_IN_AP_251778,,,
GEO_IN_AP_254922_W1297860,Nandigama Ward No.9,ward,GEO_IN_AP_254922,,,
GEO_IN_AP_251696_W1297402,Ichapuram Ward No. 16,ward,GEO_IN_AP_251696,,,
GEO_IN_AP_251699_W52698,Amadalavalasa (NP) - Ward No.9,ward,GEO_IN_AP_251699,,,
GEO_IN_AP_263068_W1297640,Gudurnlr Ward No. 11,ward,GEO_IN_AP_263068,,,
GEO_IN_AP_248115_W53342,Dharmavaram (M) - Ward No.28,ward,GEO_IN_AP_248115,,,
GEO_IN_AP_251786_W52155,Rayachoti (CT) - Ward No.3,ward,GEO_IN_AP_251786,,,
GEO_IN_AP_251738_W131452,Tadepalligudem Ward No 19,ward,GEO_IN_AP_251738,,,
GEO_IN_AP_296263_W2308075,Election Ward No.9,ward,GEO_IN_AP_296263,,,
GEO_IN_AP_251746_W58222,Vijayawada (M Corp.) - Ward No.27,ward,GEO_IN_AP_251746,,,
GEO_IN_AP_296256_W2323429,Election Ward No.9,ward,GEO_IN_AP_296256,,,
GEO_IN_AP_251773_W160807,Gudur M Ward No 18,ward,GEO_IN_AP_251773,,,
GEO_IN_AP_251758_W51653,Tenali (M) - Ward No.26,ward,GEO_IN_AP_251758,,,
GEO_IN_AP_251763_W55366,Chirala (M) - Ward No.5,ward,GEO_IN_AP_251763,,,
GEO_IN_AP_248114_W53086,Tadpatri (M) - Ward No.8,ward,GEO_IN_AP_248114,,,
GEO_IN_AP_251797_W53071,Gooty (CT) - Ward No.3,ward,GEO_IN_AP_251797,,,
GEO_IN_AP_251711_W53391,Nellimarla (CT) - Ward No.18,ward,GEO_IN_AP_251711,,,
GEO_IN_AP_248122_W126578,Chittoor - Ward No.47,ward,GEO_IN_AP_248122,,,
GEO_IN_AP_296262_W2307989,Election Ward No.9,ward,GEO_IN_AP_296262,,,
GEO_IN_AP_251757_W59178,Guntur (M Corp.) - Ward No.25,ward,GEO_IN_AP_251757,,,
GEO_IN_AP_253272_W3046031,Allagadda Ward No. 23,ward,GEO_IN_AP_253272,,,
GEO_IN_AP_248123_W53684,Palamaner - Ward No.6,ward,GEO_IN_AP_248123,,,
GEO_IN_AP_251695_W3046107,Palasakasibugga Ward No. 29,ward,GEO_IN_AP_251695,,,
GEO_IN_AP_251733_W54511,Ramachandrapuram (M) - Ward No.2,ward,GEO_IN_AP_251733,,,
GEO_IN_AP_251751_W2487,Macherla (M) - Ward No. 27,ward,GEO_IN_AP_251751,,,
GEO_IN_AP_251759_W51661,Ponnur (M) - Ward No.3,ward,GEO_IN_AP_251759,,,
GEO_IN_AP_253227_W127735,Sullurpeta Ward No. 5,ward,GEO_IN_AP_253227,,,
GEO_IN_AP_251696_W52669,Ichchapuram (NP) - Ward No.11,ward,GEO_IN_AP_251696,,,
GEO_IN_AP_251766_W55411,Ongole (M) - Ward No.11,ward,GEO_IN_AP_251766,,,
GEO_IN_AP_248116_W1297436,Kadiri Ward No 30,ward,GEO_IN_AP_248116,,,
GEO_IN_AP_258054_W163341,Yelamanchili M Ward No 18,ward,GEO_IN_AP_258054,,,
GEO_IN_AP_248116_W53356,Kadiri (M) - Ward No.10,ward,GEO_IN_AP_248116,,,
GEO_IN_AP_251750_W54908,Machilipatnam (M) - Ward No.28,ward,GEO_IN_AP_251750,,,
GEO_IN_AP_251699_W1297342,Amadalavalasa Ward No. 22,ward,GEO_IN_AP_251699,,,
GEO_IN_AP_299713_W3045679,Ward No 19,ward,GEO_IN_AP_299713,,,
GEO_IN_AP_248116_W53360,Kadiri (M) - Ward No.14,ward,GEO_IN_AP_248116,,,
GEO_IN_AP_257831_W162475,Naidupet Ward No. 8,ward,GEO_IN_AP_257831,,,
GEO_IN_AP_248124_W126528,Srikalahasti - Ward No.33,ward,GEO_IN_AP_248124,,,
GEO_IN_AP_251746_W58176,Vijayawada (M Corp.) - Ward No.4,ward,GEO_IN_AP_251746,,,
GEO_IN_AP_277319_W1297833,Jaggaiahpet Ward No. 19,ward,GEO_IN_AP_277319,,,
GEO_IN_AP_277319_W1297838,Jaggaiahpet Ward No. 24,ward,GEO_IN_AP_277319,,,
GEO_IN_AP_296328_W2323505,Election Ward No.17,ward,GEO_IN_AP_296328,,,
GEO_IN_AP_251711_W53009,Nellimarla (CT) - Ward No.3,ward,GEO_IN_AP_251711,,,
GEO_IN_AP_253102_W3046156,Rajampet Ward No.29,ward,GEO_IN_AP_253102,,,
GEO_IN_AP_253169_W53022,Dhone Ward No. 19,ward,GEO_IN_AP_253169,,,
GEO_IN_AP_251772_W51982,Nellore (M) - Ward No.28,ward,GEO_IN_AP_251772,,,
GEO_IN_AP_251695_W56945,Palasa Kasibugga (NP) - Ward No.3,ward,GEO_IN_AP_251695,,,
GEO_IN_AP_251760_W1591,Bapatla (M) - Ward No. 32,ward,GEO_IN_AP_251760,,,
GEO_IN_AP_248125_W3046090,Nagari - Ward No.29,ward,GEO_IN_AP_248125,,,
GEO_IN_AP_258054_W163335,Yelamanchili M Ward No 15,ward,GEO_IN_AP_258054,,,
GEO_IN_AP_251758_W2243,Tenali (M) - Ward No.40,ward,GEO_IN_AP_251758,,,
GEO_IN_AP_296260_W2308040,Election Ward No.9,ward,GEO_IN_AP_296260,,,
GEO_IN_AP_258033_W160774,Atmakurnlr Ward No 12,ward,GEO_IN_AP_258033,,,
GEO_IN_AP_251792_W52841,Adoni (M) - Ward No.3,ward,GEO_IN_AP_251792,,,
GEO_IN_AP_251770_W160749,Kavali M Ward No 21,ward,GEO_IN_AP_251770,,,
GEO_IN_AP_251740_W54632,Tanuku (M) - Ward No.8,ward,GEO_IN_AP_251740,,,
GEO_IN_AP_248125_W53636,Nagari (CT) - Ward No.22,ward,GEO_IN_AP_248125,,,
GEO_IN_AP_251738_W131462,Tadepalligudem Ward No 26,ward,GEO_IN_AP_251738,,,
GEO_IN_AP_251736_W54563,Kovvur (NP) - Ward No.2,ward,GEO_IN_AP_251736,,,
GEO_IN_AP_257868_W126468,Addanki Ward No-19,ward,GEO_IN_AP_257868,,,
GEO_IN_AP_296260_W2308039,Election Ward No.8,ward,GEO_IN_AP_296260,,,
GEO_IN_AP_251786_W52207,Rayachoti (CT) - Ward No.29,ward,GEO_IN_AP_251786,,,
GEO_IN_AP_251732_W57988,Mandapeta Ward No.18,ward,GEO_IN_AP_251732,,,
GEO_IN_AP_251725_W57214,Rajahmundry (M Corp.) - Ward No.18,ward,GEO_IN_AP_251725,,,
GEO_IN_AP_277317_W1297773,Yelleswaram Ward No.7,ward,GEO_IN_AP_277317,,,
GEO_IN_AP_248111_W444,Ward No.10,ward,GEO_IN_AP_248111,,,
GEO_IN_AP_251736_W161506,Kovvur Ward No 19,ward,GEO_IN_AP_251736,,,
GEO_IN_AP_253101_W2585,Pulivendula (M) - Ward No.24,ward,GEO_IN_AP_253101,,,
GEO_IN_AP_251700_W56988,Srikakulam (M) - Ward No.4,ward,GEO_IN_AP_251700,,,
GEO_IN_AP_251774_W52036,Venkatagiri (CT) - Ward No.17,ward,GEO_IN_AP_251774,,,
GEO_IN_AP_253102_W52158,Rajampet Ward No.4,ward,GEO_IN_AP_253102,,,
GEO_IN_AP_253227_W127748,Sullurpeta Ward No. 18,ward,GEO_IN_AP_253227,,,
GEO_IN_AP_251792_W52855,Adoni (M) - Ward No.17,ward,GEO_IN_AP_251792,,,
GEO_IN_AP_251709_W1297991,Vizianagaram Ward No. 38,ward,GEO_IN_AP_251709,,,
GEO_IN_AP_251701_W52711,Parvathipuram (M) - Ward No.2,ward,GEO_IN_AP_251701,,,
GEO_IN_AP_251702_W52771,Bobbili (M) - Ward No.25,ward,GEO_IN_AP_251702,,,
GEO_IN_AP_251732_W57990,Mandapeta Ward No.19,ward,GEO_IN_AP_251732,,,
GEO_IN_AP_251711_W53008,Nellimarla (CT) - Ward No.2,ward,GEO_IN_AP_251711,,,
GEO_IN_AP_248111_W477,Ward No.21,ward,GEO_IN_AP_248111,,,
GEO_IN_AP_251754_W55185,Vinukonda Ward No.21,ward,GEO_IN_AP_251754,,,
GEO_IN_AP_251746_W58240,Vijayawada (M Corp.) - Ward No.36,ward,GEO_IN_AP_251746,,,
GEO_IN_AP_251699_W52703,Amadalavalasa (NP) - Ward No.14,ward,GEO_IN_AP_251699,,,
GEO_IN_AP_251732_W58008,Mandapeta Ward No.28,ward,GEO_IN_AP_251732,,,
GEO_IN_AP_248112_W53286,Anantapur (M) - Ward No.4,ward,GEO_IN_AP_248112,,,
GEO_IN_AP_299612_W3045652,Ward No 30,ward,GEO_IN_AP_299612,,,
GEO_IN_AP_251743_W54777,Palacole (M) - Ward No.2,ward,GEO_IN_AP_251743,,,
GEO_IN_AP_251738_W131459,Tadepalligudem Ward No 23,ward,GEO_IN_AP_251738,,,
GEO_IN_AP_299612_W3045623,Ward No 1,ward,GEO_IN_AP_299612,,,
GEO_IN_AP_251753_W55160,Sattenapalle (M) - Ward No.9,ward,GEO_IN_AP_251753,,,
GEO_IN_AP_296264_W2331485,Election Ward No.23,ward,GEO_IN_AP_296264,,,
GEO_IN_AP_251761_W2256,Repalle (M) - Ward No.28,ward,GEO_IN_AP_251761,,,
GEO_IN_AP_254922_W1297868,Nandigama Ward No.17,ward,GEO_IN_AP_254922,,,
GEO_IN_AP_251700_W56995,Srikakulam (M) - Ward No.11,ward,GEO_IN_AP_251700,,,
GEO_IN_AP_251792_W52842,Adoni (M) - Ward No.4,ward,GEO_IN_AP_251792,,,
GEO_IN_AP_296261_W2307970,Election Ward No.10,ward,GEO_IN_AP_296261,,,
GEO_IN_AP_248118_W53550,Hindupur (M) - Ward No.23,ward,GEO_IN_AP_248118,,,
GEO_IN_AP_251753_W55150,Sattenapalle (M) - Ward No.4,ward,GEO_IN_AP_251753,,,
GEO_IN_AP_299612_W3045660,Ward No 38,ward,GEO_IN_AP_299612,,,
GEO_IN_AP_277316_W1297367,Gollaprolu Ward No. 4,ward,GEO_IN_AP_277316,,,
GEO_IN_AP_248114_W53092,Tadpatri (M) - Ward No.14,ward,GEO_IN_AP_248114,,,
GEO_IN_AP_251759_W51665,Ponnur (M) - Ward No.7,ward,GEO_IN_AP_251759,,,
GEO_IN_AP_296257_W2308110,Election Ward No.24,ward,GEO_IN_AP_296257,,,
GEO_IN_AP_251795_W52909,Nandyal (M) - Ward No.11,ward,GEO_IN_AP_251795,,,
GEO_IN_AP_251703_W52814,Salur (M) - Ward No.17,ward,GEO_IN_AP_251703,,,
GEO_IN_AP_248124_W126516,Srikalahasti - Ward No.21,ward,GEO_IN_AP_248124,,,
GEO_IN_AP_251746_W58262,Vijayawada (M Corp.) - Ward No.47,ward,GEO_IN_AP_251746,,,
GEO_IN_AP_251695_W3046104,Palasakasibugga Ward No. 26,ward,GEO_IN_AP_251695,,,
GEO_IN_AP_253297_W120,Mydukur (M) - Ward No.7,ward,GEO_IN_AP_253297,,,
GEO_IN_AP_251792_W52858,Adoni (M) - Ward No.20,ward,GEO_IN_AP_251792,,,
GEO_IN_AP_251702_W52761,Bobbili (M) - Ward No.15,ward,GEO_IN_AP_251702,,,
GEO_IN_AP_251696_W52673,Ichchapuram (NP) - Ward No.15,ward,GEO_IN_AP_251696,,,
GEO_IN_AP_296263_W2308077,Election Ward No.11,ward,GEO_IN_AP_296263,,,
GEO_IN_AP_251778_W460,Bodhan (M) - Ward No.15,ward,GEO_IN_AP_251778,,,
GEO_IN_AP_251753_W55180,Sattenapalle (M) - Ward No.19,ward,GEO_IN_AP_251753,,,
GEO_IN_AP_251766_W55403,Ongole (M) - Ward No.3,ward,GEO_IN_AP_251766,,,
GEO_IN_AP_251740_W54628,Tanuku (M) - Ward No.4,ward,GEO_IN_AP_251740,,,
GEO_IN_AP_251754_W55155,Vinukonda M Ward No 6,ward,GEO_IN_AP_251754,,,
GEO_IN_AP_248111_W459,Ward No.15,ward,GEO_IN_AP_248111,,,
GEO_IN_AP_253227_W127739,Sullurpeta Ward No. 9,ward,GEO_IN_AP_253227,,,
GEO_IN_AP_251770_W160822,Kavali M Ward No 27,ward,GEO_IN_AP_251770,,,
GEO_IN_AP_299612_W3045659,Ward No 37,ward,GEO_IN_AP_299612,,,
GEO_IN_AP_296257_W2308095,Election Ward No.9,ward,GEO_IN_AP_296257,,,
GEO_IN_AP_251795_W53029,Nandyal (M) - Ward No.23,ward,GEO_IN_AP_251795,,,
GEO_IN_AP_251747_W1297802,Gudivada Ward No. 24,ward,GEO_IN_AP_251747,,,
GEO_IN_AP_248115_W53332,Dharmavaram (M) - Ward No.18,ward,GEO_IN_AP_248115,,,
GEO_IN_AP_251702_W52749,Bobbili (M) - Ward No.3,ward,GEO_IN_AP_251702,,,
GEO_IN_AP_257869_W126506,Giddalur-Ward No.16,ward,GEO_IN_AP_257869,,,
GEO_IN_AP_251782_W52129,25th Division,ward,GEO_IN_AP_251782,,,
GEO_IN_AP_251702_W52775,Bobbili (M) - Ward No.29,ward,GEO_IN_AP_251702,,,
GEO_IN_AP_257967_W127814,Ward,ward,GEO_IN_AP_257967,,,
GEO_IN_AP_251750_W1297850,Machilipatnam Ward No.41,ward,GEO_IN_AP_251750,,,
GEO_IN_AP_248121_W53599,Tirupati (M) - Ward No.7,ward,GEO_IN_AP_248121,,,
GEO_IN_AP_251732_W57968,Mandapeta Ward No.8,ward,GEO_IN_AP_251732,,,
GEO_IN_AP_251786_W52157,Rayachoti (CT) - Ward No.4,ward,GEO_IN_AP_251786,,,
GEO_IN_AP_296257_W2308111,Election Ward No.25,ward,GEO_IN_AP_296257,,,
GEO_IN_AP_277316_W1297379,Gollaprolu Ward No. 16,ward,GEO_IN_AP_277316,,,
GEO_IN_AP_251745_W54848,Nuzvid (M) - Ward No.14,ward,GEO_IN_AP_251745,,,
GEO_IN_AP_248126_W3046142,Puttur (CT) - Ward No.26,ward,GEO_IN_AP_248126,,,
GEO_IN_AP_251747_W1297799,Gudivada Ward No. 21,ward,GEO_IN_AP_251747,,,
GEO_IN_AP_251795_W52895,Nandyal (M) - Ward No.4,ward,GEO_IN_AP_251795,,,
GEO_IN_AP_263068_W1297654,Gudurnlr Ward No. 25,ward,GEO_IN_AP_263068,,,
GEO_IN_AP_251772_W51992,Nellore (M) - Ward No.38,ward,GEO_IN_AP_251772,,,
GEO_IN_AP_251752_W2172,Mangalagiri (M) - Ward No.24,ward,GEO_IN_AP_251752,,,
GEO_IN_AP_251762_W51815,Markapur (M) - Ward No.8,ward,GEO_IN_AP_251762,,,
GEO_IN_AP_251774_W52039,Venkatagiri (CT) - Ward No.20,ward,GEO_IN_AP_251774,,,
GEO_IN_AP_251766_W55449,Ongole (M) - Ward No.49,ward,GEO_IN_AP_251766,,,
GEO_IN_AP_257906_W161553,Jangareddigudem Ward No 16,ward,GEO_IN_AP_257906,,,
GEO_IN_AP_251795_W7182,Moolasagaram(Rural) Ward No.33,ward,GEO_IN_AP_251795,,,
GEO_IN_AP_251752_W55134,Mangalagiri (M) - Ward No.4,ward,GEO_IN_AP_251752,,,
GEO_IN_AP_248112_W1297302,Anantapur Ward No. 47,ward,GEO_IN_AP_248112,,,
GEO_IN_AP_251781_W52103,Yerraguntla (CT) - Ward No.5,ward,GEO_IN_AP_251781,,,
GEO_IN_AP_251754_W55130,Vinukonda Ward No.25,ward,GEO_IN_AP_251754,,,
GEO_IN_AP_257831_W162489,Naidupet Ward No. 17,ward,GEO_IN_AP_257831,,,
GEO_IN_AP_251731_W57981,Kakinada (M) - Ward No.15,ward,GEO_IN_AP_251731,,,
GEO_IN_AP_251701_W52728,Parvathipuram (M) - Ward No.19,ward,GEO_IN_AP_251701,,,
GEO_IN_AP_251703_W52817,Salur (M) - Ward No.20,ward,GEO_IN_AP_251703,,,
GEO_IN_AP_251774_W52031,Venkatagiri (CT) - Ward No.12,ward,GEO_IN_AP_251774,,,
GEO_IN_AP_258033_W160778,Atmakurnlr Ward No 14,ward,GEO_IN_AP_258033,,,
GEO_IN_AP_251746_W58246,Vijayawada (M Corp.) - Ward No.39,ward,GEO_IN_AP_251746,,,
GEO_IN_AP_251741_W54774,Chinameram (OG) (Part) - Ward No.28,ward,GEO_IN_AP_251741,,,
GEO_IN_AP_251751_W55125,Macherla (M) - Ward No.15,ward,GEO_IN_AP_251751,,,
GEO_IN_AP_251700_W1297683,Srikakulam Ward No. 29,ward,GEO_IN_AP_251700,,,
GEO_IN_AP_251757_W69687,Guntur (M Corp.) - Ward No.41,ward,GEO_IN_AP_251757,,,
GEO_IN_AP_253254_W373,Ward No. 15,ward,GEO_IN_AP_253254,,,
GEO_IN_AP_251789_W52332,Kurnool Ward No. 4,ward,GEO_IN_AP_251789,,,
GEO_IN_AP_253273_W3046097,Nandikotkur Ward No. 26,ward,GEO_IN_AP_253273,,,
GEO_IN_AP_251782_W2558,33rd Division,ward,GEO_IN_AP_251782,,,
GEO_IN_AP_251782_W52123,19th Division,ward,GEO_IN_AP_251782,,,
GEO_IN_AP_251770_W160745,Kavali M Ward No 20,ward,GEO_IN_AP_251770,,,
GEO_IN_AP_258054_W3046172,Yelamanchili M Ward No 25,ward,GEO_IN_AP_258054,,,
GEO_IN_AP_251746_W58190,Vijayawada (M Corp.) - Ward No.11,ward,GEO_IN_AP_251746,,,
GEO_IN_AP_251709_W52977,Vizianagaram (M) - Ward No.4,ward,GEO_IN_AP_251709,,,
GEO_IN_AP_296264_W2331490,Election Ward No.28,ward,GEO_IN_AP_296264,,,
GEO_IN_AP_251752_W2169,Mangalagiri (M) - Ward No.21,ward,GEO_IN_AP_251752,,,
GEO_IN_AP_251722_W54038,Tuni (M) - Ward No.5,ward,GEO_IN_AP_251722,,,
GEO_IN_AP_251768_W55481,Kandukur (M) - Ward No.12,ward,GEO_IN_AP_251768,,,
GEO_IN_AP_251759_W51674,Ponnur (M) - Ward No.16,ward,GEO_IN_AP_251759,,,
GEO_IN_AP_251757_W59177,Guntur (M Corp.) - Ward No.24,ward,GEO_IN_AP_251757,,,
GEO_IN_AP_248117_W53065,Rayadurg (M) - Ward No.14,ward,GEO_IN_AP_248117,,,
GEO_IN_AP_251719_W54000,Visakhapatnam (M Corp.) - Ward No.58,ward,GEO_IN_AP_251719,,,
GEO_IN_AP_248125_W53618,Nagari (CT) - Ward No.4,ward,GEO_IN_AP_248125,,,
GEO_IN_AP_251752_W55132,Mangalagiri (M) - Ward No.2,ward,GEO_IN_AP_251752,,,
GEO_IN_AP_253273_W1297585,Nandikotkur Ward No. 4,ward,GEO_IN_AP_253273,,,
GEO_IN_AP_248115_W1297393,Dharmavaram Ward No. 40,ward,GEO_IN_AP_248115,,,
GEO_IN_AP_277315_W1297512,Mummidivaram Ward No.20,ward,GEO_IN_AP_277315,,,
GEO_IN_AP_251749_W59143,Pedana (NP) - Ward No.7,ward,GEO_IN_AP_251749,,,
GEO_IN_AP_251719_W53530,Visakhapatnam (M Corp.) - Ward No.45,ward,GEO_IN_AP_251719,,,
GEO_IN_AP_258054_W163346,Yelamanchili M Ward No 21,ward,GEO_IN_AP_258054,,,
GEO_IN_AP_251735_W1297486,Amalapuram Ward No. 24,ward,GEO_IN_AP_251735,,,
GEO_IN_AP_251750_W54889,Machilipatnam (M) - Ward No.9,ward,GEO_IN_AP_251750,,,
GEO_IN_AP_251797_W276,Gooty (CT) - Ward No.21,ward,GEO_IN_AP_251797,,,
GEO_IN_AP_248124_W126514,Srikalahasti - Ward No.19,ward,GEO_IN_AP_248124,,,
GEO_IN_AP_251772_W51981,Nellore (M) - Ward No.27,ward,GEO_IN_AP_251772,,,
GEO_IN_AP_251761_W51800,Repalle (M) - Ward No.9,ward,GEO_IN_AP_251761,,,
GEO_IN_AP_248118_W53372,Hindupur (M) - Ward No.9,ward,GEO_IN_AP_248118,,,
GEO_IN_AP_251696_W52670,Ichchapuram (NP) - Ward No.12,ward,GEO_IN_AP_251696,,,
GEO_IN_AP_251738_W54587,Tadepalligudem (M) - Ward No.10,ward,GEO_IN_AP_251738,,,
GEO_IN_AP_248117_W53063,Rayadurg (M) - Ward No.12,ward,GEO_IN_AP_248117,,,
GEO_IN_AP_251780_W52075,Jammalamadugu (CT) - Ward No.3,ward,GEO_IN_AP_251780,,,
GEO_IN_AP_251731_W58009,Kakinada (M) - Ward No.29,ward,GEO_IN_AP_251731,,,
GEO_IN_AP_251757_W69693,Guntur (M Corp.) - Ward No.47,ward,GEO_IN_AP_251757,,,
GEO_IN_AP_251727_W1297710,Samalkot Ward No.20,ward,GEO_IN_AP_251727,,,
GEO_IN_AP_251745_W54851,Nuzvid (M) - Ward No.17,ward,GEO_IN_AP_251745,,,
GEO_IN_AP_251719_W53519,Visakhapatnam (M Corp.) - Ward No.34,ward,GEO_IN_AP_251719,,,
GEO_IN_AP_251751_W2477,Macherla (M) - Ward No. 22,ward,GEO_IN_AP_251751,,,
GEO_IN_AP_251740_W54654,Tanuku (M) - Ward No.30,ward,GEO_IN_AP_251740,,,
GEO_IN_AP_251781_W1297731,Yerraguntla Ward No. 12,ward,GEO_IN_AP_251781,,,
GEO_IN_AP_251766_W55430,Ongole (M) - Ward No.30,ward,GEO_IN_AP_251766,,,
GEO_IN_AP_251716_W53424,Narsipatnam (CT) - Ward No.9,ward,GEO_IN_AP_251716,,,
GEO_IN_AP_251743_W54785,Palacole (M) - Ward No.10,ward,GEO_IN_AP_251743,,,
GEO_IN_AP_277319_W1297839,Jaggaiahpet Ward No. 25,ward,GEO_IN_AP_277319,,,
GEO_IN_AP_251731_W57979,Kakinada (M) - Ward No.14,ward,GEO_IN_AP_251731,,,
GEO_IN_AP_251797_W178,Gooty (CT) - Ward No.15,ward,GEO_IN_AP_251797,,,
GEO_IN_AP_251719_W54001,Visakhapatnam (M Corp.) - Ward No.59,ward,GEO_IN_AP_251719,,,
GEO_IN_AP_257868_W126457,Addanki-Ward No-8,ward,GEO_IN_AP_257868,,,
GEO_IN_AP_251725_W57217,Rajahmundry (M Corp.) - Ward No.21,ward,GEO_IN_AP_251725,,,
GEO_IN_AP_251754_W55181,Vinukonda M Ward No 19,ward,GEO_IN_AP_251754,,,
GEO_IN_AP_251709_W3046027,Vizianagaram Ward No. 48,ward,GEO_IN_AP_251709,,,
GEO_IN_AP_251703_W52815,Salur (M) - Ward No.18,ward,GEO_IN_AP_251703,,,
GEO_IN_AP_248125_W53631,Nagari (CT) - Ward No.17,ward,GEO_IN_AP_248125,,,
GEO_IN_AP_251756_W55711,Chilakaluripet (M) - Ward No.31,ward,GEO_IN_AP_251756,,,
GEO_IN_AP_248111_W468,Ward No.18,ward,GEO_IN_AP_248111,,,
GEO_IN_AP_251752_W2174,Mangalagiri (M) - Ward No.26,ward,GEO_IN_AP_251752,,,
GEO_IN_AP_248114_W3046164,Tadipatri Ward No.35,ward,GEO_IN_AP_248114,,,
GEO_IN_AP_253270_W1297354,Atmakurknl Ward No. 11,ward,GEO_IN_AP_253270,,,
GEO_IN_AP_251789_W52338,Kurnool Ward No. 7,ward,GEO_IN_AP_251789,,,
GEO_IN_AP_248111_W3046044,Ward No.28,ward,GEO_IN_AP_248111,,,
GEO_IN_AP_251722_W1297762,Tuni Ward No.26,ward,GEO_IN_AP_251722,,,
GEO_IN_AP_248126_W53667,Puttur (CT) - Ward No.20,ward,GEO_IN_AP_248126,,,
GEO_IN_AP_251792_W1297521,Adoni Ward No. 35,ward,GEO_IN_AP_251792,,,
GEO_IN_AP_251716_W53441,Narsipatnam (CT) - Ward No.26,ward,GEO_IN_AP_251716,,,
GEO_IN_AP_251795_W52903,Nandyal (M) - Ward No.8,ward,GEO_IN_AP_251795,,,
GEO_IN_AP_251745_W54859,Nuzvid (M) - Ward No.25,ward,GEO_IN_AP_251745,,,
GEO_IN_AP_299713_W3045665,Ward No 5,ward,GEO_IN_AP_299713,,,
GEO_IN_AP_248112_W1297300,Anantapur Ward No. 45,ward,GEO_IN_AP_248112,,,
GEO_IN_AP_248122_W56074,Chittoor - Ward No.28,ward,GEO_IN_AP_248122,,,
GEO_IN_AP_251770_W160815,Kavali M Ward No 25,ward,GEO_IN_AP_251770,,,
GEO_IN_AP_251782_W52113,9th Division,ward,GEO_IN_AP_251782,,,
GEO_IN_AP_251795_W1297605,Nandyal Ward No. 34,ward,GEO_IN_AP_251795,,,
GEO_IN_AP_251719_W53524,Visakhapatnam (M Corp.) - Ward No.39,ward,GEO_IN_AP_251719,,,
GEO_IN_AP_253169_W3046064,Dhone Ward No. 29,ward,GEO_IN_AP_253169,,,
GEO_IN_AP_251757_W59170,Guntur (M Corp.) - Ward No.17,ward,GEO_IN_AP_251757,,,
GEO_IN_AP_248124_W126517,Srikalahasti - Ward No.22,ward,GEO_IN_AP_248124,,,
GEO_IN_AP_251725_W57199,Rajahmundry (M Corp.) - Ward No.3,ward,GEO_IN_AP_251725,,,
GEO_IN_AP_251782_W2564,39th Division,ward,GEO_IN_AP_251782,,,
GEO_IN_AP_253167_W1297787,Piduguralla Ward No 20,ward,GEO_IN_AP_253167,,,
GEO_IN_AP_248116_W1297433,Kadiri Ward No 27,ward,GEO_IN_AP_248116,,,
GEO_IN_AP_251737_W58127,Nidadavole (M) - Ward No.12,ward,GEO_IN_AP_251737,,,
GEO_IN_AP_251732_W57972,Mandapeta Ward No.10,ward,GEO_IN_AP_251732,,,
GEO_IN_AP_251746_W58244,Vijayawada (M Corp.) - Ward No.38,ward,GEO_IN_AP_251746,,,
GEO_IN_AP_296264_W2331479,Election Ward No.17,ward,GEO_IN_AP_296264,,,
GEO_IN_AP_251733_W54532,Ramachandrapuram (M) - Ward No.23,ward,GEO_IN_AP_251733,,,
GEO_IN_AP_251772_W51987,Nellore (M) - Ward No.33,ward,GEO_IN_AP_251772,,,
GEO_IN_AP_296262_W2308000,Election Ward No.20,ward,GEO_IN_AP_296262,,,
GEO_IN_AP_248112_W53311,Narayanapuram (OG) - Ward No.29,ward,GEO_IN_AP_248112,,,
GEO_IN_AP_251731_W57983,Kakinada (M) - Ward No.16,ward,GEO_IN_AP_251731,,,
GEO_IN_AP_251740_W54638,Tanuku (M) - Ward No.14,ward,GEO_IN_AP_251740,,,
GEO_IN_AP_251758_W51654,Tenali (M) - Ward No.27,ward,GEO_IN_AP_251758,,,
GEO_IN_AP_251739_W161493,Eluru Ward No 50,ward,GEO_IN_AP_251739,,,
GEO_IN_AP_253272_W1297329,Allagadda Ward No. 10,ward,GEO_IN_AP_253272,,,
GEO_IN_AP_251719_W1297929,Visakhapatnam (M Corp.) - Ward No.82,ward,GEO_IN_AP_251719,,,
GEO_IN_AP_253253_W357,Ward No. 19,ward,GEO_IN_AP_253253,,,
GEO_IN_AP_251761_W2252,Repalle (M) - Ward No.24,ward,GEO_IN_AP_251761,,,
GEO_IN_AP_248114_W1297473,Tadipatri Ward No.33,ward,GEO_IN_AP_248114,,,
GEO_IN_AP_251756_W3046052,Chilakaluripet (M) - Ward No.35,ward,GEO_IN_AP_251756,,,
GEO_IN_AP_251750_W54894,Machilipatnam (M) - Ward No.14,ward,GEO_IN_AP_251750,,,
GEO_IN_AP_251770_W55499,Kavali (M) - Ward No.6,ward,GEO_IN_AP_251770,,,
GEO_IN_AP_251719_W53494,Visakhapatnam (M Corp.) - Ward No.9,ward,GEO_IN_AP_251719,,,
GEO_IN_AP_251789_W52346,Kurnool Ward No. 11,ward,GEO_IN_AP_251789,,,
GEO_IN_AP_277316_W1297383,Gollaprolu Ward No. 20,ward,GEO_IN_AP_277316,,,
GEO_IN_AP_251731_W58043,Kakinada (M) - Ward No.46,ward,GEO_IN_AP_251731,,,
GEO_IN_AP_251750_W3045997,Machilipatnam Ward No.47,ward,GEO_IN_AP_251750,,,
GEO_IN_AP_251731_W57967,Kakinada (M) - Ward No.8,ward,GEO_IN_AP_251731,,,
GEO_IN_AP_299716_W3045728,Ward No 8,ward,GEO_IN_AP_299716,,,
GEO_IN_AP_257906_W161556,Jangareddigudem Ward No 19,ward,GEO_IN_AP_257906,,,
GEO_IN_AP_248124_W126525,Srikalahasti - Ward No.30,ward,GEO_IN_AP_248124,,,
GEO_IN_AP_251741_W54762,Bhimavaram (M) - Ward No.16,ward,GEO_IN_AP_251741,,,
GEO_IN_AP_251745_W54858,Nuzvid (M) - Ward No.24,ward,GEO_IN_AP_251745,,,
GEO_IN_AP_251742_W58150,Narasapur (M) - Ward No.16,ward,GEO_IN_AP_251742,,,
GEO_IN_AP_251698_W56960,Rajam (CT) - Ward No.3,ward,GEO_IN_AP_251698,,,
GEO_IN_AP_253272_W1297333,Allagadda Ward No. 14,ward,GEO_IN_AP_253272,,,
GEO_IN_AP_251789_W1297534,Kurnool Ward No. 20,ward,GEO_IN_AP_251789,,,
GEO_IN_AP_248115_W53334,Dharmavaram (M) - Ward No.20,ward,GEO_IN_AP_248115,,,
GEO_IN_AP_251725_W57224,Rajahmundry (M Corp.) - Ward No.28,ward,GEO_IN_AP_251725,,,
GEO_IN_AP_251778_W2084,Bodhan (M) - Ward No.31,ward,GEO_IN_AP_251778,,,
GEO_IN_AP_296256_W2323421,Election Ward No.1,ward,GEO_IN_AP_296256,,,
GEO_IN_AP_251747_W54876,Gudivada (M) - Ward No.17,ward,GEO_IN_AP_251747,,,
GEO_IN_AP_251724_W54069,Peddapuram (M) - Ward No.22,ward,GEO_IN_AP_251724,,,
GEO_IN_AP_251732_W57982,Mandapeta Ward No.15,ward,GEO_IN_AP_251732,,,
GEO_IN_AP_251741_W131486,Bhimavaram Ward No 37,ward,GEO_IN_AP_251741,,,
GEO_IN_AP_251751_W3046087,Macherla (M) - Ward No.31,ward,GEO_IN_AP_251751,,,
GEO_IN_AP_251728_W57481,Pithapuram (M) - Ward No.10,ward,GEO_IN_AP_251728,,,
GEO_IN_AP_251711_W53386,Nellimarla (CT) - Ward No.13,ward,GEO_IN_AP_251711,,,
GEO_IN_AP_251763_W55377,Chirala (M) - Ward No.16,ward,GEO_IN_AP_251763,,,
GEO_IN_AP_251762_W126623,Markapur M-Ward.25,ward,GEO_IN_AP_251762,,,
GEO_IN_AP_248115_W1297387,Dharmavaram Ward No. 34,ward,GEO_IN_AP_248115,,,
GEO_IN_AP_253273_W1297594,Nandikotkur Ward No. 13,ward,GEO_IN_AP_253273,,,
GEO_IN_AP_248119_W55674,Madanapalle (M) - Ward No.17,ward,GEO_IN_AP_248119,,,
GEO_IN_AP_251759_W51675,Ponnur (M) - Ward No.17,ward,GEO_IN_AP_251759,,,
GEO_IN_AP_251725_W57215,Rajahmundry (M Corp.) - Ward No.19,ward,GEO_IN_AP_251725,,,
GEO_IN_AP_248123_W53698,Palamaner - Ward No.20,ward,GEO_IN_AP_248123,,,
GEO_IN_AP_251778_W433,Bodhan (M) - Ward No.6,ward,GEO_IN_AP_251778,,,
GEO_IN_AP_251747_W1297805,Gudivada Ward No. 27,ward,GEO_IN_AP_251747,,,
GEO_IN_AP_251772_W52002,Nellore (Bit.1) (OG) - Ward No.48,ward,GEO_IN_AP_251772,,,
GEO_IN_AP_299716_W3045737,Ward No 17,ward,GEO_IN_AP_299716,,,
GEO_IN_AP_253252_W322,Ward No.7,ward,GEO_IN_AP_253252,,,
GEO_IN_AP_296262_W2307996,Election Ward No.16,ward,GEO_IN_AP_296262,,,
GEO_IN_AP_251750_W54883,Machilipatnam (M) - Ward No.3,ward,GEO_IN_AP_251750,,,
GEO_IN_AP_251698_W56969,Rajam (CT) - Ward No.12,ward,GEO_IN_AP_251698,,,
GEO_IN_AP_253102_W3046154,Rajampet Ward No.27,ward,GEO_IN_AP_253102,,,
GEO_IN_AP_248118_W53546,Hindupur (M) - Ward No.19,ward,GEO_IN_AP_248118,,,
GEO_IN_AP_251745_W54846,Nuzvid (M) - Ward No.12,ward,GEO_IN_AP_251745,,,
GEO_IN_AP_251701_W52724,Parvathipuram (M) - Ward No.15,ward,GEO_IN_AP_251701,,,
GEO_IN_AP_248121_W126540,Tirupati - Ward No.28,ward,GEO_IN_AP_248121,,,
GEO_IN_AP_251719_W1297932,Visakhapatnam (M Corp.) - Ward No.85,ward,GEO_IN_AP_251719,,,
GEO_IN_AP_251786_W52171,Rayachoti (CT) - Ward No.11,ward,GEO_IN_AP_251786,,,
GEO_IN_AP_251754_W55179,Vinukonda M Ward No 18,ward,GEO_IN_AP_251754,,,
GEO_IN_AP_251703_W52799,Salur (M) - Ward No.2,ward,GEO_IN_AP_251703,,,
GEO_IN_AP_251761_W51804,Repalle (M) - Ward No.13,ward,GEO_IN_AP_251761,,,
GEO_IN_AP_251780_W52090,Jammalamadugu (CT) - Ward No.18,ward,GEO_IN_AP_251780,,,
GEO_IN_AP_296260_W2308043,Election Ward No.12,ward,GEO_IN_AP_296260,,,
GEO_IN_AP_248121_W126574,Tirupati - Ward No.50,ward,GEO_IN_AP_248121,,,
GEO_IN_AP_296260_W2308038,Election Ward No.7,ward,GEO_IN_AP_296260,,,
GEO_IN_AP_251795_W53013,Nandyal (M) - Ward No.15,ward,GEO_IN_AP_251795,,,
GEO_IN_AP_251747_W54875,Gudivada (M) - Ward No.16,ward,GEO_IN_AP_251747,,,
GEO_IN_AP_251795_W53025,Nandyal (M) - Ward No.21,ward,GEO_IN_AP_251795,,,
GEO_IN_AP_253169_W52896,Dhone Ward No. 4,ward,GEO_IN_AP_253169,,,
GEO_IN_AP_253273_W1297587,Nandikotkur Ward No. 6,ward,GEO_IN_AP_253273,,,
GEO_IN_AP_251766_W55439,Ongole (M) - Ward No.39,ward,GEO_IN_AP_251766,,,
GEO_IN_AP_251738_W3046177,Tadepalligudem Ward No. 39,ward,GEO_IN_AP_251738,,,
GEO_IN_AP_251743_W54791,Palacole (M) - Ward No.16,ward,GEO_IN_AP_251743,,,
GEO_IN_AP_248124_W55622,Srikalahasti (M) - Ward No.11,ward,GEO_IN_AP_248124,,,
GEO_IN_AP_251719_W54012,Visakhapatnam (M Corp.) - Ward No.70,ward,GEO_IN_AP_251719,,,
GEO_IN_AP_251766_W55417,Ongole (M) - Ward No.17,ward,GEO_IN_AP_251766,,,
GEO_IN_AP_251759_W2373,Ponnur (M) - Ward No.27,ward,GEO_IN_AP_251759,,,
GEO_IN_AP_251736_W54564,Kovvur (NP) - Ward No.3,ward,GEO_IN_AP_251736,,,
GEO_IN_AP_251773_W52019,Guduru (R) (East) (OG) (Part) - Ward No.17,ward,GEO_IN_AP_251773,,,
GEO_IN_AP_251774_W52034,Venkatagiri (CT) - Ward No.15,ward,GEO_IN_AP_251774,,,
GEO_IN_AP_251709_W52994,Vizianagaram (M) - Ward No.21,ward,GEO_IN_AP_251709,,,
GEO_IN_AP_258033_W160779,Atmakurnlr Ward No 15,ward,GEO_IN_AP_258033,,,
GEO_IN_AP_248119_W55671,Madanapalle (M) - Ward No.14,ward,GEO_IN_AP_248119,,,
GEO_IN_AP_251766_W55447,Ongole (M) - Ward No.47,ward,GEO_IN_AP_251766,,,
GEO_IN_AP_251725_W57234,Rajahmundry (M Corp.) - Ward No.38,ward,GEO_IN_AP_251725,,,
GEO_IN_AP_251742_W58149,Narasapur (M) - Ward No.15,ward,GEO_IN_AP_251742,,,
GEO_IN_AP_254924_W1297879,Tiruvuru Ward No.3,ward,GEO_IN_AP_254924,,,
GEO_IN_AP_299716_W3045727,Ward No 7,ward,GEO_IN_AP_299716,,,
GEO_IN_AP_251700_W1297697,Srikakulam Ward No. 43,ward,GEO_IN_AP_251700,,,
GEO_IN_AP_251741_W54760,Bhimavaram (M) - Ward No.14,ward,GEO_IN_AP_251741,,,
GEO_IN_AP_299716_W3045733,Ward No 13,ward,GEO_IN_AP_299716,,,
GEO_IN_AP_296260_W2308050,Election Ward No.19,ward,GEO_IN_AP_296260,,,
GEO_IN_AP_251740_W54627,Tanuku (M) - Ward No.3,ward,GEO_IN_AP_251740,,,
GEO_IN_AP_251737_W131060,Nidadavole Ward No 22,ward,GEO_IN_AP_251737,,,
GEO_IN_AP_254922_W1297865,Nandigama Ward No.14,ward,GEO_IN_AP_254922,,,
GEO_IN_AP_296261_W2307967,Election Ward No.7,ward,GEO_IN_AP_296261,,,
GEO_IN_AP_251716_W53425,Narsipatnam (CT) - Ward No.10,ward,GEO_IN_AP_251716,,,
GEO_IN_AP_296263_W2308073,Election Ward No.7,ward,GEO_IN_AP_296263,,,
GEO_IN_AP_251752_W1792,Mangalagiri (M) - Ward No.17,ward,GEO_IN_AP_251752,,,
GEO_IN_AP_296328_W2323489,Election Ward No.1,ward,GEO_IN_AP_296328,,,
GEO_IN_AP_257831_W162493,Naidupet Ward No. 20,ward,GEO_IN_AP_257831,,,
GEO_IN_AP_248124_W55632,Srikalahasti (M) - Ward No.16,ward,GEO_IN_AP_248124,,,
GEO_IN_AP_296264_W2331487,Election Ward No.25,ward,GEO_IN_AP_296264,,,
GEO_IN_AP_248112_W1297296,Anantapur Ward No. 41,ward,GEO_IN_AP_248112,,,
GEO_IN_AP_251787_W1297628,Yemmiganur Ward No. 33,ward,GEO_IN_AP_251787,,,
GEO_IN_AP_251789_W1297541,Kurnool Ward No. 27,ward,GEO_IN_AP_251789,,,
GEO_IN_AP_296260_W2308034,Election Ward No.3,ward,GEO_IN_AP_296260,,,
GEO_IN_AP_299713_W3045662,Ward No 2,ward,GEO_IN_AP_299713,,,
GEO_IN_AP_296257_W2308102,Election Ward No.16,ward,GEO_IN_AP_296257,,,
GEO_IN_AP_251749_W1297740,Pedana (NP) - Ward No. 18,ward,GEO_IN_AP_251749,,,
GEO_IN_AP_248123_W53690,Palamaner - Ward No.12,ward,GEO_IN_AP_248123,,,
GEO_IN_AP_248113_W1297413,Ward No 27,ward,GEO_IN_AP_248113,,,
GEO_IN_AP_251763_W55372,Chirala (M) - Ward No.11,ward,GEO_IN_AP_251763,,,
GEO_IN_AP_251739_W161479,Eluru Ward No 43,ward,GEO_IN_AP_251739,,,
GEO_IN_AP_251739_W54621,Gavaravaram (OG) - Ward No.30,ward,GEO_IN_AP_251739,,,
GEO_IN_AP_251763_W55373,Chirala (M) - Ward No.12,ward,GEO_IN_AP_251763,,,
GEO_IN_AP_251760_W2464,Bapatla (M) - Ward No. 23,ward,GEO_IN_AP_251760,,,
GEO_IN_AP_251736_W161504,Kovvur Ward No 18,ward,GEO_IN_AP_251736,,,
GEO_IN_AP_251799_W55593,Kalyandurg (CT) - Ward No.3,ward,GEO_IN_AP_251799,,,
GEO_IN_AP_253102_W52180,Rajampet Ward No.15,ward,GEO_IN_AP_253102,,,
GEO_IN_AP_248111_W456,Ward No.14,ward,GEO_IN_AP_248111,,,
GEO_IN_AP_253101_W3659,Pulivendula (M) - Ward No.17,ward,GEO_IN_AP_253101,,,
GEO_IN_AP_251772_W51998,Nellore (M) - Ward No.44,ward,GEO_IN_AP_251772,,,
GEO_IN_AP_253270_W1297350,Atmakurknl Ward No. 7,ward,GEO_IN_AP_253270,,,
GEO_IN_AP_251782_W52119,15th Division,ward,GEO_IN_AP_251782,,,
GEO_IN_AP_251786_W52203,Rayachoti (CT) - Ward No.27,ward,GEO_IN_AP_251786,,,
GEO_IN_AP_251728_W57479,Pithapuram (M) - Ward No.8,ward,GEO_IN_AP_251728,,,
GEO_IN_AP_251711_W53387,Nellimarla (CT) - Ward No.14,ward,GEO_IN_AP_251711,,,
GEO_IN_AP_248125_W53630,Nagari (CT) - Ward No.16,ward,GEO_IN_AP_248125,,,
GEO_IN_AP_299716_W3045730,Ward No 10,ward,GEO_IN_AP_299716,,,
GEO_IN_AP_251757_W59156,Guntur (M Corp.) - Ward No.3,ward,GEO_IN_AP_251757,,,
GEO_IN_AP_251747_W54872,Gudivada (M) - Ward No.13,ward,GEO_IN_AP_251747,,,
GEO_IN_AP_296262_W2307983,Election Ward No.3,ward,GEO_IN_AP_296262,,,
GEO_IN_AP_251792_W52854,Adoni (M) - Ward No.16,ward,GEO_IN_AP_251792,,,
GEO_IN_AP_251782_W2554,29th Division,ward,GEO_IN_AP_251782,,,
GEO_IN_AP_251772_W51980,Nellore (M) - Ward No.26,ward,GEO_IN_AP_251772,,,
GEO_IN_AP_251738_W131465,Tadepalligudem Ward No 27,ward,GEO_IN_AP_251738,,,
GEO_IN_AP_251724_W54070,Peddapuram (M) - Ward No.23,ward,GEO_IN_AP_251724,,,
GEO_IN_AP_251743_W54789,Palacole (M) - Ward No.14,ward,GEO_IN_AP_251743,,,
GEO_IN_AP_253169_W52914,Dhone Ward No. 13,ward,GEO_IN_AP_253169,,,
GEO_IN_AP_248126_W53663,Puttur (CT) - Ward No.16,ward,GEO_IN_AP_248126,,,
GEO_IN_AP_251746_W58180,Vijayawada (M Corp.) - Ward No.6,ward,GEO_IN_AP_251746,,,
GEO_IN_AP_251772_W51870,Nellore (M) - Ward No.7,ward,GEO_IN_AP_251772,,,
GEO_IN_AP_251773_W52004,Gudur (M) - Ward No.2,ward,GEO_IN_AP_251773,,,
GEO_IN_AP_248115_W53323,Dharmavaram (M) - Ward No.9,ward,GEO_IN_AP_248115,,,
GEO_IN_AP_251725_W57197,Rajahmundry (M Corp.) - Ward No.1,ward,GEO_IN_AP_251725,,,
GEO_IN_AP_251746_W58276,Vijayawada (M Corp.) - Ward No.54,ward,GEO_IN_AP_251746,,,
GEO_IN_AP_248120_W56057,Punganur (NP) - Ward No.20,ward,GEO_IN_AP_248120,,,
GEO_IN_AP_254922_W1297857,Nandigama Ward No.6,ward,GEO_IN_AP_254922,,,
GEO_IN_AP_251770_W160812,Kavali M Ward No 24,ward,GEO_IN_AP_251770,,,
GEO_IN_AP_248121_W126560,Tirupati - Ward No.39,ward,GEO_IN_AP_248121,,,
GEO_IN_AP_248116_W53363,Kadiri (M) - Ward No.17,ward,GEO_IN_AP_248116,,,
GEO_IN_AP_257967_W127812,Ward,ward,GEO_IN_AP_257967,,,
GEO_IN_AP_251716_W53436,Narsipatnam (CT) - Ward No.21,ward,GEO_IN_AP_251716,,,
GEO_IN_AP_254924_W1297883,Tiruvuru Ward No.7,ward,GEO_IN_AP_254924,,,
GEO_IN_AP_248118_W1297400,Hindupur Ward No 37,ward,GEO_IN_AP_248118,,,
GEO_IN_AP_251700_W57000,Srikakulam (M) - Ward No.16,ward,GEO_IN_AP_251700,,,
GEO_IN_AP_251774_W52023,Venkatagiri (CT) - Ward No.4,ward,GEO_IN_AP_251774,,,
GEO_IN_AP_251731_W57987,Kakinada (M) - Ward No.18,ward,GEO_IN_AP_251731,,,
GEO_IN_AP_277319_W1297829,Jaggaiahpet Ward No. 15,ward,GEO_IN_AP_277319,,,
GEO_IN_AP_251739_W54601,Eluru (M) - Ward No.10,ward,GEO_IN_AP_251739,,,
GEO_IN_AP_253167_W3046111,Piduguralla Ward No 31,ward,GEO_IN_AP_253167,,,
GEO_IN_AP_257868_W126458,Addanki-Ward No-9,ward,GEO_IN_AP_257868,,,
GEO_IN_AP_251780_W52078,Jammalamadugu (CT) - Ward No.6,ward,GEO_IN_AP_251780,,,
GEO_IN_AP_251792_W1297517,Adoni Ward No. 31,ward,GEO_IN_AP_251792,,,
GEO_IN_AP_299713_W3045673,Ward No 13,ward,GEO_IN_AP_299713,,,
GEO_IN_AP_253169_W52892,Dhone Ward No. 2,ward,GEO_IN_AP_253169,,,
GEO_IN_AP_251727_W54479,Samalkot (M) - Ward No.1,ward,GEO_IN_AP_251727,,,
GEO_IN_AP_251751_W2489,Macherla (M) - Ward No. 28,ward,GEO_IN_AP_251751,,,
GEO_IN_AP_277315_W1297510,Mummidivaram Ward No.18,ward,GEO_IN_AP_277315,,,
GEO_IN_AP_253270_W1297357,Atmakurknl Ward No. 14,ward,GEO_IN_AP_253270,,,
GEO_IN_AP_248114_W53087,Tadpatri (M) - Ward No.9,ward,GEO_IN_AP_248114,,,
GEO_IN_AP_251778_W2090,Bodhan (M) - Ward No.33,ward,GEO_IN_AP_251778,,,
GEO_IN_AP_251766_W55407,Ongole (M) - Ward No.7,ward,GEO_IN_AP_251766,,,
GEO_IN_AP_254923_W1297916,Vuyyuru Ward No.20,ward,GEO_IN_AP_254923,,,
GEO_IN_AP_251747_W1297813,Gudivada Ward No. 35,ward,GEO_IN_AP_251747,,,
GEO_IN_AP_248111_W3046048,Ward No.32,ward,GEO_IN_AP_248111,,,
GEO_IN_AP_253297_W3046088,Mydukur (M) - Ward No.24,ward,GEO_IN_AP_253297,,,
GEO_IN_AP_253254_W361,Ward No. 3,ward,GEO_IN_AP_253254,,,
GEO_IN_AP_253297_W177,Mydukur (M) - Ward No.23,ward,GEO_IN_AP_253297,,,
GEO_IN_AP_251760_W1583,Bapatla (M) - Ward No. 24,ward,GEO_IN_AP_251760,,,
GEO_IN_AP_251719_W1297925,Visakhapatnam (M Corp.) - Ward No.78,ward,GEO_IN_AP_251719,,,
GEO_IN_AP_248120_W56019,Punganur (NP) - Ward No.1,ward,GEO_IN_AP_248120,,,
GEO_IN_AP_251758_W51647,Tenali (M) - Ward No.20,ward,GEO_IN_AP_251758,,,
GEO_IN_AP_251749_W59145,Pedana (NP) - Ward No.9,ward,GEO_IN_AP_251749,,,
GEO_IN_AP_253253_W346,Ward No. 8,ward,GEO_IN_AP_253253,,,
GEO_IN_AP_251772_W52000,Kallurpalle (OG) (Part) - Ward No.46,ward,GEO_IN_AP_251772,,,
GEO_IN_AP_251742_W58146,Narasapur (M) - Ward No.12,ward,GEO_IN_AP_251742,,,
GEO_IN_AP_296264_W2331491,Election Ward No.29,ward,GEO_IN_AP_296264,,,
GEO_IN_AP_251789_W1297555,Kurnool Ward No. 41,ward,GEO_IN_AP_251789,,,
GEO_IN_AP_257906_W161516,Jangareddigudem Ward No 02,ward,GEO_IN_AP_257906,,,
GEO_IN_AP_248119_W55676,Madanapalli - Ward No.19,ward,GEO_IN_AP_248119,,,
GEO_IN_AP_251724_W54048,Peddapuram (M) - Ward No.1,ward,GEO_IN_AP_251724,,,
GEO_IN_AP_251711_W53384,Nellimarla (CT) - Ward No.11,ward,GEO_IN_AP_251711,,,
GEO_IN_AP_251737_W58105,Nidadavole (M) - Ward No.1,ward,GEO_IN_AP_251737,,,
GEO_IN_AP_251746_W58178,Vijayawada (M Corp.) - Ward No.5,ward,GEO_IN_AP_251746,,,
GEO_IN_AP_248122_W56072,Chittoor - Ward No.27,ward,GEO_IN_AP_248122,,,
GEO_IN_AP_248117_W1297450,Rayadurg Ward No 25,ward,GEO_IN_AP_248117,,,
GEO_IN_AP_251751_W54935,Macherla (M) - Ward No.12,ward,GEO_IN_AP_251751,,,
GEO_IN_AP_277316_W1297375,Gollaprolu Ward No. 12,ward,GEO_IN_AP_277316,,,
GEO_IN_AP_251743_W54796,Palacole (M) - Ward No.21,ward,GEO_IN_AP_251743,,,
GEO_IN_AP_248112_W53294,Anantapur (M) - Ward No.12,ward,GEO_IN_AP_248112,,,
GEO_IN_AP_296256_W2323438,Election Ward No.18,ward,GEO_IN_AP_296256,,,
GEO_IN_AP_277315_W1297498,Mummidivaram Ward No.6,ward,GEO_IN_AP_277315,,,
GEO_IN_AP_251703_W52805,Salur (M) - Ward No.8,ward,GEO_IN_AP_251703,,,
GEO_IN_AP_254922_W1297862,Nandigama Ward No.11,ward,GEO_IN_AP_254922,,,
GEO_IN_AP_257868_W126451,Addanki-Ward No-2,ward,GEO_IN_AP_257868,,,
GEO_IN_AP_251735_W1297480,Amalapuram Ward No. 18,ward,GEO_IN_AP_251735,,,
GEO_IN_AP_251754_W55173,Vinukonda M Ward No 15,ward,GEO_IN_AP_251754,,,
GEO_IN_AP_253274_W162498,Chimakurthy Ward No 5,ward,GEO_IN_AP_253274,,,
GEO_IN_AP_251755_W55204,Narasaraopet (M) - Ward No.15,ward,GEO_IN_AP_251755,,,
GEO_IN_AP_251735_W54554,Amalapuram (M) - Ward No.5,ward,GEO_IN_AP_251735,,,
GEO_IN_AP_257831_W162461,Naidupet Ward No. 3,ward,GEO_IN_AP_257831,,,
GEO_IN_AP_251699_W52708,Amadalavalasa (NP) - Ward No.19,ward,GEO_IN_AP_251699,,,
GEO_IN_AP_251799_W69097,Kalyandurg (CT) - Ward No.14,ward,GEO_IN_AP_251799,,,
GEO_IN_AP_257869_W126504,Giddalur-Ward No.14,ward,GEO_IN_AP_257869,,,
GEO_IN_AP_251768_W55473,Kandukur (M) - Ward No.4,ward,GEO_IN_AP_251768,,,
GEO_IN_AP_251754_W55161,Vinukonda M Ward No 9,ward,GEO_IN_AP_251754,,,
GEO_IN_AP_251725_W57229,Rajahmundry (M Corp.) - Ward No.33,ward,GEO_IN_AP_251725,,,
GEO_IN_AP_251749_W59139,Pedana (NP) - Ward No.3,ward,GEO_IN_AP_251749,,,
GEO_IN_AP_251787_W1297616,Yemmiganur Ward No. 21,ward,GEO_IN_AP_251787,,,
GEO_IN_AP_251739_W161483,Eluru Ward No 46,ward,GEO_IN_AP_251739,,,
GEO_IN_AP_257906_W161528,Jangareddigudem Ward No 07,ward,GEO_IN_AP_257906,,,
GEO_IN_AP_251792_W1297522,Adoni Ward No. 36,ward,GEO_IN_AP_251792,,,
GEO_IN_AP_253273_W1297600,Nandikotkur Ward No. 19,ward,GEO_IN_AP_253273,,,
GEO_IN_AP_251786_W52175,Rayachoti (CT) - Ward No.13,ward,GEO_IN_AP_251786,,,
GEO_IN_AP_253253_W349,Ward No. 11,ward,GEO_IN_AP_253253,,,
GEO_IN_AP_251770_W55503,Kavali (M) - Ward No.10,ward,GEO_IN_AP_251770,,,
GEO_IN_AP_251741_W54758,Bhimavaram (M) - Ward No.12,ward,GEO_IN_AP_251741,,,
GEO_IN_AP_251740_W54643,Tanuku (M) - Ward No.19,ward,GEO_IN_AP_251740,,,
GEO_IN_AP_248111_W450,Ward No.12,ward,GEO_IN_AP_248111,,,
GEO_IN_AP_251741_W54773,Bhimavaram (M) - Ward No.27,ward,GEO_IN_AP_251741,,,
GEO_IN_AP_299612_W3045632,Ward No 10,ward,GEO_IN_AP_299612,,,
GEO_IN_AP_251700_W56987,Srikakulam (M) - Ward No.3,ward,GEO_IN_AP_251700,,,
GEO_IN_AP_251792_W1297527,Adoni Ward No. 41,ward,GEO_IN_AP_251792,,,
GEO_IN_AP_251792_W52847,Adoni (M) - Ward No.9,ward,GEO_IN_AP_251792,,,
GEO_IN_AP_251757_W59158,Guntur (M Corp.) - Ward No.5,ward,GEO_IN_AP_251757,,,
GEO_IN_AP_251738_W54583,Tadepalligudem (M) - Ward No.6,ward,GEO_IN_AP_251738,,,
GEO_IN_AP_251782_W3382,49th Division,ward,GEO_IN_AP_251782,,,
GEO_IN_AP_251755_W55198,Narasaraopet (M) - Ward No.9,ward,GEO_IN_AP_251755,,,
GEO_IN_AP_251703_W52813,Salur (M) - Ward No.16,ward,GEO_IN_AP_251703,,,
GEO_IN_AP_251725_W57238,Rajahmundry (M Corp.) - Ward No.42,ward,GEO_IN_AP_251725,,,
GEO_IN_AP_251745_W54849,Nuzvid (M) - Ward No.15,ward,GEO_IN_AP_251745,,,
GEO_IN_AP_251761_W51797,Repalle (M) - Ward No.6,ward,GEO_IN_AP_251761,,,
GEO_IN_AP_251719_W1297936,Visakhapatnam (M Corp.) - Ward No.89,ward,GEO_IN_AP_251719,,,
GEO_IN_AP_248120_W56037,Punganur (NP) - Ward No.10,ward,GEO_IN_AP_248120,,,
GEO_IN_AP_251746_W58206,Vijayawada (M Corp.) - Ward No.19,ward,GEO_IN_AP_251746,,,
GEO_IN_AP_296263_W2308076,Election Ward No.10,ward,GEO_IN_AP_296263,,,
GEO_IN_AP_251742_W131506,Narasapur Ward No 30,ward,GEO_IN_AP_251742,,,
GEO_IN_AP_253295_W126473,Kanigiri-Ward No.4,ward,GEO_IN_AP_253295,,,
GEO_IN_AP_296256_W2323432,Election Ward No.12,ward,GEO_IN_AP_296256,,,
GEO_IN_AP_248113_W55587,Guntakal (M) - Ward No.20,ward,GEO_IN_AP_248113,,,
GEO_IN_AP_251755_W55207,Narasaraopet (M) - Ward No.18,ward,GEO_IN_AP_251755,,,
GEO_IN_AP_263068_W1297651,Gudurnlr Ward No. 22,ward,GEO_IN_AP_263068,,,
GEO_IN_AP_251761_W2251,Repalle (M) - Ward No.23,ward,GEO_IN_AP_251761,,,
GEO_IN_AP_248115_W53341,Dharmavaram (M) - Ward No.27,ward,GEO_IN_AP_248115,,,
GEO_IN_AP_251711_W53378,Nellimarla (CT) - Ward No.5,ward,GEO_IN_AP_251711,,,
GEO_IN_AP_251725_W57209,Rajahmundry (M Corp.) - Ward No.13,ward,GEO_IN_AP_251725,,,
GEO_IN_AP_251722_W1297754,Tuni Ward No.18,ward,GEO_IN_AP_251722,,,
GEO_IN_AP_257869_W126495,Giddalur-Ward No.5,ward,GEO_IN_AP_257869,,,
GEO_IN_AP_253101_W2179,Pulivendula (M) - Ward No.11,ward,GEO_IN_AP_253101,,,
GEO_IN_AP_251752_W3046013,Mangalagiri Ward No.45,ward,GEO_IN_AP_251752,,,
GEO_IN_AP_251758_W51658,Tenali (M) - Ward No.31,ward,GEO_IN_AP_251758,,,
GEO_IN_AP_251739_W161468,Eluru Ward No 38,ward,GEO_IN_AP_251739,,,
GEO_IN_AP_248118_W53554,Hindupur (M) - Ward No.27,ward,GEO_IN_AP_248118,,,
GEO_IN_AP_251740_W54655,Tanuku (M) - Ward No.31,ward,GEO_IN_AP_251740,,,
GEO_IN_AP_251719_W53512,Visakhapatnam (M Corp.) - Ward No.27,ward,GEO_IN_AP_251719,,,
GEO_IN_AP_296262_W2307995,Election Ward No.15,ward,GEO_IN_AP_296262,,,
GEO_IN_AP_248112_W53301,Anantapur (M) - Ward No.19,ward,GEO_IN_AP_248112,,,
GEO_IN_AP_257906_W161547,Jangareddigudem Ward No 12,ward,GEO_IN_AP_257906,,,
GEO_IN_AP_251799_W55600,Kalyandurg (CT) - Ward No.10,ward,GEO_IN_AP_251799,,,
GEO_IN_AP_248116_W1297437,Kadiri Ward No 31,ward,GEO_IN_AP_248116,,,
GEO_IN_AP_251700_W1297703,Srikakulam Ward No. 49,ward,GEO_IN_AP_251700,,,
GEO_IN_AP_251740_W54652,Tanuku (M) - Ward No.28,ward,GEO_IN_AP_251740,,,
GEO_IN_AP_277315_W1297493,Mummidivaram Ward No.1,ward,GEO_IN_AP_277315,,,
GEO_IN_AP_251746_W58254,Vijayawada (M Corp.) - Ward No.43,ward,GEO_IN_AP_251746,,,
GEO_IN_AP_251782_W52114,10th Division,ward,GEO_IN_AP_251782,,,
GEO_IN_AP_251773_W52011,Gudur (M) - Ward No.9,ward,GEO_IN_AP_251773,,,
GEO_IN_AP_258033_W160787,Atmakurnlr Ward No 20,ward,GEO_IN_AP_258033,,,
GEO_IN_AP_251757_W59160,Guntur (M Corp.) - Ward No.7,ward,GEO_IN_AP_251757,,,
GEO_IN_AP_277319_W1297824,Jaggaiahpet Ward No. 10,ward,GEO_IN_AP_277319,,,
GEO_IN_AP_248113_W55590,Guntakal (M) - Ward No.23,ward,GEO_IN_AP_248113,,,
GEO_IN_AP_251725_W57236,Rajahmundry (M Corp.) - Ward No.40,ward,GEO_IN_AP_251725,,,
GEO_IN_AP_251698_W3046144,Rajam (CT) - Ward No.21,ward,GEO_IN_AP_251698,,,
GEO_IN_AP_248120_W3046136,Punganur (NP) - Ward No.27,ward,GEO_IN_AP_248120,,,
GEO_IN_AP_251699_W52705,Amadalavalasa (NP) - Ward No.16,ward,GEO_IN_AP_251699,,,
GEO_IN_AP_253254_W494,Ward No. 20,ward,GEO_IN_AP_253254,,,
GEO_IN_AP_251740_W54630,Tanuku (M) - Ward No.6,ward,GEO_IN_AP_251740,,,
GEO_IN_AP_253102_W3046148,Rajampet Ward No.21,ward,GEO_IN_AP_253102,,,
GEO_IN_AP_251757_W69694,Guntur (M Corp.) - Ward No.48,ward,GEO_IN_AP_251757,,,
GEO_IN_AP_251727_W1297709,Samalkot Ward No.19,ward,GEO_IN_AP_251727,,,
GEO_IN_AP_251742_W58141,Narasapur (M) - Ward No.7,ward,GEO_IN_AP_251742,,,
GEO_IN_AP_258054_W163354,Yelamanchili M Ward No 24,ward,GEO_IN_AP_258054,,,
GEO_IN_AP_248119_W126594,Madanapalli - Ward No.31,ward,GEO_IN_AP_248119,,,
GEO_IN_AP_251750_W1297851,Machilipatnam Ward No.42,ward,GEO_IN_AP_251750,,,
GEO_IN_AP_277319_W3046070,Jaggaiahpet Ward No. 28,ward,GEO_IN_AP_277319,,,
GEO_IN_AP_251752_W3046003,Mangalagiri Ward No.35,ward,GEO_IN_AP_251752,,,
GEO_IN_AP_251761_W2245,Repalle (M) - Ward No.17,ward,GEO_IN_AP_251761,,,
GEO_IN_AP_251753_W126650,Sattenapalli Ward No 29,ward,GEO_IN_AP_251753,,,
GEO_IN_AP_263068_W1297647,Gudurnlr Ward No. 18,ward,GEO_IN_AP_263068,,,
GEO_IN_AP_251732_W1297917,Mandapeta Ward No. 21,ward,GEO_IN_AP_251732,,,
GEO_IN_AP_251716_W53440,Narsipatnam (CT) - Ward No.25,ward,GEO_IN_AP_251716,,,
GEO_IN_AP_253169_W3046065,Dhone Ward No. 30,ward,GEO_IN_AP_253169,,,
GEO_IN_AP_251795_W1297606,Nandyal Ward No. 35,ward,GEO_IN_AP_251795,,,
GEO_IN_AP_251770_W55500,Kavali (M) - Ward No.7,ward,GEO_IN_AP_251770,,,
GEO_IN_AP_277316_W1297368,Gollaprolu Ward No. 5,ward,GEO_IN_AP_277316,,,
GEO_IN_AP_251695_W56956,Palasa Kasibugga (NP) - Ward No.14,ward,GEO_IN_AP_251695,,,
GEO_IN_AP_251727_W54480,Samalkot (M) - Ward No.2,ward,GEO_IN_AP_251727,,,
GEO_IN_AP_251725_W57216,Rajahmundry (M Corp.) - Ward No.20,ward,GEO_IN_AP_251725,,,
GEO_IN_AP_251766_W55402,Ongole (M) - Ward No.2,ward,GEO_IN_AP_251766,,,
GEO_IN_AP_251741_W54763,Bhimavaram (M) - Ward No.17,ward,GEO_IN_AP_251741,,,
GEO_IN_AP_251763_W55367,Chirala (M) - Ward No.6,ward,GEO_IN_AP_251763,,,
GEO_IN_AP_253252_W99,Ward No.1,ward,GEO_IN_AP_253252,,,
GEO_IN_AP_248116_W53354,Kadiri (M) - Ward No.8,ward,GEO_IN_AP_248116,,,
GEO_IN_AP_251719_W53533,Visakhapatnam (M Corp.) - Ward No.48,ward,GEO_IN_AP_251719,,,
GEO_IN_AP_251760_W51702,Bapatla (M) - Ward No.19,ward,GEO_IN_AP_251760,,,
GEO_IN_AP_251774_W52020,Venkatagiri (CT) - Ward No.1,ward,GEO_IN_AP_251774,,,
GEO_IN_AP_251696_W52668,Ichchapuram (NP) - Ward No.10,ward,GEO_IN_AP_251696,,,
GEO_IN_AP_251736_W161509,Kovvur Ward No 21,ward,GEO_IN_AP_251736,,,
GEO_IN_AP_253101_W3088,Pulivendula (M) - Ward No.6,ward,GEO_IN_AP_253101,,,
GEO_IN_AP_296264_W2331482,Election Ward No.20,ward,GEO_IN_AP_296264,,,
GEO_IN_AP_248115_W53336,Dharmavaram (M) - Ward No.22,ward,GEO_IN_AP_248115,,,
GEO_IN_AP_251770_W55502,Kavali (M) - Ward No.9,ward,GEO_IN_AP_251770,,,
GEO_IN_AP_251743_W54787,Palacole (M) - Ward No.12,ward,GEO_IN_AP_251743,,,
GEO_IN_AP_254922_W1297867,Nandigama Ward No.16,ward,GEO_IN_AP_254922,,,
GEO_IN_AP_248123_W53691,Palamaner - Ward No.13,ward,GEO_IN_AP_248123,,,
GEO_IN_AP_299715_W3045709,Ward No 9,ward,GEO_IN_AP_299715,,,
GEO_IN_AP_251761_W2250,Repalle (M) - Ward No.22,ward,GEO_IN_AP_251761,,,
GEO_IN_AP_251762_W126616,Markapur M-Ward.18,ward,GEO_IN_AP_251762,,,
GEO_IN_AP_257967_W127824,Ward,ward,GEO_IN_AP_257967,,,
GEO_IN_AP_296328_W2323502,Election Ward No.14,ward,GEO_IN_AP_296328,,,
GEO_IN_AP_248118_W53366,Hindupur (M) - Ward No.3,ward,GEO_IN_AP_248118,,,
GEO_IN_AP_251709_W52987,Vizianagaram (M) - Ward No.14,ward,GEO_IN_AP_251709,,,
GEO_IN_AP_248126_W53651,Puttur (CT) - Ward No.4,ward,GEO_IN_AP_248126,,,
GEO_IN_AP_251789_W52340,Kurnool Ward No. 8,ward,GEO_IN_AP_251789,,,
GEO_IN_AP_248114_W1297464,Tadipatri Ward No.24,ward,GEO_IN_AP_248114,,,
GEO_IN_AP_251758_W51642,Tenali (M) - Ward No.15,ward,GEO_IN_AP_251758,,,
GEO_IN_AP_248113_W55576,Guntakal (M) - Ward No.9,ward,GEO_IN_AP_248113,,,
GEO_IN_AP_251797_W53078,Gooty (CT) - Ward No.10,ward,GEO_IN_AP_251797,,,
GEO_IN_AP_251711_W53388,Nellimarla (CT) - Ward No.15,ward,GEO_IN_AP_251711,,,
GEO_IN_AP_251743_W54804,Palacole (M) - Ward No.29,ward,GEO_IN_AP_251743,,,
GEO_IN_AP_251757_W59171,Guntur (M Corp.) - Ward No.18,ward,GEO_IN_AP_251757,,,
GEO_IN_AP_263068_W1297645,Gudurnlr Ward No. 16,ward,GEO_IN_AP_263068,,,
GEO_IN_AP_251735_W54561,Amalapuram (M) - Ward No.12,ward,GEO_IN_AP_251735,,,
GEO_IN_AP_251702_W52772,Bobbili (M) - Ward No.26,ward,GEO_IN_AP_251702,,,
GEO_IN_AP_253102_W52172,Rajampet Ward No.11,ward,GEO_IN_AP_253102,,,
GEO_IN_AP_251736_W161511,Kovvur Ward No 23,ward,GEO_IN_AP_251736,,,
GEO_IN_AP_251733_W54518,Ramachandrapuram (M) - Ward No.9,ward,GEO_IN_AP_251733,,,
GEO_IN_AP_251735_W1297487,Amalapuram Ward No. 25,ward,GEO_IN_AP_251735,,,
GEO_IN_AP_251731_W57508,Kakinada (M) - Ward No.4,ward,GEO_IN_AP_251731,,,
GEO_IN_AP_251709_W52974,Vizianagaram (M) - Ward No.1,ward,GEO_IN_AP_251709,,,
GEO_IN_AP_251696_W52671,Ichchapuram (NP) - Ward No.13,ward,GEO_IN_AP_251696,,,
GEO_IN_AP_251789_W1297536,Kurnool Ward No. 22,ward,GEO_IN_AP_251789,,,
GEO_IN_AP_251770_W55508,Musunuru (OG) (Part) - Ward No.15,ward,GEO_IN_AP_251770,,,
GEO_IN_AP_251731_W57973,Kakinada (M) - Ward No.11,ward,GEO_IN_AP_251731,,,
GEO_IN_AP_296328_W2323500,Election Ward No.12,ward,GEO_IN_AP_296328,,,
GEO_IN_AP_251743_W54783,Palacole (M) - Ward No.8,ward,GEO_IN_AP_251743,,,
GEO_IN_AP_253272_W1297337,Allagadda Ward No. 18,ward,GEO_IN_AP_253272,,,
GEO_IN_AP_251774_W52035,Venkatagiri (CT) - Ward No.16,ward,GEO_IN_AP_251774,,,
GEO_IN_AP_251759_W51677,Ponnur (M) - Ward No.19,ward,GEO_IN_AP_251759,,,
GEO_IN_AP_251703_W52803,Salur (M) - Ward No.6,ward,GEO_IN_AP_251703,,,
GEO_IN_AP_257831_W162454,Naidupet Ward No. 1,ward,GEO_IN_AP_257831,,,
GEO_IN_AP_251795_W53047,Ayyalur (OG) (Part) - Ward No.32,ward,GEO_IN_AP_251795,,,
GEO_IN_AP_248111_W2071,Ward No.27,ward,GEO_IN_AP_248111,,,
GEO_IN_AP_251740_W54645,Tanuku (M) - Ward No.21,ward,GEO_IN_AP_251740,,,
GEO_IN_AP_248126_W53659,Puttur (CT) - Ward No.12,ward,GEO_IN_AP_248126,,,
GEO_IN_AP_253169_W3046066,Dhone Ward No. 31,ward,GEO_IN_AP_253169,,,
GEO_IN_AP_251745_W54844,Nuzvid (M) - Ward No.10,ward,GEO_IN_AP_251745,,,
GEO_IN_AP_257967_W127800,Ward,ward,GEO_IN_AP_257967,,,
GEO_IN_AP_299713_W3045661,Ward No 1,ward,GEO_IN_AP_299713,,,
GEO_IN_AP_251789_W1297552,Kurnool Ward No. 38,ward,GEO_IN_AP_251789,,,
GEO_IN_AP_277319_W1297823,Jaggaiahpet Ward No. 9,ward,GEO_IN_AP_277319,,,
GEO_IN_AP_253167_W1297792,Piduguralla Ward No 25,ward,GEO_IN_AP_253167,,,
GEO_IN_AP_251761_W51802,Repalle (M) - Ward No.11,ward,GEO_IN_AP_251761,,,
GEO_IN_AP_251731_W57985,Kakinada (M) - Ward No.17,ward,GEO_IN_AP_251731,,,
GEO_IN_AP_248116_W53352,Kadiri (M) - Ward No.6,ward,GEO_IN_AP_248116,,,
GEO_IN_AP_248121_W126571,Tirupati - Ward No.47,ward,GEO_IN_AP_248121,,,
GEO_IN_AP_251737_W58119,Nidadavole (M) - Ward No.8,ward,GEO_IN_AP_251737,,,
GEO_IN_AP_277319_W1297840,Jaggaiahpet Ward No. 26,ward,GEO_IN_AP_277319,,,
GEO_IN_AP_253270_W1297347,Atmakurknl Ward No. 4,ward,GEO_IN_AP_253270,,,
GEO_IN_AP_251799_W69100,Kalyandurg (CT) - Ward No.17,ward,GEO_IN_AP_251799,,,
GEO_IN_AP_253273_W3046095,Nandikotkur Ward No. 24,ward,GEO_IN_AP_253273,,,
GEO_IN_AP_251695_W56957,Palasa Kasibugga (NP) - Ward No.15,ward,GEO_IN_AP_251695,,,
GEO_IN_AP_248126_W53649,Puttur (CT) - Ward No.2,ward,GEO_IN_AP_248126,,,
GEO_IN_AP_251786_W52177,Rayachoti (CT) - Ward No.14,ward,GEO_IN_AP_251786,,,
GEO_IN_AP_251759_W51664,Ponnur (M) - Ward No.6,ward,GEO_IN_AP_251759,,,
GEO_IN_AP_251789_W1297550,Kurnool Ward No. 36,ward,GEO_IN_AP_251789,,,
GEO_IN_AP_253252_W321,Ward No.6,ward,GEO_IN_AP_253252,,,
GEO_IN_AP_296260_W2308042,Election Ward No.11,ward,GEO_IN_AP_296260,,,
GEO_IN_AP_251772_W160854,Nellore M Ward No 49,ward,GEO_IN_AP_251772,,,
GEO_IN_AP_296250_W2309864,Election Ward No.3,ward,GEO_IN_AP_296250,,,
GEO_IN_AP_251716_W53437,Narsipatnam (CT) - Ward No.22,ward,GEO_IN_AP_251716,,,
GEO_IN_AP_251797_W179,Gooty (CT) - Ward No.16,ward,GEO_IN_AP_251797,,,
GEO_IN_AP_251753_W126511,Sattenapalle Ward No 27,ward,GEO_IN_AP_251753,,,
GEO_IN_AP_248116_W1297424,Kadiri Ward No 18,ward,GEO_IN_AP_248116,,,
GEO_IN_AP_251719_W54003,Visakhapatnam (M Corp.) - Ward No.61,ward,GEO_IN_AP_251719,,,
GEO_IN_AP_248121_W126564,Tirupati - Ward No.41,ward,GEO_IN_AP_248121,,,
GEO_IN_AP_296250_W2309869,Election Ward No.8,ward,GEO_IN_AP_296250,,,
GEO_IN_AP_251763_W55368,Chirala (M) - Ward No.7,ward,GEO_IN_AP_251763,,,
GEO_IN_AP_251719_W53492,Visakhapatnam (M Corp.) - Ward No.7,ward,GEO_IN_AP_251719,,,
GEO_IN_AP_248112_W53300,Anantapur (M) - Ward No.18,ward,GEO_IN_AP_248112,,,
GEO_IN_AP_251731_W58041,Kakinada (M) - Ward No.45,ward,GEO_IN_AP_251731,,,
GEO_IN_AP_248113_W1297418,Ward No 32,ward,GEO_IN_AP_248113,,,
GEO_IN_AP_248123_W3046103,Palamaner - Ward No.26,ward,GEO_IN_AP_248123,,,
GEO_IN_AP_251731_W57963,Kakinada (M) - Ward No.6,ward,GEO_IN_AP_251731,,,
GEO_IN_AP_251781_W1297735,Yerraguntla Ward No. 16,ward,GEO_IN_AP_251781,,,
GEO_IN_AP_296263_W2308084,Election Ward No.18,ward,GEO_IN_AP_296263,,,
GEO_IN_AP_251754_W3046167,Vinukonda Ward No.28,ward,GEO_IN_AP_251754,,,
GEO_IN_AP_251700_W1297676,Srikakulam Ward No. 22,ward,GEO_IN_AP_251700,,,
GEO_IN_AP_251749_W59138,Pedana (NP) - Ward No.2,ward,GEO_IN_AP_251749,,,
GEO_IN_AP_248121_W126535,Tirupati - Ward No.24,ward,GEO_IN_AP_248121,,,
GEO_IN_AP_296257_W2308104,Election Ward No.18,ward,GEO_IN_AP_296257,,,
GEO_IN_AP_251757_W69692,Guntur (M Corp.) - Ward No.46,ward,GEO_IN_AP_251757,,,
GEO_IN_AP_251722_W1297751,Tuni Ward No.15,ward,GEO_IN_AP_251722,,,
GEO_IN_AP_251703_W52825,Salur (M) - Ward No.28,ward,GEO_IN_AP_251703,,,
GEO_IN_AP_296263_W2308071,Election Ward No.5,ward,GEO_IN_AP_296263,,,
GEO_IN_AP_251728_W57472,Pithapuram (M) - Ward No.1,ward,GEO_IN_AP_251728,,,
GEO_IN_AP_248119_W55667,Madanapalle (M) - Ward No.10,ward,GEO_IN_AP_248119,,,
GEO_IN_AP_251751_W2471,Macherla (M) - Ward No.19,ward,GEO_IN_AP_251751,,,
GEO_IN_AP_248123_W53682,Palamaner - Ward No.4,ward,GEO_IN_AP_248123,,,
GEO_IN_AP_251752_W2571,Mangalagiri (M) - Ward No.31,ward,GEO_IN_AP_251752,,,
GEO_IN_AP_251724_W54053,Peddapuram (M) - Ward No.6,ward,GEO_IN_AP_251724,,,
GEO_IN_AP_248120_W56027,Punganur (NP) - Ward No.5,ward,GEO_IN_AP_248120,,,
GEO_IN_AP_251728_W57474,Pithapuram (M) - Ward No.3,ward,GEO_IN_AP_251728,,,
GEO_IN_AP_253295_W126485,Kanigiri-Ward No.15,ward,GEO_IN_AP_253295,,,
GEO_IN_AP_253273_W3046096,Nandikotkur Ward No. 25,ward,GEO_IN_AP_253273,,,
GEO_IN_AP_251735_W1297485,Amalapuram Ward No. 23,ward,GEO_IN_AP_251735,,,
GEO_IN_AP_253227_W127745,Sullurpeta Ward No. 15,ward,GEO_IN_AP_253227,,,
GEO_IN_AP_251724_W54068,Peddapuram (M) - Ward No.21,ward,GEO_IN_AP_251724,,,
GEO_IN_AP_251772_W51868,Nellore (M) - Ward No.5,ward,GEO_IN_AP_251772,,,
GEO_IN_AP_251742_W58153,Narasapur (M) - Ward No.19,ward,GEO_IN_AP_251742,,,
GEO_IN_AP_251738_W54590,Tadepalligudem (M) - Ward No.13,ward,GEO_IN_AP_251738,,,
GEO_IN_AP_251733_W54525,Ramachandrapuram (M) - Ward No.16,ward,GEO_IN_AP_251733,,,
GEO_IN_AP_251761_W51705,Repalle (M) - Ward No.3,ward,GEO_IN_AP_251761,,,
GEO_IN_AP_251746_W58172,Vijayawada (M Corp.) - Ward No.2,ward,GEO_IN_AP_251746,,,
GEO_IN_AP_251733_W54527,Ramachandrapuram (M) - Ward No.18,ward,GEO_IN_AP_251733,,,
GEO_IN_AP_251778_W436,Bodhan (M) - Ward No.7,ward,GEO_IN_AP_251778,,,
GEO_IN_AP_248111_W429,Ward No.5,ward,GEO_IN_AP_248111,,,
GEO_IN_AP_251773_W52007,Gudur (M) - Ward No.5,ward,GEO_IN_AP_251773,,,
GEO_IN_AP_248113_W55579,Guntakal (M) - Ward No.12,ward,GEO_IN_AP_248113,,,
GEO_IN_AP_251750_W54881,Machilipatnam (M) - Ward No.1,ward,GEO_IN_AP_251750,,,
GEO_IN_AP_253167_W2468,Piduguralla M Ward No 17,ward,GEO_IN_AP_253167,,,
GEO_IN_AP_251719_W53515,Visakhapatnam (M Corp.) - Ward No.30,ward,GEO_IN_AP_251719,,,
GEO_IN_AP_251787_W52327,Yemmiganur (M) - Ward No.2,ward,GEO_IN_AP_251787,,,
GEO_IN_AP_251719_W1297942,Visakhapatnam (M Corp.) - Ward No.95,ward,GEO_IN_AP_251719,,,
GEO_IN_AP_257869_W126510,Giddalur-Ward No.20,ward,GEO_IN_AP_257869,,,
GEO_IN_AP_258033_W160731,Atmakurnlr Ward No 3,ward,GEO_IN_AP_258033,,,
GEO_IN_AP_251746_W58252,Vijayawada (M Corp.) - Ward No.42,ward,GEO_IN_AP_251746,,,
GEO_IN_AP_251787_W1297621,Yemmiganur Ward No. 26,ward,GEO_IN_AP_251787,,,
GEO_IN_AP_251738_W1297724,Tadepalligudem Ward No. 34,ward,GEO_IN_AP_251738,,,
GEO_IN_AP_251716_W53442,Narsipatnam (CT) - Ward No.27,ward,GEO_IN_AP_251716,,,
GEO_IN_AP_251751_W54921,Macherla (M) - Ward No.5,ward,GEO_IN_AP_251751,,,
GEO_IN_AP_251743_W54799,Palacole (M) - Ward No.24,ward,GEO_IN_AP_251743,,,
GEO_IN_AP_257967_W127817,Ward,ward,GEO_IN_AP_257967,,,
GEO_IN_AP_251735_W54560,Amalapuram (M) - Ward No.11,ward,GEO_IN_AP_251735,,,
GEO_IN_AP_251799_W69106,Kalyandurg (CT) - Ward No.23,ward,GEO_IN_AP_251799,,,
GEO_IN_AP_251719_W1297931,Visakhapatnam (M Corp.) - Ward No.84,ward,GEO_IN_AP_251719,,,
GEO_IN_AP_299714_W3045697,Ward No 17,ward,GEO_IN_AP_299714,,,
GEO_IN_AP_251695_W56948,Palasa Kasibugga (NP) - Ward No.6,ward,GEO_IN_AP_251695,,,
GEO_IN_AP_251747_W1297812,Gudivada Ward No. 34,ward,GEO_IN_AP_251747,,,
GEO_IN_AP_251709_W52983,Vizianagaram (M) - Ward No.10,ward,GEO_IN_AP_251709,,,
GEO_IN_AP_251728_W57473,Pithapuram (M) - Ward No.2,ward,GEO_IN_AP_251728,,,
GEO_IN_AP_299713_W3045670,Ward No 10,ward,GEO_IN_AP_299713,,,
GEO_IN_AP_251757_W59155,Guntur (M Corp.) - Ward No.2,ward,GEO_IN_AP_251757,,,
GEO_IN_AP_254923_W1297903,Vuyyuru Ward No.7,ward,GEO_IN_AP_254923,,,
GEO_IN_AP_251728_W57480,Pithapuram (M) - Ward No.9,ward,GEO_IN_AP_251728,,,
GEO_IN_AP_296264_W2331478,Election Ward No.16,ward,GEO_IN_AP_296264,,,
GEO_IN_AP_251761_W2247,Repalle (M) - Ward No.19,ward,GEO_IN_AP_251761,,,
GEO_IN_AP_251773_W52010,Gudur (M) - Ward No.8,ward,GEO_IN_AP_251773,,,
GEO_IN_AP_251795_W53039,Nandyal (M) - Ward No.28,ward,GEO_IN_AP_251795,,,
GEO_IN_AP_251743_W54798,Palacole (M) - Ward No.23,ward,GEO_IN_AP_251743,,,
GEO_IN_AP_251741_W54755,Bhimavaram (M) - Ward No.9,ward,GEO_IN_AP_251741,,,
GEO_IN_AP_253101_W2180,Pulivendula (M) - Ward No.10,ward,GEO_IN_AP_253101,,,
GEO_IN_AP_251786_W52183,Rayachoti (CT) - Ward No.17,ward,GEO_IN_AP_251786,,,
GEO_IN_AP_251762_W51814,Markapur (M) - Ward No.7,ward,GEO_IN_AP_251762,,,
GEO_IN_AP_248122_W56070,Chittoor - Ward No.26,ward,GEO_IN_AP_248122,,,
GEO_IN_AP_251778_W490,Bodhan (M) - Ward No.25,ward,GEO_IN_AP_251778,,,
GEO_IN_AP_251702_W52759,Bobbili (M) - Ward No.13,ward,GEO_IN_AP_251702,,,
GEO_IN_AP_251735_W54555,Amalapuram (M) - Ward No.6,ward,GEO_IN_AP_251735,,,
GEO_IN_AP_299612_W3045641,Ward No 19,ward,GEO_IN_AP_299612,,,
GEO_IN_AP_258033_W160783,Atmakurnlr Ward No 17,ward,GEO_IN_AP_258033,,,
GEO_IN_AP_253252_W326,Ward No.11,ward,GEO_IN_AP_253252,,,
GEO_IN_AP_251746_W58260,Vijayawada (M Corp.) - Ward No.46,ward,GEO_IN_AP_251746,,,
GEO_IN_AP_258033_W160794,Atmakurnlr Ward No 23,ward,GEO_IN_AP_258033,,,
GEO_IN_AP_251746_W58282,Vijayawada (M Corp.) - Ward No.57,ward,GEO_IN_AP_251746,,,
GEO_IN_AP_296264_W2331464,Election Ward No.2,ward,GEO_IN_AP_296264,,,
GEO_IN_AP_248121_W126570,Tirupati - Ward No.46,ward,GEO_IN_AP_248121,,,
GEO_IN_AP_251789_W1297565,Kurnool Ward No. 51,ward,GEO_IN_AP_251789,,,
GEO_IN_AP_251727_W1297716,Samalkot Ward No.26,ward,GEO_IN_AP_251727,,,
GEO_IN_AP_251757_W1297309,Guntur Ward No. 56,ward,GEO_IN_AP_251757,,,
GEO_IN_AP_248116_W53355,Kadiri (M) - Ward No.9,ward,GEO_IN_AP_248116,,,
GEO_IN_AP_248117_W1297447,Rayadurg Ward No 22,ward,GEO_IN_AP_248117,,,
GEO_IN_AP_251719_W53498,Visakhapatnam (M Corp.) - Ward No.13,ward,GEO_IN_AP_251719,,,
GEO_IN_AP_251782_W2567,42nd Division,ward,GEO_IN_AP_251782,,,
GEO_IN_AP_251727_W54488,Samalkot (M) - Ward No.10,ward,GEO_IN_AP_251727,,,
GEO_IN_AP_251722_W54035,Tuni (M) - Ward No.2,ward,GEO_IN_AP_251722,,,
GEO_IN_AP_251787_W52329,Yemmiganur (M) - Ward No.3,ward,GEO_IN_AP_251787,,,
GEO_IN_AP_251772_W1297318,Nellore Ward No. 53,ward,GEO_IN_AP_251772,,,
GEO_IN_AP_248111_W432,Ward No.6,ward,GEO_IN_AP_248111,,,
GEO_IN_AP_251746_W58188,Vijayawada (M Corp.) - Ward No.10,ward,GEO_IN_AP_251746,,,
GEO_IN_AP_251719_W1297941,Visakhapatnam (M Corp.) - Ward No.94,ward,GEO_IN_AP_251719,,,
GEO_IN_AP_248123_W53680,Palamaner - Ward No.2,ward,GEO_IN_AP_248123,,,
GEO_IN_AP_248124_W126529,Srikalahasti - Ward No.34,ward,GEO_IN_AP_248124,,,
GEO_IN_AP_251735_W54558,Amalapuram (M) - Ward No.9,ward,GEO_IN_AP_251735,,,
GEO_IN_AP_251709_W52998,Vizianagaram (M) - Ward No.25,ward,GEO_IN_AP_251709,,,
GEO_IN_AP_277317_W1297771,Yelleswaram Ward No.5,ward,GEO_IN_AP_277317,,,
GEO_IN_AP_251700_W1297684,Srikakulam Ward No. 30,ward,GEO_IN_AP_251700,,,
GEO_IN_AP_251747_W1297806,Gudivada Ward No. 28,ward,GEO_IN_AP_251747,,,
GEO_IN_AP_251772_W1297316,Nellore Ward No. 51,ward,GEO_IN_AP_251772,,,
GEO_IN_AP_277317_W1297770,Yelleswaram Ward No.4,ward,GEO_IN_AP_277317,,,
GEO_IN_AP_251716_W53435,Narsipatnam (CT) - Ward No.20,ward,GEO_IN_AP_251716,,,
GEO_IN_AP_253295_W126472,Kanigiri-Ward No.3,ward,GEO_IN_AP_253295,,,
GEO_IN_AP_251750_W1297846,Machilipatnam Ward No.37,ward,GEO_IN_AP_251750,,,
GEO_IN_AP_248112_W53295,Anantapur (M) - Ward No.13,ward,GEO_IN_AP_248112,,,
GEO_IN_AP_251735_W54559,Amalapuram (M) - Ward No.10,ward,GEO_IN_AP_251735,,,
GEO_IN_AP_251760_W51684,Bapatla (M) - Ward No.1,ward,GEO_IN_AP_251760,,,
GEO_IN_AP_251709_W3046024,Vizianagaram Ward No. 45,ward,GEO_IN_AP_251709,,,
GEO_IN_AP_248113_W55581,Guntakal (M) - Ward No.14,ward,GEO_IN_AP_248113,,,
GEO_IN_AP_277316_W1297365,Gollaprolu Ward No. 2,ward,GEO_IN_AP_277316,,,
GEO_IN_AP_248115_W53317,Dharmavaram (M) - Ward No.3,ward,GEO_IN_AP_248115,,,
GEO_IN_AP_251739_W161465,Eluru Ward No 35,ward,GEO_IN_AP_251739,,,
GEO_IN_AP_257831_W162469,Naidupet Ward No. 7,ward,GEO_IN_AP_257831,,,
GEO_IN_AP_248120_W3046138,Punganur (NP) - Ward No.29,ward,GEO_IN_AP_248120,,,
GEO_IN_AP_251709_W1297985,Vizianagaram Ward No. 32,ward,GEO_IN_AP_251709,,,
GEO_IN_AP_251699_W52704,Amadalavalasa (NP) - Ward No.15,ward,GEO_IN_AP_251699,,,
GEO_IN_AP_251755_W55209,Narasaraopet (M) - Ward No.20,ward,GEO_IN_AP_251755,,,
GEO_IN_AP_257868_W126462,Addanki Ward No-13,ward,GEO_IN_AP_257868,,,
GEO_IN_AP_251768_W55476,Kandukur (M) - Ward No.7,ward,GEO_IN_AP_251768,,,
GEO_IN_AP_251789_W1297562,Kurnool Ward No. 48,ward,GEO_IN_AP_251789,,,
GEO_IN_AP_251755_W55206,Narasaraopet (M) - Ward No.17,ward,GEO_IN_AP_251755,,,
GEO_IN_AP_251753_W55148,Sattenapalle (M) - Ward No.3,ward,GEO_IN_AP_251753,,,
GEO_IN_AP_248124_W55634,Srikalahasti (M) - Ward No.17,ward,GEO_IN_AP_248124,,,
GEO_IN_AP_299714_W3045684,Ward No 4,ward,GEO_IN_AP_299714,,,
GEO_IN_AP_251754_W55187,Vinukonda Ward No.22,ward,GEO_IN_AP_251754,,,
GEO_IN_AP_251756_W55688,Chilakaluripet (M) - Ward No.8,ward,GEO_IN_AP_251756,,,
GEO_IN_AP_251768_W55477,Kandukur (M) - Ward No.8,ward,GEO_IN_AP_251768,,,
GEO_IN_AP_251766_W55434,Ongole (M) - Ward No.34,ward,GEO_IN_AP_251766,,,
GEO_IN_AP_251728_W57483,Pithapuram (M) - Ward No.12,ward,GEO_IN_AP_251728,,,
GEO_IN_AP_253167_W1297795,Piduguralla Ward No 28,ward,GEO_IN_AP_253167,,,
GEO_IN_AP_248120_W56045,Punganur (NP) - Ward No.14,ward,GEO_IN_AP_248120,,,
GEO_IN_AP_251700_W1297678,Srikakulam Ward No. 24,ward,GEO_IN_AP_251700,,,
GEO_IN_AP_248118_W53364,Hindupur (M) - Ward No.1,ward,GEO_IN_AP_248118,,,
GEO_IN_AP_251756_W55708,Chilakaluripet (M) - Ward No.28,ward,GEO_IN_AP_251756,,,
GEO_IN_AP_251755_W55191,Narasaraopet (M) - Ward No.2,ward,GEO_IN_AP_251755,,,
GEO_IN_AP_299714_W3045695,Ward No 15,ward,GEO_IN_AP_299714,,,
GEO_IN_AP_251758_W51634,Tenali (M) - Ward No.7,ward,GEO_IN_AP_251758,,,
GEO_IN_AP_296259_W2308021,Election Ward No.10,ward,GEO_IN_AP_296259,,,
GEO_IN_AP_248126_W3046143,Puttur (CT) - Ward No.27,ward,GEO_IN_AP_248126,,,
GEO_IN_AP_251743_W54803,Palacole (M) - Ward No.28,ward,GEO_IN_AP_251743,,,
GEO_IN_AP_254923_W1297900,Vuyyuru Ward No.4,ward,GEO_IN_AP_254923,,,
GEO_IN_AP_251709_W3046020,Vizianagaram Ward No. 41,ward,GEO_IN_AP_251709,,,
GEO_IN_AP_253167_W54936,Piduguralla M Ward No 12,ward,GEO_IN_AP_253167,,,
GEO_IN_AP_277319_W1297820,Jaggaiahpet Ward No. 6,ward,GEO_IN_AP_277319,,,
GEO_IN_AP_251709_W52993,Vizianagaram (M) - Ward No.20,ward,GEO_IN_AP_251709,,,
GEO_IN_AP_248117_W1297456,Rayadurg Ward No 31,ward,GEO_IN_AP_248117,,,
GEO_IN_AP_251768_W55482,Kandukur (M) - Ward No.13,ward,GEO_IN_AP_251768,,,
GEO_IN_AP_251789_W52334,Kurnool Ward No. 5,ward,GEO_IN_AP_251789,,,
GEO_IN_AP_251728_W1297574,Pithapuram Ward No.23,ward,GEO_IN_AP_251728,,,
GEO_IN_AP_296260_W2308046,Election Ward No.15,ward,GEO_IN_AP_296260,,,
GEO_IN_AP_248119_W126597,Madanapalli - Ward No.34,ward,GEO_IN_AP_248119,,,
GEO_IN_AP_251703_W52800,Salur (M) - Ward No.3,ward,GEO_IN_AP_251703,,,
GEO_IN_AP_251753_W55170,Sattenapalle (M) - Ward No.14,ward,GEO_IN_AP_251753,,,
GEO_IN_AP_248124_W55626,Srikalahasti (M) - Ward No.13,ward,GEO_IN_AP_248124,,,
GEO_IN_AP_248117_W1297444,Rayadurg Ward No 19,ward,GEO_IN_AP_248117,,,
GEO_IN_AP_251725_W57213,Rajahmundry (M Corp.) - Ward No.17,ward,GEO_IN_AP_251725,,,
GEO_IN_AP_248122_W56078,Chittoor - Ward No.30,ward,GEO_IN_AP_248122,,,
GEO_IN_AP_251786_W52189,Rayachoti (CT) - Ward No.20,ward,GEO_IN_AP_251786,,,
GEO_IN_AP_251742_W131498,Narasapur Ward No 26,ward,GEO_IN_AP_251742,,,
GEO_IN_AP_251750_W54885,Machilipatnam (M) - Ward No.5,ward,GEO_IN_AP_251750,,,
GEO_IN_AP_248116_W1297439,Kadiri Ward No 33,ward,GEO_IN_AP_248116,,,
GEO_IN_AP_257868_W126463,Addanki Ward No-14,ward,GEO_IN_AP_257868,,,
GEO_IN_AP_251762_W51810,Markapur (M) - Ward No.3,ward,GEO_IN_AP_251762,,,
GEO_IN_AP_299612_W3045650,Ward No 28,ward,GEO_IN_AP_299612,,,
GEO_IN_AP_251751_W2465,Macherla (M) - Ward No.16,ward,GEO_IN_AP_251751,,,
GEO_IN_AP_257906_W161538,Jangareddigudem Ward No 10,ward,GEO_IN_AP_257906,,,
GEO_IN_AP_251787_W52355,Yemmiganur (M) - Ward No.16,ward,GEO_IN_AP_251787,,,
GEO_IN_AP_251745_W54852,Nuzvid (M) - Ward No.18,ward,GEO_IN_AP_251745,,,
GEO_IN_AP_251746_W58208,Vijayawada (M Corp.) - Ward No.20,ward,GEO_IN_AP_251746,,,
GEO_IN_AP_251741_W54754,Bhimavaram (M) - Ward No.8,ward,GEO_IN_AP_251741,,,
GEO_IN_AP_296264_W2331463,Election Ward No.1,ward,GEO_IN_AP_296264,,,
GEO_IN_AP_251772_W51869,Nellore (M) - Ward No.6,ward,GEO_IN_AP_251772,,,
GEO_IN_AP_251738_W131449,Tadepalligudem Ward No 17,ward,GEO_IN_AP_251738,,,
GEO_IN_AP_251757_W1297310,Guntur Ward No. 57,ward,GEO_IN_AP_251757,,,
GEO_IN_AP_251768_W55486,Kandukur (M) - Ward No.17,ward,GEO_IN_AP_251768,,,
GEO_IN_AP_251763_W55382,Chirala (M) - Ward No.21,ward,GEO_IN_AP_251763,,,
GEO_IN_AP_251725_W57243,Rajahmundry (M Corp.) - Ward No.47,ward,GEO_IN_AP_251725,,,
GEO_IN_AP_248123_W53694,Palamaner - Ward No.16,ward,GEO_IN_AP_248123,,,
GEO_IN_AP_251751_W2479,Macherla (M) - Ward No. 23,ward,GEO_IN_AP_251751,,,
GEO_IN_AP_253254_W372,Ward No. 14,ward,GEO_IN_AP_253254,,,
GEO_IN_AP_251789_W1297556,Kurnool Ward No. 42,ward,GEO_IN_AP_251789,,,
GEO_IN_AP_251703_W52806,Salur (M) - Ward No.9,ward,GEO_IN_AP_251703,,,
GEO_IN_AP_251781_W1297733,Yerraguntla Ward No. 14,ward,GEO_IN_AP_251781,,,
GEO_IN_AP_299612_W3045633,Ward No 11,ward,GEO_IN_AP_299612,,,
GEO_IN_AP_251701_W52722,Parvathipuram (M) - Ward No.13,ward,GEO_IN_AP_251701,,,
GEO_IN_AP_253272_W1297332,Allagadda Ward No. 13,ward,GEO_IN_AP_253272,,,
GEO_IN_AP_253270_W1297356,Atmakurknl Ward No. 13,ward,GEO_IN_AP_253270,,,
GEO_IN_AP_251725_W57207,Rajahmundry (M Corp.) - Ward No.11,ward,GEO_IN_AP_251725,,,
GEO_IN_AP_253270_W1297362,Atmakurknl Ward No. 19,ward,GEO_IN_AP_253270,,,
GEO_IN_AP_253102_W52166,Rajampet Ward No.8,ward,GEO_IN_AP_253102,,,
GEO_IN_AP_251750_W54912,Machilipatnam (M) - Ward No.32,ward,GEO_IN_AP_251750,,,
GEO_IN_AP_248124_W55628,Srikalahasti (M) - Ward No.14,ward,GEO_IN_AP_248124,,,
GEO_IN_AP_251699_W52706,Amadalavalasa (NP) - Ward No.17,ward,GEO_IN_AP_251699,,,
GEO_IN_AP_248123_W53699,Palamaner - Ward No.21,ward,GEO_IN_AP_248123,,,
GEO_IN_AP_251763_W55376,Chirala (M) - Ward No.15,ward,GEO_IN_AP_251763,,,
GEO_IN_AP_251740_W54656,Tanuku (M) - Ward No.32,ward,GEO_IN_AP_251740,,,
GEO_IN_AP_277315_W1297503,Mummidivaram Ward No.11,ward,GEO_IN_AP_277315,,,
GEO_IN_AP_251732_W57980,Mandapeta Ward No.14,ward,GEO_IN_AP_251732,,,
GEO_IN_AP_253252_W329,Ward No.14,ward,GEO_IN_AP_253252,,,
GEO_IN_AP_296264_W2331477,Election Ward No.15,ward,GEO_IN_AP_296264,,,
GEO_IN_AP_253169_W52902,Dhone Ward No. 7,ward,GEO_IN_AP_253169,,,
GEO_IN_AP_251763_W55389,Epurupalem (OG) (Part) - Ward No.28,ward,GEO_IN_AP_251763,,,
GEO_IN_AP_277319_W3046071,Jaggaiahpet Ward No. 29,ward,GEO_IN_AP_277319,,,
GEO_IN_AP_251740_W54635,Tanuku (M) - Ward No.11,ward,GEO_IN_AP_251740,,,
GEO_IN_AP_251768_W55470,Kandukur (M) - Ward No.1,ward,GEO_IN_AP_251768,,,
GEO_IN_AP_251766_W55425,Ongole (M) - Ward No.25,ward,GEO_IN_AP_251766,,,
GEO_IN_AP_253297_W645,Mydukur (M) - Ward No.5,ward,GEO_IN_AP_253297,,,
GEO_IN_AP_251752_W55135,Mangalagiri (M) - Ward No.5,ward,GEO_IN_AP_251752,,,
GEO_IN_AP_248113_W1297417,Ward No 31,ward,GEO_IN_AP_248113,,,
GEO_IN_AP_251778_W442,Bodhan (M) - Ward No.9,ward,GEO_IN_AP_251778,,,
GEO_IN_AP_253253_W355,Ward No. 17,ward,GEO_IN_AP_253253,,,
GEO_IN_AP_251766_W55422,Ongole (M) - Ward No.22,ward,GEO_IN_AP_251766,,,
GEO_IN_AP_251709_W53000,Vizianagaram (M) - Ward No.27,ward,GEO_IN_AP_251709,,,
GEO_IN_AP_248121_W126553,Tirupati - Ward No.35,ward,GEO_IN_AP_248121,,,
GEO_IN_AP_251763_W55381,Chirala (M) - Ward No.20,ward,GEO_IN_AP_251763,,,
GEO_IN_AP_277317_W1297783,Yelleswaram Ward No.17,ward,GEO_IN_AP_277317,,,
GEO_IN_AP_251735_W1297479,Amalapuram Ward No. 17,ward,GEO_IN_AP_251735,,,
GEO_IN_AP_296262_W2307981,Election Ward No.1,ward,GEO_IN_AP_296262,,,
GEO_IN_AP_253274_W162504,Chimakurthy Ward No 11,ward,GEO_IN_AP_253274,,,
GEO_IN_AP_251711_W53383,Nellimarla (CT) - Ward No.10,ward,GEO_IN_AP_251711,,,
GEO_IN_AP_296263_W2308079,Election Ward No.13,ward,GEO_IN_AP_296263,,,
GEO_IN_AP_251792_W1297524,Adoni Ward No. 38,ward,GEO_IN_AP_251792,,,
GEO_IN_AP_251750_W54893,Machilipatnam (M) - Ward No.13,ward,GEO_IN_AP_251750,,,
GEO_IN_AP_248115_W53344,Dharmavaram (M) - Ward No.30,ward,GEO_IN_AP_248115,,,
GEO_IN_AP_296263_W2308082,Election Ward No.16,ward,GEO_IN_AP_296263,,,
GEO_IN_AP_251782_W2566,41st Division,ward,GEO_IN_AP_251782,,,
GEO_IN_AP_251778_W164701,Ward 39,ward,GEO_IN_AP_251778,,,
GEO_IN_AP_248125_W53628,Nagari (CT) - Ward No.14,ward,GEO_IN_AP_248125,,,
GEO_IN_AP_251792_W52850,Adoni (M) - Ward No.12,ward,GEO_IN_AP_251792,,,
GEO_IN_AP_251746_W58242,Vijayawada (M Corp.) - Ward No.37,ward,GEO_IN_AP_251746,,,
GEO_IN_AP_248122_W126580,Chittoor - Ward No.49,ward,GEO_IN_AP_248122,,,
GEO_IN_AP_251739_W54607,Eluru (M) - Ward No.16,ward,GEO_IN_AP_251739,,,
GEO_IN_AP_251755_W55211,Lingamguntla Agraharam (OG) (Part) - Ward No.22,ward,GEO_IN_AP_251755,,,
GEO_IN_AP_251733_W54516,Ramachandrapuram (M) - Ward No.7,ward,GEO_IN_AP_251733,,,
GEO_IN_AP_296257_W2308090,Election Ward No.4,ward,GEO_IN_AP_296257,,,
GEO_IN_AP_251757_W59179,Guntur (M Corp.) - Ward No.26,ward,GEO_IN_AP_251757,,,
GEO_IN_AP_248122_W126554,Chittoor - Ward No.38,ward,GEO_IN_AP_248122,,,
GEO_IN_AP_251743_W54802,Palacole (M) - Ward No.27,ward,GEO_IN_AP_251743,,,
GEO_IN_AP_251763_W55365,Chirala (M) - Ward No.4,ward,GEO_IN_AP_251763,,,
GEO_IN_AP_277317_W1297775,Yelleswaram Ward No.9,ward,GEO_IN_AP_277317,,,
GEO_IN_AP_251736_W54577,Kovvur (NP) - Ward No.16,ward,GEO_IN_AP_251736,,,
GEO_IN_AP_251725_W57246,Rajahmundry (M Corp.) - Ward No.50,ward,GEO_IN_AP_251725,,,
GEO_IN_AP_254923_W1297912,Vuyyuru Ward No.16,ward,GEO_IN_AP_254923,,,
GEO_IN_AP_257869_W126499,Giddalur-Ward No.9,ward,GEO_IN_AP_257869,,,
GEO_IN_AP_251759_W2377,Ponnur (M) - Ward No.31,ward,GEO_IN_AP_251759,,,
GEO_IN_AP_251741_W54765,Bhimavaram (M) - Ward No.19,ward,GEO_IN_AP_251741,,,
GEO_IN_AP_251778_W457,Bodhan (M) - Ward No.14,ward,GEO_IN_AP_251778,,,
GEO_IN_AP_251789_W52348,Kurnool Ward No. 12,ward,GEO_IN_AP_251789,,,
GEO_IN_AP_253273_W1297590,Nandikotkur Ward No. 9,ward,GEO_IN_AP_253273,,,
GEO_IN_AP_253270_W1297346,Atmakurknl Ward No. 3,ward,GEO_IN_AP_253270,,,
GEO_IN_AP_251752_W2176,Mangalagiri (M) - Ward No.28,ward,GEO_IN_AP_251752,,,
GEO_IN_AP_251739_W54618,Eluru (M) - Ward No.27,ward,GEO_IN_AP_251739,,,
GEO_IN_AP_251756_W55713,Chilakaluripet (M) - Ward No.33,ward,GEO_IN_AP_251756,,,
GEO_IN_AP_251787_W1297623,Yemmiganur Ward No. 28,ward,GEO_IN_AP_251787,,,
GEO_IN_AP_251770_W160830,Kavali M Ward No 30,ward,GEO_IN_AP_251770,,,
GEO_IN_AP_251768_W126530,Kandukur-Ward No.25,ward,GEO_IN_AP_251768,,,
GEO_IN_AP_263068_W1297636,Gudurnlr Ward No. 7,ward,GEO_IN_AP_263068,,,
GEO_IN_AP_253252_W330,Ward No.15,ward,GEO_IN_AP_253252,,,
GEO_IN_AP_251758_W2240,Tenali (M) - Ward No.37,ward,GEO_IN_AP_251758,,,
GEO_IN_AP_258033_W160772,Atmakurnlr Ward No 11,ward,GEO_IN_AP_258033,,,
GEO_IN_AP_248118_W1297396,Hindupur Ward No 33,ward,GEO_IN_AP_248118,,,
GEO_IN_AP_251740_W54637,Tanuku (M) - Ward No.13,ward,GEO_IN_AP_251740,,,
GEO_IN_AP_251696_W52672,Ichchapuram (NP) - Ward No.14,ward,GEO_IN_AP_251696,,,
GEO_IN_AP_251750_W3045999,Machilipatnam Ward No.49,ward,GEO_IN_AP_251750,,,
GEO_IN_AP_248112_W53304,Anantapur (M) - Ward No.22,ward,GEO_IN_AP_248112,,,
GEO_IN_AP_296261_W2307966,Election Ward No.6,ward,GEO_IN_AP_296261,,,
GEO_IN_AP_254923_W1297913,Vuyyuru Ward No.17,ward,GEO_IN_AP_254923,,,
GEO_IN_AP_251760_W1588,Bapatla (M) - Ward No. 29,ward,GEO_IN_AP_251760,,,
GEO_IN_AP_248111_W50958,Ward No.2,ward,GEO_IN_AP_248111,,,
GEO_IN_AP_296259_W2308025,Election Ward No.14,ward,GEO_IN_AP_296259,,,
GEO_IN_AP_248121_W126555,Tirupati - Ward No.36,ward,GEO_IN_AP_248121,,,
GEO_IN_AP_248113_W55589,Guntakal (M) - Ward No.22,ward,GEO_IN_AP_248113,,,
GEO_IN_AP_251709_W52982,Vizianagaram (M) - Ward No.9,ward,GEO_IN_AP_251709,,,
GEO_IN_AP_251698_W56965,Rajam (CT) - Ward No.8,ward,GEO_IN_AP_251698,,,
GEO_IN_AP_258033_W160781,Atmakurnlr Ward No 16,ward,GEO_IN_AP_258033,,,
GEO_IN_AP_251774_W52021,Venkatagiri (CT) - Ward No.2,ward,GEO_IN_AP_251774,,,
GEO_IN_AP_251756_W55697,Chilakaluripet (M) - Ward No.17,ward,GEO_IN_AP_251756,,,
GEO_IN_AP_251751_W54915,Macherla (M) - Ward No.2,ward,GEO_IN_AP_251751,,,
GEO_IN_AP_248113_W55571,Guntakal (M) - Ward No.4,ward,GEO_IN_AP_248113,,,
GEO_IN_AP_251733_W54534,Ramachandrapuram (M) - Ward No.25,ward,GEO_IN_AP_251733,,,
GEO_IN_AP_251763_W126609,Chirala M-Ward.33,ward,GEO_IN_AP_251763,,,
GEO_IN_AP_251797_W273,Gooty (CT) - Ward No.18,ward,GEO_IN_AP_251797,,,
GEO_IN_AP_248121_W53593,Tirupati (M) - Ward No.1,ward,GEO_IN_AP_248121,,,
GEO_IN_AP_251789_W52330,Kurnool Ward No. 3,ward,GEO_IN_AP_251789,,,
GEO_IN_AP_253297_W643,Mydukur (M) - Ward No.3,ward,GEO_IN_AP_253297,,,
GEO_IN_AP_251772_W51875,Nellore (M) - Ward No.12,ward,GEO_IN_AP_251772,,,
GEO_IN_AP_251745_W54841,Nuzvid (M) - Ward No.7,ward,GEO_IN_AP_251745,,,
GEO_IN_AP_251739_W54600,Eluru (M) - Ward No.9,ward,GEO_IN_AP_251739,,,
GEO_IN_AP_253295_W126488,Kanigiri-Ward No.18,ward,GEO_IN_AP_253295,,,
GEO_IN_AP_253270_W1297361,Atmakurknl Ward No. 18,ward,GEO_IN_AP_253270,,,
GEO_IN_AP_251739_W54611,Eluru (M) - Ward No.20,ward,GEO_IN_AP_251739,,,
GEO_IN_AP_296256_W2323422,Election Ward No.2,ward,GEO_IN_AP_296256,,,
GEO_IN_AP_251789_W1297549,Kurnool Ward No. 35,ward,GEO_IN_AP_251789,,,
GEO_IN_AP_299716_W3045736,Ward No 16,ward,GEO_IN_AP_299716,,,
GEO_IN_AP_251768_W55471,Kandukur (M) - Ward No.2,ward,GEO_IN_AP_251768,,,
GEO_IN_AP_296264_W2331480,Election Ward No.18,ward,GEO_IN_AP_296264,,,
GEO_IN_AP_251760_W1587,Bapatla (M) - Ward No. 28,ward,GEO_IN_AP_251760,,,
GEO_IN_AP_251756_W3046055,Chilakaluripet (M) - Ward No.38,ward,GEO_IN_AP_251756,,,
GEO_IN_AP_299612_W3045630,Ward No 8,ward,GEO_IN_AP_299612,,,
GEO_IN_AP_251741_W54756,Bhimavaram (M) - Ward No.10,ward,GEO_IN_AP_251741,,,
GEO_IN_AP_251766_W55428,Ongole (M) - Ward No.28,ward,GEO_IN_AP_251766,,,
GEO_IN_AP_251756_W55702,Chilakaluripet (M) - Ward No.22,ward,GEO_IN_AP_251756,,,
GEO_IN_AP_251719_W53522,Visakhapatnam (M Corp.) - Ward No.37,ward,GEO_IN_AP_251719,,,
GEO_IN_AP_251780_W52080,Jammalamadugu (CT) - Ward No.8,ward,GEO_IN_AP_251780,,,
GEO_IN_AP_251699_W52700,Amadalavalasa (NP) - Ward No.11,ward,GEO_IN_AP_251699,,,
GEO_IN_AP_248111_W462,Ward No.16,ward,GEO_IN_AP_248111,,,
GEO_IN_AP_251732_W58000,Mandapeta Ward No.24,ward,GEO_IN_AP_251732,,,
GEO_IN_AP_296257_W2308098,Election Ward No.12,ward,GEO_IN_AP_296257,,,
GEO_IN_AP_251736_W54573,Kovvur (NP) - Ward No.12,ward,GEO_IN_AP_251736,,,
GEO_IN_AP_251731_W57993,Kakinada (M) - Ward No.21,ward,GEO_IN_AP_251731,,,
GEO_IN_AP_248119_W55661,Madanapalle (M) - Ward No.4,ward,GEO_IN_AP_248119,,,
GEO_IN_AP_248121_W53601,Tirupati (M) - Ward No.9,ward,GEO_IN_AP_248121,,,
GEO_IN_AP_257868_W126453,Addanki-Ward No-4,ward,GEO_IN_AP_257868,,,
GEO_IN_AP_251737_W58109,Nidadavole (M) - Ward No.3,ward,GEO_IN_AP_251737,,,
GEO_IN_AP_251743_W54781,Palacole (M) - Ward No.6,ward,GEO_IN_AP_251743,,,
GEO_IN_AP_296256_W2323435,Election Ward No.15,ward,GEO_IN_AP_296256,,,
GEO_IN_AP_253101_W2580,Pulivendula (M) - Ward No.15,ward,GEO_IN_AP_253101,,,
GEO_IN_AP_251757_W59157,Guntur (M Corp.) - Ward No.4,ward,GEO_IN_AP_251757,,,
GEO_IN_AP_253297_W149,Mydukur (M) - Ward No.21,ward,GEO_IN_AP_253297,,,
GEO_IN_AP_251731_W58013,Kakinada (M) - Ward No.31,ward,GEO_IN_AP_251731,,,
GEO_IN_AP_253273_W1297582,Nandikotkur Ward No. 1,ward,GEO_IN_AP_253273,,,
GEO_IN_AP_251799_W55594,Kalyandurg (CT) - Ward No.4,ward,GEO_IN_AP_251799,,,
GEO_IN_AP_296262_W2307999,Election Ward No.19,ward,GEO_IN_AP_296262,,,
GEO_IN_AP_248113_W55583,Guntakal (M) - Ward No.16,ward,GEO_IN_AP_248113,,,
GEO_IN_AP_251768_W126533,Kandukur-Ward No.27,ward,GEO_IN_AP_251768,,,
GEO_IN_AP_251722_W1297749,Tuni Ward No.13,ward,GEO_IN_AP_251722,,,
GEO_IN_AP_248120_W56021,Punganur (NP) - Ward No.2,ward,GEO_IN_AP_248120,,,
GEO_IN_AP_251703_W52807,Salur (M) - Ward No.10,ward,GEO_IN_AP_251703,,,
GEO_IN_AP_277315_W1297494,Mummidivaram Ward No.2,ward,GEO_IN_AP_277315,,,
GEO_IN_AP_248118_W53368,Hindupur (M) - Ward No.5,ward,GEO_IN_AP_248118,,,
GEO_IN_AP_251772_W51984,Nellore (M) - Ward No.30,ward,GEO_IN_AP_251772,,,
GEO_IN_AP_251745_W1297874,Nuzvid Ward No.28,ward,GEO_IN_AP_251745,,,
GEO_IN_AP_258054_W163351,Yelamanchili M Ward No 23,ward,GEO_IN_AP_258054,,,
GEO_IN_AP_251703_W52801,Salur (M) - Ward No.4,ward,GEO_IN_AP_251703,,,
GEO_IN_AP_299612_W3045624,Ward No 2,ward,GEO_IN_AP_299612,,,
GEO_IN_AP_251774_W52024,Venkatagiri (CT) - Ward No.5,ward,GEO_IN_AP_251774,,,
GEO_IN_AP_299714_W3045682,Ward No 2,ward,GEO_IN_AP_299714,,,
GEO_IN_AP_251773_W52009,Gudur (M) - Ward No.7,ward,GEO_IN_AP_251773,,,
GEO_IN_AP_251789_W1297560,Kurnool Ward No. 46,ward,GEO_IN_AP_251789,,,
GEO_IN_AP_253102_W3046151,Rajampet Ward No.24,ward,GEO_IN_AP_253102,,,
GEO_IN_AP_251751_W54917,Macherla (M) - Ward No.3,ward,GEO_IN_AP_251751,,,
GEO_IN_AP_299612_W3045631,Ward No 9,ward,GEO_IN_AP_299612,,,
GEO_IN_AP_251703_W52915,Salur (M) - Ward No.29,ward,GEO_IN_AP_251703,,,
GEO_IN_AP_253295_W126490,Kanigiri-Ward No.20,ward,GEO_IN_AP_253295,,,
GEO_IN_AP_251766_W55426,Ongole (M) - Ward No.26,ward,GEO_IN_AP_251766,,,
GEO_IN_AP_296257_W2308108,Election Ward No.22,ward,GEO_IN_AP_296257,,,
GEO_IN_AP_296262_W2307991,Election Ward No.11,ward,GEO_IN_AP_296262,,,
GEO_IN_AP_248111_W447,Ward No.11,ward,GEO_IN_AP_248111,,,
GEO_IN_AP_251742_W58143,Narasapur (M) - Ward No.9,ward,GEO_IN_AP_251742,,,
GEO_IN_AP_251757_W1297306,Guntur Ward No. 53,ward,GEO_IN_AP_251757,,,
GEO_IN_AP_277319_W1297837,Jaggaiahpet Ward No. 23,ward,GEO_IN_AP_277319,,,
GEO_IN_AP_251725_W57221,Rajahmundry (M Corp.) - Ward No.25,ward,GEO_IN_AP_251725,,,
GEO_IN_AP_251719_W53486,Visakhapatnam (M Corp.) - Ward No.1,ward,GEO_IN_AP_251719,,,
GEO_IN_AP_299714_W3045696,Ward No 16,ward,GEO_IN_AP_299714,,,
GEO_IN_AP_248113_W55582,Guntakal (M) - Ward No.15,ward,GEO_IN_AP_248113,,,
GEO_IN_AP_251782_W52150,26th Division,ward,GEO_IN_AP_251782,,,
GEO_IN_AP_251782_W52128,24th Division,ward,GEO_IN_AP_251782,,,
GEO_IN_AP_251695_W56952,Palasa Kasibugga (NP) - Ward No.10,ward,GEO_IN_AP_251695,,,
GEO_IN_AP_251759_W51670,Ponnur (M) - Ward No.12,ward,GEO_IN_AP_251759,,,
GEO_IN_AP_296260_W2308041,Election Ward No.10,ward,GEO_IN_AP_296260,,,
GEO_IN_AP_254924_W1297890,Tiruvuru Ward No.14,ward,GEO_IN_AP_254924,,,
GEO_IN_AP_248121_W126569,Tirupati - Ward No.45,ward,GEO_IN_AP_248121,,,
GEO_IN_AP_296260_W2308044,Election Ward No.13,ward,GEO_IN_AP_296260,,,
GEO_IN_AP_251733_W54530,Ramachandrapuram (M) - Ward No.21,ward,GEO_IN_AP_251733,,,
GEO_IN_AP_251700_W56996,Srikakulam (M) - Ward No.12,ward,GEO_IN_AP_251700,,,
GEO_IN_AP_253252_W331,Ward No.16,ward,GEO_IN_AP_253252,,,
GEO_IN_AP_251739_W54602,Eluru (M) - Ward No.11,ward,GEO_IN_AP_251739,,,
GEO_IN_AP_277315_W1297505,Mummidivaram Ward No.13,ward,GEO_IN_AP_277315,,,
GEO_IN_AP_248112_W53291,Anantapur (M) - Ward No.9,ward,GEO_IN_AP_248112,,,
GEO_IN_AP_253101_W2582,Pulivendula (M) - Ward No.21,ward,GEO_IN_AP_253101,,,
GEO_IN_AP_248116_W1297428,Kadiri Ward No 22,ward,GEO_IN_AP_248116,,,
GEO_IN_AP_253167_W55124,Piduguralla M Ward No 14,ward,GEO_IN_AP_253167,,,
GEO_IN_AP_251755_W55192,Narasaraopet (M) - Ward No.3,ward,GEO_IN_AP_251755,,,
GEO_IN_AP_251752_W3046009,Mangalagiri Ward No.41,ward,GEO_IN_AP_251752,,,
GEO_IN_AP_251736_W54570,Kovvur (NP) - Ward No.9,ward,GEO_IN_AP_251736,,,
GEO_IN_AP_257906_W161554,Jangareddigudem Ward No 17,ward,GEO_IN_AP_257906,,,
GEO_IN_AP_248124_W55616,Srikalahasti (M) - Ward No.8,ward,GEO_IN_AP_248124,,,
GEO_IN_AP_248117_W53056,Rayadurg (M) - Ward No.5,ward,GEO_IN_AP_248117,,,
GEO_IN_AP_251743_W3046901,Palacole (M) - Ward No.32,ward,GEO_IN_AP_251743,,,
GEO_IN_AP_251770_W160850,Kavali M Ward No 39,ward,GEO_IN_AP_251770,,,
GEO_IN_AP_251731_W57965,Kakinada (M) - Ward No.7,ward,GEO_IN_AP_251731,,,
GEO_IN_AP_251755_W1710,Narasaraopet (M) - Ward No.24,ward,GEO_IN_AP_251755,,,
GEO_IN_AP_251709_W1297987,Vizianagaram Ward No. 34,ward,GEO_IN_AP_251709,,,
GEO_IN_AP_251756_W55692,Chilakaluripet (M) - Ward No.12,ward,GEO_IN_AP_251756,,,
GEO_IN_AP_251762_W126620,Markapur M-Ward.22,ward,GEO_IN_AP_251762,,,
GEO_IN_AP_248114_W1297458,Tadipatri Ward No.18,ward,GEO_IN_AP_248114,,,
GEO_IN_AP_253102_W52164,Rajampet Ward No.7,ward,GEO_IN_AP_253102,,,
GEO_IN_AP_251757_W1297307,Guntur Ward No. 54,ward,GEO_IN_AP_251757,,,
GEO_IN_AP_251743_W54793,Palacole (M) - Ward No.18,ward,GEO_IN_AP_251743,,,
GEO_IN_AP_251774_W52044,Venkatagiri (CT) - Ward No.25,ward,GEO_IN_AP_251774,,,
GEO_IN_AP_251709_W1297990,Vizianagaram Ward No. 37,ward,GEO_IN_AP_251709,,,
GEO_IN_AP_248121_W126547,Tirupati - Ward No.32,ward,GEO_IN_AP_248121,,,
GEO_IN_AP_251724_W54057,Peddapuram (M) - Ward No.10,ward,GEO_IN_AP_251724,,,
GEO_IN_AP_251759_W51682,Ponnur (M) - Ward No.24,ward,GEO_IN_AP_251759,,,
GEO_IN_AP_251747_W54878,Gudivada (M) - Ward No.19,ward,GEO_IN_AP_251747,,,
GEO_IN_AP_251731_W58047,Kakinada (M) - Ward No.48,ward,GEO_IN_AP_251731,,,
GEO_IN_AP_251700_W56993,Srikakulam (M) - Ward No.9,ward,GEO_IN_AP_251700,,,
GEO_IN_AP_251732_W57998,Mandapeta Ward No.23,ward,GEO_IN_AP_251732,,,
GEO_IN_AP_251724_W54060,Peddapuram (M) - Ward No.13,ward,GEO_IN_AP_251724,,,
GEO_IN_AP_253167_W1297793,Piduguralla Ward No 26,ward,GEO_IN_AP_253167,,,
GEO_IN_AP_251758_W2237,Tenali (M) - Ward No.34,ward,GEO_IN_AP_251758,,,
GEO_IN_AP_277317_W1297772,Yelleswaram Ward No.6,ward,GEO_IN_AP_277317,,,
GEO_IN_AP_251797_W101,Gooty (CT) - Ward No.11,ward,GEO_IN_AP_251797,,,
GEO_IN_AP_251719_W1297924,Visakhapatnam (M Corp.) - Ward No.77,ward,GEO_IN_AP_251719,,,
GEO_IN_AP_251795_W52897,Nandyal (M) - Ward No.5,ward,GEO_IN_AP_251795,,,
GEO_IN_AP_251750_W3045996,Machilipatnam Ward No.46,ward,GEO_IN_AP_251750,,,
GEO_IN_AP_248111_W3046050,Ward No.34,ward,GEO_IN_AP_248111,,,
GEO_IN_AP_251797_W279,Gooty (CT) - Ward No.24,ward,GEO_IN_AP_251797,,,
GEO_IN_AP_253169_W52912,Dhone Ward No. 12,ward,GEO_IN_AP_253169,,,
GEO_IN_AP_251768_W55489,Kandukur (M) - Ward No.20,ward,GEO_IN_AP_251768,,,
GEO_IN_AP_251759_W2375,Ponnur (M) - Ward No.29,ward,GEO_IN_AP_251759,,,
GEO_IN_AP_251746_W58182,Vijayawada (M Corp.) - Ward No.7,ward,GEO_IN_AP_251746,,,
GEO_IN_AP_251781_W52099,Yerraguntla (CT) - Ward No.1,ward,GEO_IN_AP_251781,,,
GEO_IN_AP_251755_W55203,Narasaraopet (M) - Ward No.14,ward,GEO_IN_AP_251755,,,
GEO_IN_AP_253167_W3046112,Piduguralla Ward No 32,ward,GEO_IN_AP_253167,,,
GEO_IN_AP_251787_W1297615,Yemmiganur Ward No. 20,ward,GEO_IN_AP_251787,,,
GEO_IN_AP_253272_W1297339,Allagadda Ward No. 20,ward,GEO_IN_AP_253272,,,
GEO_IN_AP_253295_W126471,Kanigiri-Ward No.2,ward,GEO_IN_AP_253295,,,
GEO_IN_AP_251751_W2473,Macherla (M) - Ward No. 20,ward,GEO_IN_AP_251751,,,
GEO_IN_AP_251703_W52812,Salur (M) - Ward No.15,ward,GEO_IN_AP_251703,,,
GEO_IN_AP_257831_W162479,Naidupet Ward No. 12,ward,GEO_IN_AP_257831,,,
GEO_IN_AP_251727_W54481,Samalkot (M) - Ward No.3,ward,GEO_IN_AP_251727,,,
GEO_IN_AP_251797_W53074,Gooty (CT) - Ward No.6,ward,GEO_IN_AP_251797,,,
GEO_IN_AP_296263_W2308080,Election Ward No.14,ward,GEO_IN_AP_296263,,,
GEO_IN_AP_251781_W1297726,Yerraguntla Ward No. 7,ward,GEO_IN_AP_251781,,,
GEO_IN_AP_251703_W52821,Salur (M) - Ward No.24,ward,GEO_IN_AP_251703,,,
GEO_IN_AP_251701_W52718,Parvathipuram (M) - Ward No.9,ward,GEO_IN_AP_251701,,,
GEO_IN_AP_258054_W163340,Yelamanchili M Ward No 17,ward,GEO_IN_AP_258054,,,
GEO_IN_AP_251795_W52905,Nandyal (M) - Ward No.9,ward,GEO_IN_AP_251795,,,
GEO_IN_AP_251752_W2166,Mangalagiri (M) - Ward No.18,ward,GEO_IN_AP_251752,,,
GEO_IN_AP_257869_W126509,Giddalur-Ward No.19,ward,GEO_IN_AP_257869,,,
GEO_IN_AP_251742_W131501,Narasapur Ward No 27,ward,GEO_IN_AP_251742,,,
GEO_IN_AP_251766_W55416,Ongole (M) - Ward No.16,ward,GEO_IN_AP_251766,,,
GEO_IN_AP_253227_W127743,Sullurpeta Ward No. 13,ward,GEO_IN_AP_253227,,,
GEO_IN_AP_296262_W2307993,Election Ward No.13,ward,GEO_IN_AP_296262,,,
GEO_IN_AP_248120_W3046140,Punganur (NP) - Ward No.31,ward,GEO_IN_AP_248120,,,
GEO_IN_AP_277319_W1297841,Jaggaiahpet Ward No. 27,ward,GEO_IN_AP_277319,,,
GEO_IN_AP_251782_W52115,11th Division,ward,GEO_IN_AP_251782,,,
GEO_IN_AP_251746_W58194,Vijayawada (M Corp.) - Ward No.13,ward,GEO_IN_AP_251746,,,
GEO_IN_AP_253227_W127736,Sullurpeta Ward No. 6,ward,GEO_IN_AP_253227,,,
GEO_IN_AP_248125_W53619,Nagari (CT) - Ward No.5,ward,GEO_IN_AP_248125,,,
GEO_IN_AP_251746_W58270,Vijayawada (M Corp.) - Ward No.51,ward,GEO_IN_AP_251746,,,
GEO_IN_AP_251700_W1297685,Srikakulam Ward No. 31,ward,GEO_IN_AP_251700,,,
GEO_IN_AP_254924_W1297893,Tiruvuru Ward No.17,ward,GEO_IN_AP_254924,,,
GEO_IN_AP_296328_W2323503,Election Ward No.15,ward,GEO_IN_AP_296328,,,
GEO_IN_AP_251703_W52811,Salur (M) - Ward No.14,ward,GEO_IN_AP_251703,,,
GEO_IN_AP_251773_W52005,Gudur (M) - Ward No.3,ward,GEO_IN_AP_251773,,,
GEO_IN_AP_248123_W53685,Palamaner - Ward No.7,ward,GEO_IN_AP_248123,,,
GEO_IN_AP_248123_W53681,Palamaner - Ward No.3,ward,GEO_IN_AP_248123,,,
GEO_IN_AP_251782_W52108,4th Division,ward,GEO_IN_AP_251782,,,
GEO_IN_AP_251725_W57232,Rajahmundry (M Corp.) - Ward No.36,ward,GEO_IN_AP_251725,,,
GEO_IN_AP_251782_W52116,12th Division,ward,GEO_IN_AP_251782,,,
GEO_IN_AP_251750_W3045994,Machilipatnam Ward No.44,ward,GEO_IN_AP_251750,,,
GEO_IN_AP_251760_W51699,Bapatla (M) - Ward No.16,ward,GEO_IN_AP_251760,,,
GEO_IN_AP_254922_W1297859,Nandigama Ward No.8,ward,GEO_IN_AP_254922,,,
GEO_IN_AP_251761_W2246,Repalle (M) - Ward No.18,ward,GEO_IN_AP_251761,,,
GEO_IN_AP_251739_W161486,Eluru Ward No 49,ward,GEO_IN_AP_251739,,,
GEO_IN_AP_257869_W126501,Giddalur-Ward No.11,ward,GEO_IN_AP_257869,,,
GEO_IN_AP_251719_W53489,Visakhapatnam (M Corp.) - Ward No.4,ward,GEO_IN_AP_251719,,,
GEO_IN_AP_251703_W52802,Salur (M) - Ward No.5,ward,GEO_IN_AP_251703,,,
GEO_IN_AP_251728_W1297569,Pithapuram Ward No.18,ward,GEO_IN_AP_251728,,,
GEO_IN_AP_251698_W56961,Rajam (CT) - Ward No.4,ward,GEO_IN_AP_251698,,,
GEO_IN_AP_251754_W3046171,Vinukonda Ward No.32,ward,GEO_IN_AP_251754,,,
GEO_IN_AP_296256_W2323436,Election Ward No.16,ward,GEO_IN_AP_296256,,,
GEO_IN_AP_296263_W2308085,Election Ward No.19,ward,GEO_IN_AP_296263,,,
GEO_IN_AP_251789_W1297537,Kurnool Ward No. 23,ward,GEO_IN_AP_251789,,,
GEO_IN_AP_251770_W55497,Kavali (M) - Ward No.4,ward,GEO_IN_AP_251770,,,
GEO_IN_AP_251752_W2175,Mangalagiri (M) - Ward No.27,ward,GEO_IN_AP_251752,,,
GEO_IN_AP_299716_W3045721,Ward No 1,ward,GEO_IN_AP_299716,,,
GEO_IN_AP_277317_W1297769,Yelleswaram Ward No.3,ward,GEO_IN_AP_277317,,,
GEO_IN_AP_248116_W1297427,Kadiri Ward No 21,ward,GEO_IN_AP_248116,,,
GEO_IN_AP_251699_W52691,Amadalavalasa (NP) - Ward No.2,ward,GEO_IN_AP_251699,,,
GEO_IN_AP_251758_W2239,Tenali (M) - Ward No.36,ward,GEO_IN_AP_251758,,,
GEO_IN_AP_251774_W52037,Venkatagiri (CT) - Ward No.18,ward,GEO_IN_AP_251774,,,
GEO_IN_AP_248115_W53335,Dharmavaram (M) - Ward No.21,ward,GEO_IN_AP_248115,,,
GEO_IN_AP_248117_W1297449,Rayadurg Ward No 24,ward,GEO_IN_AP_248117,,,
GEO_IN_AP_251753_W55184,Sattenapalle (M) - Ward No.21,ward,GEO_IN_AP_251753,,,
GEO_IN_AP_253270_W1297349,Atmakurknl Ward No. 6,ward,GEO_IN_AP_253270,,,
GEO_IN_AP_251738_W131457,Tadepalligudem Ward No 22,ward,GEO_IN_AP_251738,,,
GEO_IN_AP_296261_W2307980,Election Ward No.20,ward,GEO_IN_AP_296261,,,
GEO_IN_AP_251778_W430,Bodhan (M) - Ward No.5,ward,GEO_IN_AP_251778,,,
GEO_IN_AP_251745_W54856,Nuzvid (M) - Ward No.22,ward,GEO_IN_AP_251745,,,
GEO_IN_AP_251725_W57211,Rajahmundry (M Corp.) - Ward No.15,ward,GEO_IN_AP_251725,,,
GEO_IN_AP_248112_W53309,Anantapur (M) - Ward No.27,ward,GEO_IN_AP_248112,,,
GEO_IN_AP_251766_W55431,Ongole (M) - Ward No.31,ward,GEO_IN_AP_251766,,,
GEO_IN_AP_299714_W3045690,Ward No 10,ward,GEO_IN_AP_299714,,,
GEO_IN_AP_248115_W1297391,Dharmavaram Ward No. 38,ward,GEO_IN_AP_248115,,,
GEO_IN_AP_248122_W56056,Chittoor - Ward No.19,ward,GEO_IN_AP_248122,,,
GEO_IN_AP_248124_W126515,Srikalahasti - Ward No.20,ward,GEO_IN_AP_248124,,,
GEO_IN_AP_248116_W53358,Kadiri (M) - Ward No.12,ward,GEO_IN_AP_248116,,,
GEO_IN_AP_251792_W1297518,Adoni Ward No. 32,ward,GEO_IN_AP_251792,,,
GEO_IN_AP_251759_W51672,Ponnur (M) - Ward No.14,ward,GEO_IN_AP_251759,,,
GEO_IN_AP_251696_W52661,Ichchapuram (NP) - Ward No.3,ward,GEO_IN_AP_251696,,,
GEO_IN_AP_251735_W54551,Amalapuram (M) - Ward No.2,ward,GEO_IN_AP_251735,,,
GEO_IN_AP_251724_W54067,Peddapuram (M) - Ward No.20,ward,GEO_IN_AP_251724,,,
GEO_IN_AP_251731_W58007,Kakinada (M) - Ward No.28,ward,GEO_IN_AP_251731,,,
GEO_IN_AP_251766_W55414,Ongole (M) - Ward No.14,ward,GEO_IN_AP_251766,,,
GEO_IN_AP_263068_W1297650,Gudurnlr Ward No. 21,ward,GEO_IN_AP_263068,,,
GEO_IN_AP_251782_W2559,34th Division,ward,GEO_IN_AP_251782,,,
GEO_IN_AP_277319_W1297834,Jaggaiahpet Ward No. 20,ward,GEO_IN_AP_277319,,,
GEO_IN_AP_251753_W55168,Sattenapalle (M) - Ward No.13,ward,GEO_IN_AP_251753,,,
GEO_IN_AP_251716_W53428,Narsipatnam (CT) - Ward No.13,ward,GEO_IN_AP_251716,,,
GEO_IN_AP_248116_W53351,Kadiri (M) - Ward No.5,ward,GEO_IN_AP_248116,,,
GEO_IN_AP_257967_W127818,Ward,ward,GEO_IN_AP_257967,,,
GEO_IN_AP_277317_W1297777,Yelleswaram Ward No.11,ward,GEO_IN_AP_277317,,,
GEO_IN_AP_251731_W57995,Kakinada (M) - Ward No.22,ward,GEO_IN_AP_251731,,,
GEO_IN_AP_251711_W53380,Nellimarla (CT) - Ward No.7,ward,GEO_IN_AP_251711,,,
GEO_IN_AP_248116_W1297440,Kadiri Ward No 34,ward,GEO_IN_AP_248116,,,
GEO_IN_AP_251757_W59163,Guntur (M Corp.) - Ward No.10,ward,GEO_IN_AP_251757,,,
GEO_IN_AP_251700_W1297693,Srikakulam Ward No. 39,ward,GEO_IN_AP_251700,,,
GEO_IN_AP_251749_W59151,Pedana (NP) - Ward No.15,ward,GEO_IN_AP_251749,,,
GEO_IN_AP_248125_W53634,Nagari (CT) - Ward No.20,ward,GEO_IN_AP_248125,,,
GEO_IN_AP_248120_W56065,Punganur (NP) - Ward No.24,ward,GEO_IN_AP_248120,,,
GEO_IN_AP_251778_W3046117,Ward 41,ward,GEO_IN_AP_251778,,,
GEO_IN_AP_251752_W3046010,Mangalagiri Ward No.42,ward,GEO_IN_AP_251752,,,
GEO_IN_AP_253101_W3086,Pulivendula (M) - Ward No.2,ward,GEO_IN_AP_253101,,,
GEO_IN_AP_248118_W53553,Hindupur (M) - Ward No.26,ward,GEO_IN_AP_248118,,,
GEO_IN_AP_248111_W3046046,Ward No.30,ward,GEO_IN_AP_248111,,,
GEO_IN_AP_251746_W58192,Vijayawada (M Corp.) - Ward No.12,ward,GEO_IN_AP_251746,,,
GEO_IN_AP_251749_W59146,Pedana (NP) - Ward No.10,ward,GEO_IN_AP_251749,,,
GEO_IN_AP_251787_W52333,Yemmiganur (M) - Ward No.5,ward,GEO_IN_AP_251787,,,
GEO_IN_AP_251725_W57241,Rajahmundry (M Corp.) - Ward No.45,ward,GEO_IN_AP_251725,,,
GEO_IN_AP_251711_W53392,Nellimarla (CT) - Ward No.19,ward,GEO_IN_AP_251711,,,
GEO_IN_AP_248122_W56038,Chittoor - Ward No.10,ward,GEO_IN_AP_248122,,,
GEO_IN_AP_299612_W3045657,Ward No 35,ward,GEO_IN_AP_299612,,,
GEO_IN_AP_251739_W54599,Eluru (M) - Ward No.8,ward,GEO_IN_AP_251739,,,
GEO_IN_AP_251711_W53382,Nellimarla (CT) - Ward No.9,ward,GEO_IN_AP_251711,,,
GEO_IN_AP_299612_W3045656,Ward No 34,ward,GEO_IN_AP_299612,,,
GEO_IN_AP_258054_W163321,Yelamanchili M Ward No 8,ward,GEO_IN_AP_258054,,,
GEO_IN_AP_248116_W53361,Kadiri (M) - Ward No.15,ward,GEO_IN_AP_248116,,,
GEO_IN_AP_257869_W126493,Giddalur-Ward No.3,ward,GEO_IN_AP_257869,,,
GEO_IN_AP_253273_W1297593,Nandikotkur Ward No. 12,ward,GEO_IN_AP_253273,,,
GEO_IN_AP_251754_W55177,Vinukonda M Ward No 17,ward,GEO_IN_AP_251754,,,
GEO_IN_AP_251753_W55182,Sattenapalle (M) - Ward No.20,ward,GEO_IN_AP_251753,,,
GEO_IN_AP_251754_W55183,Vinukonda M Ward No 20,ward,GEO_IN_AP_251754,,,
GEO_IN_AP_248114_W1297465,Tadipatri Ward No.25,ward,GEO_IN_AP_248114,,,
GEO_IN_AP_251700_W1297682,Srikakulam Ward No. 28,ward,GEO_IN_AP_251700,,,
GEO_IN_AP_251792_W1297525,Adoni Ward No. 39,ward,GEO_IN_AP_251792,,,
GEO_IN_AP_251766_W55412,Ongole (M) - Ward No.12,ward,GEO_IN_AP_251766,,,
GEO_IN_AP_251747_W54866,Gudivada (M) - Ward No.7,ward,GEO_IN_AP_251747,,,
GEO_IN_AP_251703_W52809,Salur (M) - Ward No.12,ward,GEO_IN_AP_251703,,,
GEO_IN_AP_257831_W162480,Naidupet Ward No. 13,ward,GEO_IN_AP_257831,,,
GEO_IN_AP_248114_W1297460,Tadipatri Ward No.20,ward,GEO_IN_AP_248114,,,
GEO_IN_AP_251742_W58151,Narasapur (M) - Ward No.17,ward,GEO_IN_AP_251742,,,
GEO_IN_AP_251702_W52769,Bobbili (M) - Ward No.23,ward,GEO_IN_AP_251702,,,
GEO_IN_AP_251782_W2552,27th Division,ward,GEO_IN_AP_251782,,,
GEO_IN_AP_251756_W55709,Chilakaluripet (M) - Ward No.29,ward,GEO_IN_AP_251756,,,
GEO_IN_AP_251753_W55162,Sattenapalle (M) - Ward No.10,ward,GEO_IN_AP_251753,,,
GEO_IN_AP_253227_W127752,Sullurpeta Ward No. 22,ward,GEO_IN_AP_253227,,,
GEO_IN_AP_251741_W54752,Bhimavaram (M) - Ward No.6,ward,GEO_IN_AP_251741,,,
GEO_IN_AP_248111_W50961,Ward No.3,ward,GEO_IN_AP_248111,,,
GEO_IN_AP_251738_W3046178,Tadepalligudem Ward No. 40,ward,GEO_IN_AP_251738,,,
GEO_IN_AP_251787_W52349,Yemmiganur (M) - Ward No.13,ward,GEO_IN_AP_251787,,,
GEO_IN_AP_251749_W59137,Pedana (NP) - Ward No.1,ward,GEO_IN_AP_251749,,,
GEO_IN_AP_248112_W53298,Anantapur (M) - Ward No.16,ward,GEO_IN_AP_248112,,,
GEO_IN_AP_251750_W54896,Machilipatnam (M) - Ward No.16,ward,GEO_IN_AP_251750,,,
GEO_IN_AP_257868_W126455,Addanki-Ward No-6,ward,GEO_IN_AP_257868,,,
GEO_IN_AP_251770_W55496,Kavali (M) - Ward No.3,ward,GEO_IN_AP_251770,,,
GEO_IN_AP_251787_W1297617,Yemmiganur Ward No. 22,ward,GEO_IN_AP_251787,,,
GEO_IN_AP_253102_W52184,Rajampet Ward No.17,ward,GEO_IN_AP_253102,,,
GEO_IN_AP_251753_W55186,Sattenapalle (M) - Ward No.22,ward,GEO_IN_AP_251753,,,
GEO_IN_AP_251786_W3046159,Rayachoti (CT) - Ward No.34,ward,GEO_IN_AP_251786,,,
GEO_IN_AP_248122_W56062,Chittoor - Ward No.22,ward,GEO_IN_AP_248122,,,
GEO_IN_AP_251795_W52899,Nandyal (M) - Ward No.6,ward,GEO_IN_AP_251795,,,
GEO_IN_AP_251738_W1297722,Tadepalligudem Ward No. 32,ward,GEO_IN_AP_251738,,,
GEO_IN_AP_251725_W57198,Rajahmundry (M Corp.) - Ward No.2,ward,GEO_IN_AP_251725,,,
GEO_IN_AP_251719_W1297935,Visakhapatnam (M Corp.) - Ward No.88,ward,GEO_IN_AP_251719,,,
GEO_IN_AP_248114_W53083,Tadpatri (M) - Ward No.5,ward,GEO_IN_AP_248114,,,
GEO_IN_AP_251733_W54521,Ramachandrapuram (M) - Ward No.12,ward,GEO_IN_AP_251733,,,
GEO_IN_AP_251751_W54939,Macherla (M) - Ward No.14,ward,GEO_IN_AP_251751,,,
GEO_IN_AP_257831_W162491,Naidupet Ward No. 18,ward,GEO_IN_AP_257831,,,
GEO_IN_AP_299714_W3045689,Ward No 9,ward,GEO_IN_AP_299714,,,
GEO_IN_AP_251787_W52351,Yemmiganur (M) - Ward No.14,ward,GEO_IN_AP_251787,,,
GEO_IN_AP_251719_W1297940,Visakhapatnam (M Corp.) - Ward No.93,ward,GEO_IN_AP_251719,,,
GEO_IN_AP_251768_W55472,Kandukur (M) - Ward No.3,ward,GEO_IN_AP_251768,,,
GEO_IN_AP_253297_W642,Mydukur (M) - Ward No.2,ward,GEO_IN_AP_253297,,,
GEO_IN_AP_296257_W2308099,Election Ward No.13,ward,GEO_IN_AP_296257,,,
GEO_IN_AP_248115_W53326,Dharmavaram (M) - Ward No.12,ward,GEO_IN_AP_248115,,,
GEO_IN_AP_251742_W131508,Narasapur Ward No 31,ward,GEO_IN_AP_251742,,,
GEO_IN_AP_251792_W1297516,Adoni Ward No. 30,ward,GEO_IN_AP_251792,,,
GEO_IN_AP_251753_W55129,Sattenapalle (M) - Ward No.25,ward,GEO_IN_AP_251753,,,
GEO_IN_AP_251741_W54662,Bhimavaram (M) - Ward No.2,ward,GEO_IN_AP_251741,,,
GEO_IN_AP_248121_W126543,Tirupati - Ward No.30,ward,GEO_IN_AP_248121,,,
GEO_IN_AP_251770_W160297,Kavali M Ward No 19,ward,GEO_IN_AP_251770,,,
GEO_IN_AP_251758_W2242,Tenali (M) - Ward No.39,ward,GEO_IN_AP_251758,,,
GEO_IN_AP_248122_W56030,Chittoor - Ward No.6,ward,GEO_IN_AP_248122,,,
GEO_IN_AP_248123_W53697,Palamaner - Ward No.19,ward,GEO_IN_AP_248123,,,
GEO_IN_AP_251787_W52341,Yemmiganur (M) - Ward No.9,ward,GEO_IN_AP_251787,,,
GEO_IN_AP_251740_W54633,Tanuku (M) - Ward No.9,ward,GEO_IN_AP_251740,,,
GEO_IN_AP_248115_W53337,Dharmavaram (M) - Ward No.23,ward,GEO_IN_AP_248115,,,
GEO_IN_AP_251792_W52852,Adoni (M) - Ward No.14,ward,GEO_IN_AP_251792,,,
GEO_IN_AP_251732_W57505,Mandapeta Ward No.2,ward,GEO_IN_AP_251732,,,
GEO_IN_AP_251746_W58220,Vijayawada (M Corp.) - Ward No.26,ward,GEO_IN_AP_251746,,,
GEO_IN_AP_251746_W58224,Vijayawada (M Corp.) - Ward No.28,ward,GEO_IN_AP_251746,,,
GEO_IN_AP_296263_W2308078,Election Ward No.12,ward,GEO_IN_AP_296263,,,
GEO_IN_AP_248111_W435,Ward No.7,ward,GEO_IN_AP_248111,,,
GEO_IN_AP_248115_W1297392,Dharmavaram Ward No. 39,ward,GEO_IN_AP_248115,,,
GEO_IN_AP_253295_W126475,Kanigiri-Ward No.6,ward,GEO_IN_AP_253295,,,
GEO_IN_AP_251757_W69675,Guntur (M Corp.) - Ward No.29,ward,GEO_IN_AP_251757,,,
GEO_IN_AP_253273_W1297586,Nandikotkur Ward No. 5,ward,GEO_IN_AP_253273,,,
GEO_IN_AP_248115_W53327,Dharmavaram (M) - Ward No.13,ward,GEO_IN_AP_248115,,,
GEO_IN_AP_253272_W1297330,Allagadda Ward No. 11,ward,GEO_IN_AP_253272,,,
GEO_IN_AP_251731_W58001,Kakinada (M) - Ward No.25,ward,GEO_IN_AP_251731,,,
GEO_IN_AP_251719_W1297926,Visakhapatnam (M Corp.) - Ward No.79,ward,GEO_IN_AP_251719,,,
GEO_IN_AP_251733_W54515,Ramachandrapuram (M) - Ward No.6,ward,GEO_IN_AP_251733,,,
GEO_IN_AP_251753_W55154,Sattenapalle (M) - Ward No.6,ward,GEO_IN_AP_251753,,,
GEO_IN_AP_251757_W69678,Guntur (M Corp.) - Ward No.32,ward,GEO_IN_AP_251757,,,
GEO_IN_AP_251751_W54931,Macherla (M) - Ward No.10,ward,GEO_IN_AP_251751,,,
GEO_IN_AP_251772_W51989,Nellore (M) - Ward No.35,ward,GEO_IN_AP_251772,,,
GEO_IN_AP_251773_W52013,Gudur (M) - Ward No.11,ward,GEO_IN_AP_251773,,,
GEO_IN_AP_258033_W160785,Atmakurnlr Ward No 18,ward,GEO_IN_AP_258033,,,
GEO_IN_AP_251755_W1716,Narasaraopet (M) - Ward No.30,ward,GEO_IN_AP_251755,,,
GEO_IN_AP_251750_W54892,Machilipatnam (M) - Ward No.12,ward,GEO_IN_AP_251750,,,
GEO_IN_AP_251782_W52125,21st Division,ward,GEO_IN_AP_251782,,,
GEO_IN_AP_251782_W52127,23rd Division,ward,GEO_IN_AP_251782,,,
GEO_IN_AP_251732_W57996,Mandapeta Ward No.22,ward,GEO_IN_AP_251732,,,
GEO_IN_AP_248114_W53085,Tadpatri (M) - Ward No.7,ward,GEO_IN_AP_248114,,,
GEO_IN_AP_248121_W53596,Tirupati (M) - Ward No.4,ward,GEO_IN_AP_248121,,,
GEO_IN_AP_251762_W51811,Markapur (M) - Ward No.4,ward,GEO_IN_AP_251762,,,
GEO_IN_AP_251750_W54887,Machilipatnam (M) - Ward No.7,ward,GEO_IN_AP_251750,,,
GEO_IN_AP_277317_W1297779,Yelleswaram Ward No.13,ward,GEO_IN_AP_277317,,,
GEO_IN_AP_248118_W1297401,Hindupur Ward No 38,ward,GEO_IN_AP_248118,,,
GEO_IN_AP_251750_W54905,Machilipatnam (M) - Ward No.25,ward,GEO_IN_AP_251750,,,
GEO_IN_AP_299715_W3045705,Ward No 5,ward,GEO_IN_AP_299715,,,
GEO_IN_AP_299715_W3045702,Ward No 2,ward,GEO_IN_AP_299715,,,
GEO_IN_AP_251732_W57511,Mandapeta Ward No.5,ward,GEO_IN_AP_251732,,,
GEO_IN_AP_251709_W52991,Vizianagaram (M) - Ward No.18,ward,GEO_IN_AP_251709,,,
GEO_IN_AP_299612_W3045647,Ward No 25,ward,GEO_IN_AP_299612,,,
GEO_IN_AP_251743_W54782,Palacole (M) - Ward No.7,ward,GEO_IN_AP_251743,,,
GEO_IN_AP_277319_W1297819,Jaggaiahpet Ward No. 5,ward,GEO_IN_AP_277319,,,
GEO_IN_AP_299715_W3045713,Ward No 13,ward,GEO_IN_AP_299715,,,
GEO_IN_AP_251760_W2463,Bapatla (M) - Ward No. 22,ward,GEO_IN_AP_251760,,,
GEO_IN_AP_257869_W126508,Giddalur-Ward No.18,ward,GEO_IN_AP_257869,,,
GEO_IN_AP_251787_W1297618,Yemmiganur Ward No. 23,ward,GEO_IN_AP_251787,,,
GEO_IN_AP_251782_W52122,18th Division,ward,GEO_IN_AP_251782,,,
GEO_IN_AP_251778_W487,Bodhan (M) - Ward No.24,ward,GEO_IN_AP_251778,,,
GEO_IN_AP_248114_W1297457,Tadipatri Ward No.17,ward,GEO_IN_AP_248114,,,
GEO_IN_AP_251763_W55379,Chirala (M) - Ward No.18,ward,GEO_IN_AP_251763,,,
GEO_IN_AP_251752_W55141,Mangalagiri (M) - Ward No.11,ward,GEO_IN_AP_251752,,,
GEO_IN_AP_251728_W57477,Pithapuram (M) - Ward No.6,ward,GEO_IN_AP_251728,,,
GEO_IN_AP_253252_W325,Ward No.10,ward,GEO_IN_AP_253252,,,
GEO_IN_AP_299612_W3045658,Ward No 36,ward,GEO_IN_AP_299612,,,
GEO_IN_AP_251749_W59141,Pedana (NP) - Ward No.5,ward,GEO_IN_AP_251749,,,
GEO_IN_AP_251766_W55441,Ongole (M) - Ward No.41,ward,GEO_IN_AP_251766,,,
GEO_IN_AP_251799_W3046083,Kalyandurg (CT) - Ward No.24,ward,GEO_IN_AP_251799,,,
GEO_IN_AP_251749_W1297743,Pedana (NP) - Ward No. 21,ward,GEO_IN_AP_251749,,,
GEO_IN_AP_248122_W126565,Chittoor - Ward No.43,ward,GEO_IN_AP_248122,,,
GEO_IN_AP_263068_W1297662,Gudurnlr Ward No. 33,ward,GEO_IN_AP_263068,,,
GEO_IN_AP_251740_W54626,Tanuku (M) - Ward No.2,ward,GEO_IN_AP_251740,,,
GEO_IN_AP_251773_W52008,Gudur (M) - Ward No.6,ward,GEO_IN_AP_251773,,,
GEO_IN_AP_248114_W1297470,Tadipatri Ward No.30,ward,GEO_IN_AP_248114,,,
GEO_IN_AP_299715_W3045708,Ward No 8,ward,GEO_IN_AP_299715,,,
GEO_IN_AP_251749_W59144,Pedana (NP) - Ward No.8,ward,GEO_IN_AP_251749,,,
GEO_IN_AP_251738_W131472,Tadepalligudem Ward No 31,ward,GEO_IN_AP_251738,,,
GEO_IN_AP_248113_W55577,Guntakal (M) - Ward No.10,ward,GEO_IN_AP_248113,,,
GEO_IN_AP_251702_W52756,Bobbili (M) - Ward No.10,ward,GEO_IN_AP_251702,,,
GEO_IN_AP_296328_W2323490,Election Ward No.2,ward,GEO_IN_AP_296328,,,
GEO_IN_AP_251755_W1713,Narasaraopet (M) - Ward No.27,ward,GEO_IN_AP_251755,,,
GEO_IN_AP_251725_W3046019,Rajahmundry Ward No.52,ward,GEO_IN_AP_251725,,,
GEO_IN_AP_299713_W3045663,Ward No 3,ward,GEO_IN_AP_299713,,,
GEO_IN_AP_253169_W53024,Dhone Ward No. 20,ward,GEO_IN_AP_253169,,,
GEO_IN_AP_258054_W163344,Yelamanchili M Ward No 20,ward,GEO_IN_AP_258054,,,
GEO_IN_AP_251746_W58196,Vijayawada (M Corp.) - Ward No.14,ward,GEO_IN_AP_251746,,,
GEO_IN_AP_251709_W3046029,Vizianagaram Ward No. 50,ward,GEO_IN_AP_251709,,,
GEO_IN_AP_253253_W342,Ward No. 4,ward,GEO_IN_AP_253253,,,
GEO_IN_AP_251699_W52701,Amadalavalasa (NP) - Ward No.12,ward,GEO_IN_AP_251699,,,
GEO_IN_AP_251727_W54482,Samalkot (M) - Ward No.4,ward,GEO_IN_AP_251727,,,
GEO_IN_AP_251768_W55484,Kandukur (M) - Ward No.15,ward,GEO_IN_AP_251768,,,
GEO_IN_AP_251757_W69688,Guntur (M Corp.) - Ward No.42,ward,GEO_IN_AP_251757,,,
GEO_IN_AP_253273_W1297602,Nandikotkur Ward No. 21,ward,GEO_IN_AP_253273,,,
GEO_IN_AP_248116_W53353,Kadiri (M) - Ward No.7,ward,GEO_IN_AP_248116,,,
GEO_IN_AP_299715_W3045703,Ward No 3,ward,GEO_IN_AP_299715,,,
GEO_IN_AP_296262_W2307984,Election Ward No.4,ward,GEO_IN_AP_296262,,,
GEO_IN_AP_251763_W55362,Chirala (M) - Ward No.1,ward,GEO_IN_AP_251763,,,
GEO_IN_AP_277315_W1297507,Mummidivaram Ward No.15,ward,GEO_IN_AP_277315,,,
GEO_IN_AP_251739_W54612,Eluru (M) - Ward No.21,ward,GEO_IN_AP_251739,,,
GEO_IN_AP_248125_W53639,Nagari (CT) - Ward No.25,ward,GEO_IN_AP_248125,,,
GEO_IN_AP_251792_W1297514,Adoni Ward No. 28,ward,GEO_IN_AP_251792,,,
GEO_IN_AP_251709_W52975,Vizianagaram (M) - Ward No.2,ward,GEO_IN_AP_251709,,,
GEO_IN_AP_248119_W55669,Madanapalle (M) - Ward No.12,ward,GEO_IN_AP_248119,,,
GEO_IN_AP_251738_W54582,Tadepalligudem (M) - Ward No.5,ward,GEO_IN_AP_251738,,,
GEO_IN_AP_257869_W126503,Giddalur-Ward No.13,ward,GEO_IN_AP_257869,,,
GEO_IN_AP_253274_W162494,Chimakurthy Ward No 1,ward,GEO_IN_AP_253274,,,
GEO_IN_AP_277316_W1297378,Gollaprolu Ward No. 15,ward,GEO_IN_AP_277316,,,
GEO_IN_AP_277316_W1297373,Gollaprolu Ward No. 10,ward,GEO_IN_AP_277316,,,
GEO_IN_AP_296263_W2308069,Election Ward No.3,ward,GEO_IN_AP_296263,,,
GEO_IN_AP_251736_W54571,Kovvur (NP) - Ward No.10,ward,GEO_IN_AP_251736,,,
GEO_IN_AP_296260_W2308033,Election Ward No.2,ward,GEO_IN_AP_296260,,,
GEO_IN_AP_257906_W3046076,Jangareddigudem Ward No 23,ward,GEO_IN_AP_257906,,,
GEO_IN_AP_258033_W160790,Atmakurnlr Ward No 21,ward,GEO_IN_AP_258033,,,
GEO_IN_AP_251742_W58142,Narasapur (M) - Ward No.8,ward,GEO_IN_AP_251742,,,
GEO_IN_AP_251772_W51880,Nellore (M) - Ward No.17,ward,GEO_IN_AP_251772,,,
GEO_IN_AP_251755_W55200,Narasaraopet (M) - Ward No.11,ward,GEO_IN_AP_251755,,,
GEO_IN_AP_251770_W160827,Kavali M Ward No 29,ward,GEO_IN_AP_251770,,,
GEO_IN_AP_251789_W1297553,Kurnool Ward No. 39,ward,GEO_IN_AP_251789,,,
GEO_IN_AP_251719_W53499,Visakhapatnam (M Corp.) - Ward No.14,ward,GEO_IN_AP_251719,,,
GEO_IN_AP_251727_W54491,Samalkot (M) - Ward No.13,ward,GEO_IN_AP_251727,,,
GEO_IN_AP_251747_W1297811,Gudivada Ward No. 33,ward,GEO_IN_AP_251747,,,
GEO_IN_AP_257831_W3046094,Naidupet Ward No. 25,ward,GEO_IN_AP_257831,,,
GEO_IN_AP_251749_W1297745,Pedana (NP) - Ward No. 23,ward,GEO_IN_AP_251749,,,
GEO_IN_AP_248126_W53666,Puttur (CT) - Ward No.19,ward,GEO_IN_AP_248126,,,
GEO_IN_AP_257906_W161557,Jangareddigudem Ward No 20,ward,GEO_IN_AP_257906,,,
GEO_IN_AP_277315_W1297500,Mummidivaram Ward No.8,ward,GEO_IN_AP_277315,,,
GEO_IN_AP_251719_W53516,Visakhapatnam (M Corp.) - Ward No.31,ward,GEO_IN_AP_251719,,,
GEO_IN_AP_251737_W131070,Nidadavole Ward No 27,ward,GEO_IN_AP_251737,,,
GEO_IN_AP_248117_W53067,Rayadurg (M) - Ward No.16,ward,GEO_IN_AP_248117,,,
GEO_IN_AP_253273_W3046100,Nandikotkur Ward No. 29,ward,GEO_IN_AP_253273,,,
GEO_IN_AP_253272_W1297327,Allagadda Ward No. 8,ward,GEO_IN_AP_253272,,,
GEO_IN_AP_251737_W58125,Nidadavole (M) - Ward No.11,ward,GEO_IN_AP_251737,,,
GEO_IN_AP_251728_W1297573,Pithapuram Ward No.22,ward,GEO_IN_AP_251728,,,
GEO_IN_AP_251722_W54042,Tuni (M) - Ward No.9,ward,GEO_IN_AP_251722,,,
GEO_IN_AP_258033_W160732,Atmakurnlr Ward No 4,ward,GEO_IN_AP_258033,,,
GEO_IN_AP_251752_W3046006,Mangalagiri Ward No.38,ward,GEO_IN_AP_251752,,,
GEO_IN_AP_254922_W1297866,Nandigama Ward No.15,ward,GEO_IN_AP_254922,,,
GEO_IN_AP_251780_W52087,Jammalamadugu (CT) - Ward No.15,ward,GEO_IN_AP_251780,,,
GEO_IN_AP_277317_W1297785,Yelleswaram Ward No.19,ward,GEO_IN_AP_277317,,,
GEO_IN_AP_251732_W57984,Mandapeta Ward No.16,ward,GEO_IN_AP_251732,,,
GEO_IN_AP_251728_W1297577,Pithapuram Ward No.26,ward,GEO_IN_AP_251728,,,
GEO_IN_AP_251719_W53506,Visakhapatnam (M Corp.) - Ward No.21,ward,GEO_IN_AP_251719,,,
GEO_IN_AP_251786_W52193,Rayachoti (CT) - Ward No.22,ward,GEO_IN_AP_251786,,,
GEO_IN_AP_251787_W1297614,Yemmiganur Ward No. 19,ward,GEO_IN_AP_251787,,,
GEO_IN_AP_253102_W3046149,Rajampet Ward No.22,ward,GEO_IN_AP_253102,,,
GEO_IN_AP_251756_W55683,Chilakaluripet (M) - Ward No.3,ward,GEO_IN_AP_251756,,,
GEO_IN_AP_251719_W53531,Visakhapatnam (M Corp.) - Ward No.46,ward,GEO_IN_AP_251719,,,
GEO_IN_AP_248115_W53322,Dharmavaram (M) - Ward No.8,ward,GEO_IN_AP_248115,,,
GEO_IN_AP_277315_W1297506,Mummidivaram Ward No.14,ward,GEO_IN_AP_277315,,,
GEO_IN_AP_253297_W119,Mydukur (M) - Ward No.1,ward,GEO_IN_AP_253297,,,
GEO_IN_AP_251799_W69103,Kalyandurg (CT) - Ward No.20,ward,GEO_IN_AP_251799,,,
GEO_IN_AP_251700_W57004,Arasavilli (R) (OG) (Part) - Ward No.20,ward,GEO_IN_AP_251700,,,
GEO_IN_AP_253227_W127746,Sullurpeta Ward No. 16,ward,GEO_IN_AP_253227,,,
GEO_IN_AP_257906_W161521,Jangareddigudem Ward No 05,ward,GEO_IN_AP_257906,,,
GEO_IN_AP_251741_W131484,Bhimavaram Ward No 36,ward,GEO_IN_AP_251741,,,
GEO_IN_AP_253252_W100,Ward No.2,ward,GEO_IN_AP_253252,,,
GEO_IN_AP_248118_W53367,Hindupur (M) - Ward No.4,ward,GEO_IN_AP_248118,,,
GEO_IN_AP_251727_W1297715,Samalkot Ward No.25,ward,GEO_IN_AP_251727,,,
GEO_IN_AP_251780_W52079,Jammalamadugu (CT) - Ward No.7,ward,GEO_IN_AP_251780,,,
GEO_IN_AP_251696_W1297406,Ichapuram Ward No. 20,ward,GEO_IN_AP_251696,,,
GEO_IN_AP_253227_W3046162,Sullurpeta Ward No. 24,ward,GEO_IN_AP_253227,,,
GEO_IN_AP_248123_W53696,Palamaner - Ward No.18,ward,GEO_IN_AP_248123,,,
GEO_IN_AP_253295_W126487,Kanigiri-Ward No.17,ward,GEO_IN_AP_253295,,,
GEO_IN_AP_251756_W55682,Chilakaluripet (M) - Ward No.2,ward,GEO_IN_AP_251756,,,
GEO_IN_AP_251749_W59147,Pedana (NP) - Ward No.11,ward,GEO_IN_AP_251749,,,
GEO_IN_AP_251763_W55375,Chirala (M) - Ward No.14,ward,GEO_IN_AP_251763,,,
GEO_IN_AP_253169_W52898,Dhone Ward No. 5,ward,GEO_IN_AP_253169,,,
GEO_IN_AP_253252_W97,Ward No.3,ward,GEO_IN_AP_253252,,,
GEO_IN_AP_248124_W126526,Srikalahasti - Ward No.31,ward,GEO_IN_AP_248124,,,
GEO_IN_AP_251754_W3046169,Vinukonda Ward No.30,ward,GEO_IN_AP_251754,,,
GEO_IN_AP_251733_W54531,Ramachandrapuram (M) - Ward No.22,ward,GEO_IN_AP_251733,,,
GEO_IN_AP_251757_W59174,Guntur (M Corp.) - Ward No.21,ward,GEO_IN_AP_251757,,,
GEO_IN_AP_251760_W51689,Bapatla (M) - Ward No.6,ward,GEO_IN_AP_251760,,,
GEO_IN_AP_248117_W1297448,Rayadurg Ward No 23,ward,GEO_IN_AP_248117,,,
GEO_IN_AP_251747_W1297801,Gudivada Ward No. 23,ward,GEO_IN_AP_251747,,,
GEO_IN_AP_253227_W127753,Sullurpeta Ward No. 23,ward,GEO_IN_AP_253227,,,
GEO_IN_AP_251722_W54039,Tuni (M) - Ward No.6,ward,GEO_IN_AP_251722,,,
GEO_IN_AP_251761_W51801,Repalle (M) - Ward No.10,ward,GEO_IN_AP_251761,,,
GEO_IN_AP_251774_W52030,Venkatagiri (CT) - Ward No.11,ward,GEO_IN_AP_251774,,,
GEO_IN_AP_251778_W50962,Bodhan (M) - Ward No.3,ward,GEO_IN_AP_251778,,,
GEO_IN_AP_251768_W55485,Kandukur (M) - Ward No.16,ward,GEO_IN_AP_251768,,,
GEO_IN_AP_251746_W58232,Vijayawada (M Corp.) - Ward No.32,ward,GEO_IN_AP_251746,,,
GEO_IN_AP_253169_W3046056,Dhone Ward No. 21,ward,GEO_IN_AP_253169,,,
GEO_IN_AP_251753_W55174,Sattenapalle (M) - Ward No.16,ward,GEO_IN_AP_251753,,,
GEO_IN_AP_251736_W54572,Kovvur (NP) - Ward No.11,ward,GEO_IN_AP_251736,,,
GEO_IN_AP_258054_W163307,Yelamanchili M Ward No 5,ward,GEO_IN_AP_258054,,,
GEO_IN_AP_251754_W55147,Vinukonda M Ward No 2,ward,GEO_IN_AP_251754,,,
GEO_IN_AP_257906_W161555,Jangareddigudem Ward No 18,ward,GEO_IN_AP_257906,,,
GEO_IN_AP_251700_W1297688,Srikakulam Ward No. 34,ward,GEO_IN_AP_251700,,,
GEO_IN_AP_251738_W3046176,Tadepalligudem Ward No. 38,ward,GEO_IN_AP_251738,,,
GEO_IN_AP_251750_W54897,Machilipatnam (M) - Ward No.17,ward,GEO_IN_AP_251750,,,
GEO_IN_AP_248124_W55604,Srikalahasti (M) - Ward No.2,ward,GEO_IN_AP_248124,,,
GEO_IN_AP_248122_W126579,Chittoor - Ward No.48,ward,GEO_IN_AP_248122,,,
GEO_IN_AP_251739_W54623,Komadavolu (OG) (Part) - Ward No.32,ward,GEO_IN_AP_251739,,,
GEO_IN_AP_251701_W52723,Parvathipuram (M) - Ward No.14,ward,GEO_IN_AP_251701,,,
GEO_IN_AP_248112_W1297291,Anantapur Ward No. 36,ward,GEO_IN_AP_248112,,,
GEO_IN_AP_251741_W54768,Bhimavaram (M) - Ward No.22,ward,GEO_IN_AP_251741,,,
GEO_IN_AP_248119_W55665,Madanapalle (M) - Ward No.8,ward,GEO_IN_AP_248119,,,
GEO_IN_AP_253270_W1297353,Atmakurknl Ward No. 10,ward,GEO_IN_AP_253270,,,
GEO_IN_AP_254924_W1297894,Tiruvuru Ward No.18,ward,GEO_IN_AP_254924,,,
GEO_IN_AP_258054_W163333,Yelamanchili M Ward No 14,ward,GEO_IN_AP_258054,,,
GEO_IN_AP_251762_W126626,Markapur M-Ward.28,ward,GEO_IN_AP_251762,,,
GEO_IN_AP_251741_W54772,Bhimavaram (M) - Ward No.26,ward,GEO_IN_AP_251741,,,
GEO_IN_AP_248119_W126591,Madanapalli - Ward No.28,ward,GEO_IN_AP_248119,,,
GEO_IN_AP_251699_W3046038,Amadalavalasa Ward No. 26,ward,GEO_IN_AP_251699,,,
GEO_IN_AP_251761_W51807,Repalle (M) - Ward No.16,ward,GEO_IN_AP_251761,,,
GEO_IN_AP_251766_W55432,Ongole (M) - Ward No.32,ward,GEO_IN_AP_251766,,,
GEO_IN_AP_251716_W53420,Narsipatnam (CT) - Ward No.5,ward,GEO_IN_AP_251716,,,
GEO_IN_AP_277317_W1297778,Yelleswaram Ward No.12,ward,GEO_IN_AP_277317,,,
GEO_IN_AP_251700_W1297679,Srikakulam Ward No. 25,ward,GEO_IN_AP_251700,,,
GEO_IN_AP_248122_W56026,Chittoor - Ward No.4,ward,GEO_IN_AP_248122,,,
GEO_IN_AP_251782_W3657,50th Division,ward,GEO_IN_AP_251782,,,
GEO_IN_AP_254922_W1297853,Nandigama Ward No.2,ward,GEO_IN_AP_254922,,,
GEO_IN_AP_263068_W1297639,Gudurnlr Ward No. 10,ward,GEO_IN_AP_263068,,,
GEO_IN_AP_251722_W1297747,Tuni Ward No.11,ward,GEO_IN_AP_251722,,,
GEO_IN_AP_251772_W52001,Buja Buja Nellore (OG) (Part) - Ward No.47,ward,GEO_IN_AP_251772,,,
GEO_IN_AP_251725_W57200,Rajahmundry (M Corp.) - Ward No.4,ward,GEO_IN_AP_251725,,,
GEO_IN_AP_251766_W55446,Ongole (M) - Ward No.46,ward,GEO_IN_AP_251766,,,
GEO_IN_AP_263068_W1297631,Gudurnlr Ward No. 2,ward,GEO_IN_AP_263068,,,
GEO_IN_AP_251754_W3046168,Vinukonda Ward No.29,ward,GEO_IN_AP_251754,,,
GEO_IN_AP_257869_W126498,Giddalur-Ward No.8,ward,GEO_IN_AP_257869,,,
GEO_IN_AP_257869_W126505,Giddalur-Ward No.15,ward,GEO_IN_AP_257869,,,
GEO_IN_AP_251731_W58035,Kakinada (M) - Ward No.42,ward,GEO_IN_AP_251731,,,
GEO_IN_AP_296256_W2323425,Election Ward No.5,ward,GEO_IN_AP_296256,,,
GEO_IN_AP_248125_W53622,Nagari (CT) - Ward No.8,ward,GEO_IN_AP_248125,,,
GEO_IN_AP_299612_W3045653,Ward No 31,ward,GEO_IN_AP_299612,,,
GEO_IN_AP_251755_W2192,Narasaraopet (M) - Ward No.34,ward,GEO_IN_AP_251755,,,
GEO_IN_AP_251699_W52697,Amadalavalasa (NP) - Ward No.8,ward,GEO_IN_AP_251699,,,
GEO_IN_AP_251737_W131055,Nidadavole Ward No 19,ward,GEO_IN_AP_251737,,,
GEO_IN_AP_251787_W52353,Yemmiganur (M) - Ward No.15,ward,GEO_IN_AP_251787,,,
GEO_IN_AP_296250_W2309875,Election Ward No.14,ward,GEO_IN_AP_296250,,,
GEO_IN_AP_251698_W56962,Rajam (CT) - Ward No.5,ward,GEO_IN_AP_251698,,,
GEO_IN_AP_251746_W58250,Vijayawada (M Corp.) - Ward No.41,ward,GEO_IN_AP_251746,,,
GEO_IN_AP_253273_W3046099,Nandikotkur Ward No. 28,ward,GEO_IN_AP_253273,,,
GEO_IN_AP_299714_W3045686,Ward No 6,ward,GEO_IN_AP_299714,,,
GEO_IN_AP_248126_W53650,Puttur (CT) - Ward No.3,ward,GEO_IN_AP_248126,,,
GEO_IN_AP_251795_W52907,Nandyal (M) - Ward No.10,ward,GEO_IN_AP_251795,,,
GEO_IN_AP_251751_W2483,Macherla (M) - Ward No. 25,ward,GEO_IN_AP_251751,,,
GEO_IN_AP_299612_W3045640,Ward No 18,ward,GEO_IN_AP_299612,,,
GEO_IN_AP_296263_W2308074,Election Ward No.8,ward,GEO_IN_AP_296263,,,
GEO_IN_AP_251719_W53505,Visakhapatnam (M Corp.) - Ward No.20,ward,GEO_IN_AP_251719,,,
GEO_IN_AP_257967_W127804,Ward,ward,GEO_IN_AP_257967,,,
GEO_IN_AP_251759_W3046116,Ponnur Ward No. 35,ward,GEO_IN_AP_251759,,,
GEO_IN_AP_248121_W126572,Tirupati - Ward No.48,ward,GEO_IN_AP_248121,,,
GEO_IN_AP_251722_W1297759,Tuni Ward No.23,ward,GEO_IN_AP_251722,,,
GEO_IN_AP_248122_W56076,Chittoor - Ward No.29,ward,GEO_IN_AP_248122,,,
GEO_IN_AP_248125_W53617,Nagari (CT) - Ward No.3,ward,GEO_IN_AP_248125,,,
GEO_IN_AP_251727_W54496,Samalkot (M) - Ward No.18,ward,GEO_IN_AP_251727,,,
GEO_IN_AP_251792_W52845,Adoni (M) - Ward No.7,ward,GEO_IN_AP_251792,,,
GEO_IN_AP_251756_W3046053,Chilakaluripet (M) - Ward No.36,ward,GEO_IN_AP_251756,,,
GEO_IN_AP_251752_W55133,Mangalagiri (M) - Ward No.3,ward,GEO_IN_AP_251752,,,
GEO_IN_AP_251746_W58278,Vijayawada (M Corp.) - Ward No.55,ward,GEO_IN_AP_251746,,,
GEO_IN_AP_251719_W54007,Visakhapatnam (M Corp.) - Ward No.65,ward,GEO_IN_AP_251719,,,
GEO_IN_AP_299714_W3045685,Ward No 5,ward,GEO_IN_AP_299714,,,
GEO_IN_AP_257906_W161549,Jangareddigudem Ward No 13,ward,GEO_IN_AP_257906,,,
GEO_IN_AP_251740_W54634,Tanuku (M) - Ward No.10,ward,GEO_IN_AP_251740,,,
GEO_IN_AP_251703_W52818,Salur (M) - Ward No.21,ward,GEO_IN_AP_251703,,,
GEO_IN_AP_251740_W54649,Tanuku (M) - Ward No.25,ward,GEO_IN_AP_251740,,,
GEO_IN_AP_251782_W52118,14th Division,ward,GEO_IN_AP_251782,,,
GEO_IN_AP_263068_W1297642,Gudurnlr Ward No. 13,ward,GEO_IN_AP_263068,,,
GEO_IN_AP_251763_W55383,Chirala (M) - Ward No.22,ward,GEO_IN_AP_251763,,,
GEO_IN_AP_253101_W3083,Pulivendula (M) - Ward No.7,ward,GEO_IN_AP_253101,,,
GEO_IN_AP_251759_W51659,Ponnur (M) - Ward No.1,ward,GEO_IN_AP_251759,,,
GEO_IN_AP_257831_W3046093,Naidupet Ward No. 24,ward,GEO_IN_AP_257831,,,
GEO_IN_AP_251739_W54617,Eluru (M) - Ward No.26,ward,GEO_IN_AP_251739,,,
GEO_IN_AP_251727_W1297714,Samalkot Ward No.24,ward,GEO_IN_AP_251727,,,
GEO_IN_AP_251701_W52732,Parvathipuram (M) - Ward No.23,ward,GEO_IN_AP_251701,,,
GEO_IN_AP_253270_W1297360,Atmakurknl Ward No. 17,ward,GEO_IN_AP_253270,,,
GEO_IN_AP_251789_W52354,Kurnool Ward No. 15,ward,GEO_IN_AP_251789,,,
GEO_IN_AP_248122_W126577,Chittoor - Ward No.46,ward,GEO_IN_AP_248122,,,
GEO_IN_AP_251797_W278,Gooty (CT) - Ward No.23,ward,GEO_IN_AP_251797,,,
GEO_IN_AP_251719_W53537,Visakhapatnam (M Corp.) - Ward No.52,ward,GEO_IN_AP_251719,,,
GEO_IN_AP_251780_W52082,Jammalamadugu (CT) - Ward No.10,ward,GEO_IN_AP_251780,,,
GEO_IN_AP_296261_W2307973,Election Ward No.13,ward,GEO_IN_AP_296261,,,
GEO_IN_AP_248121_W53600,Tirupati (M) - Ward No.8,ward,GEO_IN_AP_248121,,,
GEO_IN_AP_251774_W52043,Venkatagiri (CT) - Ward No.24,ward,GEO_IN_AP_251774,,,
GEO_IN_AP_277319_W1297836,Jaggaiahpet Ward No. 22,ward,GEO_IN_AP_277319,,,
GEO_IN_AP_248113_W1297410,Ward No 24,ward,GEO_IN_AP_248113,,,
GEO_IN_AP_251732_W57503,Mandapeta Ward No.1,ward,GEO_IN_AP_251732,,,
GEO_IN_AP_251696_W52667,Ichchapuram (NP) - Ward No.9,ward,GEO_IN_AP_251696,,,
GEO_IN_AP_258033_W160744,Atmakurnlr Ward No 5,ward,GEO_IN_AP_258033,,,
GEO_IN_AP_296259_W2308024,Election Ward No.13,ward,GEO_IN_AP_296259,,,
GEO_IN_AP_251727_W54484,Samalkot (M) - Ward No.6,ward,GEO_IN_AP_251727,,,
GEO_IN_AP_251756_W55693,Chilakaluripet (M) - Ward No.13,ward,GEO_IN_AP_251756,,,
GEO_IN_AP_257831_W3046092,Naidupet Ward No. 23,ward,GEO_IN_AP_257831,,,
GEO_IN_AP_254923_W1297914,Vuyyuru Ward No.18,ward,GEO_IN_AP_254923,,,
GEO_IN_AP_251795_W53045,Noonepalle (R) (OG) (Part) - Ward No.31,ward,GEO_IN_AP_251795,,,
GEO_IN_AP_253254_W360,Ward No. 2,ward,GEO_IN_AP_253254,,,
GEO_IN_AP_253169_W53014,Dhone Ward No. 15,ward,GEO_IN_AP_253169,,,
GEO_IN_AP_251756_W55695,Chilakaluripet (M) - Ward No.15,ward,GEO_IN_AP_251756,,,
GEO_IN_AP_251752_W2510,Mangalagiri (M) - Ward No.30,ward,GEO_IN_AP_251752,,,
GEO_IN_AP_251700_W56989,Srikakulam (M) - Ward No.5,ward,GEO_IN_AP_251700,,,
GEO_IN_AP_296328_W2323496,Election Ward No.8,ward,GEO_IN_AP_296328,,,
GEO_IN_AP_251758_W51649,Tenali (M) - Ward No.22,ward,GEO_IN_AP_251758,,,
GEO_IN_AP_277315_W1297504,Mummidivaram Ward No.12,ward,GEO_IN_AP_277315,,,
GEO_IN_AP_248112_W1297289,Anantapur Ward No. 34,ward,GEO_IN_AP_248112,,,
GEO_IN_AP_251725_W57204,Rajahmundry (M Corp.) - Ward No.8,ward,GEO_IN_AP_251725,,,
GEO_IN_AP_251719_W53532,Visakhapatnam (M Corp.) - Ward No.47,ward,GEO_IN_AP_251719,,,
GEO_IN_AP_258033_W160767,Atmakurnlr Ward No 10,ward,GEO_IN_AP_258033,,,
GEO_IN_AP_251709_W53001,Vizianagaram - Ward No.28,ward,GEO_IN_AP_251709,,,
GEO_IN_AP_251737_W58111,Nidadavole (M) - Ward No.4,ward,GEO_IN_AP_251737,,,
GEO_IN_AP_253102_W3046155,Rajampet Ward No.28,ward,GEO_IN_AP_253102,,,
GEO_IN_AP_254923_W1297901,Vuyyuru Ward No.5,ward,GEO_IN_AP_254923,,,
GEO_IN_AP_253227_W127733,Sullurpeta Ward No. 3,ward,GEO_IN_AP_253227,,,
GEO_IN_AP_251799_W55592,Kalyandurg (CT) - Ward No.2,ward,GEO_IN_AP_251799,,,
GEO_IN_AP_251747_W1297808,Gudivada Ward No. 30,ward,GEO_IN_AP_251747,,,
GEO_IN_AP_296260_W2308032,Election Ward No.1,ward,GEO_IN_AP_296260,,,
GEO_IN_AP_277316_W1297364,Gollaprolu Ward No. 1,ward,GEO_IN_AP_277316,,,
GEO_IN_AP_251709_W52995,Vizianagaram (M) - Ward No.22,ward,GEO_IN_AP_251709,,,
GEO_IN_AP_251789_W1297554,Kurnool Ward No. 40,ward,GEO_IN_AP_251789,,,
GEO_IN_AP_251743_W54779,Palacole (M) - Ward No.4,ward,GEO_IN_AP_251743,,,
GEO_IN_AP_251738_W131467,Tadepalligudem Ward No 29,ward,GEO_IN_AP_251738,,,
GEO_IN_AP_251795_W52893,Nandyal (M) - Ward No.3,ward,GEO_IN_AP_251795,,,
GEO_IN_AP_299715_W3045710,Ward No 10,ward,GEO_IN_AP_299715,,,
GEO_IN_AP_251742_W131504,Narasapur Ward No 29,ward,GEO_IN_AP_251742,,,
GEO_IN_AP_251702_W52776,Bobbili (M) - Ward No.30,ward,GEO_IN_AP_251702,,,
GEO_IN_AP_251731_W57504,Kakinada (M) - Ward No.2,ward,GEO_IN_AP_251731,,,
GEO_IN_AP_263068_W1297655,Gudurnlr Ward No. 26,ward,GEO_IN_AP_263068,,,
GEO_IN_AP_251711_W53007,Nellimarla (CT) - Ward No.1,ward,GEO_IN_AP_251711,,,
GEO_IN_AP_248122_W56060,Chittoor - Ward No.21,ward,GEO_IN_AP_248122,,,
GEO_IN_AP_248116_W1297426,Kadiri Ward No 20,ward,GEO_IN_AP_248116,,,
GEO_IN_AP_251725_W57220,Rajahmundry (M Corp.) - Ward No.24,ward,GEO_IN_AP_251725,,,
GEO_IN_AP_253295_W126480,Kanigiri-Ward No.10,ward,GEO_IN_AP_253295,,,
GEO_IN_AP_251740_W54631,Tanuku (M) - Ward No.7,ward,GEO_IN_AP_251740,,,
GEO_IN_AP_251735_W54557,Amalapuram (M) - Ward No.8,ward,GEO_IN_AP_251735,,,
GEO_IN_AP_257869_W126492,Giddalur-Ward No.2,ward,GEO_IN_AP_257869,,,
GEO_IN_AP_251789_W1297548,Kurnool Ward No. 34,ward,GEO_IN_AP_251789,,,
GEO_IN_AP_251719_W53514,Visakhapatnam (M Corp.) - Ward No.29,ward,GEO_IN_AP_251719,,,
GEO_IN_AP_296264_W2331468,Election Ward No.6,ward,GEO_IN_AP_296264,,,
GEO_IN_AP_251738_W54578,Tadepalligudem (M) - Ward No.1,ward,GEO_IN_AP_251738,,,
GEO_IN_AP_248112_W1297297,Anantapur Ward No. 42,ward,GEO_IN_AP_248112,,,
GEO_IN_AP_251711_W53379,Nellimarla (CT) - Ward No.6,ward,GEO_IN_AP_251711,,,
GEO_IN_AP_251741_W54751,Bhimavaram (M) - Ward No.5,ward,GEO_IN_AP_251741,,,
GEO_IN_AP_251716_W53429,Narsipatnam (CT) - Ward No.14,ward,GEO_IN_AP_251716,,,
GEO_IN_AP_253270_W3046042,Atmakurknl Ward No. 23,ward,GEO_IN_AP_253270,,,
GEO_IN_AP_296262_W2307986,Election Ward No.6,ward,GEO_IN_AP_296262,,,
GEO_IN_AP_251792_W52851,Adoni (M) - Ward No.13,ward,GEO_IN_AP_251792,,,
GEO_IN_AP_251757_W59175,Guntur (M Corp.) - Ward No.22,ward,GEO_IN_AP_251757,,,
GEO_IN_AP_251754_W55165,Vinukonda M Ward No 11,ward,GEO_IN_AP_251754,,,
GEO_IN_AP_251719_W1297937,Visakhapatnam (M Corp.) - Ward No.90,ward,GEO_IN_AP_251719,,,
GEO_IN_AP_248117_W53055,Rayadurg (M) - Ward No.4,ward,GEO_IN_AP_248117,,,
GEO_IN_AP_251750_W54906,Machilipatnam (M) - Ward No.26,ward,GEO_IN_AP_251750,,,
GEO_IN_AP_251741_W131475,Bhimavaram Ward No 30,ward,GEO_IN_AP_251741,,,
GEO_IN_AP_251792_W52861,Adoni (M) - Ward No.23,ward,GEO_IN_AP_251792,,,
GEO_IN_AP_251787_W52827,Yemmiganur (M) - Ward No.17,ward,GEO_IN_AP_251787,,,
GEO_IN_AP_251757_W59173,Guntur (M Corp.) - Ward No.20,ward,GEO_IN_AP_251757,,,
GEO_IN_AP_296257_W2308092,Election Ward No.6,ward,GEO_IN_AP_296257,,,
GEO_IN_AP_251755_W55197,Narasaraopet (M) - Ward No.8,ward,GEO_IN_AP_251755,,,
GEO_IN_AP_299612_W3045651,Ward No 29,ward,GEO_IN_AP_299612,,,
GEO_IN_AP_251799_W55595,Kalyandurg (CT) - Ward No.5,ward,GEO_IN_AP_251799,,,
GEO_IN_AP_251772_W51872,Nellore (M) - Ward No.9,ward,GEO_IN_AP_251772,,,
GEO_IN_AP_251756_W55699,Chilakaluripet (M) - Ward No.19,ward,GEO_IN_AP_251756,,,
GEO_IN_AP_248125_W53640,Nagari (CT) - Ward No.26,ward,GEO_IN_AP_248125,,,
GEO_IN_AP_251739_W54622,Tangellamudi (R) (OG) - Ward No.31,ward,GEO_IN_AP_251739,,,
GEO_IN_AP_251746_W58226,Vijayawada (M Corp.) - Ward No.29,ward,GEO_IN_AP_251746,,,
GEO_IN_AP_253297_W1190,Mydukur (M) - Ward No.12,ward,GEO_IN_AP_253297,,,
GEO_IN_AP_251766_W55415,Ongole (M) - Ward No.15,ward,GEO_IN_AP_251766,,,
GEO_IN_AP_251746_W3046639,Vijayawada (M Corp.) - Ward No.63,ward,GEO_IN_AP_251746,,,
GEO_IN_AP_254924_W1297892,Tiruvuru Ward No.16,ward,GEO_IN_AP_254924,,,
GEO_IN_AP_296261_W2307971,Election Ward No.11,ward,GEO_IN_AP_296261,,,
GEO_IN_AP_251727_W54490,Samalkot (M) - Ward No.12,ward,GEO_IN_AP_251727,,,
GEO_IN_AP_251719_W53540,Visakhapatnam (M Corp.) - Ward No.55,ward,GEO_IN_AP_251719,,,
GEO_IN_AP_299716_W3045729,Ward No 9,ward,GEO_IN_AP_299716,,,
GEO_IN_AP_251702_W52751,Bobbili (M) - Ward No.5,ward,GEO_IN_AP_251702,,,
GEO_IN_AP_299612_W3045639,Ward No 17,ward,GEO_IN_AP_299612,,,
GEO_IN_AP_251773_W52012,Gudur (M) - Ward No.10,ward,GEO_IN_AP_251773,,,
GEO_IN_AP_251736_W54575,Kovvur (NP) - Ward No.14,ward,GEO_IN_AP_251736,,,
GEO_IN_AP_251741_W54770,Bhimavaram (M) - Ward No.24,ward,GEO_IN_AP_251741,,,
GEO_IN_AP_251746_W58286,Vijayawada (M Corp.) - Ward No.59,ward,GEO_IN_AP_251746,,,
GEO_IN_AP_251741_W131481,Bhimavaram Ward No 34,ward,GEO_IN_AP_251741,,,
GEO_IN_AP_258054_W163342,Yelamanchili M Ward No 19,ward,GEO_IN_AP_258054,,,
GEO_IN_AP_251773_W160810,Gudur M Ward No 20,ward,GEO_IN_AP_251773,,,
GEO_IN_AP_251760_W1584,Bapatla (M) - Ward No. 25,ward,GEO_IN_AP_251760,,,
GEO_IN_AP_296257_W2308089,Election Ward No.3,ward,GEO_IN_AP_296257,,,
GEO_IN_AP_251754_W55171,Vinukonda M Ward No 14,ward,GEO_IN_AP_251754,,,
GEO_IN_AP_254922_W1297861,Nandigama Ward No.10,ward,GEO_IN_AP_254922,,,
GEO_IN_AP_251740_W54647,Tanuku (M) - Ward No.23,ward,GEO_IN_AP_251740,,,
GEO_IN_AP_251747_W1297810,Gudivada Ward No. 32,ward,GEO_IN_AP_251747,,,
GEO_IN_AP_251780_W52077,Jammalamadugu (CT) - Ward No.5,ward,GEO_IN_AP_251780,,,
GEO_IN_AP_254922_W1297864,Nandigama Ward No.13,ward,GEO_IN_AP_254922,,,
GEO_IN_AP_251789_W1297564,Kurnool Ward No. 50,ward,GEO_IN_AP_251789,,,
GEO_IN_AP_253253_W347,Ward No. 9,ward,GEO_IN_AP_253253,,,
GEO_IN_AP_253274_W162507,Chimakurthy Ward No 14,ward,GEO_IN_AP_253274,,,
GEO_IN_AP_251772_W51997,Nellore (M) - Ward No.43,ward,GEO_IN_AP_251772,,,
GEO_IN_AP_251756_W55696,Chilakaluripet (M) - Ward No.16,ward,GEO_IN_AP_251756,,,
GEO_IN_AP_251743_W54795,Palacole (M) - Ward No.20,ward,GEO_IN_AP_251743,,,
GEO_IN_AP_251792_W52840,Adoni (M) - Ward No.2,ward,GEO_IN_AP_251792,,,
GEO_IN_AP_296264_W2331483,Election Ward No.21,ward,GEO_IN_AP_296264,,,
GEO_IN_AP_251743_W54790,Palacole (M) - Ward No.15,ward,GEO_IN_AP_251743,,,
GEO_IN_AP_254923_W1297902,Vuyyuru Ward No.6,ward,GEO_IN_AP_254923,,,
GEO_IN_AP_253273_W1297603,Nandikotkur Ward No. 22,ward,GEO_IN_AP_253273,,,
GEO_IN_AP_296264_W2331470,Election Ward No.8,ward,GEO_IN_AP_296264,,,
GEO_IN_AP_248125_W53626,Nagari (CT) - Ward No.12,ward,GEO_IN_AP_248125,,,
GEO_IN_AP_251724_W54061,Peddapuram (M) - Ward No.14,ward,GEO_IN_AP_251724,,,
GEO_IN_AP_251758_W51628,Tenali (M) - Ward No.1,ward,GEO_IN_AP_251758,,,
GEO_IN_AP_277317_W1297786,Yelleswaram Ward No.20,ward,GEO_IN_AP_277317,,,
GEO_IN_AP_248116_W53347,Kadiri (M) - Ward No.1,ward,GEO_IN_AP_248116,,,
GEO_IN_AP_251700_W1297695,Srikakulam Ward No. 41,ward,GEO_IN_AP_251700,,,
GEO_IN_AP_253167_W54914,Piduguralla M Ward No 1,ward,GEO_IN_AP_253167,,,
GEO_IN_AP_248122_W56034,Chittoor - Ward No.8,ward,GEO_IN_AP_248122,,,
GEO_IN_AP_251737_W131062,Nidadavole Ward No 23,ward,GEO_IN_AP_251737,,,
GEO_IN_AP_251780_W52074,Jammalamadugu (CT) - Ward No.2,ward,GEO_IN_AP_251780,,,
GEO_IN_AP_253272_W1297325,Allagadda Ward No. 6,ward,GEO_IN_AP_253272,,,
GEO_IN_AP_251756_W55681,Chilakaluripet (M) - Ward No.1,ward,GEO_IN_AP_251756,,,
GEO_IN_AP_251695_W1297670,Palasakasibugga Ward No. 21,ward,GEO_IN_AP_251695,,,
GEO_IN_AP_253270_W1297358,Atmakurknl Ward No. 15,ward,GEO_IN_AP_253270,,,
GEO_IN_AP_248114_W1297462,Tadipatri Ward No.22,ward,GEO_IN_AP_248114,,,
GEO_IN_AP_251782_W2555,30th Division,ward,GEO_IN_AP_251782,,,
GEO_IN_AP_251757_W69691,Guntur (M Corp.) - Ward No.45,ward,GEO_IN_AP_251757,,,
GEO_IN_AP_251724_W54055,Peddapuram (M) - Ward No.8,ward,GEO_IN_AP_251724,,,
GEO_IN_AP_251700_W1297701,Srikakulam Ward No. 47,ward,GEO_IN_AP_251700,,,
GEO_IN_AP_248113_W1297422,Ward No 36,ward,GEO_IN_AP_248113,,,
GEO_IN_AP_251789_W1297539,Kurnool Ward No. 25,ward,GEO_IN_AP_251789,,,
GEO_IN_AP_251702_W52747,Bobbili (M) - Ward No.1,ward,GEO_IN_AP_251702,,,
GEO_IN_AP_299714_W3045691,Ward No 11,ward,GEO_IN_AP_299714,,,
GEO_IN_AP_251722_W1297766,Tuni Ward No.30,ward,GEO_IN_AP_251722,,,
GEO_IN_AP_251778_W2081,Bodhan (M) - Ward No.30,ward,GEO_IN_AP_251778,,,
GEO_IN_AP_251762_W126615,Markapur M-Ward.17,ward,GEO_IN_AP_251762,,,
GEO_IN_AP_251709_W3046023,Vizianagaram Ward No. 44,ward,GEO_IN_AP_251709,,,
GEO_IN_AP_248113_W1297412,Ward No 26,ward,GEO_IN_AP_248113,,,
GEO_IN_AP_251699_W52692,Amadalavalasa (NP) - Ward No.3,ward,GEO_IN_AP_251699,,,
GEO_IN_AP_296257_W2308105,Election Ward No.19,ward,GEO_IN_AP_296257,,,
GEO_IN_AP_251758_W51643,Tenali (M) - Ward No.16,ward,GEO_IN_AP_251758,,,
GEO_IN_AP_251782_W52124,20th Division,ward,GEO_IN_AP_251782,,,
GEO_IN_AP_253253_W351,Ward No. 13,ward,GEO_IN_AP_253253,,,
GEO_IN_AP_251731_W58023,Kakinada (M) - Ward No.36,ward,GEO_IN_AP_251731,,,
GEO_IN_AP_251753_W126649,Sattenapalli Ward No 28,ward,GEO_IN_AP_251753,,,
GEO_IN_AP_251749_W59142,Pedana (NP) - Ward No.6,ward,GEO_IN_AP_251749,,,
GEO_IN_AP_251695_W1297667,Palasakasibugga Ward No. 18,ward,GEO_IN_AP_251695,,,
GEO_IN_AP_253102_W52182,Rajampet Ward No.16,ward,GEO_IN_AP_253102,,,
GEO_IN_AP_251750_W54909,Machilipatnam (M) - Ward No.29,ward,GEO_IN_AP_251750,,,
GEO_IN_AP_296250_W2309867,Election Ward No.6,ward,GEO_IN_AP_296250,,,
GEO_IN_AP_299716_W3045725,Ward No 5,ward,GEO_IN_AP_299716,,,
GEO_IN_AP_257831_W162486,Naidupet Ward No. 15,ward,GEO_IN_AP_257831,,,
GEO_IN_AP_251772_W51866,Nellore (M) - Ward No.3,ward,GEO_IN_AP_251772,,,
GEO_IN_AP_251733_W54529,Ramachandrapuram (M) - Ward No.20,ward,GEO_IN_AP_251733,,,
GEO_IN_AP_248126_W53648,Puttur (CT) - Ward No.1,ward,GEO_IN_AP_248126,,,
GEO_IN_AP_299612_W3045642,Ward No 20,ward,GEO_IN_AP_299612,,,
GEO_IN_AP_253169_W3046061,Dhone Ward No. 26,ward,GEO_IN_AP_253169,,,
GEO_IN_AP_251701_W52719,Parvathipuram (M) - Ward No.10,ward,GEO_IN_AP_251701,,,
GEO_IN_AP_251756_W55685,Chilakaluripet (M) - Ward No.5,ward,GEO_IN_AP_251756,,,
GEO_IN_AP_296250_W2309873,Election Ward No.12,ward,GEO_IN_AP_296250,,,
GEO_IN_AP_251772_W51876,Nellore (M) - Ward No.13,ward,GEO_IN_AP_251772,,,
GEO_IN_AP_251759_W51667,Ponnur (M) - Ward No.9,ward,GEO_IN_AP_251759,,,
GEO_IN_AP_251703_W52823,Salur (M) - Ward No.26,ward,GEO_IN_AP_251703,,,
GEO_IN_AP_248124_W126521,Srikalahasti - Ward No.26,ward,GEO_IN_AP_248124,,,
GEO_IN_AP_251750_W3045998,Machilipatnam Ward No.48,ward,GEO_IN_AP_251750,,,
GEO_IN_AP_251740_W54629,Tanuku (M) - Ward No.5,ward,GEO_IN_AP_251740,,,
GEO_IN_AP_251797_W272,Gooty (CT) - Ward No.17,ward,GEO_IN_AP_251797,,,
GEO_IN_AP_257869_W126500,Giddalur-Ward No.10,ward,GEO_IN_AP_257869,,,
GEO_IN_AP_296256_W2323430,Election Ward No.10,ward,GEO_IN_AP_296256,,,
GEO_IN_AP_248117_W53064,Rayadurg (M) - Ward No.13,ward,GEO_IN_AP_248117,,,
GEO_IN_AP_251731_W57971,Kakinada (M) - Ward No.10,ward,GEO_IN_AP_251731,,,
GEO_IN_AP_251709_W1297983,Vizianagaram Ward No. 30,ward,GEO_IN_AP_251709,,,
GEO_IN_AP_253254_W371,Ward No. 13,ward,GEO_IN_AP_253254,,,
GEO_IN_AP_251703_W52819,Salur (M) - Ward No.22,ward,GEO_IN_AP_251703,,,
GEO_IN_AP_248114_W53093,Tadpatri (M) - Ward No.15,ward,GEO_IN_AP_248114,,,
GEO_IN_AP_251741_W54757,Bhimavaram (M) - Ward No.11,ward,GEO_IN_AP_251741,,,
GEO_IN_AP_248119_W55670,Madanapalle (M) - Ward No.13,ward,GEO_IN_AP_248119,,,
GEO_IN_AP_251725_W57205,Rajahmundry (M Corp.) - Ward No.9,ward,GEO_IN_AP_251725,,,
GEO_IN_AP_248112_W53302,Anantapur (M) - Ward No.20,ward,GEO_IN_AP_248112,,,
GEO_IN_AP_296257_W2308094,Election Ward No.8,ward,GEO_IN_AP_296257,,,
GEO_IN_AP_251759_W51668,Ponnur (M) - Ward No.10,ward,GEO_IN_AP_251759,,,
GEO_IN_AP_251792_W52848,Adoni (M) - Ward No.10,ward,GEO_IN_AP_251792,,,
GEO_IN_AP_248124_W55602,Srikalahasti (M) - Ward No.1,ward,GEO_IN_AP_248124,,,
GEO_IN_AP_251722_W1297763,Tuni Ward No.27,ward,GEO_IN_AP_251722,,,
GEO_IN_AP_251782_W2570,45th Division,ward,GEO_IN_AP_251782,,,
GEO_IN_AP_277316_W1297382,Gollaprolu Ward No. 19,ward,GEO_IN_AP_277316,,,
GEO_IN_AP_251696_W1297404,Ichapuram Ward No. 18,ward,GEO_IN_AP_251696,,,
GEO_IN_AP_299713_W3045668,Ward No 8,ward,GEO_IN_AP_299713,,,
GEO_IN_AP_248123_W53701,Palamaner - Ward No.23,ward,GEO_IN_AP_248123,,,
GEO_IN_AP_251786_W52201,Rayachoti (CT) - Ward No.26,ward,GEO_IN_AP_251786,,,
GEO_IN_AP_251699_W52709,Amadalavalasa (NP) - Ward No.20,ward,GEO_IN_AP_251699,,,
GEO_IN_AP_251731_W57991,Kakinada (M) - Ward No.20,ward,GEO_IN_AP_251731,,,
GEO_IN_AP_277315_W1297496,Mummidivaram Ward No.4,ward,GEO_IN_AP_277315,,,
GEO_IN_AP_251740_W54653,Tanuku (M) - Ward No.29,ward,GEO_IN_AP_251740,,,
GEO_IN_AP_251755_W55208,Narasaraopet (M) - Ward No.19,ward,GEO_IN_AP_251755,,,
GEO_IN_AP_258054_W163348,Yelamanchili M Ward No 22,ward,GEO_IN_AP_258054,,,
GEO_IN_AP_251727_W54489,Samalkot (M) - Ward No.11,ward,GEO_IN_AP_251727,,,
GEO_IN_AP_258054_W163303,Yelamanchili M Ward No1,ward,GEO_IN_AP_258054,,,
GEO_IN_AP_248118_W53544,Hindupur (M) - Ward No.17,ward,GEO_IN_AP_248118,,,
GEO_IN_AP_251762_W126611,Markapur M-Ward.13,ward,GEO_IN_AP_251762,,,
GEO_IN_AP_251725_W57210,Rajahmundry (M Corp.) - Ward No.14,ward,GEO_IN_AP_251725,,,
GEO_IN_AP_251766_W55442,Ongole (M) - Ward No.42,ward,GEO_IN_AP_251766,,,
GEO_IN_AP_248112_W1297299,Anantapur Ward No. 44,ward,GEO_IN_AP_248112,,,
GEO_IN_AP_251758_W51651,Tenali (M) - Ward No.24,ward,GEO_IN_AP_251758,,,
GEO_IN_AP_251763_W55385,Chirala (M) - Ward No.24,ward,GEO_IN_AP_251763,,,
GEO_IN_AP_253253_W354,Ward No. 16,ward,GEO_IN_AP_253253,,,
GEO_IN_AP_251695_W56954,Palasa Kasibugga (NP) - Ward No.12,ward,GEO_IN_AP_251695,,,
GEO_IN_AP_248112_W53306,Anantapur (M) - Ward No.24,ward,GEO_IN_AP_248112,,,
GEO_IN_AP_296256_W2323431,Election Ward No.11,ward,GEO_IN_AP_296256,,,
GEO_IN_AP_296260_W2308036,Election Ward No.5,ward,GEO_IN_AP_296260,,,
GEO_IN_AP_277319_W1297835,Jaggaiahpet Ward No. 21,ward,GEO_IN_AP_277319,,,
GEO_IN_AP_248123_W53688,Palamaner - Ward No.10,ward,GEO_IN_AP_248123,,,
GEO_IN_AP_251727_W54485,Samalkot (M) - Ward No.7,ward,GEO_IN_AP_251727,,,
GEO_IN_AP_251789_W1297533,Kurnool Ward No. 19,ward,GEO_IN_AP_251789,,,
GEO_IN_AP_248111_W3046049,Ward No.33,ward,GEO_IN_AP_248111,,,
GEO_IN_AP_251740_W54636,Tanuku (M) - Ward No.12,ward,GEO_IN_AP_251740,,,
GEO_IN_AP_253102_W52154,Rajampet Ward No.2,ward,GEO_IN_AP_253102,,,
GEO_IN_AP_251724_W54052,Peddapuram (M) - Ward No.5,ward,GEO_IN_AP_251724,,,
GEO_IN_AP_251750_W54882,Machilipatnam (M) - Ward No.2,ward,GEO_IN_AP_251750,,,
GEO_IN_AP_277315_W1297509,Mummidivaram Ward No.17,ward,GEO_IN_AP_277315,,,
GEO_IN_AP_248114_W53091,Tadpatri (M) - Ward No.13,ward,GEO_IN_AP_248114,,,
GEO_IN_AP_253254_W362,Ward No. 4,ward,GEO_IN_AP_253254,,,
GEO_IN_AP_251773_W52016,Gudur (M) - Ward No.14,ward,GEO_IN_AP_251773,,,
GEO_IN_AP_248123_W53679,Palamaner Ward No-1,ward,GEO_IN_AP_248123,,,
GEO_IN_AP_277316_W1297372,Gollaprolu Ward No. 9,ward,GEO_IN_AP_277316,,,
GEO_IN_AP_253295_W126483,Kanigiri-Ward No.13,ward,GEO_IN_AP_253295,,,
GEO_IN_AP_258054_W163304,Yelamanchili M Ward No 2,ward,GEO_IN_AP_258054,,,
GEO_IN_AP_251759_W2376,Ponnur (M) - Ward No.30,ward,GEO_IN_AP_251759,,,
GEO_IN_AP_251709_W52986,Vizianagaram (M) - Ward No.13,ward,GEO_IN_AP_251709,,,
GEO_IN_AP_251755_W1711,Narasaraopet (M) - Ward No.25,ward,GEO_IN_AP_251755,,,
GEO_IN_AP_254923_W1297910,Vuyyuru Ward No.14,ward,GEO_IN_AP_254923,,,
GEO_IN_AP_251695_W1297668,Palasakasibugga Ward No. 19,ward,GEO_IN_AP_251695,,,
GEO_IN_AP_248120_W56055,Punganur (NP) - Ward No.19,ward,GEO_IN_AP_248120,,,
GEO_IN_AP_251770_W55504,Kavali (M) - Ward No.11,ward,GEO_IN_AP_251770,,,
GEO_IN_AP_257868_W126454,Addanki-Ward No-5,ward,GEO_IN_AP_257868,,,
GEO_IN_AP_248116_W53350,Kadiri (M) - Ward No.4,ward,GEO_IN_AP_248116,,,
GEO_IN_AP_251756_W55710,Chilakaluripet (M) - Ward No.30,ward,GEO_IN_AP_251756,,,
GEO_IN_AP_248117_W53052,Rayadurg (M) - Ward No.1,ward,GEO_IN_AP_248117,,,
GEO_IN_AP_258033_W160776,Atmakurnlr Ward No 13,ward,GEO_IN_AP_258033,,,
GEO_IN_AP_251719_W1297944,Visakhapatnam (M Corp.) - Ward No.97,ward,GEO_IN_AP_251719,,,
GEO_IN_AP_248115_W53329,Dharmavaram (M) - Ward No.15,ward,GEO_IN_AP_248115,,,
GEO_IN_AP_251716_W53419,Narsipatnam (CT) - Ward No.4,ward,GEO_IN_AP_251716,,,
GEO_IN_AP_251741_W54775,Rayalam (R) (OG) (Part) - Ward No.29,ward,GEO_IN_AP_251741,,,
GEO_IN_AP_248118_W53543,Hindupur (M) - Ward No.16,ward,GEO_IN_AP_248118,,,
GEO_IN_AP_251739_W161464,Eluru Ward No 34,ward,GEO_IN_AP_251739,,,
GEO_IN_AP_251699_W1297343,Amadalavalasa Ward No. 23,ward,GEO_IN_AP_251699,,,
GEO_IN_AP_251702_W52763,Bobbili (M) - Ward No.17,ward,GEO_IN_AP_251702,,,
GEO_IN_AP_253272_W1297340,Allagadda Ward No. 21,ward,GEO_IN_AP_253272,,,
GEO_IN_AP_251778_W463,Bodhan (M) - Ward No.16,ward,GEO_IN_AP_251778,,,
GEO_IN_AP_251774_W52026,Venkatagiri (CT) - Ward No.7,ward,GEO_IN_AP_251774,,,
GEO_IN_AP_251746_W58258,Vijayawada (M Corp.) - Ward No.45,ward,GEO_IN_AP_251746,,,
GEO_IN_AP_251762_W126628,Markapur M-Ward.30,ward,GEO_IN_AP_251762,,,
GEO_IN_AP_253272_W3046032,Allagadda Ward No. 24,ward,GEO_IN_AP_253272,,,
GEO_IN_AP_251698_W56977,Rajam (CT) - Ward No.20,ward,GEO_IN_AP_251698,,,
GEO_IN_AP_253169_W53020,Dhone Ward No. 18,ward,GEO_IN_AP_253169,,,
GEO_IN_AP_251741_W54761,Bhimavaram (M) - Ward No.15,ward,GEO_IN_AP_251741,,,
GEO_IN_AP_253102_W52152,Rajampet Ward No.1,ward,GEO_IN_AP_253102,,,
GEO_IN_AP_251731_W58039,Kakinada (M) - Ward No.44,ward,GEO_IN_AP_251731,,,
GEO_IN_AP_248122_W56040,Chittoor - Ward No.11,ward,GEO_IN_AP_248122,,,
GEO_IN_AP_248125_W53633,Nagari (CT) - Ward No.19,ward,GEO_IN_AP_248125,,,
GEO_IN_AP_251786_W52209,Rayachoti (CT) - Ward No.30,ward,GEO_IN_AP_251786,,,
GEO_IN_AP_277315_W1297508,Mummidivaram Ward No.16,ward,GEO_IN_AP_277315,,,
GEO_IN_AP_253227_W127731,Sullurpeta Ward No. 1,ward,GEO_IN_AP_253227,,,
GEO_IN_AP_248111_W474,Ward No.20,ward,GEO_IN_AP_248111,,,
GEO_IN_AP_251760_W1297384,Bapatla Ward No. 33,ward,GEO_IN_AP_251760,,,
GEO_IN_AP_248122_W56044,Chittoor - Ward No.13,ward,GEO_IN_AP_248122,,,
GEO_IN_AP_253273_W1297597,Nandikotkur Ward No. 16,ward,GEO_IN_AP_253273,,,
GEO_IN_AP_296264_W2331474,Election Ward No.12,ward,GEO_IN_AP_296264,,,
GEO_IN_AP_263068_W1297653,Gudurnlr Ward No. 24,ward,GEO_IN_AP_263068,,,
GEO_IN_AP_253227_W127732,Sullurpeta Ward No. 2,ward,GEO_IN_AP_253227,,,
GEO_IN_AP_253169_W53012,Dhone Ward No. 14,ward,GEO_IN_AP_253169,,,
GEO_IN_AP_253272_W1297322,Allagadda Ward No. 3,ward,GEO_IN_AP_253272,,,
GEO_IN_AP_257906_W3046080,Jangareddigudem Ward No 27,ward,GEO_IN_AP_257906,,,
GEO_IN_AP_248112_W53290,Anantapur (M) - Ward No.8,ward,GEO_IN_AP_248112,,,
GEO_IN_AP_248122_W56066,Chittoor - Ward No.24,ward,GEO_IN_AP_248122,,,
GEO_IN_AP_251781_W1297739,Yerraguntla Ward No. 20,ward,GEO_IN_AP_251781,,,
GEO_IN_AP_251750_W54904,Machilipatnam (M) - Ward No.24,ward,GEO_IN_AP_251750,,,
GEO_IN_AP_251725_W57230,Rajahmundry (M Corp.) - Ward No.34,ward,GEO_IN_AP_251725,,,
GEO_IN_AP_251739_W54596,Eluru (M) - Ward No.5,ward,GEO_IN_AP_251739,,,
GEO_IN_AP_251760_W51693,Bapatla (M) - Ward No.10,ward,GEO_IN_AP_251760,,,
GEO_IN_AP_251724_W54049,Peddapuram (M) - Ward No.2,ward,GEO_IN_AP_251724,,,
GEO_IN_AP_251719_W1297923,Visakhapatnam (M Corp.) - Ward No.76,ward,GEO_IN_AP_251719,,,
GEO_IN_AP_251758_W51648,Tenali (M) - Ward No.21,ward,GEO_IN_AP_251758,,,
GEO_IN_AP_251727_W54493,Samalkot (M) - Ward No.15,ward,GEO_IN_AP_251727,,,
GEO_IN_AP_248122_W56050,Chittoor - Ward No.16,ward,GEO_IN_AP_248122,,,
GEO_IN_AP_251759_W51683,Ponnur (M) - Ward No.25,ward,GEO_IN_AP_251759,,,
GEO_IN_AP_263068_W1297638,Gudurnlr Ward No. 9,ward,GEO_IN_AP_263068,,,
GEO_IN_AP_251778_W481,Bodhan (M) - Ward No.22,ward,GEO_IN_AP_251778,,,
GEO_IN_AP_296256_W2323440,Election Ward No.20,ward,GEO_IN_AP_296256,,,
GEO_IN_AP_251758_W2235,Tenali (M) - Ward No.32,ward,GEO_IN_AP_251758,,,
GEO_IN_AP_251752_W2572,Mangalagiri (M) - Ward No.32,ward,GEO_IN_AP_251752,,,
GEO_IN_AP_299612_W3045634,Ward No 12,ward,GEO_IN_AP_299612,,,
GEO_IN_AP_251703_W52824,Salur (M) - Ward No.27,ward,GEO_IN_AP_251703,,,
GEO_IN_AP_248121_W53603,Tirupati (M) - Ward No.11,ward,GEO_IN_AP_248121,,,
GEO_IN_AP_257868_W126456,Addanki-Ward No-7,ward,GEO_IN_AP_257868,,,
GEO_IN_AP_251760_W51701,Bapatla (M) - Ward No.18,ward,GEO_IN_AP_251760,,,
GEO_IN_AP_251709_W52989,Vizianagaram (M) - Ward No.16,ward,GEO_IN_AP_251709,,,
GEO_IN_AP_277316_W1297380,Gollaprolu Ward No. 17,ward,GEO_IN_AP_277316,,,
GEO_IN_AP_251762_W51809,Markapur (M) - Ward No.2,ward,GEO_IN_AP_251762,,,
GEO_IN_AP_251719_W53493,Visakhapatnam (M Corp.) - Ward No.8,ward,GEO_IN_AP_251719,,,
GEO_IN_AP_257868_W126469,Addanki Ward No-20,ward,GEO_IN_AP_257868,,,
GEO_IN_AP_251738_W54588,Tadepalligudem (M) - Ward No.11,ward,GEO_IN_AP_251738,,,
GEO_IN_AP_253227_W127738,Sullurpeta Ward No. 8,ward,GEO_IN_AP_253227,,,
GEO_IN_AP_257868_W126461,Addanki Ward No-12,ward,GEO_IN_AP_257868,,,
GEO_IN_AP_253227_W127734,Sullurpeta Ward No. 4,ward,GEO_IN_AP_253227,,,
GEO_IN_AP_251768_W55490,Kandukur (M) - Ward No.21,ward,GEO_IN_AP_251768,,,
GEO_IN_AP_251725_W57239,Rajahmundry (M Corp.) - Ward No.43,ward,GEO_IN_AP_251725,,,
GEO_IN_AP_248125_W53623,Nagari (CT) - Ward No.9,ward,GEO_IN_AP_248125,,,
GEO_IN_AP_251772_W51983,Nellore (M) - Ward No.29,ward,GEO_IN_AP_251772,,,
GEO_IN_AP_251740_W54639,Tanuku (M) - Ward No.15,ward,GEO_IN_AP_251740,,,
GEO_IN_AP_296261_W2307965,Election Ward No.5,ward,GEO_IN_AP_296261,,,
GEO_IN_AP_248119_W55659,Madanapalle (M) - Ward No.2,ward,GEO_IN_AP_248119,,,
GEO_IN_AP_253102_W52170,Rajampet Ward No.10,ward,GEO_IN_AP_253102,,,
GEO_IN_AP_251746_W58280,Vijayawada (M Corp.) - Ward No.56,ward,GEO_IN_AP_251746,,,
GEO_IN_AP_251787_W52335,Yemmiganur (M) - Ward No.6,ward,GEO_IN_AP_251787,,,
GEO_IN_AP_253270_W1297345,Atmakurknl Ward No. 2,ward,GEO_IN_AP_253270,,,
GEO_IN_AP_248121_W126536,Tirupati - Ward No.25,ward,GEO_IN_AP_248121,,,
GEO_IN_AP_251758_W51657,Tenali (M) - Ward No.30,ward,GEO_IN_AP_251758,,,
GEO_IN_AP_251700_W1297691,Srikakulam Ward No. 37,ward,GEO_IN_AP_251700,,,
GEO_IN_AP_251738_W131447,Tadepalligudem Ward No 16,ward,GEO_IN_AP_251738,,,
GEO_IN_AP_251758_W2241,Tenali (M) - Ward No.38,ward,GEO_IN_AP_251758,,,
GEO_IN_AP_253102_W52176,Rajampet Ward No.13,ward,GEO_IN_AP_253102,,,
GEO_IN_AP_251770_W160766,Kavali M Ward No 23,ward,GEO_IN_AP_251770,,,
GEO_IN_AP_251789_W1297547,Kurnool Ward No. 33,ward,GEO_IN_AP_251789,,,
GEO_IN_AP_251763_W55371,Chirala (M) - Ward No.10,ward,GEO_IN_AP_251763,,,
GEO_IN_AP_248119_W55666,Madanapalle (M) - Ward No.9,ward,GEO_IN_AP_248119,,,
GEO_IN_AP_251709_W52996,Vizianagaram (M) - Ward No.23,ward,GEO_IN_AP_251709,,,
GEO_IN_AP_248114_W1297474,Tadipatri Ward No.34,ward,GEO_IN_AP_248114,,,
GEO_IN_AP_277316_W1297369,Gollaprolu Ward No. 6,ward,GEO_IN_AP_277316,,,
GEO_IN_AP_251739_W54624,Eluru (R) (OG) (Part) - Ward No.33,ward,GEO_IN_AP_251739,,,
GEO_IN_AP_251709_W3046025,Vizianagaram Ward No. 46,ward,GEO_IN_AP_251709,,,
GEO_IN_AP_251768_W126603,Kandukur M-Ward.28,ward,GEO_IN_AP_251768,,,
GEO_IN_AP_263068_W1297635,Gudurnlr Ward No. 6,ward,GEO_IN_AP_263068,,,
GEO_IN_AP_251762_W126630,Markapur M-Ward.32,ward,GEO_IN_AP_251762,,,
GEO_IN_AP_251758_W51652,Tenali (M) - Ward No.25,ward,GEO_IN_AP_251758,,,
GEO_IN_AP_251702_W52750,Bobbili (M) - Ward No.4,ward,GEO_IN_AP_251702,,,
GEO_IN_AP_251701_W52730,Parvathipuram (M) - Ward No.21,ward,GEO_IN_AP_251701,,,
GEO_IN_AP_251747_W54869,Gudivada (M) - Ward No.10,ward,GEO_IN_AP_251747,,,
GEO_IN_AP_251698_W56973,Rajam (CT) - Ward No.16,ward,GEO_IN_AP_251698,,,
GEO_IN_AP_299716_W3045731,Ward No 11,ward,GEO_IN_AP_299716,,,
GEO_IN_AP_253274_W162511,Chimakurthy Ward No 18,ward,GEO_IN_AP_253274,,,
GEO_IN_AP_251735_W54550,Amalapuram (M) - Ward No.1,ward,GEO_IN_AP_251735,,,
GEO_IN_AP_251778_W2078,Bodhan (M) - Ward No.29,ward,GEO_IN_AP_251778,,,
GEO_IN_AP_251751_W2467,Macherla (M) - Ward No.17,ward,GEO_IN_AP_251751,,,
GEO_IN_AP_253272_W1297324,Allagadda Ward No. 5,ward,GEO_IN_AP_253272,,,
GEO_IN_AP_248118_W53374,Hindupur (M) - Ward No.11,ward,GEO_IN_AP_248118,,,
GEO_IN_AP_251768_W3046085,Kandukur M-Ward.32,ward,GEO_IN_AP_251768,,,
GEO_IN_AP_251746_W58264,Vijayawada (M Corp.) - Ward No.48,ward,GEO_IN_AP_251746,,,
GEO_IN_AP_299713_W3045676,Ward No 16,ward,GEO_IN_AP_299713,,,
GEO_IN_AP_248122_W56048,Chittoor - Ward No.15,ward,GEO_IN_AP_248122,,,
GEO_IN_AP_251781_W1297727,Yerraguntla Ward No. 8,ward,GEO_IN_AP_251781,,,
GEO_IN_AP_251743_W54788,Palacole (M) - Ward No.13,ward,GEO_IN_AP_251743,,,
GEO_IN_AP_251746_W58170,Vijayawada (M Corp.) - Ward No.1,ward,GEO_IN_AP_251746,,,
GEO_IN_AP_296257_W2308106,Election Ward No.20,ward,GEO_IN_AP_296257,,,
GEO_IN_AP_251727_W1297718,Samalkot Ward No.28,ward,GEO_IN_AP_251727,,,
GEO_IN_AP_253272_W1297323,Allagadda Ward No. 4,ward,GEO_IN_AP_253272,,,
GEO_IN_AP_248115_W53345,Dharmavaram (M) - Ward No.31,ward,GEO_IN_AP_248115,,,
GEO_IN_AP_251746_W3046638,Vijayawada (M Corp.) - Ward No.62,ward,GEO_IN_AP_251746,,,
GEO_IN_AP_251768_W126604,Kandukur M-Ward.29,ward,GEO_IN_AP_251768,,,
GEO_IN_AP_251746_W58210,Vijayawada (M Corp.) - Ward No.21,ward,GEO_IN_AP_251746,,,
GEO_IN_AP_299714_W3045693,Ward No 13,ward,GEO_IN_AP_299714,,,
GEO_IN_AP_251698_W3046147,Rajam (CT) - Ward No.24,ward,GEO_IN_AP_251698,,,
GEO_IN_AP_251752_W55138,Mangalagiri (M) - Ward No.8,ward,GEO_IN_AP_251752,,,
GEO_IN_AP_253270_W1297352,Atmakurknl Ward No. 9,ward,GEO_IN_AP_253270,,,
GEO_IN_AP_251698_W56968,Rajam (CT) - Ward No.11,ward,GEO_IN_AP_251698,,,
GEO_IN_AP_251750_W1297847,Machilipatnam Ward No.38,ward,GEO_IN_AP_251750,,,
GEO_IN_AP_251742_W131491,Narasapur Ward No 22,ward,GEO_IN_AP_251742,,,
GEO_IN_AP_251782_W52106,2nd Division,ward,GEO_IN_AP_251782,,,
GEO_IN_AP_251739_W54593,Eluru (M) - Ward No.2,ward,GEO_IN_AP_251739,,,
GEO_IN_AP_251728_W1297570,Pithapuram Ward No.19,ward,GEO_IN_AP_251728,,,
GEO_IN_AP_248112_W53310,Anantapur (M) - Ward No.28,ward,GEO_IN_AP_248112,,,
GEO_IN_AP_251763_W55370,Chirala (M) - Ward No.9,ward,GEO_IN_AP_251763,,,
GEO_IN_AP_251701_W52721,Parvathipuram (M) - Ward No.12,ward,GEO_IN_AP_251701,,,
GEO_IN_AP_251737_W58133,Nidadavole (M) - Ward No.15,ward,GEO_IN_AP_251737,,,
GEO_IN_AP_251696_W52663,Ichchapuram (NP) - Ward No.5,ward,GEO_IN_AP_251696,,,
GEO_IN_AP_253273_W1297601,Nandikotkur Ward No. 20,ward,GEO_IN_AP_253273,,,
GEO_IN_AP_251716_W53431,Narsipatnam (CT) - Ward No.16,ward,GEO_IN_AP_251716,,,
GEO_IN_AP_251768_W55491,Kandukur (M) - Ward No.22,ward,GEO_IN_AP_251768,,,
GEO_IN_AP_253297_W1191,Mydukur (M) - Ward No.15,ward,GEO_IN_AP_253297,,,
GEO_IN_AP_251772_W51999,Allipuram (OG) (Part) - Ward No.45,ward,GEO_IN_AP_251772,,,
GEO_IN_AP_251782_W2563,38th Division,ward,GEO_IN_AP_251782,,,
GEO_IN_AP_248119_W55662,Madanapalle (M) - Ward No.5,ward,GEO_IN_AP_248119,,,
GEO_IN_AP_251738_W54591,Tadepalligudem (M) - Ward No.14,ward,GEO_IN_AP_251738,,,
GEO_IN_AP_248121_W53597,Tirupati (M) - Ward No.5,ward,GEO_IN_AP_248121,,,
GEO_IN_AP_251782_W52111,7th Division,ward,GEO_IN_AP_251782,,,
GEO_IN_AP_251778_W2087,Bodhan (M) - Ward No.32,ward,GEO_IN_AP_251778,,,
GEO_IN_AP_277319_W1297825,Jaggaiahpet Ward No. 11,ward,GEO_IN_AP_277319,,,
GEO_IN_AP_299714_W3045681,Ward No 1,ward,GEO_IN_AP_299714,,,
GEO_IN_AP_251762_W126612,Markapur M-Ward.14,ward,GEO_IN_AP_251762,,,
GEO_IN_AP_296263_W2308070,Election Ward No.4,ward,GEO_IN_AP_296263,,,
GEO_IN_AP_251782_W3654,46th Division,ward,GEO_IN_AP_251782,,,
GEO_IN_AP_251766_W55413,Ongole (M) - Ward No.13,ward,GEO_IN_AP_251766,,,
GEO_IN_AP_251735_W1297475,Amalapuram Ward No. 13,ward,GEO_IN_AP_251735,,,
GEO_IN_AP_251752_W3046015,Mangalagiri Ward No.47,ward,GEO_IN_AP_251752,,,
GEO_IN_AP_251757_W69686,Guntur (M Corp.) - Ward No.40,ward,GEO_IN_AP_251757,,,
GEO_IN_AP_251719_W53526,Visakhapatnam (M Corp.) - Ward No.41,ward,GEO_IN_AP_251719,,,
GEO_IN_AP_251698_W56972,Rajam (CT) - Ward No.15,ward,GEO_IN_AP_251698,,,
GEO_IN_AP_299612_W3045625,Ward No 3,ward,GEO_IN_AP_299612,,,
GEO_IN_AP_251773_W160809,Gudur M Ward No 19,ward,GEO_IN_AP_251773,,,
GEO_IN_AP_251772_W51993,Nellore (M) - Ward No.39,ward,GEO_IN_AP_251772,,,
GEO_IN_AP_251763_W126608,Chirala M-Ward.32,ward,GEO_IN_AP_251763,,,
GEO_IN_AP_251792_W52846,Adoni (M) - Ward No.8,ward,GEO_IN_AP_251792,,,
GEO_IN_AP_257868_W126467,Addanki Ward No-18,ward,GEO_IN_AP_257868,,,
GEO_IN_AP_296328_W2323501,Election Ward No.13,ward,GEO_IN_AP_296328,,,
GEO_IN_AP_248122_W56052,Chittoor - Ward No.17,ward,GEO_IN_AP_248122,,,
GEO_IN_AP_251738_W54584,Tadepalligudem (M) - Ward No.7,ward,GEO_IN_AP_251738,,,
GEO_IN_AP_296262_W2307992,Election Ward No.12,ward,GEO_IN_AP_296262,,,
GEO_IN_AP_251758_W51650,Tenali (M) - Ward No.23,ward,GEO_IN_AP_251758,,,
GEO_IN_AP_251755_W1714,Narasaraopet (M) - Ward No.28,ward,GEO_IN_AP_251755,,,
GEO_IN_AP_248121_W126537,Tirupati - Ward No.26,ward,GEO_IN_AP_248121,,,
GEO_IN_AP_251763_W55388,Chirala (R) (OG) - Ward No.27,ward,GEO_IN_AP_251763,,,
GEO_IN_AP_251789_W1297538,Kurnool Ward No. 24,ward,GEO_IN_AP_251789,,,
GEO_IN_AP_248117_W53062,Rayadurg (M) - Ward No.11,ward,GEO_IN_AP_248117,,,
GEO_IN_AP_251752_W2171,Mangalagiri (M) - Ward No.23,ward,GEO_IN_AP_251752,,,
GEO_IN_AP_251787_W1297626,Yemmiganur Ward No. 31,ward,GEO_IN_AP_251787,,,
GEO_IN_AP_251761_W51799,Repalle (M) - Ward No.8,ward,GEO_IN_AP_251761,,,
GEO_IN_AP_251752_W3046001,Mangalagiri Ward No.33,ward,GEO_IN_AP_251752,,,
GEO_IN_AP_251768_W55474,Kandukur (M) - Ward No.5,ward,GEO_IN_AP_251768,,,
GEO_IN_AP_248121_W53602,Tirupati (M) - Ward No.10,ward,GEO_IN_AP_248121,,,
GEO_IN_AP_251789_W52350,Kurnool Ward No. 13,ward,GEO_IN_AP_251789,,,
GEO_IN_AP_299612_W3045655,Ward No 33,ward,GEO_IN_AP_299612,,,
GEO_IN_AP_251760_W1297385,Bapatla Ward No.34,ward,GEO_IN_AP_251760,,,
GEO_IN_AP_251722_W54034,Tuni (M) - Ward No.1,ward,GEO_IN_AP_251722,,,
GEO_IN_AP_251751_W2481,Macherla (M) - Ward No. 24,ward,GEO_IN_AP_251751,,,
GEO_IN_AP_253253_W352,Ward No. 14,ward,GEO_IN_AP_253253,,,
GEO_IN_AP_296250_W2309878,Election Ward No.17,ward,GEO_IN_AP_296250,,,
GEO_IN_AP_253297_W104,Mydukur (M) - Ward No.11,ward,GEO_IN_AP_253297,,,
GEO_IN_AP_251772_W51864,Nellore (M) - Ward No.1,ward,GEO_IN_AP_251772,,,
GEO_IN_AP_251782_W2568,43rd Division,ward,GEO_IN_AP_251782,,,
GEO_IN_AP_251716_W53427,Narsipatnam (CT) - Ward No.12,ward,GEO_IN_AP_251716,,,
GEO_IN_AP_248117_W53053,Rayadurg (M) - Ward No.2,ward,GEO_IN_AP_248117,,,
GEO_IN_AP_299714_W3045687,Ward No 7,ward,GEO_IN_AP_299714,,,
GEO_IN_AP_248111_W50955,Ward No.1,ward,GEO_IN_AP_248111,,,
GEO_IN_AP_251760_W1589,Bapatla (M) - Ward No. 30,ward,GEO_IN_AP_251760,,,
GEO_IN_AP_299714_W3045699,Ward No 19,ward,GEO_IN_AP_299714,,,
GEO_IN_AP_254923_W1297905,Vuyyuru Ward No.9,ward,GEO_IN_AP_254923,,,
GEO_IN_AP_251799_W69101,Kalyandurg (CT) - Ward No.18,ward,GEO_IN_AP_251799,,,
GEO_IN_AP_253167_W54916,Piduguralla M Ward No 2,ward,GEO_IN_AP_253167,,,
GEO_IN_AP_251751_W54923,Macherla (M) - Ward No.6,ward,GEO_IN_AP_251751,,,
GEO_IN_AP_251750_W54900,Machilipatnam (M) - Ward No.20,ward,GEO_IN_AP_251750,,,
GEO_IN_AP_251719_W1297920,Visakhapatnam (M Corp.) - Ward No.73,ward,GEO_IN_AP_251719,,,
GEO_IN_AP_254923_W1297898,Vuyyuru Ward No.2,ward,GEO_IN_AP_254923,,,
GEO_IN_AP_296259_W2308028,Election Ward No.17,ward,GEO_IN_AP_296259,,,
GEO_IN_AP_251752_W3046014,Mangalagiri Ward No.46,ward,GEO_IN_AP_251752,,,
GEO_IN_AP_277317_W1297768,Yelleswaram Ward No.2,ward,GEO_IN_AP_277317,,,
GEO_IN_AP_248121_W53607,Tirupati (M) - Ward No.15,ward,GEO_IN_AP_248121,,,
GEO_IN_AP_263068_W1297644,Gudurnlr Ward No. 15,ward,GEO_IN_AP_263068,,,
GEO_IN_AP_253295_W126474,Kanigiri-Ward No.5,ward,GEO_IN_AP_253295,,,
GEO_IN_AP_251787_W52345,Yemmiganur (M) - Ward No.11,ward,GEO_IN_AP_251787,,,
GEO_IN_AP_253295_W126478,Kanigiri-Ward No.9,ward,GEO_IN_AP_253295,,,
GEO_IN_AP_251766_W55421,Ongole (M) - Ward No.21,ward,GEO_IN_AP_251766,,,
GEO_IN_AP_251739_W54608,Eluru (M) - Ward No.17,ward,GEO_IN_AP_251739,,,
GEO_IN_AP_251786_W52181,Rayachoti (CT) - Ward No.16,ward,GEO_IN_AP_251786,,,
GEO_IN_AP_251735_W54556,Amalapuram (M) - Ward No.7,ward,GEO_IN_AP_251735,,,
GEO_IN_AP_251766_W55429,Ongole (M) - Ward No.29,ward,GEO_IN_AP_251766,,,
GEO_IN_AP_248120_W3046137,Punganur (NP) - Ward No.28,ward,GEO_IN_AP_248120,,,
GEO_IN_AP_251695_W1297673,Palasakasibugga Ward No. 24,ward,GEO_IN_AP_251695,,,
GEO_IN_AP_251772_W51873,Nellore (M) - Ward No.10,ward,GEO_IN_AP_251772,,,
GEO_IN_AP_253167_W54934,Piduguralla M Ward No 11,ward,GEO_IN_AP_253167,,,
GEO_IN_AP_251743_W54800,Palacole (M) - Ward No.25,ward,GEO_IN_AP_251743,,,
GEO_IN_AP_251696_W52665,Ichchapuram (NP) - Ward No.7,ward,GEO_IN_AP_251696,,,
GEO_IN_AP_296257_W2308100,Election Ward No.14,ward,GEO_IN_AP_296257,,,
GEO_IN_AP_251725_W57247,Rajahmundry (M Corp.) - Ward No.51,ward,GEO_IN_AP_251725,,,
GEO_IN_AP_248121_W126568,Tirupati - Ward No.44,ward,GEO_IN_AP_248121,,,
GEO_IN_AP_248118_W53545,Hindupur (M) - Ward No.18,ward,GEO_IN_AP_248118,,,
GEO_IN_AP_251699_W1297341,Amadalavalasa Ward No. 21,ward,GEO_IN_AP_251699,,,
GEO_IN_AP_248114_W53090,Tadpatri (M) - Ward No.12,ward,GEO_IN_AP_248114,,,
GEO_IN_AP_251766_W55440,Ongole (M) - Ward No.40,ward,GEO_IN_AP_251766,,,
GEO_IN_AP_248113_W55585,Guntakal (M) - Ward No.18,ward,GEO_IN_AP_248113,,,
GEO_IN_AP_251740_W54651,Tanuku (M) - Ward No.27,ward,GEO_IN_AP_251740,,,
GEO_IN_AP_251746_W58272,Vijayawada (M Corp.) - Ward No.52,ward,GEO_IN_AP_251746,,,
GEO_IN_AP_251701_W52725,Parvathipuram (M) - Ward No.16,ward,GEO_IN_AP_251701,,,
GEO_IN_AP_277317_W1297776,Yelleswaram Ward No.10,ward,GEO_IN_AP_277317,,,
GEO_IN_AP_257831_W162492,Naidupet Ward No. 19,ward,GEO_IN_AP_257831,,,
GEO_IN_AP_254924_W1297881,Tiruvuru Ward No.5,ward,GEO_IN_AP_254924,,,
GEO_IN_AP_248111_W471,Ward No.19,ward,GEO_IN_AP_248111,,,
GEO_IN_AP_251780_W52089,Jammalamadugu (CT) - Ward No.17,ward,GEO_IN_AP_251780,,,
GEO_IN_AP_251757_W59161,Guntur (M Corp.) - Ward No.8,ward,GEO_IN_AP_251757,,,
GEO_IN_AP_251742_W131495,Narasapur Ward No 24,ward,GEO_IN_AP_251742,,,
GEO_IN_AP_251735_W1297483,Amalapuram Ward No. 21,ward,GEO_IN_AP_251735,,,
GEO_IN_AP_251755_W1712,Narasaraopet (M) - Ward No.26,ward,GEO_IN_AP_251755,,,
GEO_IN_AP_254924_W1297888,Tiruvuru Ward No.12,ward,GEO_IN_AP_254924,,,
GEO_IN_AP_253101_W2577,Pulivendula (M) - Ward No.4,ward,GEO_IN_AP_253101,,,
GEO_IN_AP_251797_W53076,Gooty (CT) - Ward No.8,ward,GEO_IN_AP_251797,,,
GEO_IN_AP_248119_W55663,Madanapalle (M) - Ward No.6,ward,GEO_IN_AP_248119,,,
GEO_IN_AP_254924_W1297891,Tiruvuru Ward No.15,ward,GEO_IN_AP_254924,,,
GEO_IN_AP_257967_W127813,Ward,ward,GEO_IN_AP_257967,,,
GEO_IN_AP_253101_W2522,Pulivendula (M) - Ward No.8,ward,GEO_IN_AP_253101,,,
GEO_IN_AP_251716_W53432,Narsipatnam (CT) - Ward No.17,ward,GEO_IN_AP_251716,,,
GEO_IN_AP_251778_W472,Bodhan (M) - Ward No.19,ward,GEO_IN_AP_251778,,,
GEO_IN_AP_248115_W53338,Dharmavaram (M) - Ward No.24,ward,GEO_IN_AP_248115,,,
GEO_IN_AP_248117_W1297454,Rayadurg Ward No 29,ward,GEO_IN_AP_248117,,,
GEO_IN_AP_253169_W3046058,Dhone Ward No. 23,ward,GEO_IN_AP_253169,,,
GEO_IN_AP_251752_W3046011,Mangalagiri Ward No.43,ward,GEO_IN_AP_251752,,,
GEO_IN_AP_251752_W3046008,Mangalagiri Ward No.40,ward,GEO_IN_AP_251752,,,
GEO_IN_AP_251736_W54566,Kovvur (NP) - Ward No.5,ward,GEO_IN_AP_251736,,,
GEO_IN_AP_299713_W3045672,Ward No 12,ward,GEO_IN_AP_299713,,,
GEO_IN_AP_253254_W366,Ward No. 8,ward,GEO_IN_AP_253254,,,
GEO_IN_AP_253273_W1297596,Nandikotkur Ward No. 15,ward,GEO_IN_AP_253273,,,
GEO_IN_AP_296250_W2309862,Election Ward No.1,ward,GEO_IN_AP_296250,,,
GEO_IN_AP_251743_W3046902,Palacole (M) - Ward No.33,ward,GEO_IN_AP_251743,,,
GEO_IN_AP_296259_W2308014,Election Ward No.3,ward,GEO_IN_AP_296259,,,
GEO_IN_AP_248114_W53081,Tadpatri (M) - Ward No.3,ward,GEO_IN_AP_248114,,,
GEO_IN_AP_251709_W52997,Vizianagaram (M) - Ward No.24,ward,GEO_IN_AP_251709,,,
GEO_IN_AP_251738_W131455,Tadepalligudem Ward No 21,ward,GEO_IN_AP_251738,,,
GEO_IN_AP_251789_W1297563,Kurnool Ward No. 49,ward,GEO_IN_AP_251789,,,
GEO_IN_AP_251709_W52980,Vizianagaram (M) - Ward No.7,ward,GEO_IN_AP_251709,,,
GEO_IN_AP_248111_W438,Ward No.8,ward,GEO_IN_AP_248111,,,
GEO_IN_AP_258033_W160792,Atmakurnlr Ward No 22,ward,GEO_IN_AP_258033,,,
GEO_IN_AP_253227_W3046163,Sullurpeta Ward No. 25,ward,GEO_IN_AP_253227,,,
GEO_IN_AP_253169_W3046057,Dhone Ward No. 22,ward,GEO_IN_AP_253169,,,
GEO_IN_AP_299714_W3045688,Ward No 8,ward,GEO_IN_AP_299714,,,
GEO_IN_AP_251700_W1297689,Srikakulam Ward No. 35,ward,GEO_IN_AP_251700,,,
GEO_IN_AP_251722_W1297746,Tuni Ward No.10,ward,GEO_IN_AP_251722,,,
GEO_IN_AP_251760_W51698,Bapatla (M) - Ward No.15,ward,GEO_IN_AP_251760,,,
GEO_IN_AP_296250_W2309872,Election Ward No.11,ward,GEO_IN_AP_296250,,,
GEO_IN_AP_251792_W52862,Adoni (M) - Ward No.24,ward,GEO_IN_AP_251792,,,
GEO_IN_AP_253270_W3046043,Atmakurknl Ward No. 24,ward,GEO_IN_AP_253270,,,
GEO_IN_AP_251797_W53075,Gooty (CT) - Ward No.7,ward,GEO_IN_AP_251797,,,
GEO_IN_AP_251758_W51639,Tenali (M) - Ward No.12,ward,GEO_IN_AP_251758,,,
GEO_IN_AP_296262_W2307998,Election Ward No.18,ward,GEO_IN_AP_296262,,,
GEO_IN_AP_248121_W53609,Tirupati (M) - Ward No.17,ward,GEO_IN_AP_248121,,,
GEO_IN_AP_296262_W2307994,Election Ward No.14,ward,GEO_IN_AP_296262,,,
GEO_IN_AP_253252_W333,Ward No.18,ward,GEO_IN_AP_253252,,,
GEO_IN_AP_251746_W58256,Vijayawada (M Corp.) - Ward No.44,ward,GEO_IN_AP_251746,,,
GEO_IN_AP_263068_W1297657,Gudurnlr Ward No. 28,ward,GEO_IN_AP_263068,,,
GEO_IN_AP_251709_W1297988,Vizianagaram Ward No. 35,ward,GEO_IN_AP_251709,,,
GEO_IN_AP_251772_W51867,Nellore (M) - Ward No.4,ward,GEO_IN_AP_251772,,,
GEO_IN_AP_251725_W57219,Rajahmundry (M Corp.) - Ward No.23,ward,GEO_IN_AP_251725,,,
GEO_IN_AP_251747_W1297800,Gudivada Ward No. 22,ward,GEO_IN_AP_251747,,,
GEO_IN_AP_251732_W58002,Mandapeta Ward No.25,ward,GEO_IN_AP_251732,,,
GEO_IN_AP_251786_W52179,Rayachoti (CT) - Ward No.15,ward,GEO_IN_AP_251786,,,
GEO_IN_AP_251746_W58274,Vijayawada (M Corp.) - Ward No.53,ward,GEO_IN_AP_251746,,,
GEO_IN_AP_251741_W54753,Bhimavaram (M) - Ward No.7,ward,GEO_IN_AP_251741,,,
GEO_IN_AP_277319_W1297827,Jaggaiahpet Ward No. 13,ward,GEO_IN_AP_277319,,,
GEO_IN_AP_248112_W53307,Anantapur (M) - Ward No.25,ward,GEO_IN_AP_248112,,,
GEO_IN_AP_251728_W1297578,Pithapuram Ward No.27,ward,GEO_IN_AP_251728,,,
GEO_IN_AP_258054_W163322,Yelamanchili M Ward No 9,ward,GEO_IN_AP_258054,,,
GEO_IN_AP_254923_W1297915,Vuyyuru Ward No.19,ward,GEO_IN_AP_254923,,,
GEO_IN_AP_251698_W56958,Rajam (CT) - Ward No.1,ward,GEO_IN_AP_251698,,,
GEO_IN_AP_251741_W131487,Bhimavaram Ward No 38,ward,GEO_IN_AP_251741,,,
GEO_IN_AP_251696_W1297409,Ichapuram Ward No. 23,ward,GEO_IN_AP_251696,,,
GEO_IN_AP_251749_W59149,Pedana (NP) - Ward No.13,ward,GEO_IN_AP_251749,,,
GEO_IN_AP_251745_W54835,Nuzvid (M) - Ward No.1,ward,GEO_IN_AP_251745,,,
GEO_IN_AP_296328_W2323497,Election Ward No.9,ward,GEO_IN_AP_296328,,,
GEO_IN_AP_277319_W1297816,Jaggaiahpet Ward No. 2,ward,GEO_IN_AP_277319,,,
GEO_IN_AP_251728_W1297566,Pithapuram Ward No.15,ward,GEO_IN_AP_251728,,,
GEO_IN_AP_251732_W57509,Mandapeta Ward No.4,ward,GEO_IN_AP_251732,,,
GEO_IN_AP_251709_W1297993,Vizianagaram Ward No. 40,ward,GEO_IN_AP_251709,,,
GEO_IN_AP_263068_W1297633,Gudurnlr Ward No. 4,ward,GEO_IN_AP_263068,,,
GEO_IN_AP_248122_W56064,Chittoor - Ward No.23,ward,GEO_IN_AP_248122,,,
GEO_IN_AP_251719_W53999,Visakhapatnam (M Corp.) - Ward No.57,ward,GEO_IN_AP_251719,,,
GEO_IN_AP_296328_W2323492,Election Ward No.4,ward,GEO_IN_AP_296328,,,
GEO_IN_AP_248122_W126563,Chittoor - Ward No.42,ward,GEO_IN_AP_248122,,,
GEO_IN_AP_251700_W1297700,Srikakulam Ward No. 46,ward,GEO_IN_AP_251700,,,
GEO_IN_AP_299716_W3045724,Ward No 4,ward,GEO_IN_AP_299716,,,
GEO_IN_AP_251757_W59181,Guntur (M Corp.) - Ward No.28,ward,GEO_IN_AP_251757,,,
GEO_IN_AP_299716_W3045732,Ward No 12,ward,GEO_IN_AP_299716,,,
GEO_IN_AP_251701_W52713,Parvathipuram (M) - Ward No.4,ward,GEO_IN_AP_251701,,,
GEO_IN_AP_251752_W55140,Mangalagiri (M) - Ward No.10,ward,GEO_IN_AP_251752,,,
GEO_IN_AP_251701_W52738,Parvathipuram (M) - Ward No.29,ward,GEO_IN_AP_251701,,,
GEO_IN_AP_296257_W2308109,Election Ward No.23,ward,GEO_IN_AP_296257,,,
GEO_IN_AP_251738_W131460,Tadepalligudem Ward No 24,ward,GEO_IN_AP_251738,,,
GEO_IN_AP_251739_W54603,Eluru (M) - Ward No.12,ward,GEO_IN_AP_251739,,,
GEO_IN_AP_251728_W1297567,Pithapuram Ward No.16,ward,GEO_IN_AP_251728,,,
GEO_IN_AP_253227_W127744,Sullurpeta Ward No. 14,ward,GEO_IN_AP_253227,,,
GEO_IN_AP_251740_W54650,Tanuku (M) - Ward No.26,ward,GEO_IN_AP_251740,,,
GEO_IN_AP_251700_W56998,Srikakulam (M) - Ward No.14,ward,GEO_IN_AP_251700,,,
GEO_IN_AP_248117_W1297453,Rayadurg Ward No 28,ward,GEO_IN_AP_248117,,,
GEO_IN_AP_251795_W53015,Nandyal (M) - Ward No.16,ward,GEO_IN_AP_251795,,,
GEO_IN_AP_248120_W56047,Punganur (NP) - Ward No.15,ward,GEO_IN_AP_248120,,,
GEO_IN_AP_251772_W160856,Nellore M Ward No 50,ward,GEO_IN_AP_251772,,,
GEO_IN_AP_251772_W51882,Nellore (M) - Ward No.19,ward,GEO_IN_AP_251772,,,
GEO_IN_AP_253295_W126484,Kanigiri-Ward No.14,ward,GEO_IN_AP_253295,,,
GEO_IN_AP_296250_W2309881,Election Ward No.20,ward,GEO_IN_AP_296250,,,
GEO_IN_AP_251780_W52085,Jammalamadugu (CT) - Ward No.13,ward,GEO_IN_AP_251780,,,
GEO_IN_AP_251732_W1297918,Mandapeta Ward No.27,ward,GEO_IN_AP_251732,,,
GEO_IN_AP_251787_W1297624,Yemmiganur Ward No. 29,ward,GEO_IN_AP_251787,,,
GEO_IN_AP_253272_W1297331,Allagadda Ward No. 12,ward,GEO_IN_AP_253272,,,
GEO_IN_AP_251770_W55494,Kavali (M) - Ward No.1,ward,GEO_IN_AP_251770,,,
GEO_IN_AP_251741_W54661,Bhimavaram (M) - Ward No.1,ward,GEO_IN_AP_251741,,,
GEO_IN_AP_248117_W1297445,Rayadurg Ward No 20,ward,GEO_IN_AP_248117,,,
GEO_IN_AP_251699_W3046039,Amadalavalasa Ward No. 27,ward,GEO_IN_AP_251699,,,
GEO_IN_AP_251792_W1297520,Adoni Ward No. 34,ward,GEO_IN_AP_251792,,,
GEO_IN_AP_251742_W58148,Narasapur (M) - Ward No.14,ward,GEO_IN_AP_251742,,,
GEO_IN_AP_251746_W58234,Vijayawada (M Corp.) - Ward No.33,ward,GEO_IN_AP_251746,,,
GEO_IN_AP_251766_W55435,Ongole (M) - Ward No.35,ward,GEO_IN_AP_251766,,,
GEO_IN_AP_253252_W324,Ward No.9,ward,GEO_IN_AP_253252,,,
GEO_IN_AP_251756_W55701,Chilakaluripet (M) - Ward No.21,ward,GEO_IN_AP_251756,,,
GEO_IN_AP_248117_W1297443,Rayadurg Ward No 18,ward,GEO_IN_AP_248117,,,
GEO_IN_AP_251698_W56963,Rajam (CT) - Ward No.6,ward,GEO_IN_AP_251698,,,
GEO_IN_AP_251739_W54615,Eluru (M) - Ward No.24,ward,GEO_IN_AP_251739,,,
GEO_IN_AP_254922_W1297854,Nandigama Ward No.3,ward,GEO_IN_AP_254922,,,
GEO_IN_AP_251722_W1297764,Tuni Ward No.28,ward,GEO_IN_AP_251722,,,
GEO_IN_AP_251781_W1297738,Yerraguntla Ward No. 19,ward,GEO_IN_AP_251781,,,
GEO_IN_AP_248120_W56059,Punganur (NP) - Ward No.21,ward,GEO_IN_AP_248120,,,
GEO_IN_AP_251760_W51697,Bapatla (M) - Ward No.14,ward,GEO_IN_AP_251760,,,
GEO_IN_AP_251739_W54605,Eluru (M) - Ward No.14,ward,GEO_IN_AP_251739,,,
GEO_IN_AP_251725_W57226,Rajahmundry (M Corp.) - Ward No.30,ward,GEO_IN_AP_251725,,,
GEO_IN_AP_251724_W54054,Peddapuram (M) - Ward No.7,ward,GEO_IN_AP_251724,,,
GEO_IN_AP_248112_W53312,Kakkalapalle (R) (OG) (Part) - Ward No.30,ward,GEO_IN_AP_248112,,,
GEO_IN_AP_251787_W52331,Yemmiganur (M) - Ward No.4,ward,GEO_IN_AP_251787,,,
GEO_IN_AP_251759_W51669,Ponnur (M) - Ward No.11,ward,GEO_IN_AP_251759,,,
GEO_IN_AP_251722_W54036,Tuni (M) - Ward No.3,ward,GEO_IN_AP_251722,,,
GEO_IN_AP_248117_W1297455,Rayadurg Ward No 30,ward,GEO_IN_AP_248117,,,
GEO_IN_AP_251725_W57202,Rajahmundry (M Corp.) - Ward No.6,ward,GEO_IN_AP_251725,,,
GEO_IN_AP_251768_W3046084,Kandukur M-Ward.31,ward,GEO_IN_AP_251768,,,
GEO_IN_AP_251746_W3046636,Vijayawada (M Corp.) - Ward No.60,ward,GEO_IN_AP_251746,,,
GEO_IN_AP_248114_W53089,Tadpatri (M) - Ward No.11,ward,GEO_IN_AP_248114,,,
GEO_IN_AP_251772_W51874,Nellore (M) - Ward No.11,ward,GEO_IN_AP_251772,,,
GEO_IN_AP_251699_W52693,Amadalavalasa (NP) - Ward No.4,ward,GEO_IN_AP_251699,,,
GEO_IN_AP_248121_W53595,Tirupati (M) - Ward No.3,ward,GEO_IN_AP_248121,,,
GEO_IN_AP_251773_W52006,Gudur (M) - Ward No.4,ward,GEO_IN_AP_251773,,,
GEO_IN_AP_248126_W53657,Puttur (CT) - Ward No.10,ward,GEO_IN_AP_248126,,,
GEO_IN_AP_251778_W50959,Bodhan (M) - Ward No.2,ward,GEO_IN_AP_251778,,,
GEO_IN_AP_251795_W53043,Nandyal (M) - Ward No.30,ward,GEO_IN_AP_251795,,,
GEO_IN_AP_251780_W52083,Jammalamadugu (CT) - Ward No.11,ward,GEO_IN_AP_251780,,,
GEO_IN_AP_251732_W58004,Mandapeta Ward No.26,ward,GEO_IN_AP_251732,,,
GEO_IN_AP_296250_W2309876,Election Ward No.15,ward,GEO_IN_AP_296250,,,
GEO_IN_AP_248113_W1297416,Ward No 30,ward,GEO_IN_AP_248113,,,
GEO_IN_AP_257831_W162467,Naidupet Ward No. 6,ward,GEO_IN_AP_257831,,,
GEO_IN_AP_296260_W2308035,Election Ward No.4,ward,GEO_IN_AP_296260,,,
GEO_IN_AP_253102_W52168,Rajampet Ward No.9,ward,GEO_IN_AP_253102,,,
GEO_IN_AP_251786_W52195,Rayachoti (CT) - Ward No.23,ward,GEO_IN_AP_251786,,,
GEO_IN_AP_251719_W54011,Visakhapatnam (M Corp.) - Ward No.69,ward,GEO_IN_AP_251719,,,
GEO_IN_AP_251732_W57978,Mandapeta Ward No.13,ward,GEO_IN_AP_251732,,,
GEO_IN_AP_253295_W126477,Kanigiri-Ward No.8,ward,GEO_IN_AP_253295,,,
GEO_IN_AP_248118_W53548,Hindupur (M) - Ward No.21,ward,GEO_IN_AP_248118,,,
GEO_IN_AP_299714_W3045700,Ward No 20,ward,GEO_IN_AP_299714,,,
GEO_IN_AP_251733_W54520,Ramachandrapuram (M) - Ward No.11,ward,GEO_IN_AP_251733,,,
GEO_IN_AP_251762_W126610,Markapur M-Ward.12,ward,GEO_IN_AP_251762,,,
GEO_IN_AP_251738_W131445,Tadepalligudem Ward No 15,ward,GEO_IN_AP_251738,,,
GEO_IN_AP_251731_W57997,Kakinada (M) - Ward No.23,ward,GEO_IN_AP_251731,,,
GEO_IN_AP_253169_W52908,Dhone Ward No. 10,ward,GEO_IN_AP_253169,,,
GEO_IN_AP_251733_W54513,Ramachandrapuram (M) - Ward No.4,ward,GEO_IN_AP_251733,,,
GEO_IN_AP_296250_W2309879,Election Ward No.18,ward,GEO_IN_AP_296250,,,
GEO_IN_AP_251782_W2561,36th Division,ward,GEO_IN_AP_251782,,,
GEO_IN_AP_251719_W53535,Visakhapatnam (M Corp.) - Ward No.50,ward,GEO_IN_AP_251719,,,
GEO_IN_AP_251757_W59154,Guntur (M Corp.) - Ward No.1,ward,GEO_IN_AP_251757,,,
GEO_IN_AP_251772_W51985,Nellore (M) - Ward No.31,ward,GEO_IN_AP_251772,,,
GEO_IN_AP_251749_W59148,Pedana (NP) - Ward No.12,ward,GEO_IN_AP_251749,,,
GEO_IN_AP_248122_W56028,Chittoor - Ward No.5,ward,GEO_IN_AP_248122,,,
GEO_IN_AP_296262_W2307988,Election Ward No.8,ward,GEO_IN_AP_296262,,,
GEO_IN_AP_296250_W2309880,Election Ward No.19,ward,GEO_IN_AP_296250,,,
GEO_IN_AP_251778_W439,Bodhan (M) - Ward No.8,ward,GEO_IN_AP_251778,,,
GEO_IN_AP_253295_W126470,Kanigiri-Ward No.1,ward,GEO_IN_AP_253295,,,
GEO_IN_AP_251762_W51816,Markapur (M) - Ward No.9,ward,GEO_IN_AP_251762,,,
GEO_IN_AP_251792_W1297523,Adoni Ward No. 37,ward,GEO_IN_AP_251792,,,
GEO_IN_AP_251762_W126618,Markapur M-Ward.20,ward,GEO_IN_AP_251762,,,
GEO_IN_AP_251740_W54642,Tanuku (M) - Ward No.18,ward,GEO_IN_AP_251740,,,
GEO_IN_AP_253274_W162496,Chimakurthy Ward No 3,ward,GEO_IN_AP_253274,,,
GEO_IN_AP_296259_W2308013,Election Ward No.2,ward,GEO_IN_AP_296259,,,
GEO_IN_AP_253273_W1297598,Nandikotkur Ward No. 17,ward,GEO_IN_AP_253273,,,
GEO_IN_AP_251757_W69689,Guntur (M Corp.) - Ward No.43,ward,GEO_IN_AP_251757,,,
GEO_IN_AP_251746_W58184,Vijayawada (M Corp.) - Ward No.8,ward,GEO_IN_AP_251746,,,
GEO_IN_AP_251770_W160835,Kavali M Ward No 32,ward,GEO_IN_AP_251770,,,
GEO_IN_AP_251742_W58140,Narasapur (M) - Ward No.6,ward,GEO_IN_AP_251742,,,
GEO_IN_AP_248113_W1297414,Ward No 28,ward,GEO_IN_AP_248113,,,
GEO_IN_AP_257906_W3046075,Jangareddigudem Ward No 22,ward,GEO_IN_AP_257906,,,
GEO_IN_AP_251739_W54614,Eluru (M) - Ward No.23,ward,GEO_IN_AP_251739,,,
GEO_IN_AP_248117_W53054,Rayadurg (M) - Ward No.3,ward,GEO_IN_AP_248117,,,
GEO_IN_AP_251752_W2167,Mangalagiri (M) - Ward No.19,ward,GEO_IN_AP_251752,,,
GEO_IN_AP_251795_W1297607,Nandyal Ward No. 36,ward,GEO_IN_AP_251795,,,
GEO_IN_AP_248124_W126527,Srikalahasti - Ward No.32,ward,GEO_IN_AP_248124,,,
GEO_IN_AP_251696_W52666,Ichchapuram (NP) - Ward No.8,ward,GEO_IN_AP_251696,,,
GEO_IN_AP_296264_W2331466,Election Ward No.4,ward,GEO_IN_AP_296264,,,
GEO_IN_AP_251750_W1297842,Machilipatnam Ward No.33,ward,GEO_IN_AP_251750,,,
GEO_IN_AP_253273_W1297588,Nandikotkur Ward No. 7,ward,GEO_IN_AP_253273,,,
GEO_IN_AP_253252_W332,Ward No.17,ward,GEO_IN_AP_253252,,,
GEO_IN_AP_251787_W1297627,Yemmiganur Ward No. 32,ward,GEO_IN_AP_251787,,,
GEO_IN_AP_251752_W3046005,Mangalagiri Ward No.37,ward,GEO_IN_AP_251752,,,
GEO_IN_AP_251757_W69685,Guntur (M Corp.) - Ward No.39,ward,GEO_IN_AP_251757,,,
GEO_IN_AP_277317_W1297780,Yelleswaram Ward No.14,ward,GEO_IN_AP_277317,,,
GEO_IN_AP_251695_W56946,Palasa Kasibugga (NP) - Ward No.4,ward,GEO_IN_AP_251695,,,
GEO_IN_AP_248125_W53625,Nagari (CT) - Ward No.11,ward,GEO_IN_AP_248125,,,
GEO_IN_AP_248115_W53340,Dharmavaram (M) - Ward No.26,ward,GEO_IN_AP_248115,,,
GEO_IN_AP_251739_W161477,Eluru Ward No 41,ward,GEO_IN_AP_251739,,,
GEO_IN_AP_253167_W54932,Piduguralla M Ward No 10,ward,GEO_IN_AP_253167,,,
GEO_IN_AP_251786_W52173,Rayachoti (CT) - Ward No.12,ward,GEO_IN_AP_251786,,,
GEO_IN_AP_299716_W3045740,Ward No 20,ward,GEO_IN_AP_299716,,,
GEO_IN_AP_251739_W161485,Eluru Ward No 48,ward,GEO_IN_AP_251739,,,
GEO_IN_AP_251702_W52762,Bobbili (M) - Ward No.16,ward,GEO_IN_AP_251702,,,
GEO_IN_AP_251762_W126619,Markapur M-Ward.21,ward,GEO_IN_AP_251762,,,
GEO_IN_AP_251787_W1297622,Yemmiganur Ward No. 27,ward,GEO_IN_AP_251787,,,
GEO_IN_AP_251770_W160833,Kavali M Ward No 31,ward,GEO_IN_AP_251770,,,
GEO_IN_AP_251752_W2168,Mangalagiri (M) - Ward No.20,ward,GEO_IN_AP_251752,,,
GEO_IN_AP_251752_W55139,Mangalagiri (M) - Ward No.9,ward,GEO_IN_AP_251752,,,
GEO_IN_AP_251757_W1297308,Guntur Ward No. 55,ward,GEO_IN_AP_251757,,,
GEO_IN_AP_253167_W1297789,Piduguralla Ward No 22,ward,GEO_IN_AP_253167,,,
GEO_IN_AP_251698_W56970,Rajam (CT) - Ward No.13,ward,GEO_IN_AP_251698,,,
GEO_IN_AP_248119_W126592,Madanapalli - Ward No.29,ward,GEO_IN_AP_248119,,,
GEO_IN_AP_248124_W126522,Srikalahasti - Ward No.27,ward,GEO_IN_AP_248124,,,
GEO_IN_AP_251757_W69680,Guntur (M Corp.) - Ward No.34,ward,GEO_IN_AP_251757,,,
GEO_IN_AP_277319_W1297826,Jaggaiahpet Ward No. 12,ward,GEO_IN_AP_277319,,,
GEO_IN_AP_251758_W51640,Tenali (M) - Ward No.13,ward,GEO_IN_AP_251758,,,
GEO_IN_AP_251735_W1297490,Amalapuram Ward No. 28,ward,GEO_IN_AP_251735,,,
GEO_IN_AP_251727_W1297717,Samalkot Ward No.27,ward,GEO_IN_AP_251727,,,
GEO_IN_AP_251746_W58174,Vijayawada (M Corp.) - Ward No.3,ward,GEO_IN_AP_251746,,,
GEO_IN_AP_251700_W57002,Patrunivalasa (OG) (Part) - Ward No.18,ward,GEO_IN_AP_251700,,,
GEO_IN_AP_251768_W55488,Kandukur (M) - Ward No.19,ward,GEO_IN_AP_251768,,,
GEO_IN_AP_251795_W52889,Nandyal (M) - Ward No.1,ward,GEO_IN_AP_251795,,,
GEO_IN_AP_251698_W3046145,Rajam (CT) - Ward No.22,ward,GEO_IN_AP_251698,,,
GEO_IN_AP_277315_W1297495,Mummidivaram Ward No.3,ward,GEO_IN_AP_277315,,,
GEO_IN_AP_251727_W1297719,Samalkot Ward No.29,ward,GEO_IN_AP_251727,,,
GEO_IN_AP_251701_W52714,Parvathipuram (M) - Ward No.5,ward,GEO_IN_AP_251701,,,
GEO_IN_AP_253167_W1297788,Piduguralla Ward No 21,ward,GEO_IN_AP_253167,,,
GEO_IN_AP_251728_W1297572,Pithapuram Ward No.21,ward,GEO_IN_AP_251728,,,
GEO_IN_AP_251716_W53422,Narsipatnam (CT) - Ward No.7,ward,GEO_IN_AP_251716,,,
GEO_IN_AP_251774_W52028,Venkatagiri (CT) - Ward No.9,ward,GEO_IN_AP_251774,,,
GEO_IN_AP_257868_W126452,Addanki-Ward No-3,ward,GEO_IN_AP_257868,,,
GEO_IN_AP_251741_W131489,Bhimavaram Ward No 39,ward,GEO_IN_AP_251741,,,
GEO_IN_AP_253169_W3046062,Dhone Ward No. 27,ward,GEO_IN_AP_253169,,,
GEO_IN_AP_251739_W161475,Eluru Ward No 40,ward,GEO_IN_AP_251739,,,
GEO_IN_AP_253169_W52910,Dhone Ward No. 11,ward,GEO_IN_AP_253169,,,
GEO_IN_AP_251761_W51798,Repalle (M) - Ward No.7,ward,GEO_IN_AP_251761,,,
GEO_IN_AP_251763_W55387,Chirala (M) - Ward No.26,ward,GEO_IN_AP_251763,,,
GEO_IN_AP_257869_W126497,Giddalur-Ward No.7,ward,GEO_IN_AP_257869,,,
GEO_IN_AP_251792_W52853,Adoni (M) - Ward No.15,ward,GEO_IN_AP_251792,,,
GEO_IN_AP_254924_W1297889,Tiruvuru Ward No.13,ward,GEO_IN_AP_254924,,,
GEO_IN_AP_253274_W162506,Chimakurthy Ward No 13,ward,GEO_IN_AP_253274,,,
GEO_IN_AP_299612_W3045645,Ward No 23,ward,GEO_IN_AP_299612,,,
GEO_IN_AP_251761_W51805,Repalle (M) - Ward No.14,ward,GEO_IN_AP_251761,,,
GEO_IN_AP_248121_W126558,Tirupati - Ward No.38,ward,GEO_IN_AP_248121,,,
GEO_IN_AP_257906_W3046081,Jangareddigudem Ward No 28,ward,GEO_IN_AP_257906,,,
GEO_IN_AP_248118_W53547,Hindupur (M) - Ward No.20,ward,GEO_IN_AP_248118,,,
GEO_IN_AP_251727_W54494,Samalkot (M) - Ward No.16,ward,GEO_IN_AP_251727,,,
GEO_IN_AP_248126_W53662,Puttur (CT) - Ward No.15,ward,GEO_IN_AP_248126,,,
GEO_IN_AP_251786_W3046158,Rayachoti (CT) - Ward No.33,ward,GEO_IN_AP_251786,,,
GEO_IN_AP_296259_W2308020,Election Ward No.9,ward,GEO_IN_AP_296259,,,
GEO_IN_AP_251737_W131063,Nidadavole Ward No 24,ward,GEO_IN_AP_251737,,,
GEO_IN_AP_251750_W1297845,Machilipatnam Ward No.36,ward,GEO_IN_AP_251750,,,
GEO_IN_AP_248114_W53079,Tadpatri (M) - Ward No.1,ward,GEO_IN_AP_248114,,,
GEO_IN_AP_251756_W55684,Chilakaluripet (M) - Ward No.4,ward,GEO_IN_AP_251756,,,
GEO_IN_AP_251754_W55128,Vinukonda Ward No.24,ward,GEO_IN_AP_251754,,,
GEO_IN_AP_251778_W475,Bodhan (M) - Ward No.20,ward,GEO_IN_AP_251778,,,
GEO_IN_AP_248112_W53313,Anantapur (R) (OG) - Ward No.31,ward,GEO_IN_AP_248112,,,
GEO_IN_AP_248121_W53604,Tirupati (M) - Ward No.12,ward,GEO_IN_AP_248121,,,
GEO_IN_AP_296256_W2323434,Election Ward No.14,ward,GEO_IN_AP_296256,,,
GEO_IN_AP_251753_W55178,Sattenapalle (M) - Ward No.18,ward,GEO_IN_AP_251753,,,
GEO_IN_AP_251799_W69095,Kalyandurg (CT) - Ward No.12,ward,GEO_IN_AP_251799,,,
GEO_IN_AP_251739_W54595,Eluru (M) - Ward No.4,ward,GEO_IN_AP_251739,,,
GEO_IN_AP_248115_W53331,Dharmavaram (M) - Ward No.17,ward,GEO_IN_AP_248115,,,
GEO_IN_AP_251735_W1297481,Amalapuram Ward No. 19,ward,GEO_IN_AP_251735,,,
GEO_IN_AP_251781_W52101,Yerraguntla (CT) - Ward No.3,ward,GEO_IN_AP_251781,,,
GEO_IN_AP_251741_W131476,Bhimavaram Ward No 31,ward,GEO_IN_AP_251741,,,
GEO_IN_AP_251756_W55714,Chilakaluripet (M) - Ward No.34,ward,GEO_IN_AP_251756,,,
GEO_IN_AP_251782_W2556,31st Division,ward,GEO_IN_AP_251782,,,
GEO_IN_AP_251701_W52716,Parvathipuram (M) - Ward No.7,ward,GEO_IN_AP_251701,,,
GEO_IN_AP_253101_W2183,Pulivendula (M) - Ward No.26,ward,GEO_IN_AP_253101,,,
GEO_IN_AP_251751_W54933,Macherla (M) - Ward No.11,ward,GEO_IN_AP_251751,,,
GEO_IN_AP_251700_W1297677,Srikakulam Ward No. 23,ward,GEO_IN_AP_251700,,,
GEO_IN_AP_251719_W53523,Visakhapatnam (M Corp.) - Ward No.38,ward,GEO_IN_AP_251719,,,
GEO_IN_AP_296250_W2309868,Election Ward No.7,ward,GEO_IN_AP_296250,,,
GEO_IN_AP_258033_W160729,Atmakurnlr Ward No 1,ward,GEO_IN_AP_258033,,,
GEO_IN_AP_251731_W58025,Kakinada (M) - Ward No.37,ward,GEO_IN_AP_251731,,,
GEO_IN_AP_251724_W54063,Peddapuram (M) - Ward No.16,ward,GEO_IN_AP_251724,,,
GEO_IN_AP_248123_W53702,Palamaner - Ward No.24,ward,GEO_IN_AP_248123,,,
GEO_IN_AP_251722_W1297760,Tuni Ward No.24,ward,GEO_IN_AP_251722,,,
GEO_IN_AP_251719_W53488,Visakhapatnam (M Corp.) - Ward No.3,ward,GEO_IN_AP_251719,,,
GEO_IN_AP_248117_W3046160,Rayadurg Ward No 32,ward,GEO_IN_AP_248117,,,
GEO_IN_AP_248125_W53620,Nagari (CT) - Ward No.6,ward,GEO_IN_AP_248125,,,
GEO_IN_AP_251736_W161510,Kovvur Ward No 22,ward,GEO_IN_AP_251736,,,
GEO_IN_AP_251763_W55374,Chirala (M) - Ward No.13,ward,GEO_IN_AP_251763,,,
GEO_IN_AP_251799_W55596,Kalyandurg (CT) - Ward No.6,ward,GEO_IN_AP_251799,,,
GEO_IN_AP_248119_W55658,Madanapalle (M) - Ward No.1,ward,GEO_IN_AP_248119,,,
GEO_IN_AP_251746_W58236,Vijayawada (M Corp.) - Ward No.34,ward,GEO_IN_AP_251746,,,
GEO_IN_AP_296259_W2308019,Election Ward No.8,ward,GEO_IN_AP_296259,,,
GEO_IN_AP_251761_W51706,Repalle (M) - Ward No.4,ward,GEO_IN_AP_251761,,,
GEO_IN_AP_299715_W3045715,Ward No 15,ward,GEO_IN_AP_299715,,,
GEO_IN_AP_251757_W69690,Guntur (M Corp.) - Ward No.44,ward,GEO_IN_AP_251757,,,
GEO_IN_AP_251719_W1297934,Visakhapatnam (M Corp.) - Ward No.87,ward,GEO_IN_AP_251719,,,
GEO_IN_AP_251789_W1297542,Kurnool Ward No. 28,ward,GEO_IN_AP_251789,,,
GEO_IN_AP_251753_W55188,Sattenapalle (M) - Ward No.23,ward,GEO_IN_AP_251753,,,
GEO_IN_AP_251752_W1791,Mangalagiri (M) - Ward No.16,ward,GEO_IN_AP_251752,,,
GEO_IN_AP_263068_W1297641,Gudurnlr Ward No. 12,ward,GEO_IN_AP_263068,,,
GEO_IN_AP_251742_W58137,Narasapur (M) - Ward No.3,ward,GEO_IN_AP_251742,,,
GEO_IN_AP_296264_W2331475,Election Ward No.13,ward,GEO_IN_AP_296264,,,
GEO_IN_AP_251758_W51644,Tenali (M) - Ward No.17,ward,GEO_IN_AP_251758,,,
GEO_IN_AP_254924_W1297887,Tiruvuru Ward No.11,ward,GEO_IN_AP_254924,,,
GEO_IN_AP_251799_W55591,Kalyandurg (CT) - Ward No.1,ward,GEO_IN_AP_251799,,,
GEO_IN_AP_296259_W2308015,Election Ward No.4,ward,GEO_IN_AP_296259,,,
GEO_IN_AP_248114_W3046165,Tadipatri Ward No.36,ward,GEO_IN_AP_248114,,,
GEO_IN_AP_257869_W126496,Giddalur-Ward No.6,ward,GEO_IN_AP_257869,,,
GEO_IN_AP_251778_W50956,Bodhan (M) - Ward No.1,ward,GEO_IN_AP_251778,,,
GEO_IN_AP_253252_W319,Ward No.4,ward,GEO_IN_AP_253252,,,
GEO_IN_AP_251797_W274,Gooty (CT) - Ward No.19,ward,GEO_IN_AP_251797,,,
GEO_IN_AP_248114_W1297468,Tadipatri Ward No.28,ward,GEO_IN_AP_248114,,,
GEO_IN_AP_248123_W53687,Palamaner - Ward No.9,ward,GEO_IN_AP_248123,,,
GEO_IN_AP_251795_W53023,Nandyal (M) - Ward No.20,ward,GEO_IN_AP_251795,,,
GEO_IN_AP_251702_W52748,Bobbili (M) - Ward No.2,ward,GEO_IN_AP_251702,,,
GEO_IN_AP_257906_W161519,Jangareddigudem Ward No 04,ward,GEO_IN_AP_257906,,,
GEO_IN_AP_253102_W52186,Rajampet Ward No.18,ward,GEO_IN_AP_253102,,,
GEO_IN_AP_251786_W52197,Rayachoti (CT) - Ward No.24,ward,GEO_IN_AP_251786,,,
GEO_IN_AP_251759_W51671,Ponnur (M) - Ward No.13,ward,GEO_IN_AP_251759,,,
GEO_IN_AP_251752_W2170,Mangalagiri (M) - Ward No.22,ward,GEO_IN_AP_251752,,,
GEO_IN_AP_296261_W2307977,Election Ward No.17,ward,GEO_IN_AP_296261,,,
GEO_IN_AP_251762_W51812,Markapur (M) - Ward No.5,ward,GEO_IN_AP_251762,,,
GEO_IN_AP_251772_W51879,Nellore (M) - Ward No.16,ward,GEO_IN_AP_251772,,,
GEO_IN_AP_251725_W57218,Rajahmundry (M Corp.) - Ward No.22,ward,GEO_IN_AP_251725,,,
GEO_IN_AP_251719_W53517,Visakhapatnam (M Corp.) - Ward No.32,ward,GEO_IN_AP_251719,,,
GEO_IN_AP_296328_W2323494,Election Ward No.6,ward,GEO_IN_AP_296328,,,
GEO_IN_AP_248122_W56022,Chittoor - Ward No.2,ward,GEO_IN_AP_248122,,,
GEO_IN_AP_251732_W57964,Mandapeta Ward No.6,ward,GEO_IN_AP_251732,,,
GEO_IN_AP_296256_W2323437,Election Ward No.17,ward,GEO_IN_AP_296256,,,
GEO_IN_AP_251772_W51881,Nellore (M) - Ward No.18,ward,GEO_IN_AP_251772,,,
GEO_IN_AP_251758_W51635,Tenali (M) - Ward No.8,ward,GEO_IN_AP_251758,,,
GEO_IN_AP_251743_W54778,Palacole (M) - Ward No.3,ward,GEO_IN_AP_251743,,,
GEO_IN_AP_299713_W3045677,Ward No 17,ward,GEO_IN_AP_299713,,,
GEO_IN_AP_251746_W58248,Vijayawada (M Corp.) - Ward No.40,ward,GEO_IN_AP_251746,,,
GEO_IN_AP_251738_W54585,Tadepalligudem (M) - Ward No.8,ward,GEO_IN_AP_251738,,,
GEO_IN_AP_248124_W55606,Srikalahasti (M) - Ward No.3,ward,GEO_IN_AP_248124,,,
GEO_IN_AP_251760_W1585,Bapatla (M) - Ward No. 26,ward,GEO_IN_AP_251760,,,
GEO_IN_AP_251700_W56999,Srikakulam (M) - Ward No.15,ward,GEO_IN_AP_251700,,,
GEO_IN_AP_296250_W2309870,Election Ward No.9,ward,GEO_IN_AP_296250,,,
GEO_IN_AP_251797_W53073,Gooty (CT) - Ward No.5,ward,GEO_IN_AP_251797,,,
GEO_IN_AP_248116_W53348,Kadiri (M) - Ward No.2,ward,GEO_IN_AP_248116,,,
GEO_IN_AP_251725_W57233,Rajahmundry (M Corp.) - Ward No.37,ward,GEO_IN_AP_251725,,,
GEO_IN_AP_251781_W1297737,Yerraguntla Ward No. 18,ward,GEO_IN_AP_251781,,,
GEO_IN_AP_257868_W126459,Addanki Ward No-10,ward,GEO_IN_AP_257868,,,
GEO_IN_AP_251739_W161470,Eluru Ward No 39,ward,GEO_IN_AP_251739,,,
GEO_IN_AP_251750_W54901,Machilipatnam (M) - Ward No.21,ward,GEO_IN_AP_251750,,,
GEO_IN_AP_251695_W3046105,Palasakasibugga Ward No. 27,ward,GEO_IN_AP_251695,,,
GEO_IN_AP_251752_W55142,Managalagiri - Ward No.12,ward,GEO_IN_AP_251752,,,
GEO_IN_AP_251746_W58266,Vijayawada (M Corp.) - Ward No.49,ward,GEO_IN_AP_251746,,,
GEO_IN_AP_248117_W53061,Rayadurg (M) - Ward No.10,ward,GEO_IN_AP_248117,,,
GEO_IN_AP_263068_W1297646,Gudurnlr Ward No. 17,ward,GEO_IN_AP_263068,,,
GEO_IN_AP_251736_W54567,Kovvur (NP) - Ward No.6,ward,GEO_IN_AP_251736,,,
GEO_IN_AP_251757_W59167,Guntur (M Corp.) - Ward No.14,ward,GEO_IN_AP_251757,,,
GEO_IN_AP_251719_W54013,Visakhapatnam (M Corp.) - Ward No.71,ward,GEO_IN_AP_251719,,,
GEO_IN_AP_251761_W2254,Repalle (M) - Ward No.26,ward,GEO_IN_AP_251761,,,
GEO_IN_AP_251756_W55691,Chilakaluripet (M) - Ward No.11,ward,GEO_IN_AP_251756,,,
GEO_IN_AP_296264_W2331489,Election Ward No.27,ward,GEO_IN_AP_296264,,,
GEO_IN_AP_251746_W3046640,Vijayawada (M Corp.) - Ward No.64,ward,GEO_IN_AP_251746,,,
GEO_IN_AP_251782_W52110,6th Division,ward,GEO_IN_AP_251782,,,
GEO_IN_AP_251795_W53031,Nandyal (M) - Ward No.24,ward,GEO_IN_AP_251795,,,
GEO_IN_AP_251735_W1297476,Amalapuram Ward No. 14,ward,GEO_IN_AP_251735,,,
GEO_IN_AP_251766_W55404,Ongole (M) - Ward No.4,ward,GEO_IN_AP_251766,,,
GEO_IN_AP_251760_W51685,Bapatla (M) - Ward No.2,ward,GEO_IN_AP_251760,,,
GEO_IN_AP_251698_W56974,Rajam (CT) - Ward No.17,ward,GEO_IN_AP_251698,,,
GEO_IN_AP_251774_W52041,Venkatagiri (CT) - Ward No.22,ward,GEO_IN_AP_251774,,,
GEO_IN_AP_251732_W57986,Mandapeta Ward No.17,ward,GEO_IN_AP_251732,,,
GEO_IN_AP_248124_W55614,Srikalahasti (M) - Ward No.7,ward,GEO_IN_AP_248124,,,
GEO_IN_AP_251702_W52767,Bobbili (M) - Ward No.21,ward,GEO_IN_AP_251702,,,
GEO_IN_AP_253273_W1297592,Nandikotkur Ward No. 11,ward,GEO_IN_AP_253273,,,
GEO_IN_AP_251745_W54839,Nuzvid (M) - Ward No.5,ward,GEO_IN_AP_251745,,,
GEO_IN_AP_251738_W1297725,Tadepalligudem Ward No. 35,ward,GEO_IN_AP_251738,,,
GEO_IN_AP_251760_W51687,Bapatla (M) - Ward No.4,ward,GEO_IN_AP_251760,,,
GEO_IN_AP_254923_W1297909,Vuyyuru Ward No.13,ward,GEO_IN_AP_254923,,,
GEO_IN_AP_251786_W52187,Rayachoti (CT) - Ward No.19,ward,GEO_IN_AP_251786,,,
GEO_IN_AP_251739_W54616,Eluru (M) - Ward No.25,ward,GEO_IN_AP_251739,,,
GEO_IN_AP_251731_W58011,Kakinada (M) - Ward No.30,ward,GEO_IN_AP_251731,,,
GEO_IN_AP_251698_W56967,Rajam (CT) - Ward No.10,ward,GEO_IN_AP_251698,,,
GEO_IN_AP_251725_W57203,Rajahmundry (M Corp.) - Ward No.7,ward,GEO_IN_AP_251725,,,
GEO_IN_AP_251695_W3046109,Palasakasibugga Ward No. 31,ward,GEO_IN_AP_251695,,,
GEO_IN_AP_257831_W162477,Naidupet Ward No. 10,ward,GEO_IN_AP_257831,,,
GEO_IN_AP_251701_W52717,Parvathipuram (M) - Ward No.8,ward,GEO_IN_AP_251701,,,
GEO_IN_AP_248121_W53613,Tirupati - Ward No.21,ward,GEO_IN_AP_248121,,,
GEO_IN_AP_277317_W1297781,Yelleswaram Ward No.15,ward,GEO_IN_AP_277317,,,
GEO_IN_AP_251716_W53434,Narsipatnam (CT) - Ward No.19,ward,GEO_IN_AP_251716,,,
GEO_IN_AP_251719_W53487,Visakhapatnam (M Corp.) - Ward No.2,ward,GEO_IN_AP_251719,,,
GEO_IN_AP_251797_W53069,Gooty (CT) - Ward No.1,ward,GEO_IN_AP_251797,,,
GEO_IN_AP_251758_W51646,Tenali (M) - Ward No.19,ward,GEO_IN_AP_251758,,,
GEO_IN_AP_251731_W58029,Kakinada (M) - Ward No.39,ward,GEO_IN_AP_251731,,,
GEO_IN_AP_251735_W54552,Amalapuram (M) - Ward No.3,ward,GEO_IN_AP_251735,,,
GEO_IN_AP_248124_W126513,Srikalahasti - Ward No.18,ward,GEO_IN_AP_248124,,,
GEO_IN_AP_263068_W1297649,Gudurnlr Ward No. 20,ward,GEO_IN_AP_263068,,,
GEO_IN_AP_251702_W52774,Bobbili (M) - Ward No.28,ward,GEO_IN_AP_251702,,,
GEO_IN_AP_248121_W53594,Tirupati (M) - Ward No.2,ward,GEO_IN_AP_248121,,,
GEO_IN_AP_251762_W126624,Markapur M-Ward.26,ward,GEO_IN_AP_251762,,,
GEO_IN_AP_253253_W350,Ward No. 12,ward,GEO_IN_AP_253253,,,
GEO_IN_AP_251795_W1297611,Nandyal Ward No. 40,ward,GEO_IN_AP_251795,,,
GEO_IN_AP_296261_W2307962,Election Ward No.2,ward,GEO_IN_AP_296261,,,
GEO_IN_AP_251795_W53035,Nandyal (M) - Ward No.26,ward,GEO_IN_AP_251795,,,
GEO_IN_AP_251762_W126622,Markapur M-Ward.24,ward,GEO_IN_AP_251762,,,
GEO_IN_AP_251792_W1297526,Adoni Ward No. 40,ward,GEO_IN_AP_251792,,,
GEO_IN_AP_251753_W55152,Sattenapalle (M) - Ward No.5,ward,GEO_IN_AP_251753,,,
GEO_IN_AP_251703_W52820,Salur (M) - Ward No.23,ward,GEO_IN_AP_251703,,,
GEO_IN_AP_251728_W57485,Pithapuram (M) - Ward No.14,ward,GEO_IN_AP_251728,,,
GEO_IN_AP_251795_W53027,Nandyal (M) - Ward No.22,ward,GEO_IN_AP_251795,,,
GEO_IN_AP_251766_W55450,Ongole (M) - Ward No.50,ward,GEO_IN_AP_251766,,,
GEO_IN_AP_253167_W54924,Piduguralla M Ward No 6,ward,GEO_IN_AP_253167,,,
GEO_IN_AP_251747_W54874,Gudivada (M) - Ward No.15,ward,GEO_IN_AP_251747,,,
GEO_IN_AP_257906_W3046077,Jangareddigudem Ward No 24,ward,GEO_IN_AP_257906,,,
GEO_IN_AP_251741_W54767,Bhimavaram (M) - Ward No.21,ward,GEO_IN_AP_251741,,,
GEO_IN_AP_251719_W53541,Visakhapatnam (M Corp.) - Ward No.56,ward,GEO_IN_AP_251719,,,
GEO_IN_AP_251768_W55480,Kandukur (M) - Ward No.11,ward,GEO_IN_AP_251768,,,
GEO_IN_AP_258054_W163328,Yelamanchili M Ward No 11,ward,GEO_IN_AP_258054,,,
GEO_IN_AP_253252_W328,Ward No.13,ward,GEO_IN_AP_253252,,,
GEO_IN_AP_251727_W1297720,Samalkot Ward No.30,ward,GEO_IN_AP_251727,,,
GEO_IN_AP_251759_W51681,Ponnur (M) - Ward No.23,ward,GEO_IN_AP_251759,,,
GEO_IN_AP_251719_W54006,Visakhapatnam (M Corp.) - Ward No.64,ward,GEO_IN_AP_251719,,,
GEO_IN_AP_296264_W2331484,Election Ward No.22,ward,GEO_IN_AP_296264,,,
GEO_IN_AP_251766_W55419,Ongole (M) - Ward No.19,ward,GEO_IN_AP_251766,,,
GEO_IN_AP_296263_W2308086,Election Ward No.20,ward,GEO_IN_AP_296263,,,
GEO_IN_AP_253253_W353,Ward No. 15,ward,GEO_IN_AP_253253,,,
GEO_IN_AP_251719_W1297938,Visakhapatnam (M Corp.) - Ward No.91,ward,GEO_IN_AP_251719,,,
GEO_IN_AP_299715_W3045720,Ward No 20,ward,GEO_IN_AP_299715,,,
GEO_IN_AP_251709_W3046028,Vizianagaram Ward No. 49,ward,GEO_IN_AP_251709,,,
GEO_IN_AP_257868_W126460,Addanki Ward No-11,ward,GEO_IN_AP_257868,,,
GEO_IN_AP_248123_W53686,Palamaner - Ward No.8,ward,GEO_IN_AP_248123,,,
GEO_IN_AP_251756_W55704,Chilakaluripet (M) - Ward No.24,ward,GEO_IN_AP_251756,,,
GEO_IN_AP_251758_W51645,Tenali (M) - Ward No.18,ward,GEO_IN_AP_251758,,,
GEO_IN_AP_251752_W2173,Mangalagiri (M) - Ward No.25,ward,GEO_IN_AP_251752,,,
GEO_IN_AP_251739_W161484,Eluru Ward No 47,ward,GEO_IN_AP_251739,,,
GEO_IN_AP_299715_W3045706,Ward No 6,ward,GEO_IN_AP_299715,,,
GEO_IN_AP_251727_W1297713,Samalkot Ward No.23,ward,GEO_IN_AP_251727,,,
GEO_IN_AP_251759_W51680,Ponnur (M) - Ward No.22,ward,GEO_IN_AP_251759,,,
GEO_IN_AP_251782_W2569,44th Division,ward,GEO_IN_AP_251782,,,
GEO_IN_AP_251795_W52911,Nandyal (M) - Ward No.12,ward,GEO_IN_AP_251795,,,
GEO_IN_AP_254923_W1297908,Vuyyuru Ward No.12,ward,GEO_IN_AP_254923,,,
GEO_IN_AP_251745_W54838,Nuzvid (M) - Ward No.4,ward,GEO_IN_AP_251745,,,
GEO_IN_AP_248120_W3046134,Punganur (NP) - Ward No.25,ward,GEO_IN_AP_248120,,,
GEO_IN_AP_251738_W131451,Tadepalligudem Ward No 18,ward,GEO_IN_AP_251738,,,
GEO_IN_AP_299612_W3045629,Ward No 7,ward,GEO_IN_AP_299612,,,
GEO_IN_AP_251735_W1297492,Amalapuram Ward No. 30,ward,GEO_IN_AP_251735,,,
GEO_IN_AP_251797_W53070,Gooty (CT) - Ward No.2,ward,GEO_IN_AP_251797,,,
GEO_IN_AP_248123_W53683,Palamaner - Ward No.5,ward,GEO_IN_AP_248123,,,
GEO_IN_AP_251719_W1297939,Visakhapatnam (M Corp.) - Ward No.92,ward,GEO_IN_AP_251719,,,
GEO_IN_AP_251702_W52755,Bobbili (M) - Ward No.9,ward,GEO_IN_AP_251702,,,
GEO_IN_AP_251738_W54586,Tadepalligudem (M) - Ward No.9,ward,GEO_IN_AP_251738,,,
GEO_IN_AP_253253_W343,Ward No. 5,ward,GEO_IN_AP_253253,,,
GEO_IN_AP_251699_W52696,Amadalavalasa (NP) - Ward No.7,ward,GEO_IN_AP_251699,,,
GEO_IN_AP_248122_W56042,Chittoor - Ward No.12,ward,GEO_IN_AP_248122,,,
GEO_IN_AP_248118_W1297397,Hindupur Ward No 34,ward,GEO_IN_AP_248118,,,
GEO_IN_AP_296259_W2308022,Election Ward No.11,ward,GEO_IN_AP_296259,,,
GEO_IN_AP_251753_W55156,Sattenapalle (M) - Ward No.7,ward,GEO_IN_AP_251753,,,
GEO_IN_AP_253101_W2579,Pulivendula (M) - Ward No.14,ward,GEO_IN_AP_253101,,,
GEO_IN_AP_251746_W58284,Vijayawada (M Corp.) - Ward No.58,ward,GEO_IN_AP_251746,,,
GEO_IN_AP_253253_W344,Ward No. 6,ward,GEO_IN_AP_253253,,,
GEO_IN_AP_253272_W1297336,Allagadda Ward No. 17,ward,GEO_IN_AP_253272,,,
GEO_IN_AP_251772_W51865,Nellore (M) - Ward No.2,ward,GEO_IN_AP_251772,,,
GEO_IN_AP_251792_W52839,Adoni (M) - Ward No.1,ward,GEO_IN_AP_251792,,,
GEO_IN_AP_251772_W51883,Nellore (M) - Ward No.20,ward,GEO_IN_AP_251772,,,
GEO_IN_AP_251750_W1297849,Machilipatnam Ward No.40,ward,GEO_IN_AP_251750,,,
GEO_IN_AP_251746_W58268,Vijayawada (M Corp.) - Ward No.50,ward,GEO_IN_AP_251746,,,
GEO_IN_AP_251719_W1297927,Visakhapatnam (M Corp.) - Ward No.80,ward,GEO_IN_AP_251719,,,
GEO_IN_AP_248121_W126541,Tirupati - Ward No.29,ward,GEO_IN_AP_248121,,,
GEO_IN_AP_248119_W55664,Madanapalle (M) - Ward No.7,ward,GEO_IN_AP_248119,,,
GEO_IN_AP_248114_W1297469,Tadipatri Ward No.29,ward,GEO_IN_AP_248114,,,
GEO_IN_AP_251695_W1297665,Palasakasibugga Ward No. 16,ward,GEO_IN_AP_251695,,,
GEO_IN_AP_248118_W53549,Hindupur (M) - Ward No.22,ward,GEO_IN_AP_248118,,,
GEO_IN_AP_254924_W1297877,Tiruvuru Ward No.1,ward,GEO_IN_AP_254924,,,
GEO_IN_AP_299716_W3045735,Ward No 15,ward,GEO_IN_AP_299716,,,
GEO_IN_AP_253101_W2583,Pulivendula (M) - Ward No.22,ward,GEO_IN_AP_253101,,,
GEO_IN_AP_253272_W1297334,Allagadda Ward No. 15,ward,GEO_IN_AP_253272,,,
GEO_IN_AP_257831_W162458,Naidupet Ward No. 2,ward,GEO_IN_AP_257831,,,
GEO_IN_AP_299612_W3045654,Ward No 32,ward,GEO_IN_AP_299612,,,
GEO_IN_AP_251747_W1297804,Gudivada Ward No. 26,ward,GEO_IN_AP_251747,,,
GEO_IN_AP_251724_W1297529,Peddapuram Ward No.25,ward,GEO_IN_AP_251724,,,
GEO_IN_AP_257868_W126465,Addanki Ward No-16,ward,GEO_IN_AP_257868,,,
GEO_IN_AP_299716_W3045723,Ward No 3,ward,GEO_IN_AP_299716,,,
GEO_IN_AP_248121_W126549,Tirupati - Ward No.33,ward,GEO_IN_AP_248121,,,
GEO_IN_AP_248126_W53655,Puttur (CT) - Ward No.8,ward,GEO_IN_AP_248126,,,
GEO_IN_AP_251789_W1297557,Kurnool Ward No. 43,ward,GEO_IN_AP_251789,,,
GEO_IN_AP_248113_W1297419,Ward No 33,ward,GEO_IN_AP_248113,,,
GEO_IN_AP_251750_W54886,Machilipatnam (M) - Ward No.6,ward,GEO_IN_AP_251750,,,
GEO_IN_AP_251749_W59152,Pedana (NP) - Ward No.16,ward,GEO_IN_AP_251749,,,
GEO_IN_AP_253273_W1297591,Nandikotkur Ward No. 10,ward,GEO_IN_AP_253273,,,
GEO_IN_AP_251739_W54598,Eluru (M) - Ward No.7,ward,GEO_IN_AP_251739,,,
GEO_IN_AP_251716_W53418,Narsipatnam (CT) - Ward No.3,ward,GEO_IN_AP_251716,,,
GEO_IN_AP_248116_W1297430,Kadiri Ward No 24,ward,GEO_IN_AP_248116,,,
GEO_IN_AP_251770_W160291,Kavali M Ward No 16,ward,GEO_IN_AP_251770,,,
GEO_IN_AP_251750_W54891,Machilipatnam (M) - Ward No.11,ward,GEO_IN_AP_251750,,,
GEO_IN_AP_251745_W54853,Nuzvid (M) - Ward No.19,ward,GEO_IN_AP_251745,,,
GEO_IN_AP_253273_W1297599,Nandikotkur Ward No. 18,ward,GEO_IN_AP_253273,,,
GEO_IN_AP_251724_W1297531,Peddapuram Ward No.27,ward,GEO_IN_AP_251724,,,
GEO_IN_AP_248118_W53551,Hindupur (M) - Ward No.24,ward,GEO_IN_AP_248118,,,
GEO_IN_AP_251745_W54855,Nuzvid (M) - Ward No.21,ward,GEO_IN_AP_251745,,,
GEO_IN_AP_251754_W55169,Vinukonda M Ward No 13,ward,GEO_IN_AP_251754,,,
GEO_IN_AP_251739_W54592,Eluru (M) - Ward No.1,ward,GEO_IN_AP_251739,,,
GEO_IN_AP_251799_W55601,Kalyandurg (CT) - Ward No.11,ward,GEO_IN_AP_251799,,,
GEO_IN_AP_277316_W1297371,Gollaprolu Ward No. 8,ward,GEO_IN_AP_277316,,,
GEO_IN_AP_251732_W57966,Mandapeta Ward No.7,ward,GEO_IN_AP_251732,,,
GEO_IN_AP_253169_W3046063,Dhone Ward No. 28,ward,GEO_IN_AP_253169,,,
GEO_IN_AP_251754_W55157,Vinukonda M Ward No 7,ward,GEO_IN_AP_251754,,,
GEO_IN_AP_248125_W53638,Nagari (CT) - Ward No.24,ward,GEO_IN_AP_248125,,,
GEO_IN_AP_251709_W3046026,Vizianagaram Ward No. 47,ward,GEO_IN_AP_251709,,,
GEO_IN_AP_251700_W1297704,Srikakulam Ward No. 50,ward,GEO_IN_AP_251700,,,
GEO_IN_AP_296264_W2331486,Election Ward No.24,ward,GEO_IN_AP_296264,,,
GEO_IN_AP_251745_W54850,Nuzvid (M) - Ward No.16,ward,GEO_IN_AP_251745,,,
GEO_IN_KA,Karnataka,state,GEO_IN,,15.3173,75.7139
GEO_IN_KA_251927,Ballari,city,GEO_IN_KA,,,
GEO_IN_KA_276600,Bbmp,city,GEO_IN_KA,,,
GEO_IN_KA_251824,Belagavi,city,GEO_IN_KA,,,
GEO_IN_KA_251941,Davanagere,city,GEO_IN_KA,,,
GEO_IN_KA_251893,Hubballi-Dharwad,city,GEO_IN_KA,,,
GEO_IN_KA_248127,Kalaburagi City Corporation,city,GEO_IN_KA,,,
GEO_IN_KA_252021,Mangaluru,city,GEO_IN_KA,,,
GEO_IN_KA_252045,Mysuru,city,GEO_IN_KA,,,
GEO_IN_KA_251951,Shivamogga,city,GEO_IN_KA,,,
GEO_IN_KA_251973,Tumakuru,city,GEO_IN_KA,,,
GEO_IN_KA_251993,Vijayapura,city,GEO_IN_KA,,,
GEO_IN_KA_251860,Bhimarayanagudi,city,GEO_IN_KA,,,
GEO_IN_KA_251872,Hatti Gold Mines,city,GEO_IN_KA,,,
GEO_IN_KA_251967,Kudremukh,city,GEO_IN_KA,,,
GEO_IN_KA_251854,Shahabad Acc,city,GEO_IN_KA,,,
GEO_IN_KA_276618,Ainapur,city,GEO_IN_KA,,,
GEO_IN_KA_296977,Ajjampura,city,GEO_IN_KA,,,
GEO_IN_KA_276540,Alamela,city,GEO_IN_KA,,,
GEO_IN_KA_251894,Alnavar,city,GEO_IN_KA,,,
GEO_IN_KA_252013,Alur,city,GEO_IN_KA,,,
GEO_IN_KA_276597,Aminagad,city,GEO_IN_KA,,,
GEO_IN_KA_299181,Anavatti,city,GEO_IN_KA,,,
GEO_IN_KA_299329,Ankalagi-Akkathangerahal,city,GEO_IN_KA,,,
GEO_IN_KA_276577,Arabhavi,city,GEO_IN_KA,,,
GEO_IN_KA_252014,Arkalgud,city,GEO_IN_KA,,,
GEO_IN_KA_251866,Aurad,city,GEO_IN_KA,,,
GEO_IN_KA_299327,Babaleshwar,city,GEO_IN_KA,,,
GEO_IN_KA_297129,Bainduru,city,GEO_IN_KA,,,
GEO_IN_KA_299320,Bajape,city,GEO_IN_KA,,,
GEO_IN_KA_276523,Balaganur,city,GEO_IN_KA,,,
GEO_IN_KA_299169,Bashettihalli,city,GEO_IN_KA,,,
GEO_IN_KA_276529,Belagali,city,GEO_IN_KA,,,
GEO_IN_KA_276602,Belluru,city,GEO_IN_KA,,,
GEO_IN_KA_252034,Beltangadi,city,GEO_IN_KA,,,
GEO_IN_KA_276604,Bhagyanagara,city,GEO_IN_KA,,,
GEO_IN_KA_251834,Bilgi,city,GEO_IN_KA,,,
GEO_IN_KA_299334,Bogadi,city,GEO_IN_KA,,,
GEO_IN_KA_276583,Boragaon,city,GEO_IN_KA,,,
GEO_IN_KA_276559,Chadachana,city,GEO_IN_KA,,,
GEO_IN_KA_276578,Chennammana Kittur,city,GEO_IN_KA,,,
GEO_IN_KA_276477,Chinchali,city,GEO_IN_KA,,,
GEO_IN_KA_276558,Devarahipparagi,city,GEO_IN_KA,,,
GEO_IN_KA_301176,Doddathoguru,city,GEO_IN_KA,,,
GEO_IN_KA_276575,Examba,city,GEO_IN_KA,,,
GEO_IN_KA_251974,Gubbi,city,GEO_IN_KA,,,
GEO_IN_KA_251980,Gudibanda,city,GEO_IN_KA,,,
GEO_IN_KA_276521,Guttal,city,GEO_IN_KA,,,
GEO_IN_KA_253130,Hanur,city,GEO_IN_KA,,,
GEO_IN_KA_299326,Harohalli,city,GEO_IN_KA,,,
GEO_IN_KA_251873,Hatti,city,GEO_IN_KA,,,
GEO_IN_KA_251918,Hirekerur,city,GEO_IN_KA,,,
GEO_IN_KA_299180,Holehonnuru,city,GEO_IN_KA,,,
GEO_IN_KA_251909,Honavar,city,GEO_IN_KA,,,
GEO_IN_KA_251949,Hosanagara,city,GEO_IN_KA,,,
GEO_IN_KA_297133,Huliyaru,city,GEO_IN_KA,,,
GEO_IN_KA_296976,Hunasagi,city,GEO_IN_KA,,,
GEO_IN_KA_276572,Jaali,city,GEO_IN_KA,,,
GEO_IN_KA_251940,Jagalur,city,GEO_IN_KA,,,
GEO_IN_KA_263293,Jog-Kargal,city,GEO_IN_KA,,,
GEO_IN_KA_276483,Kabbur,city,GEO_IN_KA,,,
GEO_IN_KA_296954,Kadaba,city,GEO_IN_KA,,,
GEO_IN_KA_299323,Kadakola,city,GEO_IN_KA,,,
GEO_IN_KA_299331,Kagawada,city,GEO_IN_KA,,,
GEO_IN_KA_296978,Kalagi,city,GEO_IN_KA,,,
GEO_IN_KA_251897,Kalghatgi,city,GEO_IN_KA,,,
GEO_IN_KA_276576,Kallolli,city,GEO_IN_KA,,,
GEO_IN_KA_301080,Kamalapura Kalburgi,city,GEO_IN_KA,,,
GEO_IN_KA_301079,Kamatagi,city,GEO_IN_KA,,,
GEO_IN_KA_276599,Kanakgiri,city,GEO_IN_KA,,,
GEO_IN_KA_276567,Kankanavadi,city,GEO_IN_KA,,,
GEO_IN_KA_276522,Kavital,city,GEO_IN_KA,,,
GEO_IN_KA_251836,Kerur,city,GEO_IN_KA,,,
GEO_IN_KA_251825,Khanapur,city,GEO_IN_KA,,,
GEO_IN_KA_299321,Kinnigoli,city,GEO_IN_KA,,,
GEO_IN_KA_276543,Kolhara,city,GEO_IN_KA,,,
GEO_IN_KA_251960,Koppa,city,GEO_IN_KA,,,
GEO_IN_KA_251972,Koratagere,city,GEO_IN_KA,,,
GEO_IN_KA_276555,Kotekar,city,GEO_IN_KA,,,
GEO_IN_KA_251931,Kotturu,city,GEO_IN_KA,,,
GEO_IN_KA_251930,Kudligi,city,GEO_IN_KA,,,
GEO_IN_KA_276534,Kudutini,city,GEO_IN_KA,,,
GEO_IN_KA_276497,Kukanooru,city,GEO_IN_KA,,,
GEO_IN_KA_251898,Kundgol,city,GEO_IN_KA,,,
GEO_IN_KA_299317,Lokapura,city,GEO_IN_KA,,,
GEO_IN_KA_299332,Machhe,city,GEO_IN_KA,,,
GEO_IN_KA_276541,Managuli,city,GEO_IN_KA,,,
GEO_IN_KA_299328,Manki,city,GEO_IN_KA,,,
GEO_IN_KA_276474,Mariyammanahalli,city,GEO_IN_KA,,,
GEO_IN_KA_299417,Mkhubballi,city,GEO_IN_KA,,,
GEO_IN_KA_251932,Molakalmuru,city,GEO_IN_KA,,,
GEO_IN_KA_301082,Mudigere,city,GEO_IN_KA,,,
GEO_IN_KA_251889,Mulgund,city,GEO_IN_KA,,,
GEO_IN_KA_252017,Mulki,city,GEO_IN_KA,,,
GEO_IN_KA_251904,Mundgod,city,GEO_IN_KA,,,
GEO_IN_KA_301061,Naganur,city,GEO_IN_KA,,,
GEO_IN_KA_276544,Nalatavada,city,GEO_IN_KA,,,
GEO_IN_KA_251961,Narasimharajapura,city,GEO_IN_KA,,,
GEO_IN_KA_251887,Naregal,city,GEO_IN_KA,,,
GEO_IN_KA_276542,Nayakanahatti,city,GEO_IN_KA,,,
GEO_IN_KA_276557,Nidagundi,city,GEO_IN_KA,,,
GEO_IN_KA_299183,Nyamathi,city,GEO_IN_KA,,,
GEO_IN_KA_299333,Peeranawadi,city,GEO_IN_KA,,,
GEO_IN_KA_301819,Ponnampete,city,GEO_IN_KA,,,
GEO_IN_KA_299322,Rammanahalli,city,GEO_IN_KA,,,
GEO_IN_KA_296955,Rattihalli,city,GEO_IN_KA,,,
GEO_IN_KA_251814,Raybag,city,GEO_IN_KA,,,
GEO_IN_KA_251954,Saligram,city,GEO_IN_KA,,,
GEO_IN_KA_253132,Saragur,city,GEO_IN_KA,,,
GEO_IN_KA_276579,Shedbala,city,GEO_IN_KA,,,
GEO_IN_KA_251890,Shirahatti,city,GEO_IN_KA,,,
GEO_IN_KA_299179,Shiruru,city,GEO_IN_KA,,,
GEO_IN_KA_251908,Siddapur,city,GEO_IN_KA,,,
GEO_IN_KA_276605,Siravara,city,GEO_IN_KA,,,
GEO_IN_KA_252038,Somvarpet,city,GEO_IN_KA,,,
GEO_IN_KA_251959,Sringeri,city,GEO_IN_KA,,,
GEO_IN_KA_299325,Srirampura,city,GEO_IN_KA,,,
GEO_IN_KA_252036,Sulya,city,GEO_IN_KA,,,
GEO_IN_KA_276601,Tavaragera,city,GEO_IN_KA,,,
GEO_IN_KA_251926,Tekkalakote,city,GEO_IN_KA,,,
GEO_IN_KA_297131,Tikota,city,GEO_IN_KA,,,
GEO_IN_KA_251950,Tirthahalli,city,GEO_IN_KA,,,
GEO_IN_KA_251976,Turuvekere,city,GEO_IN_KA,,,
GEO_IN_KA_276524,Turvihal,city,GEO_IN_KA,,,
GEO_IN_KA_301054,Vemgal-Kurugol,city,GEO_IN_KA,,,
GEO_IN_KA_276554,Vitla,city,GEO_IN_KA,,,
GEO_IN_KA_297132,Yadrami,city,GEO_IN_KA,,,
GEO_IN_KA_299330,Yaragatti,city,GEO_IN_KA,,,
GEO_IN_KA_252055,Yelandur,city,GEO_IN_KA,,,
GEO_IN_KA_251879,Yelburga,city,GEO_IN_KA,,,
GEO_IN_KA_251903,Yellapur,city,GEO_IN_KA,,,
GEO_IN_KA_252010,Arsikere,city,GEO_IN_KA,,,
GEO_IN_KA_251839,Bagalkot,city,GEO_IN_KA,,,
GEO_IN_KA_251864,Basavakalyan,city,GEO_IN_KA,,,
GEO_IN_KA_251952,Bhadravati,city,GEO_IN_KA,,,
GEO_IN_KA_251867,Bidar,city,GEO_IN_KA,,,
GEO_IN_KA_251933,Challakere,city,GEO_IN_KA,,,
GEO_IN_KA_252054,Chamarajanagar,city,GEO_IN_KA,,,
GEO_IN_KA_253185,Channapatna,city,GEO_IN_KA,,,
GEO_IN_KA_251979,Chik Ballapur,city,GEO_IN_KA,,,
GEO_IN_KA_251965,Chikkamagaluru,city,GEO_IN_KA,,,
GEO_IN_KA_251983,Chintamani,city,GEO_IN_KA,,,
GEO_IN_KA_251934,Chitradurga,city,GEO_IN_KA,,,
GEO_IN_KA_251899,Dandeli,city,GEO_IN_KA,,,
GEO_IN_KA_251992,Dod Ballapur,city,GEO_IN_KA,,,
GEO_IN_KA_251888,Gadag-Betigeri,city,GEO_IN_KA,,,
GEO_IN_KA_251881,Gangawati,city,GEO_IN_KA,,,
GEO_IN_KA_251978,Gauribidanur,city,GEO_IN_KA,,,
GEO_IN_KA_251818,Gokak,city,GEO_IN_KA,,,
GEO_IN_KA_251938,Harihar,city,GEO_IN_KA,,,
GEO_IN_KA_252012,Hassan,city,GEO_IN_KA,,,
GEO_IN_KA_251916,Haveri,city,GEO_IN_KA,,,
GEO_IN_KA_276463,Hebbugodi,city,GEO_IN_KA,,,
GEO_IN_KA_251937,Hiriyur,city,GEO_IN_KA,,,
GEO_IN_KA_299335,Hootagalli,city,GEO_IN_KA,,,
GEO_IN_KA_251995,Hosakote,city,GEO_IN_KA,,,
GEO_IN_KA_251922,Hosapete,city,GEO_IN_KA,,,
GEO_IN_KA_252043,Hunsur,city,GEO_IN_KA,,,
GEO_IN_KA_251841,Ilkal,city,GEO_IN_KA,,,
GEO_IN_KA_251832,Jamkhandi,city,GEO_IN_KA,,,
GEO_IN_KA_253188,Kanakpura,city,GEO_IN_KA,,,
GEO_IN_KA_251900,Karwar,city,GEO_IN_KA,,,
GEO_IN_KA_251985,Kolar,city,GEO_IN_KA,,,
GEO_IN_KA_252056,Kollegal,city,GEO_IN_KA,,,
GEO_IN_KA_251882,Koppal,city,GEO_IN_KA,,,
GEO_IN_KA_296975,Madanayakanahalli,city,GEO_IN_KA,,,
GEO_IN_KA_252037,Madikeri,city,GEO_IN_KA,,,
GEO_IN_KA_252005,Mandya,city,GEO_IN_KA,,,
GEO_IN_KA_251835,Mudhol,city,GEO_IN_KA,,,
GEO_IN_KA_251989,Mulbagal,city,GEO_IN_KA,,,
GEO_IN_KA_252050,Nanjangud,city,GEO_IN_KA,,,
GEO_IN_KA_251990,Nelamangala,city,GEO_IN_KA,,,
GEO_IN_KA_251809,Nipani,city,GEO_IN_KA,,,
GEO_IN_KA_252035,Puttur,city,GEO_IN_KA,,,
GEO_IN_KA_251833,Rabkavi-Banhatti,city,GEO_IN_KA,,,
GEO_IN_KA_251876,Raichur,city,GEO_IN_KA,,,
GEO_IN_KA_253186,Ramanagara,city,GEO_IN_KA,,,
GEO_IN_KA_251919,Ranibennur,city,GEO_IN_KA,,,
GEO_IN_KA_251988,Robertson Pet,city,GEO_IN_KA,,,
GEO_IN_KA_251945,Sagar,city,GEO_IN_KA,,,
GEO_IN_KA_251855,Shahabad,city,GEO_IN_KA,,,
GEO_IN_KA_251861,Shahpur,city,GEO_IN_KA,,,
GEO_IN_KA_251859,Shorapur,city,GEO_IN_KA,,,
GEO_IN_KA_251982,Sidlaghatta,city,GEO_IN_KA,,,
GEO_IN_KA_251878,Sindhnur,city,GEO_IN_KA,,,
GEO_IN_KA_251969,Sira,city,GEO_IN_KA,,,
GEO_IN_KA_251905,Sirsi,city,GEO_IN_KA,,,
GEO_IN_KA_251925,Siruguppa,city,GEO_IN_KA,,,
GEO_IN_KA_251975,Tiptur,city,GEO_IN_KA,,,
GEO_IN_KA_251955,Udupi,city,GEO_IN_KA,,,
GEO_IN_KA_252027,Ullal,city,GEO_IN_KA,,,
GEO_IN_KA_251863,Yadgir,city,GEO_IN_KA,,,
GEO_IN_KA_251849,Afzalpur,city,GEO_IN_KA,,,
GEO_IN_KA_251848,Aland,city,GEO_IN_KA,,,
GEO_IN_KA_253189,Anekal,city,GEO_IN_KA,,,
GEO_IN_KA_251906,Ankola,city,GEO_IN_KA,,,
GEO_IN_KA_251896,Annigeri,city,GEO_IN_KA,,,
GEO_IN_KA_251812,Athni,city,GEO_IN_KA,,,
GEO_IN_KA_276539,Attibele,city,GEO_IN_KA,,,
GEO_IN_KA_251837,Badami,city,GEO_IN_KA,,,
GEO_IN_KA_251981,Bagepalli,city,GEO_IN_KA,,,
GEO_IN_KA_251827,Bail Hongal,city,GEO_IN_KA,,,
GEO_IN_KA_299416,Bangarpete,city,GEO_IN_KA,,,
GEO_IN_KA_251913,Bankapura,city,GEO_IN_KA,,,
GEO_IN_KA_252051,Bannur,city,GEO_IN_KA,,,
GEO_IN_KA_252033,Bantval,city,GEO_IN_KA,,,
GEO_IN_KA_251845,Basavana Bagevadi,city,GEO_IN_KA,,,
GEO_IN_KA_252009,Belur,city,GEO_IN_KA,,,
GEO_IN_KA_251865,Bhalki,city,GEO_IN_KA,,,
GEO_IN_KA_251911,Bhatkal,city,GEO_IN_KA,,,
GEO_IN_KA_276526,Bidadi,city,GEO_IN_KA,,,
GEO_IN_KA_251963,Birur,city,GEO_IN_KA,,,
GEO_IN_KA_276537,Bommasandra,city,GEO_IN_KA,,,
GEO_IN_KA_251917,Byadgi,city,GEO_IN_KA,,,
GEO_IN_KA_276533,Chandapura,city,GEO_IN_KA,,,
GEO_IN_KA_251943,Channagiri,city,GEO_IN_KA,,,
GEO_IN_KA_252016,Channarayapatna,city,GEO_IN_KA,,,
GEO_IN_KA_299318,Chikkabanavara,city,GEO_IN_KA,,,
GEO_IN_KA_251968,Chiknayakanhalli,city,GEO_IN_KA,,,
GEO_IN_KA_251811,Chikodi,city,GEO_IN_KA,,,
GEO_IN_KA_276568,Chinchali,city,GEO_IN_KA,,,
GEO_IN_KA_251869,Chitgoppa,city,GEO_IN_KA,,,
GEO_IN_KA_251853,Chittapura,city,GEO_IN_KA,,,
GEO_IN_KA_251874,Devadurga,city,GEO_IN_KA,,,
GEO_IN_KA_251994,Devanahalli,city,GEO_IN_KA,,,
GEO_IN_KA_251886,Gajendragarh,city,GEO_IN_KA,,,
GEO_IN_KA_276574,Ghataprabha,city,GEO_IN_KA,,,
GEO_IN_KA_251838,Guledgudda,city,GEO_IN_KA,,,
GEO_IN_KA_252053,Gundlupet,city,GEO_IN_KA,,,
GEO_IN_KA_251862,Gurmatkal,city,GEO_IN_KA,,,
GEO_IN_KA_276535,Hagaribommanahalli,city,GEO_IN_KA,,,
GEO_IN_KA_251901,Haliyal,city,GEO_IN_KA,,,
GEO_IN_KA_277668,Hallikheda (B),city,GEO_IN_KA,,,
GEO_IN_KA_251915,Hangal,city,GEO_IN_KA,,,
GEO_IN_KA_251939,Harapanahalli,city,GEO_IN_KA,,,
GEO_IN_KA_276569,Harogeri,city,GEO_IN_KA,,,
GEO_IN_KA_252049,Heggadadevankote,city,GEO_IN_KA,,,
GEO_IN_KA_251935,Holalkere,city,GEO_IN_KA,,,
GEO_IN_KA_252015,Hole Narsipur,city,GEO_IN_KA,,,
GEO_IN_KA_251868,Homnabad,city,GEO_IN_KA,,,
GEO_IN_KA_251942,Honnali,city,GEO_IN_KA,,,
GEO_IN_KA_251921,Hoovina Hadagalli,city,GEO_IN_KA,,,
GEO_IN_KA_251936,Hosdurga,city,GEO_IN_KA,,,
GEO_IN_KA_251820,Hukeri,city,GEO_IN_KA,,,
GEO_IN_KA_299319,Hunasamaranahalli,city,GEO_IN_KA,,,
GEO_IN_KA_251840,Hungund,city,GEO_IN_KA,,,
GEO_IN_KA_251843,Indi,city,GEO_IN_KA,,,
GEO_IN_KA_251858,Jevargi,city,GEO_IN_KA,,,
GEO_IN_KA_276464,Jigani,city,GEO_IN_KA,,,
GEO_IN_KA_251964,Kadur,city,GEO_IN_KA,,,
GEO_IN_KA_276560,Kakkera,city,GEO_IN_KA,,,
GEO_IN_KA_276611,Kamalapura,city,GEO_IN_KA,,,
GEO_IN_KA_251924,Kampli,city,GEO_IN_KA,,,
GEO_IN_KA_301055,Kapu,city,GEO_IN_KA,,,
GEO_IN_KA_276496,Karatagi,city,GEO_IN_KA,,,
GEO_IN_KA_251958,Karkal,city,GEO_IN_KA,,,
GEO_IN_KA_276516,Kembhavi,city,GEO_IN_KA,,,
GEO_IN_KA_301790,Konappanaagrahara,city,GEO_IN_KA,,,
GEO_IN_KA_251816,Konnur,city,GEO_IN_KA,,,
GEO_IN_KA_252001,Krishnarajpet,city,GEO_IN_KA,,,
GEO_IN_KA_301081,Kr Nagar,city,GEO_IN_KA,,,
GEO_IN_KA_251813,Kudchi,city,GEO_IN_KA,,,
GEO_IN_KA_251907,Kumta,city,GEO_IN_KA,,,
GEO_IN_KA_251953,Kundapura,city,GEO_IN_KA,,,
GEO_IN_KA_251977,Kunigal,city,GEO_IN_KA,,,
GEO_IN_KA_276538,Kurekuppa,city,GEO_IN_KA,,,
GEO_IN_KA_276532,Kurugodu,city,GEO_IN_KA,,,
GEO_IN_KA_252039,Kushalnagar,city,GEO_IN_KA,,,
GEO_IN_KA_251880,Kushtagi,city,GEO_IN_KA,,,
GEO_IN_KA_251891,Lakshmeshwar,city,GEO_IN_KA,,,
GEO_IN_KA_251871,Lingasugur,city,GEO_IN_KA,,,
GEO_IN_KA_252006,Maddur,city,GEO_IN_KA,,,
GEO_IN_KA_251971,Madhugiri,city,GEO_IN_KA,,,
GEO_IN_KA_251996,Magadi,city,GEO_IN_KA,,,
GEO_IN_KA_251830,Mahalingpur,city,GEO_IN_KA,,,
GEO_IN_KA_252007,Malavalli,city,GEO_IN_KA,,,
GEO_IN_KA_276556,Malebennuru,city,GEO_IN_KA,,,
GEO_IN_KA_251986,Malur,city,GEO_IN_KA,,,
GEO_IN_KA_251877,Manvi,city,GEO_IN_KA,,,
GEO_IN_KA_276519,Maski,city,GEO_IN_KA,,,
GEO_IN_KA_251815,Mudalgi,city,GEO_IN_KA,,,
GEO_IN_KA_252018,Mudbidri,city,GEO_IN_KA,,,
GEO_IN_KA_251846,Muddebihal,city,GEO_IN_KA,,,
GEO_IN_KA_251870,Mudgal,city,GEO_IN_KA,,,
GEO_IN_KA_276563,Mugalakoda,city,GEO_IN_KA,,,
GEO_IN_KA_276564,Munavalli,city,GEO_IN_KA,,,
GEO_IN_KA_251892,Mundargi,city,GEO_IN_KA,,,
GEO_IN_KA_252002,Nagamangala,city,GEO_IN_KA,,,
GEO_IN_KA_251884,Nargund,city,GEO_IN_KA,,,
GEO_IN_KA_251895,Navalgund,city,GEO_IN_KA,,,
GEO_IN_KA_252003,Pandavapura,city,GEO_IN_KA,,,
GEO_IN_KA_251970,Pavagada,city,GEO_IN_KA,,,
GEO_IN_KA_252042,Piriyapatna,city,GEO_IN_KA,,,
GEO_IN_KA_251829,Ramdurg,city,GEO_IN_KA,,,
GEO_IN_KA_251885,Ron,city,GEO_IN_KA,,,
GEO_IN_KA_251810,Sadalgi,city,GEO_IN_KA,,,
GEO_IN_KA_252008,Sakleshpur,city,GEO_IN_KA,,,
GEO_IN_KA_251929,Sandur,city,GEO_IN_KA,,,
GEO_IN_KA_251819,Sankeshwar,city,GEO_IN_KA,,,
GEO_IN_KA_251828,Saundatti-Yellamma,city,GEO_IN_KA,,,
GEO_IN_KA_251914,Savanur,city,GEO_IN_KA,,,
GEO_IN_KA_251852,Sedam,city,GEO_IN_KA,,,
GEO_IN_KA_251912,Shiggaon,city,GEO_IN_KA,,,
GEO_IN_KA_251948,Shikarpur,city,GEO_IN_KA,,,
GEO_IN_KA_252004,Shrirangapattana,city,GEO_IN_KA,,,
GEO_IN_KA_251844,Sindgi,city,GEO_IN_KA,,,
GEO_IN_KA_251947,Siralkoppa,city,GEO_IN_KA,,,
GEO_IN_KA_252029,Someshwar,city,GEO_IN_KA,,,
GEO_IN_KA_251946,Sorab,city,GEO_IN_KA,,,
GEO_IN_KA_251984,Srinivaspur,city,GEO_IN_KA,,,
GEO_IN_KA_251847,Talikota,city,GEO_IN_KA,,,
GEO_IN_KA_251962,Tarikere,city,GEO_IN_KA,,,
GEO_IN_KA_251831,Terdal,city,GEO_IN_KA,,,
GEO_IN_KA_252052,Tirumakudal - Narsipur,city,GEO_IN_KA,,,
GEO_IN_KA_276565,Ugar Khurda,city,GEO_IN_KA,,,
GEO_IN_KA_251842,Vijayapura,city,GEO_IN_KA,,,
GEO_IN_KA_252040,Virajpet,city,GEO_IN_KA,,,
GEO_IN_KA_251856,Wadi,city,GEO_IN_KA,,,
GEO_IN_KA_251877_W27695,Manvi (TMC) - Ward No.5,ward,GEO_IN_KA_251877,,,
GEO_IN_KA_276539_W1296111,Ward 18- Society Rajappa Ward,ward,GEO_IN_KA_276539,,,
GEO_IN_KA_299416_W2890359,Ward 19,ward,GEO_IN_KA_299416,,,
GEO_IN_KA_251885_W2178675,Ron (TP) - Ward No - 21,ward,GEO_IN_KA_251885,,,
GEO_IN_KA_252007_W65599,Malavalli (TMC) - Ward No.15,ward,GEO_IN_KA_252007,,,
GEO_IN_KA_251890_W60507,Shirhatti (TP) - Ward No.13,ward,GEO_IN_KA_251890,,,
GEO_IN_KA_251986_W25803,Malur (TMC) - Ward No.8,ward,GEO_IN_KA_251986,,,
GEO_IN_KA_251887_W1889186,Naregal (TP) - Ward No.16,ward,GEO_IN_KA_251887,,,
GEO_IN_KA_251881_W27870,Gangawati (Cmc) - Ward No.21,ward,GEO_IN_KA_251881,,,
GEO_IN_KA_252015_W65663,Hole Narsipur (TMC) - Ward No.16,ward,GEO_IN_KA_252015,,,
GEO_IN_KA_251834_W26078,Bilgi (TP) - Ward No.10,ward,GEO_IN_KA_251834,,,
GEO_IN_KA_299179_W3046797,Ward 8,ward,GEO_IN_KA_299179,,,
GEO_IN_KA_251941_W31216,Davanagere (Cmc) - Ward No.35,ward,GEO_IN_KA_251941,,,
GEO_IN_KA_251934_W31095,Chitradurga (Cmc) - Ward No.35,ward,GEO_IN_KA_251934,,,
GEO_IN_KA_252035_W28414,Puttur(TMC) - Ward No.10,ward,GEO_IN_KA_252035,,,
GEO_IN_KA_252051_W71061,Bannur (TMC) - Ward No.21,ward,GEO_IN_KA_252051,,,
GEO_IN_KA_251931_W61447,Kotturu (TP) - Ward No.13,ward,GEO_IN_KA_251931,,,
GEO_IN_KA_251867_W27422,Bidar (Cmc) - Ward No.1,ward,GEO_IN_KA_251867,,,
GEO_IN_KA_251989_W2443636,Mulbagal (TMC) - Ward No.31,ward,GEO_IN_KA_251989,,,
GEO_IN_KA_251809_W24463,Nipani (Cmc) - Ward No.30,ward,GEO_IN_KA_251809,,,
GEO_IN_KA_251878_W27833,Sindhnur (TMC) - Ward No.26,ward,GEO_IN_KA_251878,,,
GEO_IN_KA_276477_W1293409,"17- Ganapati Temple Area, Govt. School Area",ward,GEO_IN_KA_276477,,,
GEO_IN_KA_251847_W26409,Talikota (TMC) - Ward No.11,ward,GEO_IN_KA_251847,,,
GEO_IN_KA_276535_W1296327,Ward-21,ward,GEO_IN_KA_276535,,,
GEO_IN_KA_252050_W1921375,Nanjangud (TMC) - Ward No.29,ward,GEO_IN_KA_252050,,,
GEO_IN_KA_251965_W32449,Chikmagalur (Cmc) - Ward No.6,ward,GEO_IN_KA_251965,,,
GEO_IN_KA_276483_W1295724,Ward No.14,ward,GEO_IN_KA_276483,,,
GEO_IN_KA_253188_W3046923,Ward 15,ward,GEO_IN_KA_253188,,,
GEO_IN_KA_251890_W2176770,Shirhatti-18,ward,GEO_IN_KA_251890,,,
GEO_IN_KA_252021_W28242,Mangalore (M Corp.) - Ward No.31,ward,GEO_IN_KA_252021,,,
GEO_IN_KA_251836_W63437,Kerur (TP) - Ward No.13,ward,GEO_IN_KA_251836,,,
GEO_IN_KA_251841_W26282,Ilkal (TMC) - Ward No.14,ward,GEO_IN_KA_251841,,,
GEO_IN_KA_252029_W3068754,ward No.14,ward,GEO_IN_KA_252029,,,
GEO_IN_KA_251843_W26355,Indi (TMC) - Ward No.23,ward,GEO_IN_KA_251843,,,
GEO_IN_KA_252012_W65628,Hassan (Cmc) - Ward No.21,ward,GEO_IN_KA_252012,,,
GEO_IN_KA_276601_W1296298,Ward-10,ward,GEO_IN_KA_276601,,,
GEO_IN_KA_251946_W61520,Sorab (TP) - Ward No.7,ward,GEO_IN_KA_251946,,,
GEO_IN_KA_251911_W30002,Bhatkal (TMC) - Ward No.10,ward,GEO_IN_KA_251911,,,
GEO_IN_KA_253186_W2140085,Ramanagara-Ward 25,ward,GEO_IN_KA_253186,,,
GEO_IN_KA_251901_W2178762,Haliyal-22,ward,GEO_IN_KA_251901,,,
GEO_IN_KA_299318_W3287791,Ward No.17,ward,GEO_IN_KA_299318,,,
GEO_IN_KA_252029_W3068749,ward No.9,ward,GEO_IN_KA_252029,,,
GEO_IN_KA_252008_W27731,Sakleshpur (TMC) - Ward No.8,ward,GEO_IN_KA_252008,,,
GEO_IN_KA_296975_W2179280,Madanayakanahalli-2,ward,GEO_IN_KA_296975,,,
GEO_IN_KA_251951_W31727,Shimoga (Cmc) - Ward No.20,ward,GEO_IN_KA_251951,,,
GEO_IN_KA_251927_W30811,Bellary (Cmc) - Ward No.10,ward,GEO_IN_KA_251927,,,
GEO_IN_KA_251941_W1886601,Davanagere (Cmc) - Ward No.41,ward,GEO_IN_KA_251941,,,
GEO_IN_KA_251993_W2440221,Ward-15,ward,GEO_IN_KA_251993,,,
GEO_IN_KA_251934_W30868,Chitradurga (Cmc) - Ward No.2,ward,GEO_IN_KA_251934,,,
GEO_IN_KA_251973_W64902,Tumkur (Cmc) - Ward No.20,ward,GEO_IN_KA_251973,,,
GEO_IN_KA_251834_W26074,Bilgi (TP) - Ward No.6,ward,GEO_IN_KA_251834,,,
GEO_IN_KA_251845_W26361,Basavana Bagevadi (TP) - Ward No.6,ward,GEO_IN_KA_251845,,,
GEO_IN_KA_251952_W61536,Bhadravati (Cmc) - Ward No.10,ward,GEO_IN_KA_251952,,,
GEO_IN_KA_251830_W63200,Mahalingpur (TMC) - Ward No.7,ward,GEO_IN_KA_251830,,,
GEO_IN_KA_251929_W1734617,Sandur (TP) - Ward No.21,ward,GEO_IN_KA_251929,,,
GEO_IN_KA_252016_W28186,Channarayapatna (TMC) - Ward No.16,ward,GEO_IN_KA_252016,,,
GEO_IN_KA_251978_W2176856,Gauribidanur-26,ward,GEO_IN_KA_251978,,,
GEO_IN_KA_251970_W1922460,Pavagada (TP) - Ward No.21,ward,GEO_IN_KA_251970,,,
GEO_IN_KA_251953_W1922581,Kundapura (TMC) - Ward No.18,ward,GEO_IN_KA_251953,,,
GEO_IN_KA_251990_W26456,Nelamangala (TP) - Ward No.5,ward,GEO_IN_KA_251990,,,
GEO_IN_KA_252049_W1921423,Heggadadevankote (TP) - Ward No.17,ward,GEO_IN_KA_252049,,,
GEO_IN_KA_276564_W1295989,Ward-21,ward,GEO_IN_KA_276564,,,
GEO_IN_KA_276542_W1295816,Nayakanahatty-10,ward,GEO_IN_KA_276542,,,
GEO_IN_KA_251882_W1891313,Koppal (Cmc) - Ward No.24,ward,GEO_IN_KA_251882,,,
GEO_IN_KA_251935_W31101,Holalkere (TP) - Ward No.5,ward,GEO_IN_KA_251935,,,
GEO_IN_KA_251906_W29946,Ankola (TP) - Ward No.4,ward,GEO_IN_KA_251906,,,
GEO_IN_KA_251871_W27628,Lingsugur (TP) - Ward No.10,ward,GEO_IN_KA_251871,,,
GEO_IN_KA_252002_W26724,Nagamangala (TP) - Ward No.15,ward,GEO_IN_KA_252002,,,
GEO_IN_KA_276579_W1296045,Ward-14,ward,GEO_IN_KA_276579,,,
GEO_IN_KA_251978_W25593,Gauribidanur (TMC) - Ward No.21,ward,GEO_IN_KA_251978,,,
GEO_IN_KA_252054_W29157,Chamarajanagar (Cmc) - Ward No.30,ward,GEO_IN_KA_252054,,,
GEO_IN_KA_251865_W63745,Bhalki (TMC) - Ward No.7,ward,GEO_IN_KA_251865,,,
GEO_IN_KA_252034_W28401,Beltangadi (TP) - Ward No.8,ward,GEO_IN_KA_252034,,,
GEO_IN_KA_276578_W2182431,Ward-15,ward,GEO_IN_KA_276578,,,
GEO_IN_KA_297131_W2440205,Ward-10,ward,GEO_IN_KA_297131,,,
GEO_IN_KA_251921_W30116,Hoovina Hadagalli (TP) - Ward No.7,ward,GEO_IN_KA_251921,,,
GEO_IN_KA_252051_W65875,Bannur (TMC) - Ward No.2,ward,GEO_IN_KA_252051,,,
GEO_IN_KA_297129_W2805089,Ward 17,ward,GEO_IN_KA_297129,,,
GEO_IN_KA_252004_W26756,Shrirangapattana (TMC) - Ward No.15,ward,GEO_IN_KA_252004,,,
GEO_IN_KA_299179_W3046794,Ward 5,ward,GEO_IN_KA_299179,,,
GEO_IN_KA_276524_W1293526,Ward-4,ward,GEO_IN_KA_276524,,,
GEO_IN_KA_251849_W63476,Afzalpur (TP) - Ward No.13,ward,GEO_IN_KA_251849,,,
GEO_IN_KA_251895_W60982,Navalgund (TMC) - Ward No.4,ward,GEO_IN_KA_251895,,,
GEO_IN_KA_276600_W1303160,Ward No.22 (Peenya Industrial Area),ward,GEO_IN_KA_276600,,,
GEO_IN_KA_251974_W25422,Gubbi (TP) - Ward No.13,ward,GEO_IN_KA_251974,,,
GEO_IN_KA_251871_W27624,Lingsugur (TP) - Ward No.6,ward,GEO_IN_KA_251871,,,
GEO_IN_KA_299327_W3304232,ward No.4,ward,GEO_IN_KA_299327,,,
GEO_IN_KA_252045_W28854,Mysore (M Corp.) - Ward No.49,ward,GEO_IN_KA_252045,,,
GEO_IN_KA_252005_W65584,Mandya (Cmc) - Ward No.35,ward,GEO_IN_KA_252005,,,
GEO_IN_KA_251824_W25500,Belgaum (M Corp.) - Ward No.13,ward,GEO_IN_KA_251824,,,
GEO_IN_KA_276560_W1296386,Pirnayak Tanda,ward,GEO_IN_KA_276560,,,
GEO_IN_KA_299181_W3046824,Ward 18,ward,GEO_IN_KA_299181,,,
GEO_IN_KA_296977_W2440132,Ajjampura-09,ward,GEO_IN_KA_296977,,,
GEO_IN_KA_251888_W27964,Gadag-Betigeri (Cmc) - Ward No.1,ward,GEO_IN_KA_251888,,,
GEO_IN_KA_251945_W31268,Sagar (TMC) - Ward No.20,ward,GEO_IN_KA_251945,,,
GEO_IN_KA_251869_W27586,Chitgoppa (TMC) - Ward No.6,ward,GEO_IN_KA_251869,,,
GEO_IN_KA_251861_W27369,Shahpur (TMC) - Ward No.2,ward,GEO_IN_KA_251861,,,
GEO_IN_KA_276569_W1295692,Ward No. 5,ward,GEO_IN_KA_276569,,,
GEO_IN_KA_251840_W26259,Hungund (TP) - Ward No.7,ward,GEO_IN_KA_251840,,,
GEO_IN_KA_251951_W31736,Shimoga (Cmc) - Ward No.29,ward,GEO_IN_KA_251951,,,
GEO_IN_KA_251942_W31221,Honnali (TP) - Ward No.5,ward,GEO_IN_KA_251942,,,
GEO_IN_KA_276600_W1302804,Ward No.132 (Rajaji Nagar ),ward,GEO_IN_KA_276600,,,
GEO_IN_KA_251982_W1886072,Sidlaghatta (TMC) - Ward No.28,ward,GEO_IN_KA_251982,,,
GEO_IN_KA_251970_W25360,Pavagada (TP) - Ward No.5,ward,GEO_IN_KA_251970,,,
GEO_IN_KA_299319_W3287748,Ward No.20,ward,GEO_IN_KA_299319,,,
GEO_IN_KA_251976_W25424,Turuvekere (TP) - Ward No.1,ward,GEO_IN_KA_251976,,,
GEO_IN_KA_251958_W1922646,Karkal (TMC) - Ward No.21,ward,GEO_IN_KA_251958,,,
GEO_IN_KA_251909_W29985,Honavar (TP) - Ward No.11,ward,GEO_IN_KA_251909,,,
GEO_IN_KA_251842_W2440260,Ward-19,ward,GEO_IN_KA_251842,,,
GEO_IN_KA_251848_W26431,Aland (TMC) - Ward No.10,ward,GEO_IN_KA_251848,,,
GEO_IN_KA_251886_W27942,Gajendragarh (TMC) - Ward No.17,ward,GEO_IN_KA_251886,,,
GEO_IN_KA_251859_W1922777,Shorapur (TMC) - Ward No.26,ward,GEO_IN_KA_251859,,,
GEO_IN_KA_276474_W1295847,Ward-14,ward,GEO_IN_KA_276474,,,
GEO_IN_KA_252035_W1888849,Puttur (TMC) - Ward No.30,ward,GEO_IN_KA_252035,,,
GEO_IN_KA_251975_W64939,Tiptur (TMC) - Ward No.22,ward,GEO_IN_KA_251975,,,
GEO_IN_KA_251941_W1886597,Davanagere (Cmc) - Ward No.37,ward,GEO_IN_KA_251941,,,
GEO_IN_KA_299318_W3287784,Ward No.10,ward,GEO_IN_KA_299318,,,
GEO_IN_KA_252015_W65650,Hole Narsipur (TMC) - Ward No.3,ward,GEO_IN_KA_252015,,,
GEO_IN_KA_299318_W3287780,Ward No.6,ward,GEO_IN_KA_299318,,,
GEO_IN_KA_276521_W1293455,Ward-2,ward,GEO_IN_KA_276521,,,
GEO_IN_KA_251834_W26073,Bilgi (TP) - Ward No.5,ward,GEO_IN_KA_251834,,,
GEO_IN_KA_252045_W28835,Mysore (M Corp.) - Ward No.30,ward,GEO_IN_KA_252045,,,
GEO_IN_KA_253189_W25980,Bangalore (M Corp.) - Ward No.9,ward,GEO_IN_KA_253189,,,
GEO_IN_KA_251962_W31817,Tarikere (TP) - Ward No.1,ward,GEO_IN_KA_251962,,,
GEO_IN_KA_251927_W30809,Bellary (Cmc) - Ward No.8,ward,GEO_IN_KA_251927,,,
GEO_IN_KA_251884_W27897,Nargund (TMC) - Ward No.15,ward,GEO_IN_KA_251884,,,
GEO_IN_KA_251833_W25955,Rabkavi-Banhatti (Cmc) - Ward No.1,ward,GEO_IN_KA_251833,,,
GEO_IN_KA_301054_W3068541,Ward 7,ward,GEO_IN_KA_301054,,,
GEO_IN_KA_276568_W1295669,Ward No.18,ward,GEO_IN_KA_276568,,,
GEO_IN_KA_252053_W29115,Gundlupet (TMC) - Ward No.11,ward,GEO_IN_KA_252053,,,
GEO_IN_KA_251982_W25736,Sidlaghatta (TMC) - Ward No.12,ward,GEO_IN_KA_251982,,,
GEO_IN_KA_251994_W65102,Devanahalli (TMC) - Ward No.1,ward,GEO_IN_KA_251994,,,
GEO_IN_KA_252039_W2907,"Kushalnagar-6(Bapuji Layout,Town Colony,Ratha Beedhi)",ward,GEO_IN_KA_252039,,,
GEO_IN_KA_252040_W65722,Virajpet-6 (Harikere),ward,GEO_IN_KA_252040,,,
GEO_IN_KA_251886_W27926,Gajendragarh (TMC) - Ward No.1,ward,GEO_IN_KA_251886,,,
GEO_IN_KA_251810_W63186,Sadalgi (TP) - Ward No.5,ward,GEO_IN_KA_251810,,,
GEO_IN_KA_276600_W1302761,Ward No.89 (Vijinapura),ward,GEO_IN_KA_276600,,,
GEO_IN_KA_251828_W25681,Saundatti-Yellamma (TMC) - Ward No.1,ward,GEO_IN_KA_251828,,,
GEO_IN_KA_276600_W1302768,Ward No.96 (HAL Airport ),ward,GEO_IN_KA_276600,,,
GEO_IN_KA_252045_W28834,Mysore (M Corp.) - Ward No.29,ward,GEO_IN_KA_252045,,,
GEO_IN_KA_251829_W25890,Ramdurg (TMC) - Ward No.8,ward,GEO_IN_KA_251829,,,
GEO_IN_KA_251890_W60506,Shirhatti (TP) - Ward No.12,ward,GEO_IN_KA_251890,,,
GEO_IN_KA_251907_W61038,Kumta (TMC) - Ward No.6,ward,GEO_IN_KA_251907,,,
GEO_IN_KA_251981_W2443611,Bagepalli (TP) - Ward No.17,ward,GEO_IN_KA_251981,,,
GEO_IN_KA_276600_W1303146,Ward No.8 (Amrutahalli),ward,GEO_IN_KA_276600,,,
GEO_IN_KA_251961_W31806,Narasimharajapura (TP) - Ward No.1,ward,GEO_IN_KA_251961,,,
GEO_IN_KA_251952_W61547,Bhadravati (Cmc) - Ward No.21,ward,GEO_IN_KA_251952,,,
GEO_IN_KA_301061_W3068503,Ward 2,ward,GEO_IN_KA_301061,,,
GEO_IN_KA_252018_W65689,Mudbidri (TMC) - Ward No.19,ward,GEO_IN_KA_252018,,,
GEO_IN_KA_276575_W1295674,Ward No. 4,ward,GEO_IN_KA_276575,,,
GEO_IN_KA_301082_W3068494,Ward 4,ward,GEO_IN_KA_301082,,,
GEO_IN_KA_252036_W28436,Sulya (TP) - Ward No.5,ward,GEO_IN_KA_252036,,,
GEO_IN_KA_251878_W27717,Sindhnur (TMC) - Ward No.4,ward,GEO_IN_KA_251878,,,
GEO_IN_KA_251870_W27604,Mudgal (TP) - Ward No.1,ward,GEO_IN_KA_251870,,,
GEO_IN_KA_251971_W25390,Madhugiri (TMC) - Ward No.16,ward,GEO_IN_KA_251971,,,
GEO_IN_KA_251832_W25949,Jamkhandi (TMC) - Ward No.22,ward,GEO_IN_KA_251832,,,
GEO_IN_KA_251848_W26978,Aland (TMC) - Ward No.22,ward,GEO_IN_KA_251848,,,
GEO_IN_KA_251886_W27939,Gajendragarh (TMC) - Ward No.14,ward,GEO_IN_KA_251886,,,
GEO_IN_KA_276538_W1296360,Ward-12,ward,GEO_IN_KA_276538,,,
GEO_IN_KA_251938_W31152,Harihar (Cmc) - Ward No.25,ward,GEO_IN_KA_251938,,,
GEO_IN_KA_276611_W2179617,Ward-1,ward,GEO_IN_KA_276611,,,
GEO_IN_KA_251867_W27425,Bidar (Cmc) - Ward No.4,ward,GEO_IN_KA_251867,,,
GEO_IN_KA_251809_W24435,Nipani (Cmc) - Ward No.2,ward,GEO_IN_KA_251809,,,
GEO_IN_KA_251893_W28091,Hubli-Dharwad (M Corp.) - Ward No.53,ward,GEO_IN_KA_251893,,,
GEO_IN_KA_251864_W27413,Basavakalyan (TMC) - Ward No.19,ward,GEO_IN_KA_251864,,,
GEO_IN_KA_301061_W3068511,Ward 10,ward,GEO_IN_KA_301061,,,
GEO_IN_KA_252043_W71030,Hunsur (TMC) - Ward No.24,ward,GEO_IN_KA_252043,,,
GEO_IN_KA_251819_W25460,Sankeshwar (TMC) - Ward No.17,ward,GEO_IN_KA_251819,,,
GEO_IN_KA_251941_W31215,Davanagere (Cmc) - Ward No.34,ward,GEO_IN_KA_251941,,,
GEO_IN_KA_276576_W1295733,Sri Ram Nagar,ward,GEO_IN_KA_276576,,,
GEO_IN_KA_251824_W25630,Belgaum (M Corp.) - Ward No.54,ward,GEO_IN_KA_251824,,,
GEO_IN_KA_276600_W1302776,Ward No.104 (Varthuru),ward,GEO_IN_KA_276600,,,
GEO_IN_KA_277668_W3046752,Ward 9,ward,GEO_IN_KA_277668,,,
GEO_IN_KA_276522_W1293507,Ward-13,ward,GEO_IN_KA_276522,,,
GEO_IN_KA_276532_W1295855,Ward-4,ward,GEO_IN_KA_276532,,,
GEO_IN_KA_252015_W65656,Hole Narsipur (TMC) - Ward No.9,ward,GEO_IN_KA_252015,,,
GEO_IN_KA_251865_W63755,Bhalki (TMC) - Ward No.17,ward,GEO_IN_KA_251865,,,
GEO_IN_KA_251973_W64900,Tumkur (Cmc) - Ward No.18,ward,GEO_IN_KA_251973,,,
GEO_IN_KA_276556_W1294655,Ward-7,ward,GEO_IN_KA_276556,,,
GEO_IN_KA_251945_W31273,Sagar (TMC) - Ward No.25,ward,GEO_IN_KA_251945,,,
GEO_IN_KA_276463_W1295919,5-Ashwathkatte Ward,ward,GEO_IN_KA_276463,,,
GEO_IN_KA_251843_W26344,Indi (TMC) - Ward No.12,ward,GEO_IN_KA_251843,,,
GEO_IN_KA_251814_W24719,Raybag (TP) - Ward No.13,ward,GEO_IN_KA_251814,,,
GEO_IN_KA_251938_W31130,Harihar (Cmc) - Ward No.3,ward,GEO_IN_KA_251938,,,
GEO_IN_KA_251986_W2443637,Malur (TMC) - Ward No.24,ward,GEO_IN_KA_251986,,,
GEO_IN_KA_251848_W26428,Aland (TMC) - Ward No.7,ward,GEO_IN_KA_251848,,,
GEO_IN_KA_251965_W32452,Chikmagalur (Cmc) - Ward No.9,ward,GEO_IN_KA_251965,,,
GEO_IN_KA_299320_W3044606,Ward 10,ward,GEO_IN_KA_299320,,,
GEO_IN_KA_299416_W2890350,Ward 10,ward,GEO_IN_KA_299416,,,
GEO_IN_KA_251866_W1885566,Aurad (TP) - Ward No.16,ward,GEO_IN_KA_251866,,,
GEO_IN_KA_251965_W32457,Chikmagalur (Cmc) - Ward No.14,ward,GEO_IN_KA_251965,,,
GEO_IN_KA_251942_W2178660,Honnali-18,ward,GEO_IN_KA_251942,,,
GEO_IN_KA_299416_W2890367,Ward27,ward,GEO_IN_KA_299416,,,
GEO_IN_KA_251893_W28097,Hubli-Dharwad (M Corp.) - Ward No.59,ward,GEO_IN_KA_251893,,,
GEO_IN_KA_251816_W24752,Konnur (TP) - Ward No.10,ward,GEO_IN_KA_251816,,,
GEO_IN_KA_251940_W1886857,Jagalur (TP) - Ward No.14,ward,GEO_IN_KA_251940,,,
GEO_IN_KA_276600_W1302753,Ward No.81 (Kammanahalli),ward,GEO_IN_KA_276600,,,
GEO_IN_KA_276463_W1295916,2-Gramatana Ward,ward,GEO_IN_KA_276463,,,
GEO_IN_KA_251877_W2443647,Manvi (TMC) - Ward No.26,ward,GEO_IN_KA_251877,,,
GEO_IN_KA_251988_W25824,Robertson Pet (Cmc) - Ward No.6,ward,GEO_IN_KA_251988,,,
GEO_IN_KA_251927_W30820,Bellary (Cmc) - Ward No.19,ward,GEO_IN_KA_251927,,,
GEO_IN_KA_276576_W1295732,Angadi Mesti Oni,ward,GEO_IN_KA_276576,,,
GEO_IN_KA_251811_W24474,Chikodi (TMC) - Ward No.10,ward,GEO_IN_KA_251811,,,
GEO_IN_KA_253130_W29177,Kollegal (Cmc) - Ward No.4,ward,GEO_IN_KA_253130,,,
GEO_IN_KA_251969_W2146692,Sira-28,ward,GEO_IN_KA_251969,,,
GEO_IN_KA_251975_W64941,Tiptur (TMC) - Ward No.24,ward,GEO_IN_KA_251975,,,
GEO_IN_KA_276600_W1302769,Ward No.97 (Kadugodi),ward,GEO_IN_KA_276600,,,
GEO_IN_KA_251906_W1922740,Ankola (TP) - Ward No. 22,ward,GEO_IN_KA_251906,,,
GEO_IN_KA_251938_W31151,Harihar (Cmc) - Ward No.24,ward,GEO_IN_KA_251938,,,
GEO_IN_KA_251827_W25674,Bail Hongal (TMC) - Ward No.17,ward,GEO_IN_KA_251827,,,
GEO_IN_KA_252043_W2443641,Hunsur (TMC) - Ward No.28,ward,GEO_IN_KA_252043,,,
GEO_IN_KA_251830_W63220,Mahalingpur (TMC) - Ward No.23,ward,GEO_IN_KA_251830,,,
GEO_IN_KA_252045_W28825,Mysore (M Corp.) - Ward No.20,ward,GEO_IN_KA_252045,,,
GEO_IN_KA_252042_W1920869,Piriyapatna (TP) - Ward No.22,ward,GEO_IN_KA_252042,,,
GEO_IN_KA_251889_W63811,Mulgund (TP) - Ward No.5,ward,GEO_IN_KA_251889,,,
GEO_IN_KA_276583_W1295640,Ward No. 6,ward,GEO_IN_KA_276583,,,
GEO_IN_KA_251825_W25644,Khanapur (TP) - Ward No.3,ward,GEO_IN_KA_251825,,,
GEO_IN_KA_251982_W946228,Sidlaghatta (TMC) - Ward No.25,ward,GEO_IN_KA_251982,,,
GEO_IN_KA_252045_W28840,Mysore (M Corp.) - Ward No.35,ward,GEO_IN_KA_252045,,,
GEO_IN_KA_251871_W27623,Lingsugur (TP) - Ward No.5,ward,GEO_IN_KA_251871,,,
GEO_IN_KA_251961_W31816,Narasimharajapura (TP) - Ward No.11,ward,GEO_IN_KA_251961,,,
GEO_IN_KA_251963_W32435,Birur (TMC) - Ward No.15,ward,GEO_IN_KA_251963,,,
GEO_IN_KA_251835_W63242,Mudhol (TMC) - Ward No.22,ward,GEO_IN_KA_251835,,,
GEO_IN_KA_253132_W29084,Saragur (TP) - Ward No.9,ward,GEO_IN_KA_253132,,,
GEO_IN_KA_276533_W1295996,Ward No. 5,ward,GEO_IN_KA_276533,,,
GEO_IN_KA_251879_W1890586,Yelbarga (TP) - Ward No.14,ward,GEO_IN_KA_251879,,,
GEO_IN_KA_251985_W65078,Kolar (Cmc) - Ward No.31,ward,GEO_IN_KA_251985,,,
GEO_IN_KA_251847_W26406,Talikota (TMC) - Ward No.8,ward,GEO_IN_KA_251847,,,
GEO_IN_KA_276579_W1296047,Ward-16,ward,GEO_IN_KA_276579,,,
GEO_IN_KA_251899_W28642,Dandeli (Cmc) - Ward No.18,ward,GEO_IN_KA_251899,,,
GEO_IN_KA_251985_W64967,Kolar (Cmc) - Ward No.12,ward,GEO_IN_KA_251985,,,
GEO_IN_KA_251846_W26378,Muddebihal (TMC) - Ward No.3,ward,GEO_IN_KA_251846,,,
GEO_IN_KA_251960_W31796,Koppa (TP) - Ward No.2,ward,GEO_IN_KA_251960,,,
GEO_IN_KA_276534_W1296343,Ward-14,ward,GEO_IN_KA_276534,,,
GEO_IN_KA_251952_W61542,Bhadravati (Cmc) - Ward No.16,ward,GEO_IN_KA_251952,,,
GEO_IN_KA_251996_W65145,Magadi (TMC) - Ward No.11,ward,GEO_IN_KA_251996,,,
GEO_IN_KA_251927_W30830,Bellary (Cmc) - Ward No.29,ward,GEO_IN_KA_251927,,,
GEO_IN_KA_251922_W30421,Hospet (Cmc) - Ward No.1,ward,GEO_IN_KA_251922,,,
GEO_IN_KA_251917_W30063,Byadgi (TMC) - Ward No.23,ward,GEO_IN_KA_251917,,,
GEO_IN_KA_251945_W31249,Sagar (TMC) - Ward No.1,ward,GEO_IN_KA_251945,,,
GEO_IN_KA_251844_W63446,Sindgi (TMC) - Ward No.6,ward,GEO_IN_KA_251844,,,
GEO_IN_KA_251833_W25971,Rabkavi-Banhatti (Cmc) - Ward No.17,ward,GEO_IN_KA_251833,,,
GEO_IN_KA_251872_W27639,Hatti Gold Mines(Nac) - Ward No.1,ward,GEO_IN_KA_251872,,,
GEO_IN_KA_251847_W26405,Talikota (TMC) - Ward No.7,ward,GEO_IN_KA_251847,,,
GEO_IN_KA_276526_W1293489,Ward No.18,ward,GEO_IN_KA_276526,,,
GEO_IN_KA_251937_W1886396,Hiriyur (TMC) - Ward No.27,ward,GEO_IN_KA_251937,,,
GEO_IN_KA_251924_W61300,Kampli (TMC) - Ward No.2,ward,GEO_IN_KA_251924,,,
GEO_IN_KA_251893_W28066,Hubli-Dharwad (M Corp.) - Ward No.28,ward,GEO_IN_KA_251893,,,
GEO_IN_KA_276534_W1296348,Ward-19,ward,GEO_IN_KA_276534,,,
GEO_IN_KA_276533_W1295998,Ward No. 7,ward,GEO_IN_KA_276533,,,
GEO_IN_KA_251947_W31282,Siralkoppa (TP) - Ward No.7,ward,GEO_IN_KA_251947,,,
GEO_IN_KA_251906_W29949,Ankola (TP) - Ward No.7,ward,GEO_IN_KA_251906,,,
GEO_IN_KA_251881_W1891378,Gangawati (Cmc) - Ward No.35,ward,GEO_IN_KA_251881,,,
GEO_IN_KA_276578_W1295457,Jamadar Oni,ward,GEO_IN_KA_276578,,,
GEO_IN_KA_299327_W3304238,ward No.10,ward,GEO_IN_KA_299327,,,
GEO_IN_KA_251992_W26489,Dod Ballapur (Cmc) - Ward No.19,ward,GEO_IN_KA_251992,,,
GEO_IN_KA_252045_W28806,Mysore (M Corp.) - Ward No.1,ward,GEO_IN_KA_252045,,,
GEO_IN_KA_251929_W61339,Sandur (TP) - Ward No.17,ward,GEO_IN_KA_251929,,,
GEO_IN_KA_251929_W61336,Sandur (TP) - Ward No.14,ward,GEO_IN_KA_251929,,,
GEO_IN_KA_251941_W31201,Davanagere (Cmc) - Ward No.20,ward,GEO_IN_KA_251941,,,
GEO_IN_KA_252051_W65877,Bannur (TMC) - Ward No.4,ward,GEO_IN_KA_252051,,,
GEO_IN_KA_276464_W1295896,Ward No. 5,ward,GEO_IN_KA_276464,,,
GEO_IN_KA_276524_W1293523,Ward-1,ward,GEO_IN_KA_276524,,,
GEO_IN_KA_251994_W65124,Devanahalli (TMC) - Ward No.23,ward,GEO_IN_KA_251994,,,
GEO_IN_KA_251937_W61478,Hiriyur (TMC) - Ward No.1,ward,GEO_IN_KA_251937,,,
GEO_IN_KA_276464_W1295895,Ward No. 4,ward,GEO_IN_KA_276464,,,
GEO_IN_KA_251985_W64971,Kolar (Cmc) - Ward No.16,ward,GEO_IN_KA_251985,,,
GEO_IN_KA_276558_W1296177,Jatagar Oni,ward,GEO_IN_KA_276558,,,
GEO_IN_KA_251839_W26250,Bagalkot (Cmc) - Ward No.29,ward,GEO_IN_KA_251839,,,
GEO_IN_KA_251992_W26472,Dod Ballapur (Cmc) - Ward No.2,ward,GEO_IN_KA_251992,,,
GEO_IN_KA_251827_W25666,Bail Hongal (TMC) - Ward No.9,ward,GEO_IN_KA_251827,,,
GEO_IN_KA_297131_W2440202,Ward-7,ward,GEO_IN_KA_297131,,,
GEO_IN_KA_251818_W24768,Gokak (Cmc) - Ward No.10,ward,GEO_IN_KA_251818,,,
GEO_IN_KA_251896_W28126,Annigeri (TMC) - Ward No.6,ward,GEO_IN_KA_251896,,,
GEO_IN_KA_251886_W27934,Gajendragarh (TMC) - Ward No.9,ward,GEO_IN_KA_251886,,,
GEO_IN_KA_251842_W2440245,Ward-4,ward,GEO_IN_KA_251842,,,
GEO_IN_KA_276600_W1303145,Ward No.7 (Thanisandra),ward,GEO_IN_KA_276600,,,
GEO_IN_KA_276544_W1296211,Gachchinbhavi Oni,ward,GEO_IN_KA_276544,,,
GEO_IN_KA_276611_W2179625,Ward-9,ward,GEO_IN_KA_276611,,,
GEO_IN_KA_276563_W1295948,Harijanakeri Samaja Mandira,ward,GEO_IN_KA_276563,,,
GEO_IN_KA_251816_W24743,Konnur (TP) - Ward No.1,ward,GEO_IN_KA_251816,,,
GEO_IN_KA_251911_W30001,Bhatkal (TMC) - Ward No.9,ward,GEO_IN_KA_251911,,,
GEO_IN_KA_296975_W2179289,Madanayakanahalli-11,ward,GEO_IN_KA_296975,,,
GEO_IN_KA_251863_W71955,Yadgir (TMC) - Ward No.30,ward,GEO_IN_KA_251863,,,
GEO_IN_KA_252056_W29218,Kollegal (Cmc) - Ward No.25,ward,GEO_IN_KA_252056,,,
GEO_IN_KA_251936_W1886305,Hosadurga (TP) - Ward No.20,ward,GEO_IN_KA_251936,,,
GEO_IN_KA_251965_W32467,Chikmagalur (Cmc) - Ward No.24,ward,GEO_IN_KA_251965,,,
GEO_IN_KA_276497_W1293427,Ward No-16,ward,GEO_IN_KA_276497,,,
GEO_IN_KA_276496_W1296438,Ward-21,ward,GEO_IN_KA_276496,,,
GEO_IN_KA_251973_W64883,Tumkur (Cmc) - Ward No.1,ward,GEO_IN_KA_251973,,,
GEO_IN_KA_251981_W2443610,Bagepalli (TP) - Ward No.16,ward,GEO_IN_KA_251981,,,
GEO_IN_KA_251882_W1891305,Koppal (Cmc) - Ward No.16,ward,GEO_IN_KA_251882,,,
GEO_IN_KA_253189_W25985,Bangalore (M Corp.) - Ward No.14,ward,GEO_IN_KA_253189,,,
GEO_IN_KA_251861_W27378,Shahpur (TMC) - Ward No.11,ward,GEO_IN_KA_251861,,,
GEO_IN_KA_251896_W28135,Annigeri (TMC) - Ward No.15,ward,GEO_IN_KA_251896,,,
GEO_IN_KA_276559_W1296152,Palled Katti,ward,GEO_IN_KA_276559,,,
GEO_IN_KA_276463_W1295925,11-Sree Basaveshwara Gudi Ward,ward,GEO_IN_KA_276463,,,
GEO_IN_KA_251820_W2440115,Ward-23,ward,GEO_IN_KA_251820,,,
GEO_IN_KA_276574_W1295460,Janata Colony,ward,GEO_IN_KA_276574,,,
GEO_IN_KA_276535_W1296321,Ward-15,ward,GEO_IN_KA_276535,,,
GEO_IN_KA_251921_W30112,Hoovina Hadagalli (TP) - Ward No.3,ward,GEO_IN_KA_251921,,,
GEO_IN_KA_251914_W61263,Savanur (TMC) - Ward No.15,ward,GEO_IN_KA_251914,,,
GEO_IN_KA_251905_W28718,Sirsi (Cmc) - Ward No.16,ward,GEO_IN_KA_251905,,,
GEO_IN_KA_251934_W31092,Chitradurga (Cmc) - Ward No.32,ward,GEO_IN_KA_251934,,,
GEO_IN_KA_251855_W27343,Shahabad (TMC) - Ward No.16,ward,GEO_IN_KA_251855,,,
GEO_IN_KA_251893_W28041,Hubli-Dharwad (M Corp.) - Ward No.3,ward,GEO_IN_KA_251893,,,
GEO_IN_KA_251970_W25374,Pavagada (TP) - Ward No.19,ward,GEO_IN_KA_251970,,,
GEO_IN_KA_251977_W25533,Kunigal (TMC) - Ward No.4,ward,GEO_IN_KA_251977,,,
GEO_IN_KA_251899_W28650,Dandeli (Cmc) - Ward No.26,ward,GEO_IN_KA_251899,,,
GEO_IN_KA_251842_W2440252,Ward-11,ward,GEO_IN_KA_251842,,,
GEO_IN_KA_252037_W28737,"Madikeri-8(Christian Graveyard Road,Racecourse Road)",ward,GEO_IN_KA_252037,,,
GEO_IN_KA_251863_W63723,Yadgir (TMC) - Ward No.12,ward,GEO_IN_KA_251863,,,
GEO_IN_KA_251995_W2176833,Hosakote-29,ward,GEO_IN_KA_251995,,,
GEO_IN_KA_251827_W25660,Bail Hongal (TMC) - Ward No.3,ward,GEO_IN_KA_251827,,,
GEO_IN_KA_276600_W1302789,Ward No.117 (Vasanthnagar),ward,GEO_IN_KA_276600,,,
GEO_IN_KA_251878_W27715,Sindhnur (TMC) - Ward No.2,ward,GEO_IN_KA_251878,,,
GEO_IN_KA_251852_W63493,Sedam (TMC) - Ward No.10,ward,GEO_IN_KA_251852,,,
GEO_IN_KA_251894_W28110,Alnavar (TP) - Ward No.5,ward,GEO_IN_KA_251894,,,
GEO_IN_KA_251984_W25779,Srinivaspur (TP) - Ward No.1,ward,GEO_IN_KA_251984,,,
GEO_IN_KA_251995_W26543,Hosakote (TMC) - Ward No.10,ward,GEO_IN_KA_251995,,,
GEO_IN_KA_251916_W61283,Haveri (Cmc) - Ward No.12,ward,GEO_IN_KA_251916,,,
GEO_IN_KA_251947_W31280,Siralkoppa (TP) - Ward No.5,ward,GEO_IN_KA_251947,,,
GEO_IN_KA_251958_W31794,Karkal (TMC) - Ward No.6,ward,GEO_IN_KA_251958,,,
GEO_IN_KA_251812_W24505,Athni (TMC) - Ward No.18,ward,GEO_IN_KA_251812,,,
GEO_IN_KA_251924_W61308,Kampli (TMC) - Ward No.10,ward,GEO_IN_KA_251924,,,
GEO_IN_KA_251952_W61543,Bhadravati (Cmc) - Ward No.17,ward,GEO_IN_KA_251952,,,
GEO_IN_KA_297129_W2805083,Ward 11,ward,GEO_IN_KA_297129,,,
GEO_IN_KA_251961_W31814,Narasimharajapura (TP) - Ward No.9,ward,GEO_IN_KA_251961,,,
GEO_IN_KA_251843_W26353,Indi (TMC) - Ward No.21,ward,GEO_IN_KA_251843,,,
GEO_IN_KA_251894_W28116,Alnavar (TP) - Ward No.11,ward,GEO_IN_KA_251894,,,
GEO_IN_KA_251981_W25712,Bagepalli (TP) - Ward No.1,ward,GEO_IN_KA_251981,,,
GEO_IN_KA_251852_W63496,Sedam (TMC) - Ward No.13,ward,GEO_IN_KA_251852,,,
GEO_IN_KA_251859_W1922778,Shorapur (TMC) - Ward No.27,ward,GEO_IN_KA_251859,,,
GEO_IN_KA_276600_W1302701,Ward No. 29 (Ullalu),ward,GEO_IN_KA_276600,,,
GEO_IN_KA_251937_W61483,Hiriyur (TMC) - Ward No.6,ward,GEO_IN_KA_251937,,,
GEO_IN_KA_276568_W1295655,Ward No. 4,ward,GEO_IN_KA_276568,,,
GEO_IN_KA_251973_W64905,Tumkur (Cmc) - Ward No.23,ward,GEO_IN_KA_251973,,,
GEO_IN_KA_251984_W25789,Srinivaspur (TP) - Ward No.11,ward,GEO_IN_KA_251984,,,
GEO_IN_KA_252001_W26692,Krishnarajpet (TP) - Ward No.1,ward,GEO_IN_KA_252001,,,
GEO_IN_KA_251895_W60993,Navalgund (TMC) - Ward No.15,ward,GEO_IN_KA_251895,,,
GEO_IN_KA_251894_W28114,Alnavar (TP) - Ward No.9,ward,GEO_IN_KA_251894,,,
GEO_IN_KA_251844_W63461,Sindgi (TMC) - Ward No.21,ward,GEO_IN_KA_251844,,,
GEO_IN_KA_251935_W31106,Holalkere (TP) - Ward No.10,ward,GEO_IN_KA_251935,,,
GEO_IN_KA_252002_W1891669,Nagamangala (TP) - Ward No.23,ward,GEO_IN_KA_252002,,,
GEO_IN_KA_251950_W31328,Tirthahalli (TP) - Ward No.6,ward,GEO_IN_KA_251950,,,
GEO_IN_KA_251893_W2890381,Ward81,ward,GEO_IN_KA_251893,,,
GEO_IN_KA_251858_W27356,Jevargi (TP) - Ward No.1,ward,GEO_IN_KA_251858,,,
GEO_IN_KA_252056_W29188,Kollegal (Cmc) - Ward No.10,ward,GEO_IN_KA_252056,,,
GEO_IN_KA_299179_W3046806,Ward 17,ward,GEO_IN_KA_299179,,,
GEO_IN_KA_251905_W28726,Sirsi (Cmc) - Ward No.24,ward,GEO_IN_KA_251905,,,
GEO_IN_KA_251886_W27944,Gajendragarh (TMC) - Ward No.19,ward,GEO_IN_KA_251886,,,
GEO_IN_KA_251841_W26269,Ilkal (TMC) - Ward No.1,ward,GEO_IN_KA_251841,,,
GEO_IN_KA_276521_W1293456,Ward-3,ward,GEO_IN_KA_276521,,,
GEO_IN_KA_299416_W2890352,Ward 12,ward,GEO_IN_KA_299416,,,
GEO_IN_KA_251985_W64959,Kolar (Cmc) - Ward No.4,ward,GEO_IN_KA_251985,,,
GEO_IN_KA_251909_W29986,Honavar (TP) - Ward No.12,ward,GEO_IN_KA_251909,,,
GEO_IN_KA_251980_W64952,Gudibanda (TP) - Ward No.8,ward,GEO_IN_KA_251980,,,
GEO_IN_KA_251943_W2178633,Channagiri (TP) - Ward No.22,ward,GEO_IN_KA_251943,,,
GEO_IN_KA_276526_W1293494,Ward No.23,ward,GEO_IN_KA_276526,,,
GEO_IN_KA_251864_W27404,Basavakalyan (TMC) - Ward No.10,ward,GEO_IN_KA_251864,,,
GEO_IN_KA_253188_W3046939,Ward 31,ward,GEO_IN_KA_253188,,,
GEO_IN_KA_251842_W2440242,Ward-1,ward,GEO_IN_KA_251842,,,
GEO_IN_KA_251881_W27852,Gangawati (Cmc) - Ward No.3,ward,GEO_IN_KA_251881,,,
GEO_IN_KA_276539_W1296099,Ward 6- Shakambari Ward,ward,GEO_IN_KA_276539,,,
GEO_IN_KA_276599_W1296283,Ward-12,ward,GEO_IN_KA_276599,,,
GEO_IN_KA_251819_W25458,Sankeshwar (TMC) - Ward No.15,ward,GEO_IN_KA_251819,,,
GEO_IN_KA_251919_W30085,Ranibennur (Cmc) - Ward No.8,ward,GEO_IN_KA_251919,,,
GEO_IN_KA_251870_W1921502,Mudgal (TP) - Ward No.19,ward,GEO_IN_KA_251870,,,
GEO_IN_KA_251824_W25632,Belgaum (M Corp.) - Ward No.56,ward,GEO_IN_KA_251824,,,
GEO_IN_KA_276496_W1296436,Ward-19,ward,GEO_IN_KA_276496,,,
GEO_IN_KA_299179_W3046801,Ward 12,ward,GEO_IN_KA_299179,,,
GEO_IN_KA_251844_W63447,Sindgi (TMC) - Ward No.7,ward,GEO_IN_KA_251844,,,
GEO_IN_KA_276483_W1295719,Ward No. 9,ward,GEO_IN_KA_276483,,,
GEO_IN_KA_251841_W26287,Ilkal (TMC) - Ward No.19,ward,GEO_IN_KA_251841,,,
GEO_IN_KA_251831_W25910,Terdal (TP) - Ward No.3,ward,GEO_IN_KA_251831,,,
GEO_IN_KA_251848_W26430,Aland (TMC) - Ward No.9,ward,GEO_IN_KA_251848,,,
GEO_IN_KA_251918_W30075,Hirekerur (TP) - Ward No.12,ward,GEO_IN_KA_251918,,,
GEO_IN_KA_251885_W27919,Ron (TP) - Ward No.14,ward,GEO_IN_KA_251885,,,
GEO_IN_KA_251865_W63749,Bhalki (TMC) - Ward No.11,ward,GEO_IN_KA_251865,,,
GEO_IN_KA_251990_W26461,Nelamangala (TP) - Ward No.10,ward,GEO_IN_KA_251990,,,
GEO_IN_KA_251947_W3044518,Ward 19,ward,GEO_IN_KA_251947,,,
GEO_IN_KA_251878_W27714,Sindhnur (TMC) - Ward No.1,ward,GEO_IN_KA_251878,,,
GEO_IN_KA_251947_W31288,Siralkoppa (TP) - Ward No.13,ward,GEO_IN_KA_251947,,,
GEO_IN_KA_251977_W25569,Kunigal (TMC) - Ward No.22,ward,GEO_IN_KA_251977,,,
GEO_IN_KA_299319_W3287729,Ward No.1,ward,GEO_IN_KA_299319,,,
GEO_IN_KA_276600_W1302852,Ward No.180(Someswara Temple Ward ),ward,GEO_IN_KA_276600,,,
GEO_IN_KA_251922_W30448,Hospet (Cmc) - Ward No.28,ward,GEO_IN_KA_251922,,,
GEO_IN_KA_252037_W28734,"Madikeri-5(Vincent Compound,Stewart Hill Road,Part Of Old Police Quarters)",ward,GEO_IN_KA_252037,,,
GEO_IN_KA_251973_W64907,Tumkur (Cmc) - Ward No.25,ward,GEO_IN_KA_251973,,,
GEO_IN_KA_251965_W32454,Chikmagalur (Cmc) - Ward No.11,ward,GEO_IN_KA_251965,,,
GEO_IN_KA_276611_W2179620,Ward-4,ward,GEO_IN_KA_276611,,,
GEO_IN_KA_276597_W1294048,Ward-13,ward,GEO_IN_KA_276597,,,
GEO_IN_KA_251946_W61521,Sorab (TP) - Ward No.8,ward,GEO_IN_KA_251946,,,
GEO_IN_KA_253188_W3046938,Ward 30,ward,GEO_IN_KA_253188,,,
GEO_IN_KA_253186_W65126,Ramanagara-Ward No.1,ward,GEO_IN_KA_253186,,,
GEO_IN_KA_276563_W1295951,Basaveshwara Nagara,ward,GEO_IN_KA_276563,,,
GEO_IN_KA_251837_W26083,Badami (TP) - Ward No.2,ward,GEO_IN_KA_251837,,,
GEO_IN_KA_251919_W30102,Ranibennur (Cmc) - Ward No.25,ward,GEO_IN_KA_251919,,,
GEO_IN_KA_276543_W1295876,Ward-2,ward,GEO_IN_KA_276543,,,
GEO_IN_KA_251838_W26103,Guledgudda (TMC) - Ward No.2,ward,GEO_IN_KA_251838,,,
GEO_IN_KA_276464_W1295898,Ward No. 7,ward,GEO_IN_KA_276464,,,
GEO_IN_KA_251838_W26102,Guledgudda (TMC) - Ward No.1,ward,GEO_IN_KA_251838,,,
GEO_IN_KA_301055_W3068465,ward No.21,ward,GEO_IN_KA_301055,,,
GEO_IN_KA_252053_W29109,Gundlupet (TMC) - Ward No.5,ward,GEO_IN_KA_252053,,,
GEO_IN_KA_251841_W26295,Ilkal (TMC) - Ward No.27,ward,GEO_IN_KA_251841,,,
GEO_IN_KA_276521_W1293471,Ward-18,ward,GEO_IN_KA_276521,,,
GEO_IN_KA_251844_W63454,Sindgi (TMC) - Ward No.14,ward,GEO_IN_KA_251844,,,
GEO_IN_KA_252039_W2951,"Kushalnagar-13(Neharu Layout,Siddaiah Puranik Layout,Hrp Layout)",ward,GEO_IN_KA_252039,,,
GEO_IN_KA_251888_W27995,Gadag-Betigeri (Cmc) - Ward No.32,ward,GEO_IN_KA_251888,,,
GEO_IN_KA_276567_W1295757,Banajigol Thot,ward,GEO_IN_KA_276567,,,
GEO_IN_KA_251969_W2146695,Sira-31,ward,GEO_IN_KA_251969,,,
GEO_IN_KA_251812_W24496,Athni (TMC) - Ward No.9,ward,GEO_IN_KA_251812,,,
GEO_IN_KA_251895_W60996,Navalgund (TMC) - Ward No.18,ward,GEO_IN_KA_251895,,,
GEO_IN_KA_253188_W3046937,Ward 29,ward,GEO_IN_KA_253188,,,
GEO_IN_KA_251909_W29977,Honavar (TP) - Ward No.3,ward,GEO_IN_KA_251909,,,
GEO_IN_KA_276556_W1294666,Ward-18,ward,GEO_IN_KA_276556,,,
GEO_IN_KA_251990_W26455,Nelamangala (TP) - Ward No.4,ward,GEO_IN_KA_251990,,,
GEO_IN_KA_251932_W30861,Molakalmuru (TP) - Ward No.7,ward,GEO_IN_KA_251932,,,
GEO_IN_KA_276600_W1303142,Ward No.4 (Yelahanka Satellite Town),ward,GEO_IN_KA_276600,,,
GEO_IN_KA_251945_W31265,Sagar (TMC) - Ward No.17,ward,GEO_IN_KA_251945,,,
GEO_IN_KA_251897_W2443625,Kalghatgi (TP) - Ward No.14,ward,GEO_IN_KA_251897,,,
GEO_IN_KA_251887_W27962,Naregal (TP) - Ward No.14,ward,GEO_IN_KA_251887,,,
GEO_IN_KA_252010_W27777,Arsikere (TMC) - Ward No.14,ward,GEO_IN_KA_252010,,,
GEO_IN_KA_251897_W28145,Kalghatgi (TP) - Ward No.2,ward,GEO_IN_KA_251897,,,
GEO_IN_KA_251953_W1922580,Kundapura (TMC) - Ward No.17,ward,GEO_IN_KA_251953,,,
GEO_IN_KA_251922_W30425,Hospet (Cmc) - Ward No.5,ward,GEO_IN_KA_251922,,,
GEO_IN_KA_276497_W1293415,Ward No-4,ward,GEO_IN_KA_276497,,,
GEO_IN_KA_252016_W28187,Channarayapatna (TMC) - Ward No.17,ward,GEO_IN_KA_252016,,,
GEO_IN_KA_251925_W30486,Siruguppa (TP) - Ward No.12,ward,GEO_IN_KA_251925,,,
GEO_IN_KA_299327_W3304234,ward No.6,ward,GEO_IN_KA_299327,,,
GEO_IN_KA_299327_W3304233,ward No.5,ward,GEO_IN_KA_299327,,,
GEO_IN_KA_252017_W28205,Mulki (TP) - Ward No.10,ward,GEO_IN_KA_252017,,,
GEO_IN_KA_276572_W1296218,Hindu Colony -2,ward,GEO_IN_KA_276572,,,
GEO_IN_KA_251813_W24694,Kudchi (TP) - Ward No.8,ward,GEO_IN_KA_251813,,,
GEO_IN_KA_252008_W27740,Sakleshpur (TMC) - Ward No.17,ward,GEO_IN_KA_252008,,,
GEO_IN_KA_276558_W1296175,Shivanakalli,ward,GEO_IN_KA_276558,,,
GEO_IN_KA_253132_W29086,Saragur (TP) - Ward No.10,ward,GEO_IN_KA_253132,,,
GEO_IN_KA_251929_W1734618,Sandur (TP) - Ward No.22,ward,GEO_IN_KA_251929,,,
GEO_IN_KA_251847_W26418,Talikota (TMC) - Ward No.20,ward,GEO_IN_KA_251847,,,
GEO_IN_KA_253189_W25976,Bangalore (M Corp.) - Ward No.5,ward,GEO_IN_KA_253189,,,
GEO_IN_KA_276600_W1302750,Ward No.78 (HBR Layout ),ward,GEO_IN_KA_276600,,,
GEO_IN_KA_251915_W30018,Hangal (TMC) - Ward No.1,ward,GEO_IN_KA_251915,,,
GEO_IN_KA_251829_W25901,Ramdurg (TMC) - Ward No.19,ward,GEO_IN_KA_251829,,,
GEO_IN_KA_251938_W31154,Harihar (Cmc) - Ward No.27,ward,GEO_IN_KA_251938,,,
GEO_IN_KA_252001_W26698,Krishnarajpet (TP) - Ward No.7,ward,GEO_IN_KA_252001,,,
GEO_IN_KA_252055_W29168,Yelandur (TP) - Ward No.10,ward,GEO_IN_KA_252055,,,
GEO_IN_KA_251835_W63237,Mudhol (TMC) - Ward No.17,ward,GEO_IN_KA_251835,,,
GEO_IN_KA_251849_W1889378,Afzalpur (TP) - Ward No.21,ward,GEO_IN_KA_251849,,,
GEO_IN_KA_299329_W3287840,Ward No.9,ward,GEO_IN_KA_299329,,,
GEO_IN_KA_252033_W28385,Bantval (TP) - Ward No.13,ward,GEO_IN_KA_252033,,,
GEO_IN_KA_251994_W65104,Devanahalli (TMC) - Ward No.3,ward,GEO_IN_KA_251994,,,
GEO_IN_KA_251864_W27407,Basavakalyan (TMC) - Ward No.13,ward,GEO_IN_KA_251864,,,
GEO_IN_KA_251921_W30117,Hoovina Hadagalli (TP) - Ward No.8,ward,GEO_IN_KA_251921,,,
GEO_IN_KA_276540_W1296122,Kannolli Colony,ward,GEO_IN_KA_276540,,,
GEO_IN_KA_251973_W64884,Tumkur (Cmc) - Ward No.2,ward,GEO_IN_KA_251973,,,
GEO_IN_KA_301055_W3068457,ward No.13,ward,GEO_IN_KA_301055,,,
GEO_IN_KA_251869_W27601,Chitgoppa (TMC) - Ward No.21,ward,GEO_IN_KA_251869,,,
GEO_IN_KA_251865_W63752,Bhalki (TMC) - Ward No.14,ward,GEO_IN_KA_251865,,,
GEO_IN_KA_251891_W28006,Lakshmeshwar (TMC) - Ward No.8,ward,GEO_IN_KA_251891,,,
GEO_IN_KA_251950_W31323,Tirthahalli (TP) - Ward No.1,ward,GEO_IN_KA_251950,,,
GEO_IN_KA_252055_W29160,Yelandur (TP) - Ward No.2,ward,GEO_IN_KA_252055,,,
GEO_IN_KA_251931_W61454,Kotturu (TP) - Ward No.20,ward,GEO_IN_KA_251931,,,
GEO_IN_KA_251864_W1885270,Basavakalyan (TMC) - Ward No.30,ward,GEO_IN_KA_251864,,,
GEO_IN_KA_276560_W1296377,Sheetar Oni,ward,GEO_IN_KA_276560,,,
GEO_IN_KA_252004_W26763,Shrirangapattana (TMC) - Ward No.22,ward,GEO_IN_KA_252004,,,
GEO_IN_KA_251965_W32456,Chikmagalur (Cmc) - Ward No.13,ward,GEO_IN_KA_251965,,,
GEO_IN_KA_251836_W63439,Kerur (TP) - Ward No.15,ward,GEO_IN_KA_251836,,,
GEO_IN_KA_299318_W3287789,Ward No.15,ward,GEO_IN_KA_299318,,,
GEO_IN_KA_251965_W32468,Chikmagalur (Cmc) - Ward No.25,ward,GEO_IN_KA_251965,,,
GEO_IN_KA_251908_W29962,Siddapur (TP) - Ward No.1,ward,GEO_IN_KA_251908,,,
GEO_IN_KA_276563_W1295956,Babannavar Basati,ward,GEO_IN_KA_276563,,,
GEO_IN_KA_251865_W63750,Bhalki (TMC) - Ward No.12,ward,GEO_IN_KA_251865,,,
GEO_IN_KA_251912_W61062,Shiggaon (TMC) - Ward No.4,ward,GEO_IN_KA_251912,,,
GEO_IN_KA_251919_W30083,Ranibennur (Cmc) - Ward No.6,ward,GEO_IN_KA_251919,,,
GEO_IN_KA_251955_W31757,Udupi (Cmc) - Ward No.11,ward,GEO_IN_KA_251955,,,
GEO_IN_KA_252029_W3068752,ward No.12,ward,GEO_IN_KA_252029,,,
GEO_IN_KA_251884_W27900,Nargund (TMC) - Ward No.18,ward,GEO_IN_KA_251884,,,
GEO_IN_KA_276600_W1302705,Ward No. 33 (Hemmigepura),ward,GEO_IN_KA_276600,,,
GEO_IN_KA_251904_W2146654,Mundgod (TP) - Ward No.15,ward,GEO_IN_KA_251904,,,
GEO_IN_KA_276565_W1296084,Ganesh Nagar,ward,GEO_IN_KA_276565,,,
GEO_IN_KA_251865_W1884768,Bhalki (TMC) - Ward no.25,ward,GEO_IN_KA_251865,,,
GEO_IN_KA_252056_W29204,Kollegal (Cmc) - Ward No.18,ward,GEO_IN_KA_252056,,,
GEO_IN_KA_251934_W31089,Chitradurga (Cmc) - Ward No.29,ward,GEO_IN_KA_251934,,,
GEO_IN_KA_251919_W30081,Ranibennur (Cmc) - Ward No.4,ward,GEO_IN_KA_251919,,,
GEO_IN_KA_251895_W60988,Navalgund (TMC) - Ward No.10,ward,GEO_IN_KA_251895,,,
GEO_IN_KA_297129_W2805086,Ward 14,ward,GEO_IN_KA_297129,,,
GEO_IN_KA_299169_W3044591,Ward 14,ward,GEO_IN_KA_299169,,,
GEO_IN_KA_252040_W2140965,Virajpet-17,ward,GEO_IN_KA_252040,,,
GEO_IN_KA_253188_W3046920,Ward 12,ward,GEO_IN_KA_253188,,,
GEO_IN_KA_276529_W1295538,Vivekananad Nagar,ward,GEO_IN_KA_276529,,,
GEO_IN_KA_276539_W1296109,Ward 16- Appajappa Layout Ward,ward,GEO_IN_KA_276539,,,
GEO_IN_KA_251820_W25481,Hukeri (TP) - Ward No.15,ward,GEO_IN_KA_251820,,,
GEO_IN_KA_253189_W25977,Bangalore (M Corp.) - Ward No.6,ward,GEO_IN_KA_253189,,,
GEO_IN_KA_276569_W1295694,Ward No. 7,ward,GEO_IN_KA_276569,,,
GEO_IN_KA_251894_W2443624,Alnavar (TP) - Ward No.18,ward,GEO_IN_KA_251894,,,
GEO_IN_KA_251871_W27638,Lingsugur (TP) - Ward No.20,ward,GEO_IN_KA_251871,,,
GEO_IN_KA_251968_W25325,Chiknayakanhalli (TMC) - Ward No.16,ward,GEO_IN_KA_251968,,,
GEO_IN_KA_251899_W28640,Dandeli (Cmc) - Ward No.16,ward,GEO_IN_KA_251899,,,
GEO_IN_KA_251824_W25622,Belgaum (M Corp.) - Ward No.46,ward,GEO_IN_KA_251824,,,
GEO_IN_KA_276558_W1296172,Gaddagimath,ward,GEO_IN_KA_276558,,,
GEO_IN_KA_276600_W1302870,Ward No.198 (Dodda Ganapati ),ward,GEO_IN_KA_276600,,,
GEO_IN_KA_251978_W25575,Gauribidanur (TMC) - Ward No.3,ward,GEO_IN_KA_251978,,,
GEO_IN_KA_251842_W2440257,Ward-16,ward,GEO_IN_KA_251842,,,
GEO_IN_KA_251881_W27855,Gangawati (Cmc) - Ward No.6,ward,GEO_IN_KA_251881,,,
GEO_IN_KA_251868_W27571,Homnabad (TMC) - Ward No.16,ward,GEO_IN_KA_251868,,,
GEO_IN_KA_276526_W1293480,Ward No.9,ward,GEO_IN_KA_276526,,,
GEO_IN_KA_251939_W31178,Harapanahalli (TP) - Ward No.17,ward,GEO_IN_KA_251939,,,
GEO_IN_KA_251943_W31234,Channagiri (TP) - Ward No.5,ward,GEO_IN_KA_251943,,,
GEO_IN_KA_252040_W65720,Virajpet-4 (Telugara Street),ward,GEO_IN_KA_252040,,,
GEO_IN_KA_301081_W3068476,Ward 9,ward,GEO_IN_KA_301081,,,
GEO_IN_KA_299319_W3287746,Ward No.18,ward,GEO_IN_KA_299319,,,
GEO_IN_KA_251891_W28002,Lakshmeshwar (TMC) - Ward No.4,ward,GEO_IN_KA_251891,,,
GEO_IN_KA_251893_W28104,Hubli-Dharwad (M Corp.) - Ward No.66,ward,GEO_IN_KA_251893,,,
GEO_IN_KA_251818_W25443,Gokak (Cmc) - Ward No.31,ward,GEO_IN_KA_251818,,,
GEO_IN_KA_252054_W29135,Chamarajanagar (Cmc) - Ward No.8,ward,GEO_IN_KA_252054,,,
GEO_IN_KA_276529_W1295540,Savala Thotada Vasathi,ward,GEO_IN_KA_276529,,,
GEO_IN_KA_276564_W1295987,Ward-19,ward,GEO_IN_KA_276564,,,
GEO_IN_KA_253185_W26592,Channapatna- Ward No.11,ward,GEO_IN_KA_253185,,,
GEO_IN_KA_251933_W61458,Challakere (TMC) - Ward No.4,ward,GEO_IN_KA_251933,,,
GEO_IN_KA_251954_W1922545,Saligram (TMC) - Ward No.15,ward,GEO_IN_KA_251954,,,
GEO_IN_KA_276600_W1302803,Ward No.131 (Shivanagara),ward,GEO_IN_KA_276600,,,
GEO_IN_KA_276497_W1293412,Ward No-1,ward,GEO_IN_KA_276497,,,
GEO_IN_KA_251892_W1889220,Mundargi (TP) - Ward No.23,ward,GEO_IN_KA_251892,,,
GEO_IN_KA_299169_W3044595,Ward 18,ward,GEO_IN_KA_299169,,,
GEO_IN_KA_252056_W29206,Kollegal (Cmc) - Ward No.19,ward,GEO_IN_KA_252056,,,
GEO_IN_KA_276522_W1293502,Ward-8,ward,GEO_IN_KA_276522,,,
GEO_IN_KA_251962_W32416,Tarikere (TP) - Ward No.16,ward,GEO_IN_KA_251962,,,
GEO_IN_KA_251881_W27873,Gangawati (Cmc) - Ward No.24,ward,GEO_IN_KA_251881,,,
GEO_IN_KA_251899_W28635,Dandeli (Cmc) - Ward No.11,ward,GEO_IN_KA_251899,,,
GEO_IN_KA_252037_W28751,"Madikeri-22(Junior College Road,Kannandabane,Back Side Road Of Basappa Theatre)",ward,GEO_IN_KA_252037,,,
GEO_IN_KA_251933_W61466,Challakere (TMC) - Ward No.12,ward,GEO_IN_KA_251933,,,
GEO_IN_KA_251868_W2182499,Ward-27,ward,GEO_IN_KA_251868,,,
GEO_IN_KA_296975_W3044628,Ward 31,ward,GEO_IN_KA_296975,,,
GEO_IN_KA_252056_W29214,Kollegal (Cmc) - Ward No.23,ward,GEO_IN_KA_252056,,,
GEO_IN_KA_251863_W63738,Yadgir (TMC) - Ward No.27,ward,GEO_IN_KA_251863,,,
GEO_IN_KA_253185_W26604,Channapatna- Ward No.17,ward,GEO_IN_KA_253185,,,
GEO_IN_KA_252042_W28777,Piriyapatna (TP) - Ward No.8,ward,GEO_IN_KA_252042,,,
GEO_IN_KA_251833_W26067,Rabkavi-Banhatti (Cmc) - Ward No.30,ward,GEO_IN_KA_251833,,,
GEO_IN_KA_276597_W1294036,Ward-1,ward,GEO_IN_KA_276597,,,
GEO_IN_KA_251901_W61006,Haliyal (TP) - Ward No.8,ward,GEO_IN_KA_251901,,,
GEO_IN_KA_263293_W2179720,Ward-5,ward,GEO_IN_KA_263293,,,
GEO_IN_KA_299319_W3287730,Ward No.2,ward,GEO_IN_KA_299319,,,
GEO_IN_KA_296975_W2179291,Madanayakanahalli-13,ward,GEO_IN_KA_296975,,,
GEO_IN_KA_251809_W24458,Nipani (Cmc) - Ward No.25,ward,GEO_IN_KA_251809,,,
GEO_IN_KA_253186_W2140084,Ramanagara-Ward 24,ward,GEO_IN_KA_253186,,,
GEO_IN_KA_276604_W1296258,Ward-6,ward,GEO_IN_KA_276604,,,
GEO_IN_KA_299328_W3046835,Ward 11,ward,GEO_IN_KA_299328,,,
GEO_IN_KA_299317_W3044535,Ward 1,ward,GEO_IN_KA_299317,,,
GEO_IN_KA_301055_W3068463,ward No.19,ward,GEO_IN_KA_301055,,,
GEO_IN_KA_251973_W64889,Tumkur (Cmc) - Ward No.7,ward,GEO_IN_KA_251973,,,
GEO_IN_KA_251840_W26266,Hungund (TP) - Ward No.14,ward,GEO_IN_KA_251840,,,
GEO_IN_KA_276597_W1294051,Ward-16,ward,GEO_IN_KA_276597,,,
GEO_IN_KA_252018_W65676,Mudbidri (TMC) - Ward No.6,ward,GEO_IN_KA_252018,,,
GEO_IN_KA_251958_W1922643,Karkal (TMC) - Ward No.18,ward,GEO_IN_KA_251958,,,
GEO_IN_KA_253185_W26582,Channapatna- Ward No.6,ward,GEO_IN_KA_253185,,,
GEO_IN_KA_251925_W1864373,Siruguppa (TP) - Ward No.31,ward,GEO_IN_KA_251925,,,
GEO_IN_KA_251820_W923145,Hukeri (TP) - Ward No.19,ward,GEO_IN_KA_251820,,,
GEO_IN_KA_276559_W1296162,Shanti Nagar,ward,GEO_IN_KA_276559,,,
GEO_IN_KA_251824_W25504,Belgaum (M Corp.) - Ward No.17,ward,GEO_IN_KA_251824,,,
GEO_IN_KA_299169_W3044590,Ward 13,ward,GEO_IN_KA_299169,,,
GEO_IN_KA_251977_W25438,Kunigal (TMC) - Ward No.2,ward,GEO_IN_KA_251977,,,
GEO_IN_KA_251900_W28656,Karwar (Cmc) - Ward No.1,ward,GEO_IN_KA_251900,,,
GEO_IN_KA_251820_W25477,Hukeri (TP) - Ward No.11,ward,GEO_IN_KA_251820,,,
GEO_IN_KA_296975_W2179279,Madanayakanahalli-1,ward,GEO_IN_KA_296975,,,
GEO_IN_KA_276535_W1296320,Ward-14,ward,GEO_IN_KA_276535,,,
GEO_IN_KA_276600_W1302797,Ward No.125 (Okalipuram),ward,GEO_IN_KA_276600,,,
GEO_IN_KA_252045_W28846,Mysore (M Corp.) - Ward No.41,ward,GEO_IN_KA_252045,,,
GEO_IN_KA_276541_W1296188,Ward-6,ward,GEO_IN_KA_276541,,,
GEO_IN_KA_251984_W1890488,Srinivaspur (TP) - Ward No. 20,ward,GEO_IN_KA_251984,,,
GEO_IN_KA_276543_W1295886,Ward-12,ward,GEO_IN_KA_276543,,,
GEO_IN_KA_276533_W1296003,Ward No.12,ward,GEO_IN_KA_276533,,,
GEO_IN_KA_251927_W30836,Bellary (Cmc) - Ward No.35,ward,GEO_IN_KA_251927,,,
GEO_IN_KA_252052_W1920861,Tirumakudal - Narsipur (TP) - Ward No.23,ward,GEO_IN_KA_252052,,,
GEO_IN_KA_251917_W30046,Byadgi (TMC) - Ward No.6,ward,GEO_IN_KA_251917,,,
GEO_IN_KA_251861_W27374,Shahpur (TMC) - Ward No.7,ward,GEO_IN_KA_251861,,,
GEO_IN_KA_251891_W28007,Lakshmeshwar (TMC) - Ward No.9,ward,GEO_IN_KA_251891,,,
GEO_IN_KA_252029_W3068750,ward No.10,ward,GEO_IN_KA_252029,,,
GEO_IN_KA_251947_W3044521,Ward 22,ward,GEO_IN_KA_251947,,,
GEO_IN_KA_251874_W1921621,Devadurga (TP) - Ward No.22,ward,GEO_IN_KA_251874,,,
GEO_IN_KA_252014_W27814,Arkalgud (TP) - Ward No.13,ward,GEO_IN_KA_252014,,,
GEO_IN_KA_276554_W1294248,Ward-15,ward,GEO_IN_KA_276554,,,
GEO_IN_KA_251986_W25818,Malur (TMC) - Ward No.23,ward,GEO_IN_KA_251986,,,
GEO_IN_KA_251888_W27990,Gadag-Betigeri (Cmc) - Ward No.27,ward,GEO_IN_KA_251888,,,
GEO_IN_KA_251880_W27849,Kushtagi (TMC) - Ward No.15,ward,GEO_IN_KA_251880,,,
GEO_IN_KA_252012_W65620,Hassan (Cmc) - Ward No.13,ward,GEO_IN_KA_252012,,,
GEO_IN_KA_276524_W1293524,Ward-2,ward,GEO_IN_KA_276524,,,
GEO_IN_KA_251992_W26485,Dod Ballapur (Cmc) - Ward No.15,ward,GEO_IN_KA_251992,,,
GEO_IN_KA_251816_W24745,Konnur (TP) - Ward No.3,ward,GEO_IN_KA_251816,,,
GEO_IN_KA_251876_W27669,Raichur (Cmc) - Ward No.14,ward,GEO_IN_KA_251876,,,
GEO_IN_KA_251978_W25583,Gauribidanur (TMC) - Ward No.11,ward,GEO_IN_KA_251978,,,
GEO_IN_KA_251968_W32480,Chiknayakanhalli (TMC) - Ward No.5,ward,GEO_IN_KA_251968,,,
GEO_IN_KA_276474_W1295834,Ward-1,ward,GEO_IN_KA_276474,,,
GEO_IN_KA_251989_W25881,Mulbagal (TMC) - Ward No.22,ward,GEO_IN_KA_251989,,,
GEO_IN_KA_251830_W63204,Mahalingpur (TMC) - Ward No.3,ward,GEO_IN_KA_251830,,,
GEO_IN_KA_251935_W1923714,Holalkere (TP) - Ward No.15,ward,GEO_IN_KA_251935,,,
GEO_IN_KA_251934_W30869,Chitradurga (Cmc) - Ward No.3,ward,GEO_IN_KA_251934,,,
GEO_IN_KA_252042_W2524,Piriyapatna (TP) - Ward No.15,ward,GEO_IN_KA_252042,,,
GEO_IN_KA_276558_W1296181,Kannada Gandu Makkala Shale,ward,GEO_IN_KA_276558,,,
GEO_IN_KA_252021_W28233,Mangalore (M Corp.) - Ward No.22,ward,GEO_IN_KA_252021,,,
GEO_IN_KA_251890_W2176768,Shirhatti-16,ward,GEO_IN_KA_251890,,,
GEO_IN_KA_252021_W28246,Mangalore (M Corp.) - Ward No.35,ward,GEO_IN_KA_252021,,,
GEO_IN_KA_251813_W24699,Kudchi (TP) - Ward No.13,ward,GEO_IN_KA_251813,,,
GEO_IN_KA_251876_W27690,Raichur (Cmc) - Ward No.35,ward,GEO_IN_KA_251876,,,
GEO_IN_KA_251810_W63194,Sadalgi (TP) - Ward No.13,ward,GEO_IN_KA_251810,,,
GEO_IN_KA_251971_W25394,Madhugiri (TMC) - Ward No.20,ward,GEO_IN_KA_251971,,,
GEO_IN_KA_251824_W25624,Belgaum (M Corp.) - Ward No.48,ward,GEO_IN_KA_251824,,,
GEO_IN_KA_251934_W31091,Chitradurga (Cmc) - Ward No.31,ward,GEO_IN_KA_251934,,,
GEO_IN_KA_251975_W64928,Tiptur (TMC) - Ward No.11,ward,GEO_IN_KA_251975,,,
GEO_IN_KA_251926_W30796,Tekkalakote (TP) - Ward No.14,ward,GEO_IN_KA_251926,,,
GEO_IN_KA_251861_W27371,Shahpur (TMC) - Ward No.4,ward,GEO_IN_KA_251861,,,
GEO_IN_KA_252021_W28244,Mangalore (M Corp.) - Ward No.33,ward,GEO_IN_KA_252021,,,
GEO_IN_KA_251867_W27423,Bidar (Cmc) - Ward No.2,ward,GEO_IN_KA_251867,,,
GEO_IN_KA_276564_W1295983,Ward-15,ward,GEO_IN_KA_276564,,,
GEO_IN_KA_251870_W27607,Mudgal (TP) - Ward No.4,ward,GEO_IN_KA_251870,,,
GEO_IN_KA_276555_W1294254,Ward-3,ward,GEO_IN_KA_276555,,,
GEO_IN_KA_251926_W30798,Tekkalakote (TP) - Ward No.16,ward,GEO_IN_KA_251926,,,
GEO_IN_KA_251964_W61596,Kadur (TMC) - Ward No.20,ward,GEO_IN_KA_251964,,,
GEO_IN_KA_251896_W28137,Annigeri (TMC) - Ward No.17,ward,GEO_IN_KA_251896,,,
GEO_IN_KA_251943_W31230,Channagiri (TP) - Ward No.1,ward,GEO_IN_KA_251943,,,
GEO_IN_KA_276618_W1295596,Vidhya Nagar,ward,GEO_IN_KA_276618,,,
GEO_IN_KA_252004_W26751,Shrirangapattana (TMC) - Ward No.10,ward,GEO_IN_KA_252004,,,
GEO_IN_KA_252021_W28348,Mangalore (M Corp.) - Ward No.49,ward,GEO_IN_KA_252021,,,
GEO_IN_KA_276600_W1302722,Ward No.50 (Nalvadi Krishna Raja Wadeyar),ward,GEO_IN_KA_276600,,,
GEO_IN_KA_251948_W31311,Shikarpur (TMC) - Ward No.23,ward,GEO_IN_KA_251948,,,
GEO_IN_KA_252042_W28775,Piriyapatna (TP) - Ward No.6,ward,GEO_IN_KA_252042,,,
GEO_IN_KA_276578_W1295459,Sambanavar Oni,ward,GEO_IN_KA_276578,,,
GEO_IN_KA_251839_W26134,Bagalkot (Cmc) - Ward No.10,ward,GEO_IN_KA_251839,,,
GEO_IN_KA_251853_W2144723,Chittapura-7,ward,GEO_IN_KA_251853,,,
GEO_IN_KA_251945_W31256,Sagar (TMC) - Ward No.8,ward,GEO_IN_KA_251945,,,
GEO_IN_KA_251831_W25924,Terdal (TP) - Ward No.17,ward,GEO_IN_KA_251831,,,
GEO_IN_KA_276526_W1293477,Ward No.6,ward,GEO_IN_KA_276526,,,
GEO_IN_KA_276600_W1302784,Ward No.112 (New Tippasandara ),ward,GEO_IN_KA_276600,,,
GEO_IN_KA_296975_W2179300,Madanayakanahalli-22,ward,GEO_IN_KA_296975,,,
GEO_IN_KA_248127_W27030,Kalaburagi (M Corp.) - Ward No.51,ward,GEO_IN_KA_248127,,,
GEO_IN_KA_252018_W65677,Mudbidri (TMC) - Ward No.7,ward,GEO_IN_KA_252018,,,
GEO_IN_KA_253130_W29183,Kollegal (Cmc) - Ward No.7,ward,GEO_IN_KA_253130,,,
GEO_IN_KA_252006_W26777,Maddur (TMC) - Ward No.13,ward,GEO_IN_KA_252006,,,
GEO_IN_KA_251899_W28167,Dandeli (Cmc) - Ward No.8,ward,GEO_IN_KA_251899,,,
GEO_IN_KA_251914_W61266,Savanur (TMC) - Ward No.18,ward,GEO_IN_KA_251914,,,
GEO_IN_KA_299180_W3044564,Ward 3,ward,GEO_IN_KA_299180,,,
GEO_IN_KA_251812_W2440108,Ward-24,ward,GEO_IN_KA_251812,,,
GEO_IN_KA_251812_W24501,Athni (TMC) - Ward No.14,ward,GEO_IN_KA_251812,,,
GEO_IN_KA_251941_W31192,Davanagere (Cmc) - Ward No.11,ward,GEO_IN_KA_251941,,,
GEO_IN_KA_251995_W26533,Hosakote (TMC) - Ward No.5,ward,GEO_IN_KA_251995,,,
GEO_IN_KA_276532_W1295871,Ward-20,ward,GEO_IN_KA_276532,,,
GEO_IN_KA_297131_W2440197,Ward-2,ward,GEO_IN_KA_297131,,,
GEO_IN_KA_276519_W1293433,Ward-3,ward,GEO_IN_KA_276519,,,
GEO_IN_KA_252055_W29164,Yelandur (TP) - Ward No.6,ward,GEO_IN_KA_252055,,,
GEO_IN_KA_276572_W1296230,Madina Colony - 3,ward,GEO_IN_KA_276572,,,
GEO_IN_KA_276575_W1295676,Ward No. 6,ward,GEO_IN_KA_276575,,,
GEO_IN_KA_251943_W31240,Channagiri (TP) - Ward No.11,ward,GEO_IN_KA_251943,,,
GEO_IN_KA_251988_W25843,Robertson Pet (Cmc) - Ward No.25,ward,GEO_IN_KA_251988,,,
GEO_IN_KA_297133_W2440144,Ward-3,ward,GEO_IN_KA_297133,,,
GEO_IN_KA_251942_W31224,Honnali (TP) - Ward No.8,ward,GEO_IN_KA_251942,,,
GEO_IN_KA_251866_W63769,Aurad (TP) - Ward No.8,ward,GEO_IN_KA_251866,,,
GEO_IN_KA_251868_W27565,Homnabad (TMC) - Ward No.10,ward,GEO_IN_KA_251868,,,
GEO_IN_KA_276463_W1295920,6-Sree Yallamma Devi Ward,ward,GEO_IN_KA_276463,,,
GEO_IN_KA_251963_W32433,Birur (TMC) - Ward No.13,ward,GEO_IN_KA_251963,,,
GEO_IN_KA_251925_W30493,Siruguppa (TP) - Ward No.19,ward,GEO_IN_KA_251925,,,
GEO_IN_KA_252021_W28245,Mangalore (M Corp.) - Ward No.34,ward,GEO_IN_KA_252021,,,
GEO_IN_KA_251897_W923401,Kalghatgi (TP) - Ward No.11,ward,GEO_IN_KA_251897,,,
GEO_IN_KA_276532_W1295870,Ward-19,ward,GEO_IN_KA_276532,,,
GEO_IN_KA_251931_W61439,Kotturu (TP) - Ward No.5,ward,GEO_IN_KA_251931,,,
GEO_IN_KA_276526_W1293493,Ward No.22,ward,GEO_IN_KA_276526,,,
GEO_IN_KA_276600_W1303157,Ward No.19 (T Dasarahalli),ward,GEO_IN_KA_276600,,,
GEO_IN_KA_276537_W1296057,Ward No.10,ward,GEO_IN_KA_276537,,,
GEO_IN_KA_297132_W3044501,Ward 7,ward,GEO_IN_KA_297132,,,
GEO_IN_KA_252014_W1889238,Arkalgud (TP) - Ward No.17,ward,GEO_IN_KA_252014,,,
GEO_IN_KA_252050_W65851,Nanjangud (TMC) - Ward No.5,ward,GEO_IN_KA_252050,,,
GEO_IN_KA_252042_W28774,Piriyapatna (TP) - Ward No.5,ward,GEO_IN_KA_252042,,,
GEO_IN_KA_251889_W63818,Mulgund (TP) - Ward No.12,ward,GEO_IN_KA_251889,,,
GEO_IN_KA_251843_W26349,Indi (TMC) - Ward No.17,ward,GEO_IN_KA_251843,,,
GEO_IN_KA_252037_W28733,"Madikeri-4(Khb Colony,St.Joseph Convent)",ward,GEO_IN_KA_252037,,,
GEO_IN_KA_251827_W25676,Bail Hongal (TMC) - Ward No.19,ward,GEO_IN_KA_251827,,,
GEO_IN_KA_251953_W61562,Kundapura (TMC) - Ward No.1,ward,GEO_IN_KA_251953,,,
GEO_IN_KA_276560_W1296381,Pyati Oni,ward,GEO_IN_KA_276560,,,
GEO_IN_KA_251989_W25875,Mulbagal (TMC) - Ward No.16,ward,GEO_IN_KA_251989,,,
GEO_IN_KA_251992_W26477,Dod Ballapur (Cmc) - Ward No.7,ward,GEO_IN_KA_251992,,,
GEO_IN_KA_251919_W1889314,Ranibennur (Cmc) - Ward No .35,ward,GEO_IN_KA_251919,,,
GEO_IN_KA_252049_W2146728,Heggadadevankote-23,ward,GEO_IN_KA_252049,,,
GEO_IN_KA_251852_W63490,Sedam (TMC) - Ward No.7,ward,GEO_IN_KA_251852,,,
GEO_IN_KA_276578_W1295447,Gandi Nagar,ward,GEO_IN_KA_276578,,,
GEO_IN_KA_299329_W3287833,Ward No.2,ward,GEO_IN_KA_299329,,,
GEO_IN_KA_251985_W64979,Kolar (Cmc) - Ward No.24,ward,GEO_IN_KA_251985,,,
GEO_IN_KA_252039_W2908,"Kushalnagar-7(Adhi Shankaracharya Layout,Vivekananda Layout,Russel Layout)",ward,GEO_IN_KA_252039,,,
GEO_IN_KA_301081_W3068485,Ward 18,ward,GEO_IN_KA_301081,,,
GEO_IN_KA_251929_W61331,Sandur (TP) - Ward No.9,ward,GEO_IN_KA_251929,,,
GEO_IN_KA_251972_W25404,Koratagere (TP) - Ward No.7,ward,GEO_IN_KA_251972,,,
GEO_IN_KA_251951_W31348,Shimoga (Cmc) - Ward No.12,ward,GEO_IN_KA_251951,,,
GEO_IN_KA_251824_W25627,Belgaum (M Corp.) - Ward No.51,ward,GEO_IN_KA_251824,,,
GEO_IN_KA_276532_W1295867,Ward-16,ward,GEO_IN_KA_276532,,,
GEO_IN_KA_251827_W25675,Bail Hongal (TMC) - Ward No.18,ward,GEO_IN_KA_251827,,,
GEO_IN_KA_276556_W2890336,Ward 19,ward,GEO_IN_KA_276556,,,
GEO_IN_KA_251973_W64899,Tumkur (Cmc) - Ward No.17,ward,GEO_IN_KA_251973,,,
GEO_IN_KA_251881_W27874,Gangawati (Cmc) - Ward No.25,ward,GEO_IN_KA_251881,,,
GEO_IN_KA_251812_W24488,Athni (TMC) - Ward No.1,ward,GEO_IN_KA_251812,,,
GEO_IN_KA_251984_W25785,Srinivaspur (TP) - Ward No.7,ward,GEO_IN_KA_251984,,,
GEO_IN_KA_251995_W2176828,Hosakote-24,ward,GEO_IN_KA_251995,,,
GEO_IN_KA_252049_W29077,Heggadadevankote (TP) - Ward No.3,ward,GEO_IN_KA_252049,,,
GEO_IN_KA_276519_W1293434,Ward-4,ward,GEO_IN_KA_276519,,,
GEO_IN_KA_251930_W30844,Kudligi (TP) - Ward No.8,ward,GEO_IN_KA_251930,,,
GEO_IN_KA_251853_W2144732,Chittapura-16,ward,GEO_IN_KA_251853,,,
GEO_IN_KA_299183_W3044528,Ward 5,ward,GEO_IN_KA_299183,,,
GEO_IN_KA_276533_W1295997,Ward No. 6,ward,GEO_IN_KA_276533,,,
GEO_IN_KA_276533_W1295992,Ward No. 1,ward,GEO_IN_KA_276533,,,
GEO_IN_KA_251893_W2890376,Ward76,ward,GEO_IN_KA_251893,,,
GEO_IN_KA_296975_W2179286,Madanayakanahalli-8,ward,GEO_IN_KA_296975,,,
GEO_IN_KA_251810_W63193,Sadalgi (TP) - Ward No.12,ward,GEO_IN_KA_251810,,,
GEO_IN_KA_276535_W1296324,Ward-18,ward,GEO_IN_KA_276535,,,
GEO_IN_KA_251885_W27916,Ron (TP) - Ward No.11,ward,GEO_IN_KA_251885,,,
GEO_IN_KA_251975_W64931,Tiptur (TMC) - Ward No.14,ward,GEO_IN_KA_251975,,,
GEO_IN_KA_251840_W26257,Hungund (TP) - Ward No.5,ward,GEO_IN_KA_251840,,,
GEO_IN_KA_252001_W26694,Krishnarajpet (TP) - Ward No.3,ward,GEO_IN_KA_252001,,,
GEO_IN_KA_276605_W1296243,Ward-11,ward,GEO_IN_KA_276605,,,
GEO_IN_KA_251937_W61485,Hiriyur (TMC) - Ward No.8,ward,GEO_IN_KA_251937,,,
GEO_IN_KA_253132_W1920862,Saragur (TP) - Ward No.12,ward,GEO_IN_KA_253132,,,
GEO_IN_KA_251843_W26335,Indi (TMC) - Ward No.3,ward,GEO_IN_KA_251843,,,
GEO_IN_KA_276483_W1295721,Ward No.11,ward,GEO_IN_KA_276483,,,
GEO_IN_KA_252003_W26726,Pandavapura (TP) - Ward No.2,ward,GEO_IN_KA_252003,,,
GEO_IN_KA_251984_W25788,Srinivaspur (TP) - Ward No.10,ward,GEO_IN_KA_251984,,,
GEO_IN_KA_252054_W29158,Chamarajanagar (Cmc) - Ward No.31,ward,GEO_IN_KA_252054,,,
GEO_IN_KA_251930_W30845,Kudligi (TP) - Ward No.9,ward,GEO_IN_KA_251930,,,
GEO_IN_KA_276538_W1296356,Ward-8,ward,GEO_IN_KA_276538,,,
GEO_IN_KA_276463_W1295940,26-Sree Sai Venkateshwara Ward,ward,GEO_IN_KA_276463,,,
GEO_IN_KA_251945_W1921877,Sagar (TMC) - Ward no.30,ward,GEO_IN_KA_251945,,,
GEO_IN_KA_276539_W1296115,Ward No 22 Gundappa Layout Ward,ward,GEO_IN_KA_276539,,,
GEO_IN_KA_252037_W28750,"Madikeri-21(Rajarajeshwari Nagar,Ukkuda,Azad Nagar Road)",ward,GEO_IN_KA_252037,,,
GEO_IN_KA_251891_W28017,Lakshmeshwar (TMC) - Ward No.19,ward,GEO_IN_KA_251891,,,
GEO_IN_KA_251978_W2176861,Gauribidanur-31,ward,GEO_IN_KA_251978,,,
GEO_IN_KA_251888_W27992,Gadag-Betigeri (Cmc) - Ward No.29,ward,GEO_IN_KA_251888,,,
GEO_IN_KA_251937_W1886393,Hiriyur (TMC) - Ward No.24,ward,GEO_IN_KA_251937,,,
GEO_IN_KA_251911_W29999,Bhatkal (TMC) - Ward No.7,ward,GEO_IN_KA_251911,,,
GEO_IN_KA_251978_W25590,Gauribidanur (TMC) - Ward No.18,ward,GEO_IN_KA_251978,,,
GEO_IN_KA_252035_W28419,Puttur(TMC) - Ward No.15,ward,GEO_IN_KA_252035,,,
GEO_IN_KA_251894_W2443623,Alnavar (TP) - Ward No.17,ward,GEO_IN_KA_251894,,,
GEO_IN_KA_252007_W65588,Malavalli (TMC) - Ward No.4,ward,GEO_IN_KA_252007,,,
GEO_IN_KA_296955_W2491224,Ward-7,ward,GEO_IN_KA_296955,,,
GEO_IN_KA_253186_W2140086,Ramanagara-Ward 26,ward,GEO_IN_KA_253186,,,
GEO_IN_KA_251903_W28700,Yellapur (TP) - Ward No.13,ward,GEO_IN_KA_251903,,,
GEO_IN_KA_251896_W28133,Annigeri (TMC) - Ward No.13,ward,GEO_IN_KA_251896,,,
GEO_IN_KA_251993_W2440223,Ward-17,ward,GEO_IN_KA_251993,,,
GEO_IN_KA_251837_W26088,Badami (TP) - Ward No.7,ward,GEO_IN_KA_251837,,,
GEO_IN_KA_251820_W2440112,Ward-20,ward,GEO_IN_KA_251820,,,
GEO_IN_KA_252007_W65602,Malavalli (TMC) - Ward No.18,ward,GEO_IN_KA_252007,,,
GEO_IN_KA_299169_W3044596,Ward 19,ward,GEO_IN_KA_299169,,,
GEO_IN_KA_251982_W25726,Sidlaghatta (TMC) - Ward No.2,ward,GEO_IN_KA_251982,,,
GEO_IN_KA_252052_W29099,Tirumakudal - Narsipur (TP) - Ward No.6,ward,GEO_IN_KA_252052,,,
GEO_IN_KA_276544_W1296208,Hatti Oni,ward,GEO_IN_KA_276544,,,
GEO_IN_KA_276563_W1295952,Venkateshwara Nagara,ward,GEO_IN_KA_276563,,,
GEO_IN_KA_251825_W25642,Khanapur (TP) - Ward No.1,ward,GEO_IN_KA_251825,,,
GEO_IN_KA_251846_W26395,Muddebihal (TMC) - Ward No.20,ward,GEO_IN_KA_251846,,,
GEO_IN_KA_251827_W25673,Bail Hongal (TMC) - Ward No.16,ward,GEO_IN_KA_251827,,,
GEO_IN_KA_251861_W27383,Shahpur (TMC) - Ward No.16,ward,GEO_IN_KA_251861,,,
GEO_IN_KA_251927_W30825,Bellary (Cmc) - Ward No.24,ward,GEO_IN_KA_251927,,,
GEO_IN_KA_276600_W1302793,Ward No.121 (Ulsoor),ward,GEO_IN_KA_276600,,,
GEO_IN_KA_251976_W25431,Turuvekere (TP) - Ward No.8,ward,GEO_IN_KA_251976,,,
GEO_IN_KA_251881_W1891376,Gangawati (Cmc) - Ward No.33,ward,GEO_IN_KA_251881,,,
GEO_IN_KA_251830_W63207,Mahalingpur (TMC) - Ward No.10,ward,GEO_IN_KA_251830,,,
GEO_IN_KA_276558_W1296182,Shevalal Nagar(Tanda),ward,GEO_IN_KA_276558,,,
GEO_IN_KA_276519_W1293438,Ward-8,ward,GEO_IN_KA_276519,,,
GEO_IN_KA_253185_W26612,Channapatna - Ward No.21,ward,GEO_IN_KA_253185,,,
GEO_IN_KA_251893_W28063,Hubli-Dharwad (M Corp.) - Ward No.25,ward,GEO_IN_KA_251893,,,
GEO_IN_KA_252003_W1891449,Pandavapura (TP) - Ward No.22,ward,GEO_IN_KA_252003,,,
GEO_IN_KA_263293_W2179717,Ward-2,ward,GEO_IN_KA_263293,,,
GEO_IN_KA_251973_W64888,Tumkur (Cmc) - Ward No.6,ward,GEO_IN_KA_251973,,,
GEO_IN_KA_276534_W1296344,Ward-15,ward,GEO_IN_KA_276534,,,
GEO_IN_KA_251973_W64911,Tumkur (Cmc) - Ward No.29,ward,GEO_IN_KA_251973,,,
GEO_IN_KA_251814_W24715,Raybag (TP) - Ward No.9,ward,GEO_IN_KA_251814,,,
GEO_IN_KA_251982_W25745,Sidlaghatta (TMC) - Ward No.21,ward,GEO_IN_KA_251982,,,
GEO_IN_KA_251941_W31193,Davanagere (Cmc) - Ward No.12,ward,GEO_IN_KA_251941,,,
GEO_IN_KA_251972_W25407,Koratagere (TP) - Ward No.10,ward,GEO_IN_KA_251972,,,
GEO_IN_KA_251818_W24761,Gokak (Cmc) - Ward No.3,ward,GEO_IN_KA_251818,,,
GEO_IN_KA_253189_W25974,Bangalore (M Corp.) - Ward No.3,ward,GEO_IN_KA_253189,,,
GEO_IN_KA_251916_W61293,Haveri (Cmc) - Ward No.22,ward,GEO_IN_KA_251916,,,
GEO_IN_KA_299318_W3287788,Ward No.14,ward,GEO_IN_KA_299318,,,
GEO_IN_KA_296976_W2440159,Ward-2,ward,GEO_IN_KA_296976,,,
GEO_IN_KA_251898_W28159,Kundgol (TP) - Ward No.11,ward,GEO_IN_KA_251898,,,
GEO_IN_KA_276618_W1295595,Kalmeshwar Oni,ward,GEO_IN_KA_276618,,,
GEO_IN_KA_251984_W25793,Srinivaspur (TP) - Ward No.15,ward,GEO_IN_KA_251984,,,
GEO_IN_KA_251954_W1922535,Saligram (TMC) - Ward No.5,ward,GEO_IN_KA_251954,,,
GEO_IN_KA_276544_W1296210,Nadadal Oni,ward,GEO_IN_KA_276544,,,
GEO_IN_KA_251849_W63474,Afzalpur (TP) - Ward No.11,ward,GEO_IN_KA_251849,,,
GEO_IN_KA_252038_W28761,Somvarpet (TP) - Ward No.9,ward,GEO_IN_KA_252038,,,
GEO_IN_KA_252005_W65564,Mandya (Cmc) - Ward No.15,ward,GEO_IN_KA_252005,,,
GEO_IN_KA_296954_W2890384,Ward 2,ward,GEO_IN_KA_296954,,,
GEO_IN_KA_251855_W27341,Shahabad (TMC) - Ward No.14,ward,GEO_IN_KA_251855,,,
GEO_IN_KA_251914_W3257468,Savanur(TMC)-Ward No.27,ward,GEO_IN_KA_251914,,,
GEO_IN_KA_251960_W31797,Koppa (TP) - Ward No.3,ward,GEO_IN_KA_251960,,,
GEO_IN_KA_276577_W1295634,Ward No.16,ward,GEO_IN_KA_276577,,,
GEO_IN_KA_276600_W1303149,Ward No.11(Kodigehalli),ward,GEO_IN_KA_276600,,,
GEO_IN_KA_251938_W31133,Harihar (Cmc) - Ward No.6,ward,GEO_IN_KA_251938,,,
GEO_IN_KA_251862_W7174,Gurmatkal (TP) - Ward No.15,ward,GEO_IN_KA_251862,,,
GEO_IN_KA_252012_W65625,Hassan (Cmc) - Ward No.18,ward,GEO_IN_KA_252012,,,
GEO_IN_KA_276611_W2179631,Ward-15,ward,GEO_IN_KA_276611,,,
GEO_IN_KA_251951_W31338,Shimoga (Cmc) - Ward No.2,ward,GEO_IN_KA_251951,,,
GEO_IN_KA_252029_W3068763,ward No.23,ward,GEO_IN_KA_252029,,,
GEO_IN_KA_276558_W1296178,Ayyappa Masbinal Oni,ward,GEO_IN_KA_276558,,,
GEO_IN_KA_252007_W65601,Malavalli (TMC) - Ward No.17,ward,GEO_IN_KA_252007,,,
GEO_IN_KA_251844_W63458,Sindgi (TMC) - Ward No.18,ward,GEO_IN_KA_251844,,,
GEO_IN_KA_252053_W29112,Gundlupet (TMC) - Ward No.8,ward,GEO_IN_KA_252053,,,
GEO_IN_KA_252033_W28382,Bantval (TP) - Ward No.10,ward,GEO_IN_KA_252033,,,
GEO_IN_KA_253188_W3046925,Ward 17,ward,GEO_IN_KA_253188,,,
GEO_IN_KA_251831_W25919,Terdal (TP) - Ward No.12,ward,GEO_IN_KA_251831,,,
GEO_IN_KA_251876_W27674,Raichur (Cmc) - Ward No.19,ward,GEO_IN_KA_251876,,,
GEO_IN_KA_251824_W25626,Belgaum (M Corp.) - Ward No.50,ward,GEO_IN_KA_251824,,,
GEO_IN_KA_276574_W3044478,Ward 15,ward,GEO_IN_KA_276574,,,
GEO_IN_KA_251907_W61035,Kumta (TMC) - Ward No.3,ward,GEO_IN_KA_251907,,,
GEO_IN_KA_297132_W3044505,Ward 11,ward,GEO_IN_KA_297132,,,
GEO_IN_KA_276600_W1302767,Ward No.95 (Vijnana Nagar ),ward,GEO_IN_KA_276600,,,
GEO_IN_KA_251848_W26424,Aland (TMC) - Ward No.3,ward,GEO_IN_KA_251848,,,
GEO_IN_KA_276583_W1295637,Ward No.3,ward,GEO_IN_KA_276583,,,
GEO_IN_KA_251911_W29997,Bhatkal (TMC) - Ward No.5,ward,GEO_IN_KA_251911,,,
GEO_IN_KA_299321_W3046847,Ward 3,ward,GEO_IN_KA_299321,,,
GEO_IN_KA_276600_W1302735,Ward No.63 (Hebbala),ward,GEO_IN_KA_276600,,,
GEO_IN_KA_251949_W31322,Hosanagara (TP) - Ward No.11,ward,GEO_IN_KA_251949,,,
GEO_IN_KA_251830_W63213,Mahalingpur (TMC) - Ward No.16,ward,GEO_IN_KA_251830,,,
GEO_IN_KA_248127_W26993,Kalaburagi (M Corp.) - Ward No.14,ward,GEO_IN_KA_248127,,,
GEO_IN_KA_251893_W28059,Hubli-Dharwad (M Corp.) - Ward No.21,ward,GEO_IN_KA_251893,,,
GEO_IN_KA_252005_W65583,Mandya (Cmc) - Ward No.34,ward,GEO_IN_KA_252005,,,
GEO_IN_KA_251812_W24510,Athni (TMC) - Ward No.23,ward,GEO_IN_KA_251812,,,
GEO_IN_KA_251824_W25499,Belgaum (M Corp.) - Ward No.12,ward,GEO_IN_KA_251824,,,
GEO_IN_KA_276564_W1295972,Ward-4,ward,GEO_IN_KA_276564,,,
GEO_IN_KA_251913_W2435,Bankapura (TMC) - Ward No.6,ward,GEO_IN_KA_251913,,,
GEO_IN_KA_252043_W65834,Hunsur (TMC) - Ward No.13,ward,GEO_IN_KA_252043,,,
GEO_IN_KA_251906_W29954,Ankola (TP) - Ward No.12,ward,GEO_IN_KA_251906,,,
GEO_IN_KA_251959_W61573,Sringeri (TP) - Ward No.3,ward,GEO_IN_KA_251959,,,
GEO_IN_KA_276565_W1296093,Haragapure Galli,ward,GEO_IN_KA_276565,,,
GEO_IN_KA_251922_W30434,Hospet (Cmc) - Ward No.14,ward,GEO_IN_KA_251922,,,
GEO_IN_KA_251840_W26263,Hungund (TP) - Ward No.11,ward,GEO_IN_KA_251840,,,
GEO_IN_KA_276560_W1296389,Bandoddi,ward,GEO_IN_KA_276560,,,
GEO_IN_KA_251979_W25709,Chik Ballapur (Cmc) - Ward No.29,ward,GEO_IN_KA_251979,,,
GEO_IN_KA_251974_W1922533,Gubbi (TP) - Ward No.18,ward,GEO_IN_KA_251974,,,
GEO_IN_KA_251867_W27549,Bidar (Cmc) - Ward No.31,ward,GEO_IN_KA_251867,,,
GEO_IN_KA_251845_W26365,Basavana Bagevadi (TP) - Ward No.10,ward,GEO_IN_KA_251845,,,
GEO_IN_KA_253186_W65140,Ramanagara-Ward No.8,ward,GEO_IN_KA_253186,,,
GEO_IN_KA_252009_W3780,Belur (TMC) - Ward No.18,ward,GEO_IN_KA_252009,,,
GEO_IN_KA_253189_W25986,Bangalore (M Corp.) - Ward No.15,ward,GEO_IN_KA_253189,,,
GEO_IN_KA_251881_W1891377,Gangawati (Cmc) - Ward No.34,ward,GEO_IN_KA_251881,,,
GEO_IN_KA_251832_W1724478,Jamkhandi (TMC) - Ward No.28,ward,GEO_IN_KA_251832,,,
GEO_IN_KA_251993_W2440214,Ward-8,ward,GEO_IN_KA_251993,,,
GEO_IN_KA_252021_W28250,Mangalore (M Corp.) - Ward No.39,ward,GEO_IN_KA_252021,,,
GEO_IN_KA_301082_W3068495,Ward 5,ward,GEO_IN_KA_301082,,,
GEO_IN_KA_251865_W63761,Bhalki (TMC) - Ward No.23,ward,GEO_IN_KA_251865,,,
GEO_IN_KA_297129_W2805088,Ward 16,ward,GEO_IN_KA_297129,,,
GEO_IN_KA_276496_W1296426,Ward-9,ward,GEO_IN_KA_276496,,,
GEO_IN_KA_251936_W31125,Hosdurga (TP) - Ward No.16,ward,GEO_IN_KA_251936,,,
GEO_IN_KA_251927_W30807,Bellary (Cmc) - Ward No.6,ward,GEO_IN_KA_251927,,,
GEO_IN_KA_276602_W1923194,Belluru (TP) - Ward No.11,ward,GEO_IN_KA_276602,,,
GEO_IN_KA_251839_W2143601,Bagalkot (Cmc) - Ward No. 33,ward,GEO_IN_KA_251839,,,
GEO_IN_KA_276543_W1295879,Ward-5,ward,GEO_IN_KA_276543,,,
GEO_IN_KA_276600_W3290552,Ward No.212(Naganathapura),ward,GEO_IN_KA_276600,,,
GEO_IN_KA_276538_W1296354,Ward-6,ward,GEO_IN_KA_276538,,,
GEO_IN_KA_251995_W26541,Hosakote (TMC) - Ward No.9,ward,GEO_IN_KA_251995,,,
GEO_IN_KA_251896_W28127,Annigeri (TMC) - Ward No.7,ward,GEO_IN_KA_251896,,,
GEO_IN_KA_251960_W31805,Koppa (TP) - Ward No.11,ward,GEO_IN_KA_251960,,,
GEO_IN_KA_297133_W2440155,Ward-14,ward,GEO_IN_KA_297133,,,
GEO_IN_KA_251937_W61481,Hiriyur (TMC) - Ward No.4,ward,GEO_IN_KA_251937,,,
GEO_IN_KA_251971_W25384,Madhugiri (TMC) - Ward No.10,ward,GEO_IN_KA_251971,,,
GEO_IN_KA_299169_W3044592,Ward 15,ward,GEO_IN_KA_299169,,,
GEO_IN_KA_252009_W27754,Belur (TMC) - Ward No.8,ward,GEO_IN_KA_252009,,,
GEO_IN_KA_277668_W3046762,Ward 19,ward,GEO_IN_KA_277668,,,
GEO_IN_KA_251818_W24773,Gokak (Cmc) - Ward No.15,ward,GEO_IN_KA_251818,,,
GEO_IN_KA_252035_W28411,Puttur(TMC) - Ward No.7,ward,GEO_IN_KA_252035,,,
GEO_IN_KA_251937_W61479,Hiriyur (TMC) - Ward No.2,ward,GEO_IN_KA_251937,,,
GEO_IN_KA_251852_W63485,Sedam (TMC) - Ward No.2,ward,GEO_IN_KA_251852,,,
GEO_IN_KA_251974_W25411,Gubbi (TP) - Ward No.2,ward,GEO_IN_KA_251974,,,
GEO_IN_KA_251937_W61493,Hiriyur (TMC) - Ward No.16,ward,GEO_IN_KA_251937,,,
GEO_IN_KA_251896_W28138,Annigeri (TMC) - Ward No.18,ward,GEO_IN_KA_251896,,,
GEO_IN_KA_276579_W1296037,Ward-6,ward,GEO_IN_KA_276579,,,
GEO_IN_KA_251925_W30491,Siruguppa (TP) - Ward No.17,ward,GEO_IN_KA_251925,,,
GEO_IN_KA_252033_W28384,Bantval (TP) - Ward No.12,ward,GEO_IN_KA_252033,,,
GEO_IN_KA_251859_W63519,Shorapur (TMC) - Ward No.10,ward,GEO_IN_KA_251859,,,
GEO_IN_KA_276618_W1295597,Jamadar Oni,ward,GEO_IN_KA_276618,,,
GEO_IN_KA_252008_W27745,Sakleshpur (TMC) - Ward No.22,ward,GEO_IN_KA_252008,,,
GEO_IN_KA_251988_W25845,Robertson Pet (Cmc) - Ward No.27,ward,GEO_IN_KA_251988,,,
GEO_IN_KA_251829_W25905,Ramdurg (TMC) - Ward No.23,ward,GEO_IN_KA_251829,,,
GEO_IN_KA_251984_W25792,Srinivaspur (TP) - Ward No.14,ward,GEO_IN_KA_251984,,,
GEO_IN_KA_251819_W25456,Sankeshwar (TMC) - Ward No.13,ward,GEO_IN_KA_251819,,,
GEO_IN_KA_251922_W30423,Hospet (Cmc) - Ward No.3,ward,GEO_IN_KA_251922,,,
GEO_IN_KA_276521_W1293462,Ward-9,ward,GEO_IN_KA_276521,,,
GEO_IN_KA_277668_W3046753,Ward 10,ward,GEO_IN_KA_277668,,,
GEO_IN_KA_251975_W64929,Tiptur (TMC) - Ward No.12,ward,GEO_IN_KA_251975,,,
GEO_IN_KA_276618_W1295593,Pagadar Oni,ward,GEO_IN_KA_276618,,,
GEO_IN_KA_252012_W65635,Hassan (Cmc) - Ward No.28,ward,GEO_IN_KA_252012,,,
GEO_IN_KA_301081_W3068489,Ward 22,ward,GEO_IN_KA_301081,,,
GEO_IN_KA_297132_W3044499,Ward 5,ward,GEO_IN_KA_297132,,,
GEO_IN_KA_252021_W28214,Mangalore (M Corp.) - Ward No.3,ward,GEO_IN_KA_252021,,,
GEO_IN_KA_251939_W31176,Harapanahalli (TP) - Ward No.15,ward,GEO_IN_KA_251939,,,
GEO_IN_KA_301055_W3068445,ward No.1,ward,GEO_IN_KA_301055,,,
GEO_IN_KA_251918_W1889348,Hirekerur (TP) - Ward No.18,ward,GEO_IN_KA_251918,,,
GEO_IN_KA_251892_W28025,Mundargi (TP) - Ward No.4,ward,GEO_IN_KA_251892,,,
GEO_IN_KA_251839_W2143600,Bagalkot (Cmc) - Ward No. 32,ward,GEO_IN_KA_251839,,,
GEO_IN_KA_251930_W30849,Kudligi (TP) - Ward No.13,ward,GEO_IN_KA_251930,,,
GEO_IN_KA_251818_W24769,Gokak (Cmc) - Ward No.11,ward,GEO_IN_KA_251818,,,
GEO_IN_KA_252035_W28430,Puttur(TMC) - Ward No.26,ward,GEO_IN_KA_252035,,,
GEO_IN_KA_251907_W61033,Kumta (TMC) - Ward No.1,ward,GEO_IN_KA_251907,,,
GEO_IN_KA_299321_W3046861,Ward 17,ward,GEO_IN_KA_299321,,,
GEO_IN_KA_251948_W31306,Shikarpur (TMC) - Ward No.18,ward,GEO_IN_KA_251948,,,
GEO_IN_KA_251866_W63767,Aurad (TP) - Ward No.6,ward,GEO_IN_KA_251866,,,
GEO_IN_KA_252015_W65659,Hole Narsipur (TMC) - Ward No.12,ward,GEO_IN_KA_252015,,,
GEO_IN_KA_251909_W29989,Honavar (TP) - Ward No.15,ward,GEO_IN_KA_251909,,,
GEO_IN_KA_251867_W27432,Bidar (Cmc) - Ward No.11,ward,GEO_IN_KA_251867,,,
GEO_IN_KA_251975_W64937,Tiptur (TMC) - Ward No.20,ward,GEO_IN_KA_251975,,,
GEO_IN_KA_276568_W1295670,Ward No.19,ward,GEO_IN_KA_276568,,,
GEO_IN_KA_252016_W28190,Channarayapatna (TMC) - Ward No.20,ward,GEO_IN_KA_252016,,,
GEO_IN_KA_251917_W30052,Byadgi (TMC) - Ward No.12,ward,GEO_IN_KA_251917,,,
GEO_IN_KA_276537_W1296053,Ward No. 6,ward,GEO_IN_KA_276537,,,
GEO_IN_KA_276524_W1293531,Ward-9,ward,GEO_IN_KA_276524,,,
GEO_IN_KA_276483_W1295728,Ward No.18,ward,GEO_IN_KA_276483,,,
GEO_IN_KA_252050_W65861,Nanjangud (TMC) - Ward No.15,ward,GEO_IN_KA_252050,,,
GEO_IN_KA_253186_W65154,Ramanagara- Ward No.15,ward,GEO_IN_KA_253186,,,
GEO_IN_KA_252049_W2146723,Heggadadevankote-18,ward,GEO_IN_KA_252049,,,
GEO_IN_KA_276526_W1293479,Ward No.8,ward,GEO_IN_KA_276526,,,
GEO_IN_KA_301055_W3068449,ward No.5,ward,GEO_IN_KA_301055,,,
GEO_IN_KA_299181_W3046822,Ward 16,ward,GEO_IN_KA_299181,,,
GEO_IN_KA_253130_W29181,Kollegal (Cmc) - Ward No.6,ward,GEO_IN_KA_253130,,,
GEO_IN_KA_276569_W1295703,Ward No.16,ward,GEO_IN_KA_276569,,,
GEO_IN_KA_251983_W25754,Chintamani (Cmc) - Ward No.7,ward,GEO_IN_KA_251983,,,
GEO_IN_KA_251811_W24476,Chikodi (TMC) - Ward No.12,ward,GEO_IN_KA_251811,,,
GEO_IN_KA_251877_W27694,Manvi (TMC) - Ward No.4,ward,GEO_IN_KA_251877,,,
GEO_IN_KA_276529_W1295549,Sidikamba Lakkavan Vasati,ward,GEO_IN_KA_276529,,,
GEO_IN_KA_251824_W25501,Belgaum (M Corp.) - Ward No.14,ward,GEO_IN_KA_251824,,,
GEO_IN_KA_276572_W1296219,Khb Colony,ward,GEO_IN_KA_276572,,,
GEO_IN_KA_251989_W1890214,Mulbagal (TMC) - Ward No.25,ward,GEO_IN_KA_251989,,,
GEO_IN_KA_251841_W26290,Ilkal (TMC) - Ward No.22,ward,GEO_IN_KA_251841,,,
GEO_IN_KA_252008_W27729,Sakleshpur (TMC) - Ward No.6,ward,GEO_IN_KA_252008,,,
GEO_IN_KA_251869_W27590,Chitgoppa (TMC) - Ward No.10,ward,GEO_IN_KA_251869,,,
GEO_IN_KA_276541_W1296195,Ward-13,ward,GEO_IN_KA_276541,,,
GEO_IN_KA_251917_W30054,Byadgi (TMC) - Ward No.14,ward,GEO_IN_KA_251917,,,
GEO_IN_KA_251989_W25864,Mulbagal (TMC) - Ward No.5,ward,GEO_IN_KA_251989,,,
GEO_IN_KA_253186_W65152,Ramanagara-Ward No.14,ward,GEO_IN_KA_253186,,,
GEO_IN_KA_251832_W25930,Jamkhandi (TMC) - Ward No.3,ward,GEO_IN_KA_251832,,,
GEO_IN_KA_251985_W1890536,Kolar (Cmc) - Ward No.34,ward,GEO_IN_KA_251985,,,
GEO_IN_KA_248127_W27007,Kalaburagi (M Corp.) - Ward No.28,ward,GEO_IN_KA_248127,,,
GEO_IN_KA_251864_W27412,Basavakalyan (TMC) - Ward No.18,ward,GEO_IN_KA_251864,,,
GEO_IN_KA_251900_W28676,Karwar (Cmc) - Ward No.21,ward,GEO_IN_KA_251900,,,
GEO_IN_KA_276569_W1295708,Ward No.21,ward,GEO_IN_KA_276569,,,
GEO_IN_KA_299319_W3287744,Ward No.16,ward,GEO_IN_KA_299319,,,
GEO_IN_KA_251836_W63435,Kerur (TP) - Ward No.11,ward,GEO_IN_KA_251836,,,
GEO_IN_KA_276541_W1296183,Ward-1,ward,GEO_IN_KA_276541,,,
GEO_IN_KA_276496_W1296421,Ward-4,ward,GEO_IN_KA_276496,,,
GEO_IN_KA_296976_W2440161,Ward-4,ward,GEO_IN_KA_296976,,,
GEO_IN_KA_251901_W61000,Haliyal (TP) - Ward No.2,ward,GEO_IN_KA_251901,,,
GEO_IN_KA_252049_W29081,Heggadadevankote (TP) - Ward No.5,ward,GEO_IN_KA_252049,,,
GEO_IN_KA_251892_W1889215,Mundargi (TP) - Ward No.18,ward,GEO_IN_KA_251892,,,
GEO_IN_KA_276464_W1295909,Ward No.18,ward,GEO_IN_KA_276464,,,
GEO_IN_KA_251888_W27989,Gadag-Betigeri (Cmc) - Ward No.26,ward,GEO_IN_KA_251888,,,
GEO_IN_KA_251843_W26350,Indi (TMC) - Ward No.18,ward,GEO_IN_KA_251843,,,
GEO_IN_KA_276526_W1293476,Ward No.5,ward,GEO_IN_KA_276526,,,
GEO_IN_KA_251981_W25713,Bagepalli (TP) - Ward No.2,ward,GEO_IN_KA_251981,,,
GEO_IN_KA_251862_W27392,Gurmatkal (TP) - Ward No.2,ward,GEO_IN_KA_251862,,,
GEO_IN_KA_252035_W28424,Puttur(TMC) - Ward No.20,ward,GEO_IN_KA_252035,,,
GEO_IN_KA_251911_W30004,Bhatkal (TMC) - Ward No.12,ward,GEO_IN_KA_251911,,,
GEO_IN_KA_276600_W1302835,Ward No.163 (Vishveshwara Puram ),ward,GEO_IN_KA_276600,,,
GEO_IN_KA_276535_W1296328,Ward-22,ward,GEO_IN_KA_276535,,,
GEO_IN_KA_276540_W1296132,Narayanakar Colony,ward,GEO_IN_KA_276540,,,
GEO_IN_KA_251947_W31287,Siralkoppa (TP) - Ward No.12,ward,GEO_IN_KA_251947,,,
GEO_IN_KA_251975_W64923,Tiptur (TMC) - Ward No.6,ward,GEO_IN_KA_251975,,,
GEO_IN_KA_251887_W27958,Naregal (TP) - Ward No.10,ward,GEO_IN_KA_251887,,,
GEO_IN_KA_296978_W2440183,Kalagi-10,ward,GEO_IN_KA_296978,,,
GEO_IN_KA_251890_W60495,Shirhatti (TP) - Ward No.1,ward,GEO_IN_KA_251890,,,
GEO_IN_KA_251880_W27839,Kushtagi (TMC) - Ward No.5,ward,GEO_IN_KA_251880,,,
GEO_IN_KA_252029_W3068760,ward No.20,ward,GEO_IN_KA_252029,,,
GEO_IN_KA_251965_W32470,Chikmagalur (Cmc) - Ward No.27,ward,GEO_IN_KA_251965,,,
GEO_IN_KA_251946_W3044516,Ward 23,ward,GEO_IN_KA_251946,,,
GEO_IN_KA_276600_W3290558,Ward No.218(Bommanahalli),ward,GEO_IN_KA_276600,,,
GEO_IN_KA_301055_W3068450,ward No.6,ward,GEO_IN_KA_301055,,,
GEO_IN_KA_299320_W3044605,Ward 9,ward,GEO_IN_KA_299320,,,
GEO_IN_KA_251960_W31802,Koppa (TP) - Ward No.8,ward,GEO_IN_KA_251960,,,
GEO_IN_KA_251933_W61460,Challakere (TMC) - Ward No.6,ward,GEO_IN_KA_251933,,,
GEO_IN_KA_276576_W1295735,Ambedakar Nagar,ward,GEO_IN_KA_276576,,,
GEO_IN_KA_276529_W1295548,Paramanand Nagar,ward,GEO_IN_KA_276529,,,
GEO_IN_KA_251929_W61326,Sandur (TP) - Ward No.4,ward,GEO_IN_KA_251929,,,
GEO_IN_KA_251931_W61437,Kotturu (TP) - Ward No.3,ward,GEO_IN_KA_251931,,,
GEO_IN_KA_252056_W29192,Kollegal (Cmc) - Ward No.12,ward,GEO_IN_KA_252056,,,
GEO_IN_KA_251828_W25691,Saundatti-Yellamma (TMC) - Ward No.11,ward,GEO_IN_KA_251828,,,
GEO_IN_KA_276600_W3290545,Ward No.205(Yelachenahalli),ward,GEO_IN_KA_276600,,,
GEO_IN_KA_251926_W30795,Tekkalakote (TP) - Ward No.13,ward,GEO_IN_KA_251926,,,
GEO_IN_KA_253186_W65130,Ramanagara- Ward No.3,ward,GEO_IN_KA_253186,,,
GEO_IN_KA_252001_W26705,Krishnarajpet (TP) - Ward No.14,ward,GEO_IN_KA_252001,,,
GEO_IN_KA_251837_W26082,Badami (TP) - Ward No.1,ward,GEO_IN_KA_251837,,,
GEO_IN_KA_252042_W28773,Piriyapatna (TP) - Ward No.4,ward,GEO_IN_KA_252042,,,
GEO_IN_KA_276565_W1296075,Maisahale Galli,ward,GEO_IN_KA_276565,,,
GEO_IN_KA_251985_W65073,Kolar (Cmc) - Ward No.26,ward,GEO_IN_KA_251985,,,
GEO_IN_KA_251985_W64957,Kolar (Cmc) - Ward No.2,ward,GEO_IN_KA_251985,,,
GEO_IN_KA_251866_W63774,Aurad (TP) - Ward No.13,ward,GEO_IN_KA_251866,,,
GEO_IN_KA_252027_W65698,Ullal (TP) - Ward No.3,ward,GEO_IN_KA_252027,,,
GEO_IN_KA_251843_W26334,Indi (TMC) - Ward No.2,ward,GEO_IN_KA_251843,,,
GEO_IN_KA_276557_W2179688,Ward-11,ward,GEO_IN_KA_276557,,,
GEO_IN_KA_251962_W32414,Tarikere (TP) - Ward No.14,ward,GEO_IN_KA_251962,,,
GEO_IN_KA_251893_W28064,Hubli-Dharwad (M Corp.) - Ward No.26,ward,GEO_IN_KA_251893,,,
GEO_IN_KA_252009_W35132,Belur (TMC) - Ward No.19,ward,GEO_IN_KA_252009,,,
GEO_IN_KA_251968_W25327,Chiknayakanhalli (TMC) - Ward No.18,ward,GEO_IN_KA_251968,,,
GEO_IN_KA_296975_W2179292,Madanayakanahalli-14,ward,GEO_IN_KA_296975,,,
GEO_IN_KA_251837_W26092,Badami (TP) - Ward No.11,ward,GEO_IN_KA_251837,,,
GEO_IN_KA_251915_W30038,Hangal (TMC) - Ward No.21,ward,GEO_IN_KA_251915,,,
GEO_IN_KA_276565_W1296090,Siddeshwar Nagara,ward,GEO_IN_KA_276565,,,
GEO_IN_KA_251919_W1889313,Ranibennur (Cmc) - Ward No .34,ward,GEO_IN_KA_251919,,,
GEO_IN_KA_251930_W30838,Kudligi (TP) - Ward No.2,ward,GEO_IN_KA_251930,,,
GEO_IN_KA_276516_W1296404,Mallayya Gudi Area,ward,GEO_IN_KA_276516,,,
GEO_IN_KA_252037_W28744,"Madikeri-15(Roshanara Road,Murnad Road,Mysore Road,Ashokpura,D.C.Bunglow Area)",ward,GEO_IN_KA_252037,,,
GEO_IN_KA_251919_W30095,Ranibennur (Cmc) - Ward No.18,ward,GEO_IN_KA_251919,,,
GEO_IN_KA_252009_W27759,Belur (TMC) - Ward No.13,ward,GEO_IN_KA_252009,,,
GEO_IN_KA_251859_W63518,Shorapur (TMC) - Ward No.9,ward,GEO_IN_KA_251859,,,
GEO_IN_KA_251829_W2440120,Ward-24,ward,GEO_IN_KA_251829,,,
GEO_IN_KA_251893_W28092,Hubli-Dharwad (M Corp.) - Ward No.54,ward,GEO_IN_KA_251893,,,
GEO_IN_KA_251975_W2146699,Tiptur (TMC) - Ward No.31,ward,GEO_IN_KA_251975,,,
GEO_IN_KA_299318_W3287797,Ward No.23,ward,GEO_IN_KA_299318,,,
GEO_IN_KA_251859_W63523,Shorapur (TMC) - Ward No.14,ward,GEO_IN_KA_251859,,,
GEO_IN_KA_276537_W1296062,Ward No.15,ward,GEO_IN_KA_276537,,,
GEO_IN_KA_251818_W24760,Gokak (Cmc) - Ward No.2,ward,GEO_IN_KA_251818,,,
GEO_IN_KA_251911_W30015,Bhatkal (TMC) - Ward No.23,ward,GEO_IN_KA_251911,,,
GEO_IN_KA_251988_W25829,Robertson Pet (Cmc) - Ward No.11,ward,GEO_IN_KA_251988,,,
GEO_IN_KA_251848_W26422,Aland (TMC) - Ward No.1,ward,GEO_IN_KA_251848,,,
GEO_IN_KA_251841_W26274,Ilkal (TMC) - Ward No.6,ward,GEO_IN_KA_251841,,,
GEO_IN_KA_252004_W26746,Shrirangapattana (TMC) - Ward No.5,ward,GEO_IN_KA_252004,,,
GEO_IN_KA_251886_W27930,Gajendragarh (TMC) - Ward No.5,ward,GEO_IN_KA_251886,,,
GEO_IN_KA_253132_W28885,Saragur (TP) - Ward No.5,ward,GEO_IN_KA_253132,,,
GEO_IN_KA_276537_W1296051,Ward No. 4,ward,GEO_IN_KA_276537,,,
GEO_IN_KA_276567_W1295751,Ballari Thot,ward,GEO_IN_KA_276567,,,
GEO_IN_KA_251840_W26265,Hungund (TP) - Ward No.13,ward,GEO_IN_KA_251840,,,
GEO_IN_KA_252007_W65590,Malavalli (TMC) - Ward No.6,ward,GEO_IN_KA_252007,,,
GEO_IN_KA_251886_W27946,Gajendragarh (TMC) - Ward No.21,ward,GEO_IN_KA_251886,,,
GEO_IN_KA_251882_W1891314,Koppal (Cmc) - Ward No.25,ward,GEO_IN_KA_251882,,,
GEO_IN_KA_276563_W1295946,Yallamma Temple,ward,GEO_IN_KA_276563,,,
GEO_IN_KA_251861_W27385,Shahpur (TMC) - Ward No.18,ward,GEO_IN_KA_251861,,,
GEO_IN_KA_251958_W1922644,Karkal (TMC) - Ward No.19,ward,GEO_IN_KA_251958,,,
GEO_IN_KA_251847_W26407,Talikota (TMC) - Ward No.9,ward,GEO_IN_KA_251847,,,
GEO_IN_KA_276523_W1293518,Ward-8,ward,GEO_IN_KA_276523,,,
GEO_IN_KA_251927_W30832,Bellary (Cmc) - Ward No.31,ward,GEO_IN_KA_251927,,,
GEO_IN_KA_252052_W29102,Tirumakudal - Narsipur (TP) - Ward No.9,ward,GEO_IN_KA_252052,,,
GEO_IN_KA_251879_W72033,Yelbarga(TP)-Ward No. 6,ward,GEO_IN_KA_251879,,,
GEO_IN_KA_253189_W25984,Bangalore (M Corp.) - Ward No.13,ward,GEO_IN_KA_253189,,,
GEO_IN_KA_251889_W2176788,Mulgund (TP) - Ward No.19,ward,GEO_IN_KA_251889,,,
GEO_IN_KA_297131_W2440199,Ward-4,ward,GEO_IN_KA_297131,,,
GEO_IN_KA_251880_W923375,Kushtagi (TMC) - Ward No.17,ward,GEO_IN_KA_251880,,,
GEO_IN_KA_251934_W30877,Chitradurga (Cmc) - Ward No.11,ward,GEO_IN_KA_251934,,,
GEO_IN_KA_251876_W27668,Raichur (Cmc) - Ward No.13,ward,GEO_IN_KA_251876,,,
GEO_IN_KA_248127_W26987,Kalaburagi (M Corp.) - Ward No.8,ward,GEO_IN_KA_248127,,,
GEO_IN_KA_251880_W27835,Kushtagi (TMC) - Ward No.1,ward,GEO_IN_KA_251880,,,
GEO_IN_KA_299183_W3044534,Ward 11,ward,GEO_IN_KA_299183,,,
GEO_IN_KA_251895_W60981,Navalgund (TMC) - Ward No.3,ward,GEO_IN_KA_251895,,,
GEO_IN_KA_251810_W63187,Sadalgi (TP) - Ward No.6,ward,GEO_IN_KA_251810,,,
GEO_IN_KA_251873_W1921551,Hatti (CT) - Ward No.13,ward,GEO_IN_KA_251873,,,
GEO_IN_KA_276605_W1296239,Ward-7,ward,GEO_IN_KA_276605,,,
GEO_IN_KA_251976_W25425,Turuvekere (TP) - Ward No.2,ward,GEO_IN_KA_251976,,,
GEO_IN_KA_299180_W3044563,Ward 2,ward,GEO_IN_KA_299180,,,
GEO_IN_KA_251840_W26267,Hungund (TP) - Ward No.15,ward,GEO_IN_KA_251840,,,
GEO_IN_KA_251837_W26093,Badami (TP) - Ward No.12,ward,GEO_IN_KA_251837,,,
GEO_IN_KA_299319_W3287745,Ward No.17,ward,GEO_IN_KA_299319,,,
GEO_IN_KA_251974_W25419,Gubbi (TP) - Ward No.10,ward,GEO_IN_KA_251974,,,
GEO_IN_KA_251891_W28000,Lakshmeshwar (TMC) - Ward No.2,ward,GEO_IN_KA_251891,,,
GEO_IN_KA_251950_W31329,Tirthahalli (TP) - Ward No.7,ward,GEO_IN_KA_251950,,,
GEO_IN_KA_252012_W65612,Hassan (Cmc) - Ward No.5,ward,GEO_IN_KA_252012,,,
GEO_IN_KA_252056_W29210,Kollegal (Cmc) - Ward No.21,ward,GEO_IN_KA_252056,,,
GEO_IN_KA_297129_W2805073,Ward 1,ward,GEO_IN_KA_297129,,,
GEO_IN_KA_251984_W1890490,Srinivaspur (TP) - Ward No. 22,ward,GEO_IN_KA_251984,,,
GEO_IN_KA_251903_W2890331,Ward 19,ward,GEO_IN_KA_251903,,,
GEO_IN_KA_251953_W61568,Kundapura (TMC) - Ward No.7,ward,GEO_IN_KA_251953,,,
GEO_IN_KA_276600_W1302790,Ward No.118 (Sampangiram Nagar ),ward,GEO_IN_KA_276600,,,
GEO_IN_KA_251858_W7179,Jevargi (TP) - Ward No.18,ward,GEO_IN_KA_251858,,,
GEO_IN_KA_276600_W3290554,Ward No.214(Puttenahalli),ward,GEO_IN_KA_276600,,,
GEO_IN_KA_251935_W31102,Holalkere (TP) - Ward No.6,ward,GEO_IN_KA_251935,,,
GEO_IN_KA_251973_W64891,Tumkur (Cmc) - Ward No.9,ward,GEO_IN_KA_251973,,,
GEO_IN_KA_251993_W2440229,Ward-23,ward,GEO_IN_KA_251993,,,
GEO_IN_KA_252035_W28412,Puttur(TMC) - Ward No.8,ward,GEO_IN_KA_252035,,,
GEO_IN_KA_252015_W65668,Hole Narsipur (TMC) - Ward No.21,ward,GEO_IN_KA_252015,,,
GEO_IN_KA_251835_W63231,Mudhol (TMC) - Ward No.11,ward,GEO_IN_KA_251835,,,
GEO_IN_KA_251814_W24712,Raybag (TP) - Ward No.6,ward,GEO_IN_KA_251814,,,
GEO_IN_KA_251809_W24461,Nipani (Cmc) - Ward No.28,ward,GEO_IN_KA_251809,,,
GEO_IN_KA_276574_W1295473,Sambanavar Oni,ward,GEO_IN_KA_276574,,,
GEO_IN_KA_251846_W26397,Muddebihal (TMC) - Ward No.22,ward,GEO_IN_KA_251846,,,
GEO_IN_KA_276558_W1296168,Goudar Colony(Bevinakatti),ward,GEO_IN_KA_276558,,,
GEO_IN_KA_251877_W27699,Manvi (TMC) - Ward No.9,ward,GEO_IN_KA_251877,,,
GEO_IN_KA_251839_W26128,Bagalkot (Cmc) - Ward No.4,ward,GEO_IN_KA_251839,,,
GEO_IN_KA_251905_W28716,Sirsi (Cmc) - Ward No.14,ward,GEO_IN_KA_251905,,,
GEO_IN_KA_252007_W65594,Malavalli (TMC) - Ward No.10,ward,GEO_IN_KA_252007,,,
GEO_IN_KA_276483_W1295720,Ward No.10,ward,GEO_IN_KA_276483,,,
GEO_IN_KA_251893_W28052,Hubli-Dharwad (M Corp.) - Ward No.14,ward,GEO_IN_KA_251893,,,
GEO_IN_KA_251845_W26369,Basavana Bagevadi (TP) - Ward No.14,ward,GEO_IN_KA_251845,,,
GEO_IN_KA_276496_W1296437,Ward-20,ward,GEO_IN_KA_276496,,,
GEO_IN_KA_251985_W64965,Kolar (Cmc) - Ward No.10,ward,GEO_IN_KA_251985,,,
GEO_IN_KA_253186_W65134,Ramanagara-Ward No.5,ward,GEO_IN_KA_253186,,,
GEO_IN_KA_276523_W1293519,Ward-9,ward,GEO_IN_KA_276523,,,
GEO_IN_KA_276532_W1295863,Ward-12,ward,GEO_IN_KA_276532,,,
GEO_IN_KA_252033_W28377,Bantval (TP) - Ward No.5,ward,GEO_IN_KA_252033,,,
GEO_IN_KA_276564_W1295986,Ward-18,ward,GEO_IN_KA_276564,,,
GEO_IN_KA_251831_W25926,Terdal (TP) - Ward No.19,ward,GEO_IN_KA_251831,,,
GEO_IN_KA_301081_W3068473,Ward 6,ward,GEO_IN_KA_301081,,,
GEO_IN_KA_276516_W1296411,Sanjivanagar-2,ward,GEO_IN_KA_276516,,,
GEO_IN_KA_251938_W31158,Harihar (Cmc) - Ward No.31,ward,GEO_IN_KA_251938,,,
GEO_IN_KA_276541_W1296190,Ward-8,ward,GEO_IN_KA_276541,,,
GEO_IN_KA_251911_W30007,Bhatkal (TMC) - Ward No.15,ward,GEO_IN_KA_251911,,,
GEO_IN_KA_276567_W1295754,Ullannavar Thot,ward,GEO_IN_KA_276567,,,
GEO_IN_KA_276600_W3290546,Ward No.206(Konanakunte ),ward,GEO_IN_KA_276600,,,
GEO_IN_KA_251863_W63727,Yadgir (TMC) - Ward No.16,ward,GEO_IN_KA_251863,,,
GEO_IN_KA_253188_W3046931,Ward 23,ward,GEO_IN_KA_253188,,,
GEO_IN_KA_297133_W2440145,Ward-4,ward,GEO_IN_KA_297133,,,
GEO_IN_KA_251886_W27928,Gajendragarh (TMC) - Ward No.3,ward,GEO_IN_KA_251886,,,
GEO_IN_KA_276558_W1296167,Veerabadrehwar Temple,ward,GEO_IN_KA_276558,,,
GEO_IN_KA_299169_W3044587,Ward 10,ward,GEO_IN_KA_299169,,,
GEO_IN_KA_299169_W3044593,Ward 16,ward,GEO_IN_KA_299169,,,
GEO_IN_KA_251939_W31165,Harapanahalli (TP) - Ward No.7,ward,GEO_IN_KA_251939,,,
GEO_IN_KA_251845_W26359,Basavana Bagevadi (TP) - Ward No.4,ward,GEO_IN_KA_251845,,,
GEO_IN_KA_299179_W3046793,Ward 4,ward,GEO_IN_KA_299179,,,
GEO_IN_KA_252035_W28428,Puttur(TMC) - Ward No.24,ward,GEO_IN_KA_252035,,,
GEO_IN_KA_299317_W3044536,Ward 2,ward,GEO_IN_KA_299317,,,
GEO_IN_KA_296954_W2890394,Ward 12,ward,GEO_IN_KA_296954,,,
GEO_IN_KA_251978_W25578,Gauribidanur (TMC) - Ward No.6,ward,GEO_IN_KA_251978,,,
GEO_IN_KA_251880_W27848,Kushtagi (TMC) - Ward No.14,ward,GEO_IN_KA_251880,,,
GEO_IN_KA_276583_W1295638,Ward No. 4,ward,GEO_IN_KA_276583,,,
GEO_IN_KA_251839_W26137,Bagalkot (Cmc) - Ward No.13,ward,GEO_IN_KA_251839,,,
GEO_IN_KA_251995_W2176834,Hosakote-30,ward,GEO_IN_KA_251995,,,
GEO_IN_KA_276555_W1294253,Ward-2,ward,GEO_IN_KA_276555,,,
GEO_IN_KA_253132_W28881,Saragur (TP) - Ward No.3,ward,GEO_IN_KA_253132,,,
GEO_IN_KA_276576_W1295742,Basav Nagar,ward,GEO_IN_KA_276576,,,
GEO_IN_KA_276600_W1302702,Ward No. 30 (Nagadevanahalli),ward,GEO_IN_KA_276600,,,
GEO_IN_KA_251908_W29967,Siddapur (TP) - Ward No.6,ward,GEO_IN_KA_251908,,,
GEO_IN_KA_252015_W65660,Hole Narsipur (TMC) - Ward No.13,ward,GEO_IN_KA_252015,,,
GEO_IN_KA_251864_W27419,Basavakalyan (TMC) - Ward No.25,ward,GEO_IN_KA_251864,,,
GEO_IN_KA_251924_W61318,Kampli (TMC) - Ward No.20,ward,GEO_IN_KA_251924,,,
GEO_IN_KA_252013_W27794,Alur (TP) - Ward No.4,ward,GEO_IN_KA_252013,,,
GEO_IN_KA_276522_W1293506,Ward-12,ward,GEO_IN_KA_276522,,,
GEO_IN_KA_251870_W27613,Mudgal (TP) - Ward No.10,ward,GEO_IN_KA_251870,,,
GEO_IN_KA_251882_W63798,Koppal (Cmc) - Ward No.1,ward,GEO_IN_KA_251882,,,
GEO_IN_KA_276537_W1296064,Ward No.17,ward,GEO_IN_KA_276537,,,
GEO_IN_KA_252054_W29137,Chamarajanagar (Cmc) - Ward No.10,ward,GEO_IN_KA_252054,,,
GEO_IN_KA_252017_W1888947,Mulki (TP) - Ward No.16,ward,GEO_IN_KA_252017,,,
GEO_IN_KA_276523_W1293514,Ward-4,ward,GEO_IN_KA_276523,,,
GEO_IN_KA_276543_W1295877,Ward-3,ward,GEO_IN_KA_276543,,,
GEO_IN_KA_276464_W1295906,Ward No.15,ward,GEO_IN_KA_276464,,,
GEO_IN_KA_276463_W1295921,7-Sree Muneshwara Temple Ward,ward,GEO_IN_KA_276463,,,
GEO_IN_KA_251834_W26075,Bilgi (TP) - Ward No.7,ward,GEO_IN_KA_251834,,,
GEO_IN_KA_276560_W1296376,Gurikar Oni,ward,GEO_IN_KA_276560,,,
GEO_IN_KA_251968_W32479,Chiknayakanhalli (TMC) - Ward No.4,ward,GEO_IN_KA_251968,,,
GEO_IN_KA_251845_W26373,Basavana Bagevadi (TP) - Ward No.18,ward,GEO_IN_KA_251845,,,
GEO_IN_KA_276537_W1296061,Ward No.14,ward,GEO_IN_KA_276537,,,
GEO_IN_KA_251989_W25869,Mulbagal (TMC) - Ward No.10,ward,GEO_IN_KA_251989,,,
GEO_IN_KA_252006_W27723,Maddur (TMC) - Ward No.23,ward,GEO_IN_KA_252006,,,
GEO_IN_KA_251980_W64951,Gudibanda (TP) - Ward No.7,ward,GEO_IN_KA_251980,,,
GEO_IN_KA_276604_W1296267,Ward-15,ward,GEO_IN_KA_276604,,,
GEO_IN_KA_252005_W65575,Mandya (Cmc) - Ward No.26,ward,GEO_IN_KA_252005,,,
GEO_IN_KA_251951_W31741,Shimoga (Cmc) - Ward No.34,ward,GEO_IN_KA_251951,,,
GEO_IN_KA_252007_W65596,Malavalli (TMC) - Ward No.12,ward,GEO_IN_KA_252007,,,
GEO_IN_KA_251848_W26433,Aland (TMC) - Ward No.12,ward,GEO_IN_KA_251848,,,
GEO_IN_KA_251954_W1922544,Saligram (TMC) - Ward No.14,ward,GEO_IN_KA_251954,,,
GEO_IN_KA_251871_W27630,Lingsugur (TP) - Ward No.12,ward,GEO_IN_KA_251871,,,
GEO_IN_KA_248127_W27003,Kalaburagi (M Corp.) - Ward No.24,ward,GEO_IN_KA_248127,,,
GEO_IN_KA_251972_W25406,Koratagere (TP) - Ward No.9,ward,GEO_IN_KA_251972,,,
GEO_IN_KA_251888_W27973,Gadag-Betigeri (Cmc) - Ward No.10,ward,GEO_IN_KA_251888,,,
GEO_IN_KA_252010_W27765,Arsikere (TMC) - Ward No.2,ward,GEO_IN_KA_252010,,,
GEO_IN_KA_251917_W30062,Byadgi (TMC) - Ward No.22,ward,GEO_IN_KA_251917,,,
GEO_IN_KA_299327_W3304229,ward No.1,ward,GEO_IN_KA_299327,,,
GEO_IN_KA_251982_W25735,Sidlaghatta (TMC) - Ward No.11,ward,GEO_IN_KA_251982,,,
GEO_IN_KA_252014_W27811,Arkalgud (TP) - Ward No.10,ward,GEO_IN_KA_252014,,,
GEO_IN_KA_251924_W61321,Kampli (TMC) - Ward No.23,ward,GEO_IN_KA_251924,,,
GEO_IN_KA_276522_W1293499,Ward-5,ward,GEO_IN_KA_276522,,,
GEO_IN_KA_296975_W2179287,Madanayakanahalli-9,ward,GEO_IN_KA_296975,,,
GEO_IN_KA_276600_W1302809,Ward No.137 (Marenahalli),ward,GEO_IN_KA_276600,,,
GEO_IN_KA_276604_W1296259,Ward-7,ward,GEO_IN_KA_276604,,,
GEO_IN_KA_251955_W31771,Udupi (Cmc) - Ward No.25,ward,GEO_IN_KA_251955,,,
GEO_IN_KA_251909_W29990,Honavar (TP) - Ward No.16,ward,GEO_IN_KA_251909,,,
GEO_IN_KA_251903_W28690,Yellapur (TP) - Ward No.3,ward,GEO_IN_KA_251903,,,
GEO_IN_KA_251853_W2144730,Chittapura-14,ward,GEO_IN_KA_251853,,,
GEO_IN_KA_251973_W64914,Tumkur (Cmc) - Ward No.32,ward,GEO_IN_KA_251973,,,
GEO_IN_KA_251867_W27429,Bidar (Cmc) - Ward No.8,ward,GEO_IN_KA_251867,,,
GEO_IN_KA_251903_W28701,Yellapur (TP) - Ward No.14,ward,GEO_IN_KA_251903,,,
GEO_IN_KA_251952_W61531,Bhadravati (Cmc) - Ward No.5,ward,GEO_IN_KA_251952,,,
GEO_IN_KA_276526_W1293482,Ward No.11,ward,GEO_IN_KA_276526,,,
GEO_IN_KA_251824_W25520,Belgaum (M Corp.) - Ward No.33,ward,GEO_IN_KA_251824,,,
GEO_IN_KA_252006_W26776,Maddur (TMC) - Ward No.12,ward,GEO_IN_KA_252006,,,
GEO_IN_KA_251942_W31223,Honnali (TP) - Ward No.7,ward,GEO_IN_KA_251942,,,
GEO_IN_KA_276600_W1302802,Ward No.130 (Sri rama mandir ),ward,GEO_IN_KA_276600,,,
GEO_IN_KA_251815_W24733,Mudalgi (TMC) - Ward No.14,ward,GEO_IN_KA_251815,,,
GEO_IN_KA_251848_W1889485,Aland (TMC) - Ward No.27,ward,GEO_IN_KA_251848,,,
GEO_IN_KA_251955_W31768,Udupi (Cmc) - Ward No.22,ward,GEO_IN_KA_251955,,,
GEO_IN_KA_251934_W31079,Chitradurga (Cmc) - Ward No.19,ward,GEO_IN_KA_251934,,,
GEO_IN_KA_252006_W26781,Maddur (TMC) - Ward No.17,ward,GEO_IN_KA_252006,,,
GEO_IN_KA_251844_W63459,Sindgi (TMC) - Ward No.19,ward,GEO_IN_KA_251844,,,
GEO_IN_KA_276559_W1296159,Koli Colony,ward,GEO_IN_KA_276559,,,
GEO_IN_KA_251932_W30863,Molakalmuru (TP) - Ward No.9,ward,GEO_IN_KA_251932,,,
GEO_IN_KA_276600_W1302781,Ward No.109 (Benniganahalli),ward,GEO_IN_KA_276600,,,
GEO_IN_KA_251937_W61486,Hiriyur (TMC) - Ward No.9,ward,GEO_IN_KA_251937,,,
GEO_IN_KA_251864_W27398,Basavakalyan (TMC) - Ward No.4,ward,GEO_IN_KA_251864,,,
GEO_IN_KA_296975_W2179281,Madanayakanahalli-3,ward,GEO_IN_KA_296975,,,
GEO_IN_KA_251862_W7165,Gurmatkal (TP) - Ward No.6,ward,GEO_IN_KA_251862,,,
GEO_IN_KA_251814_W24714,Raybag (TP) - Ward No.8,ward,GEO_IN_KA_251814,,,
GEO_IN_KA_276534_W1296333,Ward-4,ward,GEO_IN_KA_276534,,,
GEO_IN_KA_251846_W26380,Muddebihal (TMC) - Ward No.5,ward,GEO_IN_KA_251846,,,
GEO_IN_KA_276600_W1302756,Ward No.84 (Lingarajapura),ward,GEO_IN_KA_276600,,,
GEO_IN_KA_276477_W1293404,12- Water Tank,ward,GEO_IN_KA_276477,,,
GEO_IN_KA_299328_W3046831,Ward 7,ward,GEO_IN_KA_299328,,,
GEO_IN_KA_251988_W25828,Robertson Pet (Cmc) - Ward No.10,ward,GEO_IN_KA_251988,,,
GEO_IN_KA_301081_W3068470,Ward 3,ward,GEO_IN_KA_301081,,,
GEO_IN_KA_253185_W26598,Channapatna- Ward No.14,ward,GEO_IN_KA_253185,,,
GEO_IN_KA_251846_W26387,Muddebihal (TMC) - Ward No.12,ward,GEO_IN_KA_251846,,,
GEO_IN_KA_276600_W1302807,Ward No.135 (Dr. Raj Kumar Agrahara Dasarahalli),ward,GEO_IN_KA_276600,,,
GEO_IN_KA_252005_W65563,Mandya (Cmc) - Ward No.14,ward,GEO_IN_KA_252005,,,
GEO_IN_KA_251860_W2443204,Bhimarayanagudi (Nac) - Ward No.5,ward,GEO_IN_KA_251860,,,
GEO_IN_KA_251855_W27045,Shahabad (TMC) - Ward No.2,ward,GEO_IN_KA_251855,,,
GEO_IN_KA_276559_W1296158,Laxmi Nagar,ward,GEO_IN_KA_276559,,,
GEO_IN_KA_251916_W69703,Haveri (Cmc) - Ward No.31,ward,GEO_IN_KA_251916,,,
GEO_IN_KA_276600_W1302724,Ward No.52 (Shakthi Ganapathi Nagar ),ward,GEO_IN_KA_276600,,,
GEO_IN_KA_276599_W1296286,Ward-15,ward,GEO_IN_KA_276599,,,
GEO_IN_KA_276579_W1296040,Ward-9,ward,GEO_IN_KA_276579,,,
GEO_IN_KA_251829_W2440122,Ward-26,ward,GEO_IN_KA_251829,,,
GEO_IN_KA_251814_W24708,Raybag (TP) - Ward No.2,ward,GEO_IN_KA_251814,,,
GEO_IN_KA_252043_W65831,Hunsur (TMC) - Ward No.10,ward,GEO_IN_KA_252043,,,
GEO_IN_KA_251918_W30068,Hirekerur (TP) - Ward No.5,ward,GEO_IN_KA_251918,,,
GEO_IN_KA_252018_W65681,Mudbidri (TMC) - Ward No.11,ward,GEO_IN_KA_252018,,,
GEO_IN_KA_251880_W923381,Kushtagi (TMC) - Ward No.23,ward,GEO_IN_KA_251880,,,
GEO_IN_KA_276463_W1295924,10-Sree Madduramma Temple Ward,ward,GEO_IN_KA_276463,,,
GEO_IN_KA_251983_W25750,Chintamani (Cmc) - Ward No.3,ward,GEO_IN_KA_251983,,,
GEO_IN_KA_252008_W27744,Sakleshpur (TMC) - Ward No.21,ward,GEO_IN_KA_252008,,,
GEO_IN_KA_251855_W27046,Shahabad (TMC) - Ward No.3,ward,GEO_IN_KA_251855,,,
GEO_IN_KA_251934_W30882,Chitradurga (Cmc) - Ward No.16,ward,GEO_IN_KA_251934,,,
GEO_IN_KA_251879_W1890585,Yelbarga (TP) - Ward No.13,ward,GEO_IN_KA_251879,,,
GEO_IN_KA_248127_W27004,Kalaburagi (M Corp.) - Ward No.25,ward,GEO_IN_KA_248127,,,
GEO_IN_KA_276574_W1295464,Jolad Galli,ward,GEO_IN_KA_276574,,,
GEO_IN_KA_252013_W27800,Alur (TP) - Ward No.10,ward,GEO_IN_KA_252013,,,
GEO_IN_KA_296978_W2440184,Kalagi-11,ward,GEO_IN_KA_296978,,,
GEO_IN_KA_251986_W25804,Malur (TMC) - Ward No.9,ward,GEO_IN_KA_251986,,,
GEO_IN_KA_276600_W1302798,Ward No.126 (Binnipete),ward,GEO_IN_KA_276600,,,
GEO_IN_KA_251816_W24744,Konnur (TP) - Ward No.2,ward,GEO_IN_KA_251816,,,
GEO_IN_KA_251936_W1886304,Hosadurga (TP) - Ward No.19,ward,GEO_IN_KA_251936,,,
GEO_IN_KA_296975_W2179297,Madanayakanahalli-19,ward,GEO_IN_KA_296975,,,
GEO_IN_KA_251891_W28012,Lakshmeshwar (TMC) - Ward No.14,ward,GEO_IN_KA_251891,,,
GEO_IN_KA_251964_W61588,Kadur (TMC) - Ward No.12,ward,GEO_IN_KA_251964,,,
GEO_IN_KA_252016_W28171,Channarayapatna (TMC) - Ward No.1,ward,GEO_IN_KA_252016,,,
GEO_IN_KA_251981_W25723,Bagepalli (TP) - Ward No.12,ward,GEO_IN_KA_251981,,,
GEO_IN_KA_251860_W2443203,Bhimarayanagudi (Nac) - Ward No.4,ward,GEO_IN_KA_251860,,,
GEO_IN_KA_251975_W64933,Tiptur (TMC) - Ward No.16,ward,GEO_IN_KA_251975,,,
GEO_IN_KA_251838_W26111,Guledgudda (TMC) - Ward No.10,ward,GEO_IN_KA_251838,,,
GEO_IN_KA_251880_W27842,Kushtagi (TMC) - Ward No.8,ward,GEO_IN_KA_251880,,,
GEO_IN_KA_299417_W2867091,Ward 7,ward,GEO_IN_KA_299417,,,
GEO_IN_KA_248127_W27001,Kalaburagi (M Corp.) - Ward No.22,ward,GEO_IN_KA_248127,,,
GEO_IN_KA_251863_W63736,Yadgir (TMC) - Ward No.25,ward,GEO_IN_KA_251863,,,
GEO_IN_KA_252056_W29200,Kollegal (Cmc) - Ward No.16,ward,GEO_IN_KA_252056,,,
GEO_IN_KA_252035_W28408,Puttur(TMC) - Ward No.4,ward,GEO_IN_KA_252035,,,
GEO_IN_KA_251924_W61305,Kampli (TMC) - Ward No.7,ward,GEO_IN_KA_251924,,,
GEO_IN_KA_252053_W29122,Gundlupet (TMC) - Ward No.18,ward,GEO_IN_KA_252053,,,
GEO_IN_KA_251884_W27888,Nargund (TMC) - Ward No.6,ward,GEO_IN_KA_251884,,,
GEO_IN_KA_251934_W31083,Chitradurga (Cmc) - Ward No.23,ward,GEO_IN_KA_251934,,,
GEO_IN_KA_252027_W65713,Ullal (TP) - Ward No.18,ward,GEO_IN_KA_252027,,,
GEO_IN_KA_251819_W25462,Sankeshwar (TMC) - Ward No.19,ward,GEO_IN_KA_251819,,,
GEO_IN_KA_251977_W25545,Kunigal (TMC) - Ward No.10,ward,GEO_IN_KA_251977,,,
GEO_IN_KA_251978_W25574,Gauribidanur (TMC) - Ward No.2,ward,GEO_IN_KA_251978,,,
GEO_IN_KA_251948_W31301,Shikarpur (TMC) - Ward No.13,ward,GEO_IN_KA_251948,,,
GEO_IN_KA_276554_W1294250,Ward-17,ward,GEO_IN_KA_276554,,,
GEO_IN_KA_251974_W25415,Gubbi (TP) - Ward No.6,ward,GEO_IN_KA_251974,,,
GEO_IN_KA_251952_W61554,Bhadravati (Cmc) - Ward No.28,ward,GEO_IN_KA_251952,,,
GEO_IN_KA_276583_W1295649,Ward No.15,ward,GEO_IN_KA_276583,,,
GEO_IN_KA_251941_W1886599,Davanagere (Cmc) - Ward No.39,ward,GEO_IN_KA_251941,,,
GEO_IN_KA_251911_W30011,Bhatkal (TMC) - Ward No.19,ward,GEO_IN_KA_251911,,,
GEO_IN_KA_251839_W26145,Bagalkot (Cmc) - Ward No.21,ward,GEO_IN_KA_251839,,,
GEO_IN_KA_276539_W1296098,Ward 5- Sadashivanagara Ward,ward,GEO_IN_KA_276539,,,
GEO_IN_KA_251981_W25714,Bagepalli (TP) - Ward No.3,ward,GEO_IN_KA_251981,,,
GEO_IN_KA_252012_W65640,Hassan (Cmc) - Ward No.33,ward,GEO_IN_KA_252012,,,
GEO_IN_KA_251874_W63788,Devadurga (TP) - Ward No.13,ward,GEO_IN_KA_251874,,,
GEO_IN_KA_251986_W25815,Malur (TMC) - Ward No.20,ward,GEO_IN_KA_251986,,,
GEO_IN_KA_251835_W63238,Mudhol (TMC) - Ward No.18,ward,GEO_IN_KA_251835,,,
GEO_IN_KA_252013_W27792,Alur (TP) - Ward No.2,ward,GEO_IN_KA_252013,,,
GEO_IN_KA_276532_W1295858,Ward-7,ward,GEO_IN_KA_276532,,,
GEO_IN_KA_251984_W25791,Srinivaspur (TP) - Ward No.13,ward,GEO_IN_KA_251984,,,
GEO_IN_KA_251938_W31137,Harihar (Cmc) - Ward No.10,ward,GEO_IN_KA_251938,,,
GEO_IN_KA_251899_W28633,Dandeli (Cmc) - Ward No.3,ward,GEO_IN_KA_251899,,,
GEO_IN_KA_251996_W65157,Magadi (TMC) - Ward No.17,ward,GEO_IN_KA_251996,,,
GEO_IN_KA_248127_W27012,Kalaburagi (M Corp.) - Ward No.33,ward,GEO_IN_KA_248127,,,
GEO_IN_KA_296976_W2440162,Ward-5,ward,GEO_IN_KA_296976,,,
GEO_IN_KA_297133_W2440154,Ward-13,ward,GEO_IN_KA_297133,,,
GEO_IN_KA_299180_W3044571,Ward 10,ward,GEO_IN_KA_299180,,,
GEO_IN_KA_252009_W35135,Belur (TMC) - Ward No.22,ward,GEO_IN_KA_252009,,,
GEO_IN_KA_251934_W31086,Chitradurga (Cmc) - Ward No.26,ward,GEO_IN_KA_251934,,,
GEO_IN_KA_251820_W25473,Hukeri (TP) - Ward No.7,ward,GEO_IN_KA_251820,,,
GEO_IN_KA_276579_W1296034,Ward-3,ward,GEO_IN_KA_276579,,,
GEO_IN_KA_276600_W1302785,Ward No.113 (Hoysala Nagar ),ward,GEO_IN_KA_276600,,,
GEO_IN_KA_252050_W1921377,Nanjangud (TMC) - Ward No.31,ward,GEO_IN_KA_252050,,,
GEO_IN_KA_251921_W30416,Hoovina Hadagalli (TP) - Ward No.15,ward,GEO_IN_KA_251921,,,
GEO_IN_KA_251933_W61472,Challakere (TMC) - Ward No.18,ward,GEO_IN_KA_251933,,,
GEO_IN_KA_276563_W1295964,Neeralakodi Tota,ward,GEO_IN_KA_276563,,,
GEO_IN_KA_301055_W3068459,ward No.15,ward,GEO_IN_KA_301055,,,
GEO_IN_KA_251990_W3044490,Ward 27,ward,GEO_IN_KA_251990,,,
GEO_IN_KA_301790_W3287818,Ward No.21,ward,GEO_IN_KA_301790,,,
GEO_IN_KA_251893_W28049,Hubli-Dharwad (M Corp.) - Ward No.11,ward,GEO_IN_KA_251893,,,
GEO_IN_KA_276483_W1295714,Ward No. 4,ward,GEO_IN_KA_276483,,,
GEO_IN_KA_252027_W65705,Ullal (TP) - Ward No.10,ward,GEO_IN_KA_252027,,,
GEO_IN_KA_251921_W30417,Hoovina Hadagalli (TP) - Ward No.16,ward,GEO_IN_KA_251921,,,
GEO_IN_KA_251846_W26391,Muddebihal (TMC) - Ward No.16,ward,GEO_IN_KA_251846,,,
GEO_IN_KA_276538_W1296350,Ward-2,ward,GEO_IN_KA_276538,,,
GEO_IN_KA_276602_W1923187,Belluru (TP) - Ward No.4,ward,GEO_IN_KA_276602,,,
GEO_IN_KA_276533_W1295994,Ward No.3,ward,GEO_IN_KA_276533,,,
GEO_IN_KA_248127_W27017,Kalaburagi (M Corp.) - Ward No.38,ward,GEO_IN_KA_248127,,,
GEO_IN_KA_251893_W28060,Hubli-Dharwad (M Corp.) - Ward No.22,ward,GEO_IN_KA_251893,,,
GEO_IN_KA_251914_W61270,Savanur (TMC) - Ward No.22,ward,GEO_IN_KA_251914,,,
GEO_IN_KA_301054_W3068539,Ward 5,ward,GEO_IN_KA_301054,,,
GEO_IN_KA_251864_W27402,Basavakalyan (TMC) - Ward No.8,ward,GEO_IN_KA_251864,,,
GEO_IN_KA_251964_W61591,Kadur (TMC) - Ward No.15,ward,GEO_IN_KA_251964,,,
GEO_IN_KA_251941_W31210,Davanagere (Cmc) - Ward No.29,ward,GEO_IN_KA_251941,,,
GEO_IN_KA_251813_W24687,Kudchi (TP) - Ward No.1,ward,GEO_IN_KA_251813,,,
GEO_IN_KA_301082_W3068498,Ward 8,ward,GEO_IN_KA_301082,,,
GEO_IN_KA_252045_W28847,Mysore (M Corp.) - Ward No.42,ward,GEO_IN_KA_252045,,,
GEO_IN_KA_248127_W26984,Kalaburagi (M Corp.) - Ward No.5,ward,GEO_IN_KA_248127,,,
GEO_IN_KA_251937_W1886394,Hiriyur (TMC) - Ward No.25,ward,GEO_IN_KA_251937,,,
GEO_IN_KA_276540_W1296126,Veerabhadreshwar Chowk,ward,GEO_IN_KA_276540,,,
GEO_IN_KA_276483_W1295723,Ward No.13,ward,GEO_IN_KA_276483,,,
GEO_IN_KA_277668_W3046755,Ward 12,ward,GEO_IN_KA_277668,,,
GEO_IN_KA_276604_W1296257,Ward-5,ward,GEO_IN_KA_276604,,,
GEO_IN_KA_299180_W3044565,Ward 4,ward,GEO_IN_KA_299180,,,
GEO_IN_KA_276601_W1296302,Ward-14,ward,GEO_IN_KA_276601,,,
GEO_IN_KA_251970_W25364,Pavagada (TP) - Ward No.9,ward,GEO_IN_KA_251970,,,
GEO_IN_KA_299321_W3046856,Ward 12,ward,GEO_IN_KA_299321,,,
GEO_IN_KA_251852_W63497,Sedam (TMC) - Ward No.14,ward,GEO_IN_KA_251852,,,
GEO_IN_KA_251965_W32446,Chikmagalur (Cmc) - Ward No.3,ward,GEO_IN_KA_251965,,,
GEO_IN_KA_251878_W27831,Sindhnur (TMC) - Ward No.24,ward,GEO_IN_KA_251878,,,
GEO_IN_KA_251871_W27619,Lingsugur (TP) - Ward No.1,ward,GEO_IN_KA_251871,,,
GEO_IN_KA_251824_W25634,Belgaum (M Corp.) - Ward No.58,ward,GEO_IN_KA_251824,,,
GEO_IN_KA_276577_W1295629,Ward No.11,ward,GEO_IN_KA_276577,,,
GEO_IN_KA_297133_W2440152,Ward-11,ward,GEO_IN_KA_297133,,,
GEO_IN_KA_251955_W31750,Udupi (Cmc) - Ward No.4,ward,GEO_IN_KA_251955,,,
GEO_IN_KA_251830_W63202,Mahalingpur (TMC) - Ward No.1,ward,GEO_IN_KA_251830,,,
GEO_IN_KA_252018_W65682,Mudbidri (TMC) - Ward No.12,ward,GEO_IN_KA_252018,,,
GEO_IN_KA_251842_W2440249,Ward-8,ward,GEO_IN_KA_251842,,,
GEO_IN_KA_251882_W1891315,Koppal (Cmc) - Ward No.26,ward,GEO_IN_KA_251882,,,
GEO_IN_KA_299318_W3287786,Ward No.12,ward,GEO_IN_KA_299318,,,
GEO_IN_KA_252027_W65697,Ullal (TP) - Ward No.2,ward,GEO_IN_KA_252027,,,
GEO_IN_KA_251934_W30875,Chitradurga (Cmc) - Ward No.9,ward,GEO_IN_KA_251934,,,
GEO_IN_KA_251825_W2440119,Ward-20,ward,GEO_IN_KA_251825,,,
GEO_IN_KA_251945_W31274,Sagar (TMC) - Ward No.26,ward,GEO_IN_KA_251945,,,
GEO_IN_KA_251866_W63773,Aurad (TP) - Ward No.12,ward,GEO_IN_KA_251866,,,
GEO_IN_KA_251948_W31292,Shikarpur (TMC) - Ward No.4,ward,GEO_IN_KA_251948,,,
GEO_IN_KA_251900_W28672,Karwar (Cmc) - Ward No.17,ward,GEO_IN_KA_251900,,,
GEO_IN_KA_251828_W25689,Saundatti-Yellamma (TMC) - Ward No.9,ward,GEO_IN_KA_251828,,,
GEO_IN_KA_276599_W1296279,Ward-8,ward,GEO_IN_KA_276599,,,
GEO_IN_KA_252043_W65837,Hunsur (TMC) - Ward No.16,ward,GEO_IN_KA_252043,,,
GEO_IN_KA_251866_W1885570,Aurad (TP) - Ward No.20,ward,GEO_IN_KA_251866,,,
GEO_IN_KA_251927_W30821,Bellary (Cmc) - Ward No.20,ward,GEO_IN_KA_251927,,,
GEO_IN_KA_251867_W27541,Bidar (Cmc) - Ward No.23,ward,GEO_IN_KA_251867,,,
GEO_IN_KA_251840_W26262,Hungund (TP) - Ward No.10,ward,GEO_IN_KA_251840,,,
GEO_IN_KA_276602_W1923188,Belluru (TP) - Ward No.5,ward,GEO_IN_KA_276602,,,
GEO_IN_KA_276534_W1296346,Ward-17,ward,GEO_IN_KA_276534,,,
GEO_IN_KA_252008_W27734,Sakleshpur (TMC) - Ward No.11,ward,GEO_IN_KA_252008,,,
GEO_IN_KA_276565_W1296077,P.W.D Quaters,ward,GEO_IN_KA_276565,,,
GEO_IN_KA_251835_W63236,Mudhol (TMC) - Ward No.16,ward,GEO_IN_KA_251835,,,
GEO_IN_KA_251876_W27675,Raichur (Cmc) - Ward No.20,ward,GEO_IN_KA_251876,,,
GEO_IN_KA_251904_W61026,Mundgod (TP) - Ward No.8,ward,GEO_IN_KA_251904,,,
GEO_IN_KA_251943_W31238,Channagiri (TP) - Ward No.9,ward,GEO_IN_KA_251943,,,
GEO_IN_KA_251813_W24701,Kudchi (TP) - Ward No.15,ward,GEO_IN_KA_251813,,,
GEO_IN_KA_252001_W26695,Krishnarajpet (TP) - Ward No.4,ward,GEO_IN_KA_252001,,,
GEO_IN_KA_251977_W25541,Kunigal (TMC) - Ward No.8,ward,GEO_IN_KA_251977,,,
GEO_IN_KA_251864_W1885271,Basavakalyan (TMC) - Ward No.31,ward,GEO_IN_KA_251864,,,
GEO_IN_KA_301055_W3068456,ward No.12,ward,GEO_IN_KA_301055,,,
GEO_IN_KA_251950_W31333,Tirthahalli (TP) - Ward No.11,ward,GEO_IN_KA_251950,,,
GEO_IN_KA_251878_W2178781,Sindhanur-29,ward,GEO_IN_KA_251878,,,
GEO_IN_KA_251889_W63808,Mulgund (TP) - Ward No.2,ward,GEO_IN_KA_251889,,,
GEO_IN_KA_251858_W27366,Jevargi (TP) - Ward No.11,ward,GEO_IN_KA_251858,,,
GEO_IN_KA_299181_W3046811,Ward 5,ward,GEO_IN_KA_299181,,,
GEO_IN_KA_251861_W27387,Shahpur (TMC) - Ward No.20,ward,GEO_IN_KA_251861,,,
GEO_IN_KA_251810_W63190,Sadalgi (TP) - Ward No.9,ward,GEO_IN_KA_251810,,,
GEO_IN_KA_251934_W31088,Chitradurga (Cmc) - Ward No.28,ward,GEO_IN_KA_251934,,,
GEO_IN_KA_252027_W65708,Ullal (TP) - Ward No.13,ward,GEO_IN_KA_252027,,,
GEO_IN_KA_276519_W1293431,Ward-1,ward,GEO_IN_KA_276519,,,
GEO_IN_KA_296975_W3044623,Ward 26,ward,GEO_IN_KA_296975,,,
GEO_IN_KA_252027_W1887748,Ullal (TP) - Ward No.25,ward,GEO_IN_KA_252027,,,
GEO_IN_KA_276537_W1296066,Ward No.19,ward,GEO_IN_KA_276537,,,
GEO_IN_KA_251853_W2144726,Chittapura-10,ward,GEO_IN_KA_251853,,,
GEO_IN_KA_251856_W931359,Wadi (TMC) - Ward No.14,ward,GEO_IN_KA_251856,,,
GEO_IN_KA_252009_W27762,Belur (TMC) - Ward No.16,ward,GEO_IN_KA_252009,,,
GEO_IN_KA_251951_W31740,Shimoga (Cmc) - Ward No.33,ward,GEO_IN_KA_251951,,,
GEO_IN_KA_301080_W3287821,Ward No.2,ward,GEO_IN_KA_301080,,,
GEO_IN_KA_276529_W1295544,Sadashiv Nagar,ward,GEO_IN_KA_276529,,,
GEO_IN_KA_251996_W65137,Magadi (TMC) - Ward No.7,ward,GEO_IN_KA_251996,,,
GEO_IN_KA_251963_W32430,Birur (TMC) - Ward No.10,ward,GEO_IN_KA_251963,,,
GEO_IN_KA_251931_W61446,Kotturu (TP) - Ward No.12,ward,GEO_IN_KA_251931,,,
GEO_IN_KA_251955_W31764,Udupi (Cmc) - Ward No.18,ward,GEO_IN_KA_251955,,,
GEO_IN_KA_251835_W63230,Mudhol (TMC) - Ward No.10,ward,GEO_IN_KA_251835,,,
GEO_IN_KA_251865_W63757,Bhalki (TMC) - Ward No.19,ward,GEO_IN_KA_251865,,,
GEO_IN_KA_299417_W2867086,Ward 2,ward,GEO_IN_KA_299417,,,
GEO_IN_KA_251870_W1921505,Mudgal (TP) - Ward No.22,ward,GEO_IN_KA_251870,,,
GEO_IN_KA_276600_W1302830,Ward No.158 (Chamrajapet),ward,GEO_IN_KA_276600,,,
GEO_IN_KA_252009_W27753,Belur (TMC) - Ward No.7,ward,GEO_IN_KA_252009,,,
GEO_IN_KA_251932_W30860,Molakalmuru (TP) - Ward No.6,ward,GEO_IN_KA_251932,,,
GEO_IN_KA_276539_W1296108,Ward 15- Janaki Layout Ward,ward,GEO_IN_KA_276539,,,
GEO_IN_KA_296975_W3044622,Ward 25,ward,GEO_IN_KA_296975,,,
GEO_IN_KA_251877_W27705,Manvi (TMC) - Ward No.15,ward,GEO_IN_KA_251877,,,
GEO_IN_KA_251914_W61257,Savanur (TMC) - Ward No.9,ward,GEO_IN_KA_251914,,,
GEO_IN_KA_277668_W3046744,Ward 1,ward,GEO_IN_KA_277668,,,
GEO_IN_KA_251951_W31347,Shimoga (Cmc) - Ward No.11,ward,GEO_IN_KA_251951,,,
GEO_IN_KA_276529_W1295553,Bahagirtha Mahraashi Nagar,ward,GEO_IN_KA_276529,,,
GEO_IN_KA_251917_W30044,Byadgi (TMC) - Ward No.4,ward,GEO_IN_KA_251917,,,
GEO_IN_KA_251890_W60978,Shirhatti (TP) - Ward No.15,ward,GEO_IN_KA_251890,,,
GEO_IN_KA_276599_W1296285,Ward-14,ward,GEO_IN_KA_276599,,,
GEO_IN_KA_251995_W26555,Hosakote (TMC) - Ward No.16,ward,GEO_IN_KA_251995,,,
GEO_IN_KA_276600_W1302708,Ward No. 36 (Jalahalli),ward,GEO_IN_KA_276600,,,
GEO_IN_KA_251847_W26419,Talikota (TMC) - Ward No.21,ward,GEO_IN_KA_251847,,,
GEO_IN_KA_276574_W1295466,Sunagar Galli,ward,GEO_IN_KA_276574,,,
GEO_IN_KA_251915_W30019,Hangal (TMC) - Ward No.2,ward,GEO_IN_KA_251915,,,
GEO_IN_KA_296976_W2440164,Ward-7,ward,GEO_IN_KA_296976,,,
GEO_IN_KA_252037_W28732,"Madikeri -3(I.T.I,Part Of Bhagavathi Nagar,Part Of Convent Road)",ward,GEO_IN_KA_252037,,,
GEO_IN_KA_251830_W63198,Mahalingpur (TMC) - Ward No.5,ward,GEO_IN_KA_251830,,,
GEO_IN_KA_251899_W28639,Dandeli (Cmc) - Ward No.15,ward,GEO_IN_KA_251899,,,
GEO_IN_KA_276618_W1295590,Jolad Galli,ward,GEO_IN_KA_276618,,,
GEO_IN_KA_253186_W2140091,Ramanagara-Ward 31,ward,GEO_IN_KA_253186,,,
GEO_IN_KA_251990_W26468,Nelamangala (TP) - Ward No.17,ward,GEO_IN_KA_251990,,,
GEO_IN_KA_251889_W63816,Mulgund (TP) - Ward No.10,ward,GEO_IN_KA_251889,,,
GEO_IN_KA_252045_W28818,Mysore (M Corp.) - Ward No.13,ward,GEO_IN_KA_252045,,,
GEO_IN_KA_251938_W31155,Harihar (Cmc) - Ward No.28,ward,GEO_IN_KA_251938,,,
GEO_IN_KA_299169_W3044586,Ward 9,ward,GEO_IN_KA_299169,,,
GEO_IN_KA_251898_W28157,Kundgol (TP) - Ward No.9,ward,GEO_IN_KA_251898,,,
GEO_IN_KA_276496_W1296422,Ward-5,ward,GEO_IN_KA_276496,,,
GEO_IN_KA_251982_W25744,Sidlaghatta (TMC) - Ward No.20,ward,GEO_IN_KA_251982,,,
GEO_IN_KA_276539_W1296116,Ward 23- Kumar Layout Ward,ward,GEO_IN_KA_276539,,,
GEO_IN_KA_251948_W31305,Shikarpur (TMC) - Ward No.17,ward,GEO_IN_KA_251948,,,
GEO_IN_KA_251972_W25408,Koratagere (TP) - Ward No.11,ward,GEO_IN_KA_251972,,,
GEO_IN_KA_251809_W24440,Nipani (Cmc) - Ward No.7,ward,GEO_IN_KA_251809,,,
GEO_IN_KA_276558_W1296180,Devanagaon Oni,ward,GEO_IN_KA_276558,,,
GEO_IN_KA_252052_W29098,Tirumakudal - Narsipur (TP) - Ward No.5,ward,GEO_IN_KA_252052,,,
GEO_IN_KA_251858_W7181,Jevargi (TP) - Ward No.20,ward,GEO_IN_KA_251858,,,
GEO_IN_KA_248127_W27033,Kalaburagi (M Corp.) - Ward No.54,ward,GEO_IN_KA_248127,,,
GEO_IN_KA_253186_W65142,Ramanagara- Ward No.9,ward,GEO_IN_KA_253186,,,
GEO_IN_KA_276564_W1295990,Ward-22,ward,GEO_IN_KA_276564,,,
GEO_IN_KA_276600_W1302851,Ward No.179 (Madivala),ward,GEO_IN_KA_276600,,,
GEO_IN_KA_251963_W32432,Birur (TMC) - Ward No.12,ward,GEO_IN_KA_251963,,,
GEO_IN_KA_301790_W3287808,Ward No.11,ward,GEO_IN_KA_301790,,,
GEO_IN_KA_251955_W31760,Udupi (Cmc) - Ward No.14,ward,GEO_IN_KA_251955,,,
GEO_IN_KA_251941_W31187,Davanagere (Cmc) - Ward No.6,ward,GEO_IN_KA_251941,,,
GEO_IN_KA_251936_W31119,Hosdurga (TP) - Ward No.10,ward,GEO_IN_KA_251936,,,
GEO_IN_KA_297132_W3044502,Ward 8,ward,GEO_IN_KA_297132,,,
GEO_IN_KA_251913_W2431,Bankapura (TMC) - Ward No.2,ward,GEO_IN_KA_251913,,,
GEO_IN_KA_301061_W3068516,Ward 15,ward,GEO_IN_KA_301061,,,
GEO_IN_KA_276483_W1295711,Ward No. 1,ward,GEO_IN_KA_276483,,,
GEO_IN_KA_251933_W61473,Challakere (TMC) - Ward No.19,ward,GEO_IN_KA_251933,,,
GEO_IN_KA_252051_W65886,Bannur (TMC) - Ward No.13,ward,GEO_IN_KA_252051,,,
GEO_IN_KA_251898_W28160,Kundgol (TP) - Ward No.12,ward,GEO_IN_KA_251898,,,
GEO_IN_KA_251942_W31218,Honnali (TP) - Ward No.2,ward,GEO_IN_KA_251942,,,
GEO_IN_KA_251870_W27608,Mudgal (TP) - Ward No.5,ward,GEO_IN_KA_251870,,,
GEO_IN_KA_301061_W3068506,Ward 5,ward,GEO_IN_KA_301061,,,
GEO_IN_KA_251906_W29955,Ankola (TP) - Ward No.13,ward,GEO_IN_KA_251906,,,
GEO_IN_KA_299328_W3046839,Ward 15,ward,GEO_IN_KA_299328,,,
GEO_IN_KA_251995_W26537,Hosakote (TMC) - Ward No.7,ward,GEO_IN_KA_251995,,,
GEO_IN_KA_253185_W26590,Channapatna - Ward No.10,ward,GEO_IN_KA_253185,,,
GEO_IN_KA_251811_W24483,Chikodi (TMC) - Ward No.19,ward,GEO_IN_KA_251811,,,
GEO_IN_KA_251816_W24753,Konnur (TP) - Ward No.11,ward,GEO_IN_KA_251816,,,
GEO_IN_KA_296955_W2491222,Ward-5,ward,GEO_IN_KA_296955,,,
GEO_IN_KA_252035_W28427,Puttur(TMC) - Ward No.23,ward,GEO_IN_KA_252035,,,
GEO_IN_KA_251988_W25836,Robertson Pet (Cmc) - Ward No.18,ward,GEO_IN_KA_251988,,,
GEO_IN_KA_251950_W31335,Tirthahalli (TP) - Ward No.13,ward,GEO_IN_KA_251950,,,
GEO_IN_KA_276496_W1296427,Ward-10,ward,GEO_IN_KA_276496,,,
GEO_IN_KA_276600_W1302841,Ward No.169 (Vannarpet),ward,GEO_IN_KA_276600,,,
GEO_IN_KA_301790_W3287817,Ward No.20,ward,GEO_IN_KA_301790,,,
GEO_IN_KA_252009_W35133,Belur (TMC) - Ward No.20,ward,GEO_IN_KA_252009,,,
GEO_IN_KA_251824_W25498,Belgaum (M Corp.) - Ward No.11,ward,GEO_IN_KA_251824,,,
GEO_IN_KA_276555_W1294256,Ward-5,ward,GEO_IN_KA_276555,,,
GEO_IN_KA_276560_W1296384,Budnoor Doddi,ward,GEO_IN_KA_276560,,,
GEO_IN_KA_251949_W31317,Hosanagara (TP) - Ward No.6,ward,GEO_IN_KA_251949,,,
GEO_IN_KA_276540_W1296133,Waddar Colony,ward,GEO_IN_KA_276540,,,
GEO_IN_KA_252004_W26748,Shrirangapattana (TMC) - Ward No.7,ward,GEO_IN_KA_252004,,,
GEO_IN_KA_301080_W3287823,Ward No.4,ward,GEO_IN_KA_301080,,,
GEO_IN_KA_276597_W1294041,Ward-6,ward,GEO_IN_KA_276597,,,
GEO_IN_KA_251888_W27982,Gadag-Betigeri (Cmc) - Ward No.19,ward,GEO_IN_KA_251888,,,
GEO_IN_KA_251825_W25651,Khanapur (TP) - Ward No.10,ward,GEO_IN_KA_251825,,,
GEO_IN_KA_276474_W1295836,Ward-3,ward,GEO_IN_KA_276474,,,
GEO_IN_KA_251992_W26498,Dod Ballapur (Cmc) - Ward No.28,ward,GEO_IN_KA_251992,,,
GEO_IN_KA_276464_W1295913,Ward No.22,ward,GEO_IN_KA_276464,,,
GEO_IN_KA_251828_W25683,Saundatti-Yellamma (TMC) - Ward No.3,ward,GEO_IN_KA_251828,,,
GEO_IN_KA_251894_W28108,Alnavar (TP) - Ward No.3,ward,GEO_IN_KA_251894,,,
GEO_IN_KA_251898_W28156,Kundgol (TP) - Ward No.8,ward,GEO_IN_KA_251898,,,
GEO_IN_KA_251995_W26557,Hosakote (TMC) - Ward No.17,ward,GEO_IN_KA_251995,,,
GEO_IN_KA_251866_W63768,Aurad (TP) - Ward No.7,ward,GEO_IN_KA_251866,,,
GEO_IN_KA_251969_W25338,Sira (TMC) - Ward No.6,ward,GEO_IN_KA_251969,,,
GEO_IN_KA_251940_W61513,Jagalur (TP) - Ward No.13,ward,GEO_IN_KA_251940,,,
GEO_IN_KA_251929_W61323,Sandur (TP) - Ward No.1,ward,GEO_IN_KA_251929,,,
GEO_IN_KA_251862_W7175,Gurmatkal (TP) - Ward No.16,ward,GEO_IN_KA_251862,,,
GEO_IN_KA_252040_W65723,Virajpet-7 (Neharu Nagar-1),ward,GEO_IN_KA_252040,,,
GEO_IN_KA_251988_W25852,Robertson Pet (Cmc) - Ward No.34,ward,GEO_IN_KA_251988,,,
GEO_IN_KA_251888_W27966,Gadag-Betigeri (Cmc) - Ward No.3,ward,GEO_IN_KA_251888,,,
GEO_IN_KA_251848_W1889482,Aland (TMC) - Ward No.24,ward,GEO_IN_KA_251848,,,
GEO_IN_KA_251993_W2440210,Ward-4,ward,GEO_IN_KA_251993,,,
GEO_IN_KA_252034_W28402,Beltangadi (TP) - Ward No.9,ward,GEO_IN_KA_252034,,,
GEO_IN_KA_251899_W28655,Dandeli (Cmc) - Ward No.31,ward,GEO_IN_KA_251899,,,
GEO_IN_KA_251842_W2440262,Ward-21,ward,GEO_IN_KA_251842,,,
GEO_IN_KA_251813_W24690,Kudchi (TP) - Ward No.4,ward,GEO_IN_KA_251813,,,
GEO_IN_KA_251848_W26973,Aland (TMC) - Ward No.17,ward,GEO_IN_KA_251848,,,
GEO_IN_KA_251900_W28683,Karwar (Cmc) - Ward No.28,ward,GEO_IN_KA_251900,,,
GEO_IN_KA_251881_W27851,Gangawati (Cmc) - Ward No.2,ward,GEO_IN_KA_251881,,,
GEO_IN_KA_296955_W2491218,Ward-1,ward,GEO_IN_KA_296955,,,
GEO_IN_KA_251815_W24721,Mudalgi (TMC) - Ward No.2,ward,GEO_IN_KA_251815,,,
GEO_IN_KA_276574_W3044485,Ward 22,ward,GEO_IN_KA_276574,,,
GEO_IN_KA_251824_W25523,Belgaum (M Corp.) - Ward No.36,ward,GEO_IN_KA_251824,,,
GEO_IN_KA_251909_W29991,Honavar (TP) - Ward No.17,ward,GEO_IN_KA_251909,,,
GEO_IN_KA_276565_W1296082,Kumbar Galli,ward,GEO_IN_KA_276565,,,
GEO_IN_KA_251874_W63786,Devadurga (TP) - Ward No.11,ward,GEO_IN_KA_251874,,,
GEO_IN_KA_276477_W1293403,11- Pol Tot,ward,GEO_IN_KA_276477,,,
GEO_IN_KA_301790_W3287804,Ward No.7,ward,GEO_IN_KA_301790,,,
GEO_IN_KA_252052_W1920851,Tirumakudal - Narsipur (TP) - Ward No.13,ward,GEO_IN_KA_252052,,,
GEO_IN_KA_251878_W2178780,Sindhanur-28,ward,GEO_IN_KA_251878,,,
GEO_IN_KA_251874_W1921618,Devadurga (TP) - Ward No.19,ward,GEO_IN_KA_251874,,,
GEO_IN_KA_251809_W24443,Nipani (Cmc) - Ward No.10,ward,GEO_IN_KA_251809,,,
GEO_IN_KA_251856_W931339,Wadi (TMC) - Ward No.7,ward,GEO_IN_KA_251856,,,
GEO_IN_KA_299319_W3287749,Ward No.21,ward,GEO_IN_KA_299319,,,
GEO_IN_KA_251856_W931383,Wadi (TMC) - Ward No.17,ward,GEO_IN_KA_251856,,,
GEO_IN_KA_251927_W30806,Bellary (Cmc) - Ward No.5,ward,GEO_IN_KA_251927,,,
GEO_IN_KA_252056_W29198,Kollegal (Cmc) - Ward No.15,ward,GEO_IN_KA_252056,,,
GEO_IN_KA_276483_W1295726,Ward No.16,ward,GEO_IN_KA_276483,,,
GEO_IN_KA_252007_W65591,Malavalli (TMC) - Ward No.7,ward,GEO_IN_KA_252007,,,
GEO_IN_KA_276560_W1296375,Old Market,ward,GEO_IN_KA_276560,,,
GEO_IN_KA_251990_W2176838,Nelmangala-21,ward,GEO_IN_KA_251990,,,
GEO_IN_KA_276600_W1302714,Ward No.42 (Srigandhadakaval),ward,GEO_IN_KA_276600,,,
GEO_IN_KA_276605_W1296251,Ward-19,ward,GEO_IN_KA_276605,,,
GEO_IN_KA_251931_W61448,Kotturu (TP) - Ward No.14,ward,GEO_IN_KA_251931,,,
GEO_IN_KA_251833_W25964,Rabkavi-Banhatti (Cmc) - Ward No.10,ward,GEO_IN_KA_251833,,,
GEO_IN_KA_252049_W29087,Heggadadevankote (TP) - Ward No.8,ward,GEO_IN_KA_252049,,,
GEO_IN_KA_251893_W28043,Hubli-Dharwad (M Corp.) - Ward No.5,ward,GEO_IN_KA_251893,,,
GEO_IN_KA_276538_W1296370,Ward-22,ward,GEO_IN_KA_276538,,,
GEO_IN_KA_276563_W1295960,Haranakodi Tota,ward,GEO_IN_KA_276563,,,
GEO_IN_KA_251946_W61518,Sorab (TP) - Ward No.5,ward,GEO_IN_KA_251946,,,
GEO_IN_KA_251959_W61576,Sringeri (TP) - Ward No.6,ward,GEO_IN_KA_251959,,,
GEO_IN_KA_251925_W1864364,Siruguppa (TP) - Ward No.22,ward,GEO_IN_KA_251925,,,
GEO_IN_KA_297132_W3044500,Ward 6,ward,GEO_IN_KA_297132,,,
GEO_IN_KA_252021_W28249,Mangalore (M Corp.) - Ward No.38,ward,GEO_IN_KA_252021,,,
GEO_IN_KA_301054_W3068540,Ward 6,ward,GEO_IN_KA_301054,,,
GEO_IN_KA_251845_W26368,Basavana Bagevadi (TP) - Ward No.13,ward,GEO_IN_KA_251845,,,
GEO_IN_KA_251818_W24763,Gokak (Cmc) - Ward No.5,ward,GEO_IN_KA_251818,,,
GEO_IN_KA_301081_W3068477,Ward 10,ward,GEO_IN_KA_301081,,,
GEO_IN_KA_251812_W24497,Athni (TMC) - Ward No.10,ward,GEO_IN_KA_251812,,,
GEO_IN_KA_251828_W25687,Saundatti-Yellamma (TMC) - Ward No.7,ward,GEO_IN_KA_251828,,,
GEO_IN_KA_276539_W1296105,Ward 12- Ayyappa Swamy Temple,ward,GEO_IN_KA_276539,,,
GEO_IN_KA_251897_W28147,Kalghatgi (TP) - Ward No.4,ward,GEO_IN_KA_251897,,,
GEO_IN_KA_276533_W1296008,Ward No.17,ward,GEO_IN_KA_276533,,,
GEO_IN_KA_251816_W1884217,Konnur (TP) - Ward No.18,ward,GEO_IN_KA_251816,,,
GEO_IN_KA_251896_W28122,Annigeri (TMC) - Ward No.2,ward,GEO_IN_KA_251896,,,
GEO_IN_KA_251939_W31164,Harapanahalli (TP) - Ward No.6,ward,GEO_IN_KA_251939,,,
GEO_IN_KA_251963_W32427,Birur (TMC) - Ward No.7,ward,GEO_IN_KA_251963,,,
GEO_IN_KA_251940_W61503,Jagalur (TP) - Ward No.3,ward,GEO_IN_KA_251940,,,
GEO_IN_KA_251874_W63789,Devadurga (TP) - Ward No.14,ward,GEO_IN_KA_251874,,,
GEO_IN_KA_251924_W61306,Kampli (TMC) - Ward No.8,ward,GEO_IN_KA_251924,,,
GEO_IN_KA_251840_W26264,Hungund (TP) - Ward No.12,ward,GEO_IN_KA_251840,,,
GEO_IN_KA_252006_W26766,Maddur (TMC) - Ward No.2,ward,GEO_IN_KA_252006,,,
GEO_IN_KA_251939_W31167,Harapanahalli (TP) - Ward No.9,ward,GEO_IN_KA_251939,,,
GEO_IN_KA_251982_W25747,Sidlaghatta (TMC) - Ward No.23,ward,GEO_IN_KA_251982,,,
GEO_IN_KA_297129_W2805081,Ward 9,ward,GEO_IN_KA_297129,,,
GEO_IN_KA_251845_W26375,Basavana Bagevadi (TP) - Ward No.20,ward,GEO_IN_KA_251845,,,
GEO_IN_KA_251915_W30021,Hangal (TMC) - Ward No.4,ward,GEO_IN_KA_251915,,,
GEO_IN_KA_276537_W1296069,Ward No.22,ward,GEO_IN_KA_276537,,,
GEO_IN_KA_251864_W27417,Basavakalyan (TMC) - Ward No.23,ward,GEO_IN_KA_251864,,,
GEO_IN_KA_251916_W69702,Haveri (Cmc) - Ward No.30,ward,GEO_IN_KA_251916,,,
GEO_IN_KA_251876_W27685,Raichur (Cmc) - Ward No.30,ward,GEO_IN_KA_251876,,,
GEO_IN_KA_251839_W26136,Bagalkot (Cmc) - Ward No.12,ward,GEO_IN_KA_251839,,,
GEO_IN_KA_276516_W1296403,Khaji Oni,ward,GEO_IN_KA_276516,,,
GEO_IN_KA_251939_W31166,Harapanahalli (TP) - Ward No.8,ward,GEO_IN_KA_251939,,,
GEO_IN_KA_251887_W27952,Naregal (TP) - Ward No.4,ward,GEO_IN_KA_251887,,,
GEO_IN_KA_252003_W26738,Pandavapura (TP) - Ward No.14,ward,GEO_IN_KA_252003,,,
GEO_IN_KA_251975_W64935,Tiptur (TMC) - Ward No.18,ward,GEO_IN_KA_251975,,,
GEO_IN_KA_276599_W1296273,Ward-2,ward,GEO_IN_KA_276599,,,
GEO_IN_KA_251859_W63513,Shorapur (TMC) - Ward No.4,ward,GEO_IN_KA_251859,,,
GEO_IN_KA_252004_W26757,Shrirangapattana (TMC) - Ward No.16,ward,GEO_IN_KA_252004,,,
GEO_IN_KA_251981_W2443617,Bagepalli (TP) - Ward No.23,ward,GEO_IN_KA_251981,,,
GEO_IN_KA_276542_W1295809,Nayakanahatty-3,ward,GEO_IN_KA_276542,,,
GEO_IN_KA_252043_W65833,Hunsur (TMC) - Ward No.12,ward,GEO_IN_KA_252043,,,
GEO_IN_KA_251882_W1891317,Koppal (Cmc) - Ward No.28,ward,GEO_IN_KA_251882,,,
GEO_IN_KA_251943_W31242,Channagiri (TP) - Ward No.13,ward,GEO_IN_KA_251943,,,
GEO_IN_KA_251985_W65077,Kolar (Cmc) - Ward No.30,ward,GEO_IN_KA_251985,,,
GEO_IN_KA_276605_W1296238,Ward-6,ward,GEO_IN_KA_276605,,,
GEO_IN_KA_251812_W24492,Athni (TMC) - Ward No.5,ward,GEO_IN_KA_251812,,,
GEO_IN_KA_251970_W25361,Pavagada (TP) - Ward No.6,ward,GEO_IN_KA_251970,,,
GEO_IN_KA_276522_W1293505,Ward-11,ward,GEO_IN_KA_276522,,,
GEO_IN_KA_251908_W29973,Siddapur (TP) - Ward No.12,ward,GEO_IN_KA_251908,,,
GEO_IN_KA_276538_W1296358,Ward-10,ward,GEO_IN_KA_276538,,,
GEO_IN_KA_276600_W1302727,Ward No.55 (Malleswaram),ward,GEO_IN_KA_276600,,,
GEO_IN_KA_276600_W1303140,Ward No.2 (Chowdeswari Ward),ward,GEO_IN_KA_276600,,,
GEO_IN_KA_252003_W26735,Pandavapura (TP) - Ward No.11,ward,GEO_IN_KA_252003,,,
GEO_IN_KA_252052_W1920852,Tirumakudal - Narsipur (TP) - Ward No.14,ward,GEO_IN_KA_252052,,,
GEO_IN_KA_251842_W2440244,Ward-3,ward,GEO_IN_KA_251842,,,
GEO_IN_KA_297129_W2805080,Ward 8,ward,GEO_IN_KA_297129,,,
GEO_IN_KA_252045_W28836,Mysore (M Corp.) - Ward No.31,ward,GEO_IN_KA_252045,,,
GEO_IN_KA_276572_W1296215,Hurulisal,ward,GEO_IN_KA_276572,,,
GEO_IN_KA_251844_W63448,Sindgi (TMC) - Ward No.8,ward,GEO_IN_KA_251844,,,
GEO_IN_KA_252006_W26775,Maddur (TMC) - Ward No.11,ward,GEO_IN_KA_252006,,,
GEO_IN_KA_276600_W1302730,Ward No.58 (Kadu Malleshwar Ward ),ward,GEO_IN_KA_276600,,,
GEO_IN_KA_251815_W24742,Mudalgi (TMC) - Ward No.23,ward,GEO_IN_KA_251815,,,
GEO_IN_KA_276600_W1302719,Ward No.47 (Dr. Puneet Rajkumar),ward,GEO_IN_KA_276600,,,
GEO_IN_KA_251861_W27372,Shahpur (TMC) - Ward No.5,ward,GEO_IN_KA_251861,,,
GEO_IN_KA_251891_W28015,Lakshmeshwar (TMC) - Ward No.17,ward,GEO_IN_KA_251891,,,
GEO_IN_KA_276519_W1293453,Ward-23,ward,GEO_IN_KA_276519,,,
GEO_IN_KA_253186_W65549,Ramanagara- Ward No.23,ward,GEO_IN_KA_253186,,,
GEO_IN_KA_251890_W60503,Shirhatti (TP) - Ward No.9,ward,GEO_IN_KA_251890,,,
GEO_IN_KA_251832_W25954,Jamkhandi (TMC) - Ward No.27,ward,GEO_IN_KA_251832,,,
GEO_IN_KA_251897_W923383,Kalghatgi (TP) - Ward No.7,ward,GEO_IN_KA_251897,,,
GEO_IN_KA_252039_W2519,"Kushal Nagar-5 (Dandinapete, Awabhi Layout, Shanthi Marg)",ward,GEO_IN_KA_252039,,,
GEO_IN_KA_252051_W65878,Bannur (TMC) - Ward No.5,ward,GEO_IN_KA_252051,,,
GEO_IN_KA_276579_W1296038,Ward-7,ward,GEO_IN_KA_276579,,,
GEO_IN_KA_251835_W63243,Mudhol (TMC) - Ward No.23,ward,GEO_IN_KA_251835,,,
GEO_IN_KA_251894_W28119,Alnavar (TP) - Ward No.14,ward,GEO_IN_KA_251894,,,
GEO_IN_KA_251930_W30848,Kudligi (TP) - Ward No.12,ward,GEO_IN_KA_251930,,,
GEO_IN_KA_251878_W27822,Sindhnur (TMC) - Ward No.15,ward,GEO_IN_KA_251878,,,
GEO_IN_KA_252008_W27737,Sakleshpur (TMC) - Ward No.14,ward,GEO_IN_KA_252008,,,
GEO_IN_KA_251926_W30797,Tekkalakote (TP) - Ward No.15,ward,GEO_IN_KA_251926,,,
GEO_IN_KA_251820_W25469,Hukeri (TP) - Ward No.3,ward,GEO_IN_KA_251820,,,
GEO_IN_KA_251864_W27420,Basavakalyan (TMC) - Ward No.26,ward,GEO_IN_KA_251864,,,
GEO_IN_KA_276574_W1295469,Kalmeshwar Oni,ward,GEO_IN_KA_276574,,,
GEO_IN_KA_276560_W1296374,New Busstand Area,ward,GEO_IN_KA_276560,,,
GEO_IN_KA_251867_W27544,Bidar (Cmc) - Ward No.26,ward,GEO_IN_KA_251867,,,
GEO_IN_KA_251899_W28631,Dandeli (Cmc) - Ward No.1,ward,GEO_IN_KA_251899,,,
GEO_IN_KA_252054_W29144,Chamarajanagar (Cmc) - Ward No.17,ward,GEO_IN_KA_252054,,,
GEO_IN_KA_276600_W1302764,Ward No.92 (Basavanapura),ward,GEO_IN_KA_276600,,,
GEO_IN_KA_251913_W2444,Bankapura (TMC) - Ward No.15,ward,GEO_IN_KA_251913,,,
GEO_IN_KA_251964_W61592,Kadur (TMC) - Ward No.16,ward,GEO_IN_KA_251964,,,
GEO_IN_KA_251868_W27568,Homnabad (TMC) - Ward No.13,ward,GEO_IN_KA_251868,,,
GEO_IN_KA_251855_W27052,Shahabad (TMC) - Ward No.9,ward,GEO_IN_KA_251855,,,
GEO_IN_KA_252037_W28748,"Madikeri-19(Part Of Kannandabane,Mysore Road,Housing Board,Man Compound Road)",ward,GEO_IN_KA_252037,,,
GEO_IN_KA_276600_W1302795,Ward No.123 (Gandhinagar),ward,GEO_IN_KA_276600,,,
GEO_IN_KA_252014_W27807,Arkalgud (TP) - Ward No.6,ward,GEO_IN_KA_252014,,,
GEO_IN_KA_251925_W1864368,Siruguppa (TP) - Ward No.26,ward,GEO_IN_KA_251925,,,
GEO_IN_KA_251951_W31728,Shimoga (Cmc) - Ward No.21,ward,GEO_IN_KA_251951,,,
GEO_IN_KA_252050_W65847,Nanjangud (TMC) - Ward No.1,ward,GEO_IN_KA_252050,,,
GEO_IN_KA_251935_W1923715,Holalkere (TP) - Ward No.16,ward,GEO_IN_KA_251935,,,
GEO_IN_KA_251862_W2146596,Gurmatkal-23,ward,GEO_IN_KA_251862,,,
GEO_IN_KA_252004_W26758,Shrirangapattana (TMC) - Ward No.17,ward,GEO_IN_KA_252004,,,
GEO_IN_KA_301790_W3287815,Ward No.18,ward,GEO_IN_KA_301790,,,
GEO_IN_KA_251885_W2178676,Ron (TP) - Ward No - 22,ward,GEO_IN_KA_251885,,,
GEO_IN_KA_251849_W930334,Afzalpur (TP) - Ward No.18,ward,GEO_IN_KA_251849,,,
GEO_IN_KA_252010_W27789,Gundukanahalli (OG) - Ward No.26,ward,GEO_IN_KA_252010,,,
GEO_IN_KA_253186_W65144,Ramanagara-Ward No.10,ward,GEO_IN_KA_253186,,,
GEO_IN_KA_252040_W65727,Virajpet-11 (Meenupet-1),ward,GEO_IN_KA_252040,,,
GEO_IN_KA_251836_W63430,Kerur (TP) - Ward No.6,ward,GEO_IN_KA_251836,,,
GEO_IN_KA_253188_W3046915,Ward 7,ward,GEO_IN_KA_253188,,,
GEO_IN_KA_252001_W1891749,Krishnarajpet (TP) - Ward No.19,ward,GEO_IN_KA_252001,,,
GEO_IN_KA_251995_W26565,Hosakote (TMC) - Ward No.21,ward,GEO_IN_KA_251995,,,
GEO_IN_KA_251965_W32447,Chikmagalur (Cmc) - Ward No.4,ward,GEO_IN_KA_251965,,,
GEO_IN_KA_276605_W1296241,Ward-9,ward,GEO_IN_KA_276605,,,
GEO_IN_KA_276539_W1296107,Ward 14- Sharada School Ward,ward,GEO_IN_KA_276539,,,
GEO_IN_KA_251973_W64906,Tumkur (Cmc) - Ward No.24,ward,GEO_IN_KA_251973,,,
GEO_IN_KA_251921_W30411,Hoovina Hadagalli (TP) - Ward No.10,ward,GEO_IN_KA_251921,,,
GEO_IN_KA_276572_W1296221,Janathamane - Devinagar,ward,GEO_IN_KA_276572,,,
GEO_IN_KA_251926_W30502,Tekkalakote (TP) - Ward No.8,ward,GEO_IN_KA_251926,,,
GEO_IN_KA_251854_W63508,Bhankur (OG) - Ward No.2,ward,GEO_IN_KA_251854,,,
GEO_IN_KA_276477_W1293400,8-Idali Tota,ward,GEO_IN_KA_276477,,,
GEO_IN_KA_253185_W26574,Channapatna - Ward No.2,ward,GEO_IN_KA_253185,,,
GEO_IN_KA_251975_W64936,Tiptur (TMC) - Ward No.19,ward,GEO_IN_KA_251975,,,
GEO_IN_KA_251824_W25518,Belgaum (M Corp.) - Ward No.31,ward,GEO_IN_KA_251824,,,
GEO_IN_KA_251874_W63780,Devadurga (TP) - Ward No.5,ward,GEO_IN_KA_251874,,,
GEO_IN_KA_251844_W63441,Sindgi (TMC) - Ward No.1,ward,GEO_IN_KA_251844,,,
GEO_IN_KA_251836_W1722549,Kerur (TP) -Ward No.17,ward,GEO_IN_KA_251836,,,
GEO_IN_KA_299329_W3287838,Ward No.7,ward,GEO_IN_KA_299329,,,
GEO_IN_KA_251941_W31191,Davanagere (Cmc) - Ward No.10,ward,GEO_IN_KA_251941,,,
GEO_IN_KA_251983_W25772,Chintamani (Cmc) - Ward No.25,ward,GEO_IN_KA_251983,,,
GEO_IN_KA_251911_W30003,Bhatkal (TMC) - Ward No.11,ward,GEO_IN_KA_251911,,,
GEO_IN_KA_251983_W25756,Chintamani (Cmc) - Ward No.9,ward,GEO_IN_KA_251983,,,
GEO_IN_KA_276521_W1293466,Ward-13,ward,GEO_IN_KA_276521,,,
GEO_IN_KA_251988_W25833,Robertson Pet (Cmc) - Ward No.15,ward,GEO_IN_KA_251988,,,
GEO_IN_KA_276600_W1302791,Ward No.119 (Shivaji Nagar),ward,GEO_IN_KA_276600,,,
GEO_IN_KA_276600_W1302838,Ward No.166 (Shanthi Nagar),ward,GEO_IN_KA_276600,,,
GEO_IN_KA_251871_W27627,Lingsugur (TP) - Ward No.9,ward,GEO_IN_KA_251871,,,
GEO_IN_KA_301082_W3068492,Ward 2,ward,GEO_IN_KA_301082,,,
GEO_IN_KA_299328_W3046828,Ward 4,ward,GEO_IN_KA_299328,,,
GEO_IN_KA_251892_W28023,Mundargi (TP) - Ward No.2,ward,GEO_IN_KA_251892,,,
GEO_IN_KA_251895_W60979,Navalgund (TMC) - Ward No.1,ward,GEO_IN_KA_251895,,,
GEO_IN_KA_251827_W923091,Bail Hongal(TMC) - Ward No 25,ward,GEO_IN_KA_251827,,,
GEO_IN_KA_251847_W26401,Talikota (TMC) - Ward No.3,ward,GEO_IN_KA_251847,,,
GEO_IN_KA_252027_W1887747,Ullal (TP) - Ward No.24,ward,GEO_IN_KA_252027,,,
GEO_IN_KA_251990_W26466,Nelamangala (TP) - Ward No.15,ward,GEO_IN_KA_251990,,,
GEO_IN_KA_276600_W1302845,Ward No.173 (Ejipura),ward,GEO_IN_KA_276600,,,
GEO_IN_KA_251963_W32437,Birur (TMC) - Ward No.17,ward,GEO_IN_KA_251963,,,
GEO_IN_KA_251946_W61516,Sorab (TP) - Ward No.3,ward,GEO_IN_KA_251946,,,
GEO_IN_KA_253185_W26620,Channapatna - Ward No.25,ward,GEO_IN_KA_253185,,,
GEO_IN_KA_251939_W2439968,Ward-25,ward,GEO_IN_KA_251939,,,
GEO_IN_KA_276496_W1296425,Ward-8,ward,GEO_IN_KA_276496,,,
GEO_IN_KA_251881_W27854,Gangawati (Cmc) - Ward No.5,ward,GEO_IN_KA_251881,,,
GEO_IN_KA_252003_W26725,Pandavapura (TP) - Ward No.1,ward,GEO_IN_KA_252003,,,
GEO_IN_KA_251878_W27828,Sindhnur (TMC) - Ward No.21,ward,GEO_IN_KA_251878,,,
GEO_IN_KA_252027_W65706,Ullal (TP) - Ward No.11,ward,GEO_IN_KA_252027,,,
GEO_IN_KA_299321_W3046851,Ward 7,ward,GEO_IN_KA_299321,,,
GEO_IN_KA_252051_W65882,Bannur (TMC) - Ward No.9,ward,GEO_IN_KA_252051,,,
GEO_IN_KA_251927_W30834,Bellary (Cmc) - Ward No.33,ward,GEO_IN_KA_251927,,,
GEO_IN_KA_251842_W2440256,Ward-15,ward,GEO_IN_KA_251842,,,
GEO_IN_KA_251914_W61267,Savanur (TMC) - Ward No.19,ward,GEO_IN_KA_251914,,,
GEO_IN_KA_251853_W2144735,Chittapura-19,ward,GEO_IN_KA_251853,,,
GEO_IN_KA_251870_W1921499,Mudgal (TP) - Ward No.16,ward,GEO_IN_KA_251870,,,
GEO_IN_KA_251900_W28657,Karwar (Cmc) - Ward No.2,ward,GEO_IN_KA_251900,,,
GEO_IN_KA_251938_W31156,Harihar (Cmc) - Ward No.29,ward,GEO_IN_KA_251938,,,
GEO_IN_KA_251830_W63216,Mahalingpur (TMC) - Ward No.19,ward,GEO_IN_KA_251830,,,
GEO_IN_KA_251833_W26061,Rabkavi-Banhatti (Cmc) - Ward No.24,ward,GEO_IN_KA_251833,,,
GEO_IN_KA_251827_W25663,Bail Hongal (TMC) - Ward No.6,ward,GEO_IN_KA_251827,,,
GEO_IN_KA_248127_W26996,Kalaburagi (M Corp.) - Ward No.17,ward,GEO_IN_KA_248127,,,
GEO_IN_KA_251888_W27997,Gadag-Betigeri (Cmc) - Ward No.34,ward,GEO_IN_KA_251888,,,
GEO_IN_KA_251907_W61047,Kumta (TMC) - Ward No.15,ward,GEO_IN_KA_251907,,,
GEO_IN_KA_251901_W2178763,Haliyal-23,ward,GEO_IN_KA_251901,,,
GEO_IN_KA_251882_W1891319,Koppal (Cmc) - Ward No.30,ward,GEO_IN_KA_251882,,,
GEO_IN_KA_276555_W1294266,Ward-15,ward,GEO_IN_KA_276555,,,
GEO_IN_KA_251946_W61522,Sorab (TP) - Ward No.9,ward,GEO_IN_KA_251946,,,
GEO_IN_KA_251887_W27959,Naregal (TP) - Ward No.11,ward,GEO_IN_KA_251887,,,
GEO_IN_KA_251924_W61301,Kampli (TMC) - Ward No.3,ward,GEO_IN_KA_251924,,,
GEO_IN_KA_252004_W26760,Shrirangapattana (TMC) - Ward No.19,ward,GEO_IN_KA_252004,,,
GEO_IN_KA_251863_W71956,Yadgir (TMC) - Ward No.31,ward,GEO_IN_KA_251863,,,
GEO_IN_KA_251811_W24465,Chikodi (TMC) - Ward No.1,ward,GEO_IN_KA_251811,,,
GEO_IN_KA_299318_W3287779,Ward No.5,ward,GEO_IN_KA_299318,,,
GEO_IN_KA_251825_W25652,Khanapur (TP) - Ward No.11,ward,GEO_IN_KA_251825,,,
GEO_IN_KA_251953_W1922575,Kundapura (TMC) - Ward No.12,ward,GEO_IN_KA_251953,,,
GEO_IN_KA_276463_W1295944,30-Sree Muneshwara Ward,ward,GEO_IN_KA_276463,,,
GEO_IN_KA_276474_W1295840,Ward-7,ward,GEO_IN_KA_276474,,,
GEO_IN_KA_276600_W1302866,Ward No.194 (Chikkalsandra),ward,GEO_IN_KA_276600,,,
GEO_IN_KA_252035_W28409,Puttur(TMC) - Ward No.5,ward,GEO_IN_KA_252035,,,
GEO_IN_KA_276464_W1295904,Ward No.13,ward,GEO_IN_KA_276464,,,
GEO_IN_KA_276556_W2890339,Ward22,ward,GEO_IN_KA_276556,,,
GEO_IN_KA_276599_W1296282,Ward-11,ward,GEO_IN_KA_276599,,,
GEO_IN_KA_251930_W30850,Kudligi (TP) - Ward No.14,ward,GEO_IN_KA_251930,,,
GEO_IN_KA_252017_W1888949,Mulki (TP) - Ward No.18,ward,GEO_IN_KA_252017,,,
GEO_IN_KA_251852_W63505,Sedam (TMC) - Ward No.22,ward,GEO_IN_KA_251852,,,
GEO_IN_KA_252045_W28860,Mysore (M Corp.) - Ward No.55,ward,GEO_IN_KA_252045,,,
GEO_IN_KA_248127_W27025,Kalaburagi (M Corp.) - Ward No.46,ward,GEO_IN_KA_248127,,,
GEO_IN_KA_276597_W1294039,Ward-4,ward,GEO_IN_KA_276597,,,
GEO_IN_KA_251948_W31308,Shikarpur (TMC) - Ward No.20,ward,GEO_IN_KA_251948,,,
GEO_IN_KA_251917_W30057,Byadgi (TMC) - Ward No.17,ward,GEO_IN_KA_251917,,,
GEO_IN_KA_251914_W61254,Savanur (TMC) - Ward No.6,ward,GEO_IN_KA_251914,,,
GEO_IN_KA_251986_W25817,Malur (TMC) - Ward No.22,ward,GEO_IN_KA_251986,,,
GEO_IN_KA_251917_W30045,Byadgi (TMC) - Ward No.5,ward,GEO_IN_KA_251917,,,
GEO_IN_KA_251977_W25551,Kunigal (TMC) - Ward No.13,ward,GEO_IN_KA_251977,,,
GEO_IN_KA_251916_W61294,Haveri (Cmc) - Ward No.23,ward,GEO_IN_KA_251916,,,
GEO_IN_KA_251989_W25865,Mulbagal (TMC) - Ward No.6,ward,GEO_IN_KA_251989,,,
GEO_IN_KA_252010_W27772,Arsikere (TMC) - Ward No.9,ward,GEO_IN_KA_252010,,,
GEO_IN_KA_276516_W1296415,Vara Halleraya Badavane (Parasanahalli-1),ward,GEO_IN_KA_276516,,,
GEO_IN_KA_251947_W1921829,Siralkoppa (TP) - Ward No.14,ward,GEO_IN_KA_251947,,,
GEO_IN_KA_251858_W27359,Jevargi (TP) - Ward No.4,ward,GEO_IN_KA_251858,,,
GEO_IN_KA_251943_W31243,Channagiri (TP) - Ward No.14,ward,GEO_IN_KA_251943,,,
GEO_IN_KA_251810_W63196,Sadalgi (TP) - Ward No.15,ward,GEO_IN_KA_251810,,,
GEO_IN_KA_297133_W2440157,Ward-16,ward,GEO_IN_KA_297133,,,
GEO_IN_KA_252038_W28760,Somvarpet (TP) - Ward No.8,ward,GEO_IN_KA_252038,,,
GEO_IN_KA_251845_W26362,Basavana Bagevadi (TP) - Ward No.7,ward,GEO_IN_KA_251845,,,
GEO_IN_KA_251893_W2890382,Ward82,ward,GEO_IN_KA_251893,,,
GEO_IN_KA_296976_W2440171,Ward-14,ward,GEO_IN_KA_296976,,,
GEO_IN_KA_276563_W1295957,Nadavina Patti,ward,GEO_IN_KA_276563,,,
GEO_IN_KA_251974_W25420,Gubbi (TP) - Ward No.11,ward,GEO_IN_KA_251974,,,
GEO_IN_KA_251827_W25667,Bail Hongal (TMC) - Ward No.10,ward,GEO_IN_KA_251827,,,
GEO_IN_KA_251925_W30487,Siruguppa (TP) - Ward No.13,ward,GEO_IN_KA_251925,,,
GEO_IN_KA_251899_W28634,Dandeli (Cmc) - Ward No.4,ward,GEO_IN_KA_251899,,,
GEO_IN_KA_251968_W25329,Chiknayakanhalli (TMC) - Ward No.20,ward,GEO_IN_KA_251968,,,
GEO_IN_KA_251969_W25346,Sira (TMC) - Ward No.14,ward,GEO_IN_KA_251969,,,
GEO_IN_KA_252003_W26732,Pandavapura (TP) - Ward No.8,ward,GEO_IN_KA_252003,,,
GEO_IN_KA_277668_W3046760,Ward 17,ward,GEO_IN_KA_277668,,,
GEO_IN_KA_251970_W25375,Pavagada (TP) - Ward No.20,ward,GEO_IN_KA_251970,,,
GEO_IN_KA_251832_W25948,Jamkhandi (TMC) - Ward No.21,ward,GEO_IN_KA_251832,,,
GEO_IN_KA_252036_W1887210,Sulya (TP) - Ward No.11,ward,GEO_IN_KA_252036,,,
GEO_IN_KA_252002_W1891662,Nagamangala (TP) - Ward No.16,ward,GEO_IN_KA_252002,,,
GEO_IN_KA_251882_W63804,Koppal (Cmc) - Ward No.7,ward,GEO_IN_KA_251882,,,
GEO_IN_KA_251842_W2440251,Ward-10,ward,GEO_IN_KA_251842,,,
GEO_IN_KA_251832_W25931,Jamkhandi (TMC) - Ward No.4,ward,GEO_IN_KA_251832,,,
GEO_IN_KA_251993_W2440216,Ward-10,ward,GEO_IN_KA_251993,,,
GEO_IN_KA_252017_W28200,Mulki (TP) - Ward No.5,ward,GEO_IN_KA_252017,,,
GEO_IN_KA_251845_W26364,Basavana Bagevadi (TP) - Ward No.9,ward,GEO_IN_KA_251845,,,
GEO_IN_KA_251978_W2176859,Gauribidanur-29,ward,GEO_IN_KA_251978,,,
GEO_IN_KA_252029_W3068746,ward No.6,ward,GEO_IN_KA_252029,,,
GEO_IN_KA_276532_W1295866,Ward-15,ward,GEO_IN_KA_276532,,,
GEO_IN_KA_252016_W28179,Channarayapatna (TMC) - Ward No.9,ward,GEO_IN_KA_252016,,,
GEO_IN_KA_251906_W1922741,Ankola (TP) - Ward No. 23,ward,GEO_IN_KA_251906,,,
GEO_IN_KA_251936_W1886307,Hosadurga (TP) - Ward No.22,ward,GEO_IN_KA_251936,,,
GEO_IN_KA_251958_W1922639,Karkal (TMC) - Ward No.14,ward,GEO_IN_KA_251958,,,
GEO_IN_KA_251946_W3044508,Ward 15,ward,GEO_IN_KA_251946,,,
GEO_IN_KA_251878_W2178783,Sindhanur-31,ward,GEO_IN_KA_251878,,,
GEO_IN_KA_252040_W65729,Virajpet-13 (Gowrikere),ward,GEO_IN_KA_252040,,,
GEO_IN_KA_276565_W1296083,Patil Galli,ward,GEO_IN_KA_276565,,,
GEO_IN_KA_276477_W1293394,2- Ambedkar Galli,ward,GEO_IN_KA_276477,,,
GEO_IN_KA_251937_W61484,Hiriyur (TMC) - Ward No.7,ward,GEO_IN_KA_251937,,,
GEO_IN_KA_251809_W24441,Nipani (Cmc) - Ward No.8,ward,GEO_IN_KA_251809,,,
GEO_IN_KA_299180_W3044568,Ward 7,ward,GEO_IN_KA_299180,,,
GEO_IN_KA_276544_W1296202,Barpet Galli,ward,GEO_IN_KA_276544,,,
GEO_IN_KA_252056_W2965,Kollegal (Cmc) - Ward No.31,ward,GEO_IN_KA_252056,,,
GEO_IN_KA_276464_W1295902,Ward No.11,ward,GEO_IN_KA_276464,,,
GEO_IN_KA_299180_W3044575,Ward 14,ward,GEO_IN_KA_299180,,,
GEO_IN_KA_251994_W65120,Devanahalli (TMC) - Ward No.19,ward,GEO_IN_KA_251994,,,
GEO_IN_KA_276532_W1295853,Ward-2,ward,GEO_IN_KA_276532,,,
GEO_IN_KA_251958_W1922648,Karkal (TMC) - Ward No.23,ward,GEO_IN_KA_251958,,,
GEO_IN_KA_301790_W3287805,Ward No.8,ward,GEO_IN_KA_301790,,,
GEO_IN_KA_251937_W61497,Hiriyur (TMC) - Ward No.20,ward,GEO_IN_KA_251937,,,
GEO_IN_KA_251903_W28692,Yellapur (TP) - Ward No.5,ward,GEO_IN_KA_251903,,,
GEO_IN_KA_251888_W27994,Gadag-Betigeri (Cmc) - Ward No.31,ward,GEO_IN_KA_251888,,,
GEO_IN_KA_251843_W26354,Indi (TMC) - Ward No.22,ward,GEO_IN_KA_251843,,,
GEO_IN_KA_299327_W3304242,ward No.14,ward,GEO_IN_KA_299327,,,
GEO_IN_KA_276497_W1293414,Ward No-3,ward,GEO_IN_KA_276497,,,
GEO_IN_KA_251867_W27534,Bidar (Cmc) - Ward No.16,ward,GEO_IN_KA_251867,,,
GEO_IN_KA_252029_W3068761,ward No.21,ward,GEO_IN_KA_252029,,,
GEO_IN_KA_252006_W26765,Maddur (TMC) - Ward No.1,ward,GEO_IN_KA_252006,,,
GEO_IN_KA_253130_W29185,Kollegal (Cmc) - Ward No.8,ward,GEO_IN_KA_253130,,,
GEO_IN_KA_251833_W26060,Rabkavi-Banhatti (Cmc) - Ward No.23,ward,GEO_IN_KA_251833,,,
GEO_IN_KA_251862_W7166,Gurmatkal (TP) - Ward No.7,ward,GEO_IN_KA_251862,,,
GEO_IN_KA_251893_W2890378,Ward78,ward,GEO_IN_KA_251893,,,
GEO_IN_KA_252005_W65567,Mandya (Cmc) - Ward No.18,ward,GEO_IN_KA_252005,,,
GEO_IN_KA_252001_W26699,Krishnarajpet (TP) - Ward No.8,ward,GEO_IN_KA_252001,,,
GEO_IN_KA_251937_W61489,Hiriyur (TMC) - Ward No.12,ward,GEO_IN_KA_251937,,,
GEO_IN_KA_253186_W65160,Ramanagara-Ward No.18,ward,GEO_IN_KA_253186,,,
GEO_IN_KA_251835_W63240,Mudhol (TMC) - Ward No.20,ward,GEO_IN_KA_251835,,,
GEO_IN_KA_276533_W1296014,Ward No.23,ward,GEO_IN_KA_276533,,,
GEO_IN_KA_251811_W24467,Chikodi (TMC) - Ward No.3,ward,GEO_IN_KA_251811,,,
GEO_IN_KA_251962_W2179089,Tarikere-21,ward,GEO_IN_KA_251962,,,
GEO_IN_KA_252054_W29146,Chamarajanagar (Cmc) - Ward No.19,ward,GEO_IN_KA_252054,,,
GEO_IN_KA_251841_W26280,Ilkal (TMC) - Ward No.12,ward,GEO_IN_KA_251841,,,
GEO_IN_KA_251951_W31337,Shimoga (Cmc) - Ward No.1,ward,GEO_IN_KA_251951,,,
GEO_IN_KA_251965_W32450,Chikmagalur (Cmc) - Ward No.7,ward,GEO_IN_KA_251965,,,
GEO_IN_KA_251849_W63471,Afzalpur (TP) - Ward No.8,ward,GEO_IN_KA_251849,,,
GEO_IN_KA_296954_W2890383,Ward 1,ward,GEO_IN_KA_296954,,,
GEO_IN_KA_251855_W27044,Shahabad (TMC) - Ward No.1,ward,GEO_IN_KA_251855,,,
GEO_IN_KA_301081_W3068472,Ward 5,ward,GEO_IN_KA_301081,,,
GEO_IN_KA_251926_W30498,Tekkalakote (TP) - Ward No.4,ward,GEO_IN_KA_251926,,,
GEO_IN_KA_251943_W2178634,Channagiri (TP) - Ward No.23,ward,GEO_IN_KA_251943,,,
GEO_IN_KA_251896_W28142,Annigeri (TMC) - Ward No.22,ward,GEO_IN_KA_251896,,,
GEO_IN_KA_252007_W65600,Malavalli (TMC) - Ward No.16,ward,GEO_IN_KA_252007,,,
GEO_IN_KA_252053_W29117,Gundlupet (TMC) - Ward No.13,ward,GEO_IN_KA_252053,,,
GEO_IN_KA_251929_W61328,Sandur (TP) - Ward No.6,ward,GEO_IN_KA_251929,,,
GEO_IN_KA_251893_W28090,Hubli-Dharwad (M Corp.) - Ward No.52,ward,GEO_IN_KA_251893,,,
GEO_IN_KA_251937_W1886399,Hiriyur (TMC) - Ward No.30,ward,GEO_IN_KA_251937,,,
GEO_IN_KA_251979_W25614,Chik Ballapur (Cmc) - Ward No.19,ward,GEO_IN_KA_251979,,,
GEO_IN_KA_251848_W26977,Aland (TMC) - Ward No.21,ward,GEO_IN_KA_251848,,,
GEO_IN_KA_251839_W26251,Bagalkot (Cmc) - Ward No.30,ward,GEO_IN_KA_251839,,,
GEO_IN_KA_251824_W25621,Belgaum (M Corp.) - Ward No.45,ward,GEO_IN_KA_251824,,,
GEO_IN_KA_251841_W26279,Ilkal (TMC) - Ward No.11,ward,GEO_IN_KA_251841,,,
GEO_IN_KA_251986_W25811,Malur (TMC) - Ward No.16,ward,GEO_IN_KA_251986,,,
GEO_IN_KA_276565_W1296080,Onte Galli,ward,GEO_IN_KA_276565,,,
GEO_IN_KA_251965_W32471,Chikmagalur (Cmc) - Ward No.28,ward,GEO_IN_KA_251965,,,
GEO_IN_KA_251985_W64956,Kolar (Cmc) - Ward No.1,ward,GEO_IN_KA_251985,,,
GEO_IN_KA_251936_W31112,Hosdurga (TP) - Ward No.3,ward,GEO_IN_KA_251936,,,
GEO_IN_KA_251873_W1921539,Ward-12,ward,GEO_IN_KA_251873,,,
GEO_IN_KA_251856_W931342,Wadi (TMC) - Ward No.10,ward,GEO_IN_KA_251856,,,
GEO_IN_KA_252045_W28862,Mysore (M Corp.) - Ward No.57,ward,GEO_IN_KA_252045,,,
GEO_IN_KA_299319_W3287734,Ward No.6,ward,GEO_IN_KA_299319,,,
GEO_IN_KA_251881_W27850,Gangawati (Cmc) - Ward No.1,ward,GEO_IN_KA_251881,,,
GEO_IN_KA_251983_W25765,Chintamani (Cmc) - Ward No.18,ward,GEO_IN_KA_251983,,,
GEO_IN_KA_251950_W31324,Tirthahalli (TP) - Ward No.2,ward,GEO_IN_KA_251950,,,
GEO_IN_KA_251843_W26338,Indi (TMC) - Ward No.6,ward,GEO_IN_KA_251843,,,
GEO_IN_KA_251865_W1884770,Bhalki (TMC) - Ward no.27,ward,GEO_IN_KA_251865,,,
GEO_IN_KA_251986_W25814,Malur (TMC) - Ward No.19,ward,GEO_IN_KA_251986,,,
GEO_IN_KA_299181_W3046812,Ward 6,ward,GEO_IN_KA_299181,,,
GEO_IN_KA_276532_W1295869,Ward-18,ward,GEO_IN_KA_276532,,,
GEO_IN_KA_251887_W27953,Naregal (TP) - Ward No.5,ward,GEO_IN_KA_251887,,,
GEO_IN_KA_251996_W65143,Magadi (TMC) - Ward No.10,ward,GEO_IN_KA_251996,,,
GEO_IN_KA_251926_W30801,Tekkalakote (TP) - Ward No.19,ward,GEO_IN_KA_251926,,,
GEO_IN_KA_251898_W28161,Kundgol (TP) - Ward No.13,ward,GEO_IN_KA_251898,,,
GEO_IN_KA_297133_W2440150,Ward-9,ward,GEO_IN_KA_297133,,,
GEO_IN_KA_299319_W3287743,Ward No.15,ward,GEO_IN_KA_299319,,,
GEO_IN_KA_251909_W2443651,Honavar (TP) - Ward No.20,ward,GEO_IN_KA_251909,,,
GEO_IN_KA_251886_W27945,Gajendragarh (TMC) - Ward No.20,ward,GEO_IN_KA_251886,,,
GEO_IN_KA_276522_W1293500,Ward-6,ward,GEO_IN_KA_276522,,,
GEO_IN_KA_251937_W1886400,Hiriyur (TMC) - Ward No.31,ward,GEO_IN_KA_251937,,,
GEO_IN_KA_248127_W27032,Kalaburagi (M Corp.) - Ward No.53,ward,GEO_IN_KA_248127,,,
GEO_IN_KA_276524_W1293525,Ward-3,ward,GEO_IN_KA_276524,,,
GEO_IN_KA_301079_W3068528,Ward 10,ward,GEO_IN_KA_301079,,,
GEO_IN_KA_276576_W1295741,Hanamapur,ward,GEO_IN_KA_276576,,,
GEO_IN_KA_252008_W27732,Sakleshpur (TMC) - Ward No.9,ward,GEO_IN_KA_252008,,,
GEO_IN_KA_251993_W2440222,Ward-16,ward,GEO_IN_KA_251993,,,
GEO_IN_KA_252014_W27813,Arkalgud (TP) - Ward No.12,ward,GEO_IN_KA_252014,,,
GEO_IN_KA_251990_W26469,Nelamangala (TP) - Ward No.18,ward,GEO_IN_KA_251990,,,
GEO_IN_KA_296955_W2491219,Ward-2,ward,GEO_IN_KA_296955,,,
GEO_IN_KA_251937_W1886398,Hiriyur (TMC) - Ward No.29,ward,GEO_IN_KA_251937,,,
GEO_IN_KA_251852_W63489,Sedam (TMC) - Ward No.6,ward,GEO_IN_KA_251852,,,
GEO_IN_KA_251835_W2179113,Mudhol-25,ward,GEO_IN_KA_251835,,,
GEO_IN_KA_251981_W2443612,Bagepalli (TP) - Ward No.18,ward,GEO_IN_KA_251981,,,
GEO_IN_KA_301081_W3068468,Ward 1,ward,GEO_IN_KA_301081,,,
GEO_IN_KA_251963_W32431,Birur (TMC) - Ward No.11,ward,GEO_IN_KA_251963,,,
GEO_IN_KA_248127_W27006,Kalaburagi (M Corp.) - Ward No.27,ward,GEO_IN_KA_248127,,,
GEO_IN_KA_251877_W27693,Manvi (TMC) - Ward No.3,ward,GEO_IN_KA_251877,,,
GEO_IN_KA_276477_W1293393,1-Chikkas Galli,ward,GEO_IN_KA_276477,,,
GEO_IN_KA_251884_W27899,Nargund (TMC) - Ward No.17,ward,GEO_IN_KA_251884,,,
GEO_IN_KA_251828_W25690,Saundatti-Yellamma (TMC) - Ward No.10,ward,GEO_IN_KA_251828,,,
GEO_IN_KA_276532_W1295874,Ward-23,ward,GEO_IN_KA_276532,,,
GEO_IN_KA_252005_W65569,Mandya (Cmc) - Ward No.20,ward,GEO_IN_KA_252005,,,
GEO_IN_KA_252051_W71062,Bannur (TMC) - Ward No.22,ward,GEO_IN_KA_252051,,,
GEO_IN_KA_251893_W2890379,Ward79,ward,GEO_IN_KA_251893,,,
GEO_IN_KA_252005_W65550,Mandya (Cmc) - Ward No.1,ward,GEO_IN_KA_252005,,,
GEO_IN_KA_251954_W31745,Saligram (TMC) - Ward No.3,ward,GEO_IN_KA_251954,,,
GEO_IN_KA_276542_W1295815,Nayakanahatty-9,ward,GEO_IN_KA_276542,,,
GEO_IN_KA_252033_W28387,Bantval (TP) - Ward No.15,ward,GEO_IN_KA_252033,,,
GEO_IN_KA_252005_W65553,Mandya (Cmc) - Ward No.4,ward,GEO_IN_KA_252005,,,
GEO_IN_KA_299183_W3044525,Ward 2,ward,GEO_IN_KA_299183,,,
GEO_IN_KA_251847_W26402,Talikota (TMC) - Ward No.4,ward,GEO_IN_KA_251847,,,
GEO_IN_KA_251859_W63520,Shorapur (TMC) - Ward No.11,ward,GEO_IN_KA_251859,,,
GEO_IN_KA_276542_W1295807,Nayakanahatty-1,ward,GEO_IN_KA_276542,,,
GEO_IN_KA_251934_W31080,Chitradurga (Cmc) - Ward No.20,ward,GEO_IN_KA_251934,,,
GEO_IN_KA_252027_W1887754,Ullal (TP) - Ward No.31,ward,GEO_IN_KA_252027,,,
GEO_IN_KA_251974_W25413,Gubbi (TP) - Ward No.4,ward,GEO_IN_KA_251974,,,
GEO_IN_KA_276540_W1296120,Khaji Colony,ward,GEO_IN_KA_276540,,,
GEO_IN_KA_276572_W1296220,Jali Dodmane,ward,GEO_IN_KA_276572,,,
GEO_IN_KA_251868_W27560,Homnabad (TMC) - Ward No.5,ward,GEO_IN_KA_251868,,,
GEO_IN_KA_296977_W2440131,Ajjampura-08,ward,GEO_IN_KA_296977,,,
GEO_IN_KA_251973_W64886,Tumkur (Cmc) - Ward No.4,ward,GEO_IN_KA_251973,,,
GEO_IN_KA_251856_W931366,Wadi (TMC) - Ward No.16,ward,GEO_IN_KA_251856,,,
GEO_IN_KA_251832_W25940,Jamkhandi (TMC) - Ward No.13,ward,GEO_IN_KA_251832,,,
GEO_IN_KA_252001_W26703,Krishnarajpet (TP) - Ward No.12,ward,GEO_IN_KA_252001,,,
GEO_IN_KA_251893_W28054,Hubli-Dharwad (M Corp.) - Ward No.16,ward,GEO_IN_KA_251893,,,
GEO_IN_KA_251964_W61586,Kadur (TMC) - Ward No.10,ward,GEO_IN_KA_251964,,,
GEO_IN_KA_251818_W24767,Gokak (Cmc) - Ward No.9,ward,GEO_IN_KA_251818,,,
GEO_IN_KA_251831_W25916,Terdal (TP) - Ward No.9,ward,GEO_IN_KA_251831,,,
GEO_IN_KA_299328_W3046843,Ward 19,ward,GEO_IN_KA_299328,,,
GEO_IN_KA_251845_W26358,Basavana Bagevadi (TP) - Ward No.3,ward,GEO_IN_KA_251845,,,
GEO_IN_KA_251868_W27557,Homnabad (TMC) - Ward No.2,ward,GEO_IN_KA_251868,,,
GEO_IN_KA_276542_W1295817,Bosadevarahatty-1,ward,GEO_IN_KA_276542,,,
GEO_IN_KA_252006_W27721,Maddur (TMC) - Ward No.21,ward,GEO_IN_KA_252006,,,
GEO_IN_KA_301082_W3068493,Ward 3,ward,GEO_IN_KA_301082,,,
GEO_IN_KA_276600_W1302817,Ward No.145 (Vijayanagar),ward,GEO_IN_KA_276600,,,
GEO_IN_KA_251941_W31200,Davanagere (Cmc) - Ward No.19,ward,GEO_IN_KA_251941,,,
GEO_IN_KA_251924_W61313,Kampli (TMC) - Ward No.15,ward,GEO_IN_KA_251924,,,
GEO_IN_KA_251893_W28084,Hubli-Dharwad (M Corp.) - Ward No.46,ward,GEO_IN_KA_251893,,,
GEO_IN_KA_276538_W1296361,Ward-13,ward,GEO_IN_KA_276538,,,
GEO_IN_KA_251951_W31342,Shimoga (Cmc) - Ward No.6,ward,GEO_IN_KA_251951,,,
GEO_IN_KA_251845_W26372,Basavana Bagevadi (TP) - Ward No.17,ward,GEO_IN_KA_251845,,,
GEO_IN_KA_251989_W25872,Mulbagal (TMC) - Ward No.13,ward,GEO_IN_KA_251989,,,
GEO_IN_KA_252049_W29079,Heggadadevankote (TP) - Ward No.4,ward,GEO_IN_KA_252049,,,
GEO_IN_KA_251932_W30862,Molakalmuru (TP) - Ward No.8,ward,GEO_IN_KA_251932,,,
GEO_IN_KA_251919_W30092,Ranibennur (Cmc) - Ward No.15,ward,GEO_IN_KA_251919,,,
GEO_IN_KA_251965_W32472,Chikmagalur (Cmc) - Ward No.29,ward,GEO_IN_KA_251965,,,
GEO_IN_KA_296975_W3044624,Ward 27,ward,GEO_IN_KA_296975,,,
GEO_IN_KA_251925_W30477,Siruguppa (TP) - Ward No.3,ward,GEO_IN_KA_251925,,,
GEO_IN_KA_251993_W2440225,Ward-19,ward,GEO_IN_KA_251993,,,
GEO_IN_KA_251993_W2440220,Ward-14,ward,GEO_IN_KA_251993,,,
GEO_IN_KA_276574_W1295463,Hanuman Nagar,ward,GEO_IN_KA_276574,,,
GEO_IN_KA_276534_W1296332,Ward-3,ward,GEO_IN_KA_276534,,,
GEO_IN_KA_251837_W26096,Badami (TP) - Ward No.15,ward,GEO_IN_KA_251837,,,
GEO_IN_KA_251911_W29993,Bhatkal (TMC) - Ward No.1,ward,GEO_IN_KA_251911,,,
GEO_IN_KA_251809_W24436,Nipani (Cmc) - Ward No.3,ward,GEO_IN_KA_251809,,,
GEO_IN_KA_252003_W26740,Pandavapura (TP) - Ward No.16,ward,GEO_IN_KA_252003,,,
GEO_IN_KA_251820_W25484,Hukeri (TP) - Ward No.18,ward,GEO_IN_KA_251820,,,
GEO_IN_KA_252006_W26783,Maddur (TMC) - Ward No.19,ward,GEO_IN_KA_252006,,,
GEO_IN_KA_251905_W28727,Sirsi (Cmc) - Ward No.25,ward,GEO_IN_KA_251905,,,
GEO_IN_KA_251992_W26473,Dod Ballapur (Cmc) - Ward No.3,ward,GEO_IN_KA_251992,,,
GEO_IN_KA_276600_W3290540,Ward No.200(Swamy Vivekananda),ward,GEO_IN_KA_276600,,,
GEO_IN_KA_252042_W1920865,Piriyapatna (TP) - Ward No.18,ward,GEO_IN_KA_252042,,,
GEO_IN_KA_252050_W65873,Nanjangud (TMC) - Ward No.27,ward,GEO_IN_KA_252050,,,
GEO_IN_KA_251839_W26248,Bagalkot (Cmc) - Ward No.27,ward,GEO_IN_KA_251839,,,
GEO_IN_KA_251855_W27344,Shahabad (TMC) - Ward No.17,ward,GEO_IN_KA_251855,,,
GEO_IN_KA_251878_W27819,Sindhnur (TMC) - Ward No.12,ward,GEO_IN_KA_251878,,,
GEO_IN_KA_251948_W31303,Shikarpur (TMC) - Ward No.15,ward,GEO_IN_KA_251948,,,
GEO_IN_KA_251990_W26464,Nelamangala (TP) - Ward No.13,ward,GEO_IN_KA_251990,,,
GEO_IN_KA_251846_W26385,Muddebihal (TMC) - Ward No.10,ward,GEO_IN_KA_251846,,,
GEO_IN_KA_251859_W63511,Shorapur (TMC) - Ward No.2,ward,GEO_IN_KA_251859,,,
GEO_IN_KA_251927_W30814,Bellary (Cmc) - Ward No.13,ward,GEO_IN_KA_251927,,,
GEO_IN_KA_252043_W2443642,Hunsur (TMC) - Ward No.29,ward,GEO_IN_KA_252043,,,
GEO_IN_KA_251914_W61252,Savanur (TMC) - Ward No.4,ward,GEO_IN_KA_251914,,,
GEO_IN_KA_251813_W1883901,Kudchi (TP) - Ward No.22,ward,GEO_IN_KA_251813,,,
GEO_IN_KA_251989_W25863,Mulbagal (TMC) - Ward No.4,ward,GEO_IN_KA_251989,,,
GEO_IN_KA_252021_W28243,Mangalore (M Corp.) - Ward No.32,ward,GEO_IN_KA_252021,,,
GEO_IN_KA_301061_W3068504,Ward 3,ward,GEO_IN_KA_301061,,,
GEO_IN_KA_252002_W26723,Nagamangala (TP) - Ward No.14,ward,GEO_IN_KA_252002,,,
GEO_IN_KA_251819_W25451,Sankeshwar (TMC) - Ward No.8,ward,GEO_IN_KA_251819,,,
GEO_IN_KA_276565_W1296074,Chavadi Galli,ward,GEO_IN_KA_276565,,,
GEO_IN_KA_253188_W3046910,Ward 2,ward,GEO_IN_KA_253188,,,
GEO_IN_KA_251832_W25945,Jamkhandi (TMC) - Ward No.18,ward,GEO_IN_KA_251832,,,
GEO_IN_KA_251888_W27984,Gadag-Betigeri (Cmc) - Ward No.21,ward,GEO_IN_KA_251888,,,
GEO_IN_KA_251841_W26292,Ilkal (TMC) - Ward No.24,ward,GEO_IN_KA_251841,,,
GEO_IN_KA_276560_W1296387,Hosur Doddi,ward,GEO_IN_KA_276560,,,
GEO_IN_KA_251953_W1922582,Kundapura (TMC) - Ward No.19,ward,GEO_IN_KA_251953,,,
GEO_IN_KA_276555_W1294258,Ward-7,ward,GEO_IN_KA_276555,,,
GEO_IN_KA_276602_W1923191,Belluru (TP) - Ward No.8,ward,GEO_IN_KA_276602,,,
GEO_IN_KA_252045_W28848,Mysore (M Corp.) - Ward No.43,ward,GEO_IN_KA_252045,,,
GEO_IN_KA_251921_W30113,Hoovina Hadagalli (TP) - Ward No.4,ward,GEO_IN_KA_251921,,,
GEO_IN_KA_252050_W65849,Nanjangud (TMC) - Ward No.3,ward,GEO_IN_KA_252050,,,
GEO_IN_KA_251895_W60983,Navalgund (TMC) - Ward No.5,ward,GEO_IN_KA_251895,,,
GEO_IN_KA_251980_W64947,Gudibanda (TP) - Ward No.3,ward,GEO_IN_KA_251980,,,
GEO_IN_KA_251866_W1885568,Aurad (TP) - Ward No.18,ward,GEO_IN_KA_251866,,,
GEO_IN_KA_251859_W1922780,Shorapur (TMC) - Ward No.29,ward,GEO_IN_KA_251859,,,
GEO_IN_KA_251942_W31219,Honnali (TP) - Ward No.3,ward,GEO_IN_KA_251942,,,
GEO_IN_KA_299183_W3044532,Ward 9,ward,GEO_IN_KA_299183,,,
GEO_IN_KA_251968_W25328,Chiknayakanhalli (TMC) - Ward No.19,ward,GEO_IN_KA_251968,,,
GEO_IN_KA_251898_W2443631,Kundgol (TP) - Ward No.18,ward,GEO_IN_KA_251898,,,
GEO_IN_KA_251984_W25784,Srinivaspur (TP) - Ward No.6,ward,GEO_IN_KA_251984,,,
GEO_IN_KA_276497_W1293423,Ward No-12,ward,GEO_IN_KA_276497,,,
GEO_IN_KA_252027_W65711,Ullal (TP) - Ward No.16,ward,GEO_IN_KA_252027,,,
GEO_IN_KA_251969_W25351,Sira (TMC) - Ward No.19,ward,GEO_IN_KA_251969,,,
GEO_IN_KA_251936_W1886306,Hosadurga (TP) - Ward No.21,ward,GEO_IN_KA_251936,,,
GEO_IN_KA_276600_W1302836,Ward No.164 (Hombegowda Nagar),ward,GEO_IN_KA_276600,,,
GEO_IN_KA_251906_W29961,Vandige (OG) - Ward No.19,ward,GEO_IN_KA_251906,,,
GEO_IN_KA_252054_W29139,Chamarajanagar (Cmc) - Ward No.12,ward,GEO_IN_KA_252054,,,
GEO_IN_KA_276555_W1294260,Ward-9,ward,GEO_IN_KA_276555,,,
GEO_IN_KA_251992_W26495,Dod Ballapur (Cmc) - Ward No.25,ward,GEO_IN_KA_251992,,,
GEO_IN_KA_296976_W2440167,Ward-10,ward,GEO_IN_KA_296976,,,
GEO_IN_KA_276569_W1295697,Ward No.10,ward,GEO_IN_KA_276569,,,
GEO_IN_KA_251899_W28654,Dandeli (Cmc) - Ward No.30,ward,GEO_IN_KA_251899,,,
GEO_IN_KA_251859_W63705,Shorapur (TMC) - Ward No.19,ward,GEO_IN_KA_251859,,,
GEO_IN_KA_251931_W61449,Kotturu (TP) - Ward No.15,ward,GEO_IN_KA_251931,,,
GEO_IN_KA_251833_W25957,Rabkavi-Banhatti (Cmc) - Ward No.3,ward,GEO_IN_KA_251833,,,
GEO_IN_KA_251882_W1891320,Koppal (Cmc) - Ward No.31,ward,GEO_IN_KA_251882,,,
GEO_IN_KA_251953_W1922576,Kundapura (TMC) - Ward No.13,ward,GEO_IN_KA_251953,,,
GEO_IN_KA_251888_W27968,Gadag-Betigeri (Cmc) - Ward No.5,ward,GEO_IN_KA_251888,,,
GEO_IN_KA_301054_W3068543,Ward 9,ward,GEO_IN_KA_301054,,,
GEO_IN_KA_276538_W1296364,Ward-16,ward,GEO_IN_KA_276538,,,
GEO_IN_KA_253186_W65132,Ramanagara- Ward No.4,ward,GEO_IN_KA_253186,,,
GEO_IN_KA_251931_W61438,Kotturu (TP) - Ward No.4,ward,GEO_IN_KA_251931,,,
GEO_IN_KA_251893_W28042,Hubli-Dharwad (M Corp.) - Ward No.4,ward,GEO_IN_KA_251893,,,
GEO_IN_KA_251809_W24446,Nipani (Cmc) - Ward No.13,ward,GEO_IN_KA_251809,,,
GEO_IN_KA_253189_W2443564,Bangalore (M Corp.) - Ward No.24,ward,GEO_IN_KA_253189,,,
GEO_IN_KA_251922_W30451,Hospet (Cmc) - Ward No.31,ward,GEO_IN_KA_251922,,,
GEO_IN_KA_251810_W1865579,Sadalgi (TP) - Ward No. 23,ward,GEO_IN_KA_251810,,,
GEO_IN_KA_251856_W931420,Wadi (TMC) - Ward No.23,ward,GEO_IN_KA_251856,,,
GEO_IN_KA_276539_W1296100,Ward 7- Somashekar Reddy Layout,ward,GEO_IN_KA_276539,,,
GEO_IN_KA_252021_W28353,Mangalore (M Corp.) - Ward No.54,ward,GEO_IN_KA_252021,,,
GEO_IN_KA_299320_W3044602,Ward 6,ward,GEO_IN_KA_299320,,,
GEO_IN_KA_252054_W29134,Chamarajanagar (Cmc) - Ward No.7,ward,GEO_IN_KA_252054,,,
GEO_IN_KA_276538_W1296357,Ward-9,ward,GEO_IN_KA_276538,,,
GEO_IN_KA_251933_W1886524,Challakere (TMC) - Ward No.27,ward,GEO_IN_KA_251933,,,
GEO_IN_KA_276519_W1293447,Ward-17,ward,GEO_IN_KA_276519,,,
GEO_IN_KA_251955_W31761,Udupi (Cmc) - Ward No.15,ward,GEO_IN_KA_251955,,,
GEO_IN_KA_251895_W60992,Navalgund (TMC) - Ward No.14,ward,GEO_IN_KA_251895,,,
GEO_IN_KA_251952_W61528,Bhadravati (Cmc) - Ward No.2,ward,GEO_IN_KA_251952,,,
GEO_IN_KA_251841_W1723825,IIkal (TMC) - Ward No.31,ward,GEO_IN_KA_251841,,,
GEO_IN_KA_251973_W64897,Tumkur (Cmc) - Ward No.15,ward,GEO_IN_KA_251973,,,
GEO_IN_KA_251964_W61593,Kadur (TMC) - Ward No.17,ward,GEO_IN_KA_251964,,,
GEO_IN_KA_252006_W26769,Maddur (TMC) - Ward No.5,ward,GEO_IN_KA_252006,,,
GEO_IN_KA_251953_W61565,Kundapura (TMC) - Ward No.4,ward,GEO_IN_KA_251953,,,
GEO_IN_KA_252045_W28843,Mysore (M Corp.) - Ward No.38,ward,GEO_IN_KA_252045,,,
GEO_IN_KA_251954_W1922543,Saligram (TMC) - Ward No.13,ward,GEO_IN_KA_251954,,,
GEO_IN_KA_276600_W1303147,Ward No.9 (Hebbal Kempapura),ward,GEO_IN_KA_276600,,,
GEO_IN_KA_276463_W1295930,16-Sree Kaveramma Temple Ward,ward,GEO_IN_KA_276463,,,
GEO_IN_KA_276576_W1295744,Hanuman Nagar,ward,GEO_IN_KA_276576,,,
GEO_IN_KA_251818_W24764,Gokak (Cmc) - Ward No.6,ward,GEO_IN_KA_251818,,,
GEO_IN_KA_276578_W1295458,Killedar Oni,ward,GEO_IN_KA_276578,,,
GEO_IN_KA_301079_W3068529,Ward 11,ward,GEO_IN_KA_301079,,,
GEO_IN_KA_251886_W27936,Gajendragarh (TMC) - Ward No.11,ward,GEO_IN_KA_251886,,,
GEO_IN_KA_251824_W25633,Belgaum (M Corp.) - Ward No.57,ward,GEO_IN_KA_251824,,,
GEO_IN_KA_251878_W27818,Sindhnur (TMC) - Ward No.11,ward,GEO_IN_KA_251878,,,
GEO_IN_KA_251916_W61291,Haveri (Cmc) - Ward No.20,ward,GEO_IN_KA_251916,,,
GEO_IN_KA_253189_W25982,Bangalore (M Corp.) - Ward No.11,ward,GEO_IN_KA_253189,,,
GEO_IN_KA_299180_W3044566,Ward 5,ward,GEO_IN_KA_299180,,,
GEO_IN_KA_251919_W1889311,Ranibennur (Cmc) - Ward No .32,ward,GEO_IN_KA_251919,,,
GEO_IN_KA_276477_W1293408,16- Maragubai Temple Area,ward,GEO_IN_KA_276477,,,
GEO_IN_KA_276600_W1302710,Ward No. 38 (Laxmidevi Nagar ),ward,GEO_IN_KA_276600,,,
GEO_IN_KA_251947_W3044517,Ward 18,ward,GEO_IN_KA_251947,,,
GEO_IN_KA_251919_W30082,Ranibennur (Cmc) - Ward No.5,ward,GEO_IN_KA_251919,,,
GEO_IN_KA_251907_W61044,Kumta (TMC) - Ward No.12,ward,GEO_IN_KA_251907,,,
GEO_IN_KA_276540_W1296128,Bhagawan Colony,ward,GEO_IN_KA_276540,,,
GEO_IN_KA_276557_W2179686,Ward-9,ward,GEO_IN_KA_276557,,,
GEO_IN_KA_251915_W30036,Hangal (TMC) - Ward No.19,ward,GEO_IN_KA_251915,,,
GEO_IN_KA_252045_W28844,Mysore (M Corp.) - Ward No.39,ward,GEO_IN_KA_252045,,,
GEO_IN_KA_252003_W26734,Pandavapura (TP) - Ward No.10,ward,GEO_IN_KA_252003,,,
GEO_IN_KA_251892_W28038,Mundargi (TP) - Ward No.17,ward,GEO_IN_KA_251892,,,
GEO_IN_KA_252053_W29111,Gundlupet (TMC) - Ward No.7,ward,GEO_IN_KA_252053,,,
GEO_IN_KA_251938_W31150,Harihar (Cmc) - Ward No.23,ward,GEO_IN_KA_251938,,,
GEO_IN_KA_251989_W25874,Mulbagal (TMC) - Ward No.15,ward,GEO_IN_KA_251989,,,
GEO_IN_KA_276564_W1295973,Ward-5,ward,GEO_IN_KA_276564,,,
GEO_IN_KA_251925_W30485,Siruguppa (TP) - Ward No.11,ward,GEO_IN_KA_251925,,,
GEO_IN_KA_251861_W27370,Shahpur (TMC) - Ward No.3,ward,GEO_IN_KA_251861,,,
GEO_IN_KA_276474_W1295849,Ward-16,ward,GEO_IN_KA_276474,,,
GEO_IN_KA_253132_W2592,Saragur (TP) - Ward No.1,ward,GEO_IN_KA_253132,,,
GEO_IN_KA_251995_W2176832,Hosakote-28,ward,GEO_IN_KA_251995,,,
GEO_IN_KA_251953_W1922579,Kundapura (TMC) - Ward No.16,ward,GEO_IN_KA_251953,,,
GEO_IN_KA_251912_W69704,Shiggaon (TMC) - Ward No.21,ward,GEO_IN_KA_251912,,,
GEO_IN_KA_252012_W65639,Hassan (Cmc) - Ward No.32,ward,GEO_IN_KA_252012,,,
GEO_IN_KA_252050_W65855,Nanjangud (TMC) - Ward No.9,ward,GEO_IN_KA_252050,,,
GEO_IN_KA_252056_W29196,Kollegal (Cmc) - Ward No.14,ward,GEO_IN_KA_252056,,,
GEO_IN_KA_252037_W28749,"Madikeri-20(Right Wing Of Rajas Tomb Area,Azad Nagar,Rajarajeshwari School,Sampigekatte Road)",ward,GEO_IN_KA_252037,,,
GEO_IN_KA_251993_W2440237,Ward-31,ward,GEO_IN_KA_251993,,,
GEO_IN_KA_252017_W28196,Mulki (TP) - Ward No.1,ward,GEO_IN_KA_252017,,,
GEO_IN_KA_299319_W3287733,Ward No.5,ward,GEO_IN_KA_299319,,,
GEO_IN_KA_299181_W3046814,Ward 8,ward,GEO_IN_KA_299181,,,
GEO_IN_KA_251990_W26453,Nelamangala (TP) - Ward No.2,ward,GEO_IN_KA_251990,,,
GEO_IN_KA_252002_W26715,Nagamangala (TP) - Ward No.6,ward,GEO_IN_KA_252002,,,
GEO_IN_KA_251835_W63226,Mudhol (TMC) - Ward No.6,ward,GEO_IN_KA_251835,,,
GEO_IN_KA_251835_W63227,Mudhol (TMC) - Ward No.7,ward,GEO_IN_KA_251835,,,
GEO_IN_KA_251901_W61016,Haliyal (TP) - Ward No.18,ward,GEO_IN_KA_251901,,,
GEO_IN_KA_276600_W1302867,Ward No.195 (Hosakerehalli),ward,GEO_IN_KA_276600,,,
GEO_IN_KA_251888_W27976,Gadag-Betigeri (Cmc) - Ward No.13,ward,GEO_IN_KA_251888,,,
GEO_IN_KA_252054_W29154,Chamarajanagar (Cmc) - Ward No.27,ward,GEO_IN_KA_252054,,,
GEO_IN_KA_299417_W2867085,Ward 1,ward,GEO_IN_KA_299417,,,
GEO_IN_KA_251828_W25699,Saundatti-Yellamma (TMC) - Ward No.19,ward,GEO_IN_KA_251828,,,
GEO_IN_KA_251917_W30056,Byadgi (TMC) - Ward No.16,ward,GEO_IN_KA_251917,,,
GEO_IN_KA_252004_W26744,Shrirangapattana (TMC) - Ward No.3,ward,GEO_IN_KA_252004,,,
GEO_IN_KA_276600_W3290559,Ward No.219(Hongasandra),ward,GEO_IN_KA_276600,,,
GEO_IN_KA_252004_W26750,Shrirangapattana (TMC) - Ward No.9,ward,GEO_IN_KA_252004,,,
GEO_IN_KA_276524_W1293536,Ward-14,ward,GEO_IN_KA_276524,,,
GEO_IN_KA_252007_W65589,Malavalli (TMC) - Ward No.5,ward,GEO_IN_KA_252007,,,
GEO_IN_KA_251828_W25692,Saundatti-Yellamma (TMC) - Ward No.12,ward,GEO_IN_KA_251828,,,
GEO_IN_KA_251839_W26133,Bagalkot (Cmc) - Ward No.9,ward,GEO_IN_KA_251839,,,
GEO_IN_KA_251916_W61273,Haveri (Cmc) - Ward No.2,ward,GEO_IN_KA_251916,,,
GEO_IN_KA_251990_W26458,Nelamangala (TP) - Ward No.7,ward,GEO_IN_KA_251990,,,
GEO_IN_KA_276597_W1294040,Ward-5,ward,GEO_IN_KA_276597,,,
GEO_IN_KA_251974_W25414,Gubbi (TP) - Ward No.5,ward,GEO_IN_KA_251974,,,
GEO_IN_KA_251938_W31136,Harihar (Cmc) - Ward No.9,ward,GEO_IN_KA_251938,,,
GEO_IN_KA_252005_W65565,Mandya (Cmc) - Ward No.16,ward,GEO_IN_KA_252005,,,
GEO_IN_KA_251954_W1922541,Saligram (TMC) - Ward No.11,ward,GEO_IN_KA_251954,,,
GEO_IN_KA_251968_W25322,Chiknayakanhalli (TMC) - Ward No.13,ward,GEO_IN_KA_251968,,,
GEO_IN_KA_251881_W27862,Gangawati (Cmc) - Ward No.13,ward,GEO_IN_KA_251881,,,
GEO_IN_KA_251864_W27421,Basavakalyan (TMC) - Ward No.27,ward,GEO_IN_KA_251864,,,
GEO_IN_KA_251938_W31131,Harihar (Cmc) - Ward No.4,ward,GEO_IN_KA_251938,,,
GEO_IN_KA_251892_W28030,Mundargi (TP) - Ward No.9,ward,GEO_IN_KA_251892,,,
GEO_IN_KA_252043_W65827,Hunsur (TMC) - Ward No.6,ward,GEO_IN_KA_252043,,,
GEO_IN_KA_251904_W2146656,Mundgod (TP) - Ward No.17,ward,GEO_IN_KA_251904,,,
GEO_IN_KA_251988_W25830,Robertson Pet (Cmc) - Ward No.12,ward,GEO_IN_KA_251988,,,
GEO_IN_KA_251901_W61001,Haliyal (TP) - Ward No.3,ward,GEO_IN_KA_251901,,,
GEO_IN_KA_251837_W26098,Badami (TP) - Ward No.17,ward,GEO_IN_KA_251837,,,
GEO_IN_KA_276533_W1295993,Ward No. 2,ward,GEO_IN_KA_276533,,,
GEO_IN_KA_251877_W27691,Manvi (TMC) - Ward No.1,ward,GEO_IN_KA_251877,,,
GEO_IN_KA_252053_W29106,Gundlupet (TMC) - Ward No.2,ward,GEO_IN_KA_252053,,,
GEO_IN_KA_251932_W1886156,Molakalmuru (TP) - Ward No.15,ward,GEO_IN_KA_251932,,,
GEO_IN_KA_251809_W24437,Nipani (Cmc) - Ward No.4,ward,GEO_IN_KA_251809,,,
GEO_IN_KA_253188_W3046922,Ward 14,ward,GEO_IN_KA_253188,,,
GEO_IN_KA_251861_W2146613,Shahpur (TMC) - Ward No.27,ward,GEO_IN_KA_251861,,,
GEO_IN_KA_251893_W28039,Hubli-Dharwad (M Corp.) - Ward No.1,ward,GEO_IN_KA_251893,,,
GEO_IN_KA_252021_W28346,Mangalore (M Corp.) - Ward No.47,ward,GEO_IN_KA_252021,,,
GEO_IN_KA_251958_W1922645,Karkal (TMC) - Ward No.20,ward,GEO_IN_KA_251958,,,
GEO_IN_KA_251813_W24702,Kudchi (TP) - Ward No.16,ward,GEO_IN_KA_251813,,,
GEO_IN_KA_299416_W2890348,Ward 8,ward,GEO_IN_KA_299416,,,
GEO_IN_KA_276554_W1294251,Ward-18,ward,GEO_IN_KA_276554,,,
GEO_IN_KA_251839_W26126,Bagalkot (Cmc) - Ward No.2,ward,GEO_IN_KA_251839,,,
GEO_IN_KA_296977_W2440128,Ajjampura-05,ward,GEO_IN_KA_296977,,,
GEO_IN_KA_251982_W25746,Sidlaghatta (TMC) - Ward No.22,ward,GEO_IN_KA_251982,,,
GEO_IN_KA_276600_W1302857,Ward No.185 (J P Nagar ),ward,GEO_IN_KA_276600,,,
GEO_IN_KA_251856_W931341,Wadi (TMC) - Ward No.9,ward,GEO_IN_KA_251856,,,
GEO_IN_KA_276600_W1302806,Ward No.134 (Kamakshipalya),ward,GEO_IN_KA_276600,,,
GEO_IN_KA_251839_W26127,Bagalkot (Cmc) - Ward No.3,ward,GEO_IN_KA_251839,,,
GEO_IN_KA_301079_W3068520,Ward 2,ward,GEO_IN_KA_301079,,,
GEO_IN_KA_253188_W3046919,Ward 11,ward,GEO_IN_KA_253188,,,
GEO_IN_KA_251853_W2144725,Chittapura-9,ward,GEO_IN_KA_251853,,,
GEO_IN_KA_251994_W65123,Devanahalli (TMC) - Ward No.22,ward,GEO_IN_KA_251994,,,
GEO_IN_KA_251833_W25963,Rabkavi-Banhatti (Cmc) - Ward No.9,ward,GEO_IN_KA_251833,,,
GEO_IN_KA_252035_W28417,Puttur(TMC) - Ward No.13,ward,GEO_IN_KA_252035,,,
GEO_IN_KA_301055_W3068454,ward No.10,ward,GEO_IN_KA_301055,,,
GEO_IN_KA_251996_W65161,Magadi (TMC) - Ward No.19,ward,GEO_IN_KA_251996,,,
GEO_IN_KA_276529_W1295554,Kodihal Vasati,ward,GEO_IN_KA_276529,,,
GEO_IN_KA_251952_W61533,Bhadravati (Cmc) - Ward No.7,ward,GEO_IN_KA_251952,,,
GEO_IN_KA_251958_W31792,Karkal (TMC) - Ward No.4,ward,GEO_IN_KA_251958,,,
GEO_IN_KA_251839_W26140,Bagalkot (Cmc) - Ward No.16,ward,GEO_IN_KA_251839,,,
GEO_IN_KA_277668_W3046757,Ward 14,ward,GEO_IN_KA_277668,,,
GEO_IN_KA_251941_W1886596,Davanagere (Cmc) - Ward No.36,ward,GEO_IN_KA_251941,,,
GEO_IN_KA_251983_W25762,Chintamani (Cmc) - Ward No.15,ward,GEO_IN_KA_251983,,,
GEO_IN_KA_251924_W61311,Kampli (TMC) - Ward No.13,ward,GEO_IN_KA_251924,,,
GEO_IN_KA_276538_W1296355,Ward-7,ward,GEO_IN_KA_276538,,,
GEO_IN_KA_252039_W28764,"Kushalnagar-1(R.Gunda Rao, North Part Of Baichanalli",ward,GEO_IN_KA_252039,,,
GEO_IN_KA_251892_W28035,Mundargi (TP) - Ward No.14,ward,GEO_IN_KA_251892,,,
GEO_IN_KA_252021_W28215,Mangalore (M Corp.) - Ward No.4,ward,GEO_IN_KA_252021,,,
GEO_IN_KA_251838_W26110,Guledgudda (TMC) - Ward No.9,ward,GEO_IN_KA_251838,,,
GEO_IN_KA_276532_W1295856,Ward-5,ward,GEO_IN_KA_276532,,,
GEO_IN_KA_263293_W2179721,Ward-6,ward,GEO_IN_KA_263293,,,
GEO_IN_KA_252043_W71033,Hunsur (TMC) - Ward No.27,ward,GEO_IN_KA_252043,,,
GEO_IN_KA_252045_W28811,Mysore (M Corp.) - Ward No.6,ward,GEO_IN_KA_252045,,,
GEO_IN_KA_276567_W1295760,Jadhav Thot,ward,GEO_IN_KA_276567,,,
GEO_IN_KA_299416_W2890342,Ward 2,ward,GEO_IN_KA_299416,,,
GEO_IN_KA_276559_W1296163,Shivaji Nagar,ward,GEO_IN_KA_276559,,,
GEO_IN_KA_276554_W1294240,Ward-7,ward,GEO_IN_KA_276554,,,
GEO_IN_KA_251900_W28684,Karwar (Cmc) - Ward No.29,ward,GEO_IN_KA_251900,,,
GEO_IN_KA_251885_W27920,Ron (TP) - Ward No.15,ward,GEO_IN_KA_251885,,,
GEO_IN_KA_276568_W1295662,Ward No.11,ward,GEO_IN_KA_276568,,,
GEO_IN_KA_252038_W28757,Somvarpet (TP) - Ward No.5,ward,GEO_IN_KA_252038,,,
GEO_IN_KA_251990_W26462,Nelamangala (TP) - Ward No.11,ward,GEO_IN_KA_251990,,,
GEO_IN_KA_251985_W64978,Kolar (Cmc) - Ward No.23,ward,GEO_IN_KA_251985,,,
GEO_IN_KA_251926_W30791,Tekkalakote (TP) - Ward No.9,ward,GEO_IN_KA_251926,,,
GEO_IN_KA_251893_W28102,Hubli-Dharwad (M Corp.) - Ward No.64,ward,GEO_IN_KA_251893,,,
GEO_IN_KA_253186_W2140088,Ramanagara-Ward 28,ward,GEO_IN_KA_253186,,,
GEO_IN_KA_251893_W28096,Hubli-Dharwad (M Corp.) - Ward No.58,ward,GEO_IN_KA_251893,,,
GEO_IN_KA_251833_W26066,Rabkavi-Banhatti (Cmc) - Ward No.29,ward,GEO_IN_KA_251833,,,
GEO_IN_KA_276568_W1295659,Ward No. 8,ward,GEO_IN_KA_276568,,,
GEO_IN_KA_251937_W61490,Hiriyur (TMC) - Ward No.13,ward,GEO_IN_KA_251937,,,
GEO_IN_KA_251876_W27663,Raichur (Cmc) - Ward No.8,ward,GEO_IN_KA_251876,,,
GEO_IN_KA_276542_W1295803,Jagnur Hatty,ward,GEO_IN_KA_276542,,,
GEO_IN_KA_251906_W1922739,Ankola (TP) - Ward No. 21,ward,GEO_IN_KA_251906,,,
GEO_IN_KA_299183_W3044529,Ward 6,ward,GEO_IN_KA_299183,,,
GEO_IN_KA_251833_W25969,Rabkavi-Banhatti (Cmc) - Ward No.15,ward,GEO_IN_KA_251833,,,
GEO_IN_KA_251832_W1724479,Jamkhandi (TMC) - Ward No.29,ward,GEO_IN_KA_251832,,,
GEO_IN_KA_276578_W1295448,Basava Nagar,ward,GEO_IN_KA_276578,,,
GEO_IN_KA_251952_W61527,Bhadravati (Cmc) - Ward No.1,ward,GEO_IN_KA_251952,,,
GEO_IN_KA_251985_W64968,Kolar (Cmc) - Ward No.13,ward,GEO_IN_KA_251985,,,
GEO_IN_KA_276563_W1295947,Market Road,ward,GEO_IN_KA_276563,,,
GEO_IN_KA_251858_W7567,Jevargi (TP) - Ward No.14,ward,GEO_IN_KA_251858,,,
GEO_IN_KA_251954_W1922537,Saligram (TMC) - Ward No.7,ward,GEO_IN_KA_251954,,,
GEO_IN_KA_276516_W1296412,Sanjivanagar-1,ward,GEO_IN_KA_276516,,,
GEO_IN_KA_251860_W2443201,Bhimarayanagudi (Nac) - Ward No.2,ward,GEO_IN_KA_251860,,,
GEO_IN_KA_251941_W31214,Davanagere (Cmc) - Ward No.33,ward,GEO_IN_KA_251941,,,
GEO_IN_KA_251867_W27550,Bidar (Cmc) - Ward No.32,ward,GEO_IN_KA_251867,,,
GEO_IN_KA_252040_W65726,Virajpet-10 (Panjarpet),ward,GEO_IN_KA_252040,,,
GEO_IN_KA_251830_W63212,Mahalingpur (TMC) - Ward No.15,ward,GEO_IN_KA_251830,,,
GEO_IN_KA_251893_W28065,Hubli-Dharwad (M Corp.) - Ward No.27,ward,GEO_IN_KA_251893,,,
GEO_IN_KA_299180_W3044570,Ward 9,ward,GEO_IN_KA_299180,,,
GEO_IN_KA_276524_W1293529,Ward-7,ward,GEO_IN_KA_276524,,,
GEO_IN_KA_251831_W1709481,Terdal (TP) - Ward No 21,ward,GEO_IN_KA_251831,,,
GEO_IN_KA_252052_W1920857,Tirumakudal - Narsipur (TP) - Ward No.19,ward,GEO_IN_KA_252052,,,
GEO_IN_KA_251924_W61312,Kampli (TMC) - Ward No.14,ward,GEO_IN_KA_251924,,,
GEO_IN_KA_251983_W25770,Chintamani (Cmc) - Ward No.23,ward,GEO_IN_KA_251983,,,
GEO_IN_KA_252043_W65832,Hunsur (TMC) - Ward No.11,ward,GEO_IN_KA_252043,,,
GEO_IN_KA_251926_W30800,Tekkalakote (TP) - Ward No.18,ward,GEO_IN_KA_251926,,,
GEO_IN_KA_301054_W3068550,Ward 16,ward,GEO_IN_KA_301054,,,
GEO_IN_KA_251909_W29980,Honavar (TP) - Ward No.6,ward,GEO_IN_KA_251909,,,
GEO_IN_KA_251959_W1885970,Sringeri (TP) - Ward No.9,ward,GEO_IN_KA_251959,,,
GEO_IN_KA_251932_W30858,Molakalmuru (TP) - Ward No.4,ward,GEO_IN_KA_251932,,,
GEO_IN_KA_276563_W1295954,Badiger Yadavannavar Tota,ward,GEO_IN_KA_276563,,,
GEO_IN_KA_252051_W65883,Bannur (TMC) - Ward No.10,ward,GEO_IN_KA_252051,,,
GEO_IN_KA_251945_W31257,Sagar (TMC) - Ward No.9,ward,GEO_IN_KA_251945,,,
GEO_IN_KA_276497_W1293421,Ward No-10,ward,GEO_IN_KA_276497,,,
GEO_IN_KA_276604_W1296265,Ward-13,ward,GEO_IN_KA_276604,,,
GEO_IN_KA_251882_W923362,Koppal (Cmc) - Ward No.11,ward,GEO_IN_KA_251882,,,
GEO_IN_KA_251996_W65127,Magadi (TMC) - Ward No.2,ward,GEO_IN_KA_251996,,,
GEO_IN_KA_251846_W26379,Muddebihal (TMC) - Ward No.4,ward,GEO_IN_KA_251846,,,
GEO_IN_KA_252054_W29155,Chamarajanagar (Cmc) - Ward No.28,ward,GEO_IN_KA_252054,,,
GEO_IN_KA_252015_W65655,Hole Narsipur (TMC) - Ward No.8,ward,GEO_IN_KA_252015,,,
GEO_IN_KA_251893_W28076,Hubli-Dharwad (M Corp.) - Ward No.38,ward,GEO_IN_KA_251893,,,
GEO_IN_KA_251900_W28670,Karwar (Cmc) - Ward No.15,ward,GEO_IN_KA_251900,,,
GEO_IN_KA_252052_W1920859,Tirumakudal - Narsipur (TP) - Ward No.21,ward,GEO_IN_KA_252052,,,
GEO_IN_KA_251994_W65118,Devanahalli (TMC) - Ward No.17,ward,GEO_IN_KA_251994,,,
GEO_IN_KA_263293_W2179719,Ward-4,ward,GEO_IN_KA_263293,,,
GEO_IN_KA_251939_W31168,Harapanahalli (TP) - Ward No.10,ward,GEO_IN_KA_251939,,,
GEO_IN_KA_252053_W29105,Gundlupet (TMC) - Ward No.1,ward,GEO_IN_KA_252053,,,
GEO_IN_KA_251876_W27677,Raichur (Cmc) - Ward No.22,ward,GEO_IN_KA_251876,,,
GEO_IN_KA_252045_W28845,Mysore (M Corp.) - Ward No.40,ward,GEO_IN_KA_252045,,,
GEO_IN_KA_251878_W27815,Sindhnur (TMC) - Ward No.8,ward,GEO_IN_KA_251878,,,
GEO_IN_KA_251972_W25409,Koratagere (TP) - Ward No.12,ward,GEO_IN_KA_251972,,,
GEO_IN_KA_276497_W1293418,Ward No-7,ward,GEO_IN_KA_276497,,,
GEO_IN_KA_299328_W3046836,Ward 12,ward,GEO_IN_KA_299328,,,
GEO_IN_KA_251996_W65133,Magadi (TMC) - Ward No.5,ward,GEO_IN_KA_251996,,,
GEO_IN_KA_276497_W1293429,Ward No-18,ward,GEO_IN_KA_276497,,,
GEO_IN_KA_251873_W1921531,Ward-4,ward,GEO_IN_KA_251873,,,
GEO_IN_KA_251833_W25970,Rabkavi-Banhatti (Cmc) - Ward No.16,ward,GEO_IN_KA_251833,,,
GEO_IN_KA_251951_W31737,Shimoga (Cmc) - Ward No.30,ward,GEO_IN_KA_251951,,,
GEO_IN_KA_277668_W3046763,Ward 20,ward,GEO_IN_KA_277668,,,
GEO_IN_KA_252035_W28426,Puttur(TMC) - Ward No.22,ward,GEO_IN_KA_252035,,,
GEO_IN_KA_251958_W31789,Karkal (TMC) - Ward No.1,ward,GEO_IN_KA_251958,,,
GEO_IN_KA_276559_W1296165,Konkanagaon,ward,GEO_IN_KA_276559,,,
GEO_IN_KA_252042_W28779,Piriyapatna (TP) - Ward No.10,ward,GEO_IN_KA_252042,,,
GEO_IN_KA_276600_W1303156,Ward No.18 (Bagalakunte),ward,GEO_IN_KA_276600,,,
GEO_IN_KA_276537_W1296059,Ward No.12,ward,GEO_IN_KA_276537,,,
GEO_IN_KA_252005_W65556,Mandya (Cmc) - Ward No.7,ward,GEO_IN_KA_252005,,,
GEO_IN_KA_276599_W1296277,Ward-6,ward,GEO_IN_KA_276599,,,
GEO_IN_KA_251980_W64954,Gudibanda (TP) - Ward No.10,ward,GEO_IN_KA_251980,,,
GEO_IN_KA_248127_W26999,Kalaburagi (M Corp.) - Ward No.20,ward,GEO_IN_KA_248127,,,
GEO_IN_KA_251922_W30454,Hospet (Cmc) - Ward No.34,ward,GEO_IN_KA_251922,,,
GEO_IN_KA_251846_W26377,Muddebihal (TMC) - Ward No.2,ward,GEO_IN_KA_251846,,,
GEO_IN_KA_251984_W25781,Srinivaspur (TP) - Ward No.3,ward,GEO_IN_KA_251984,,,
GEO_IN_KA_251863_W63737,Yadgir (TMC) - Ward No.26,ward,GEO_IN_KA_251863,,,
GEO_IN_KA_251832_W25942,Jamkhandi (TMC) - Ward No.15,ward,GEO_IN_KA_251832,,,
GEO_IN_KA_276556_W1294651,Ward-3,ward,GEO_IN_KA_276556,,,
GEO_IN_KA_251895_W60995,Navalgund (TMC) - Ward No.17,ward,GEO_IN_KA_251895,,,
GEO_IN_KA_251879_W72032,Yelbarga(TP)- Ward No. 5,ward,GEO_IN_KA_251879,,,
GEO_IN_KA_276618_W1295598,Killedar Oni,ward,GEO_IN_KA_276618,,,
GEO_IN_KA_251900_W28678,Karwar (Cmc) - Ward No.23,ward,GEO_IN_KA_251900,,,
GEO_IN_KA_276568_W1295658,Ward No. 7,ward,GEO_IN_KA_276568,,,
GEO_IN_KA_251965_W32445,Chikmagalur (Cmc) - Ward No.2,ward,GEO_IN_KA_251965,,,
GEO_IN_KA_251907_W61050,Kumta (TMC) - Ward No.18,ward,GEO_IN_KA_251907,,,
GEO_IN_KA_251943_W31235,Channagiri (TP) - Ward No.6,ward,GEO_IN_KA_251943,,,
GEO_IN_KA_251988_W25821,Robertson Pet (Cmc) - Ward No.3,ward,GEO_IN_KA_251988,,,
GEO_IN_KA_252018_W65688,Mudbidri (TMC) - Ward No.18,ward,GEO_IN_KA_252018,,,
GEO_IN_KA_263293_W2179716,Ward-1,ward,GEO_IN_KA_263293,,,
GEO_IN_KA_299317_W3044545,Ward 11,ward,GEO_IN_KA_299317,,,
GEO_IN_KA_251864_W27415,Basavakalyan (TMC) - Ward No.21,ward,GEO_IN_KA_251864,,,
GEO_IN_KA_251927_W30828,Bellary (Cmc) - Ward No.27,ward,GEO_IN_KA_251927,,,
GEO_IN_KA_252049_W2146724,Heggadadevankote-19,ward,GEO_IN_KA_252049,,,
GEO_IN_KA_248127_W26992,Kalaburagi (M Corp.) - Ward No.13,ward,GEO_IN_KA_248127,,,
GEO_IN_KA_276539_W1296102,Ward 9- Jagajeevnaram Nagar Ward,ward,GEO_IN_KA_276539,,,
GEO_IN_KA_252018_W65673,Mudbidri (TMC) - Ward No.3,ward,GEO_IN_KA_252018,,,
GEO_IN_KA_251846_W26386,Muddebihal (TMC) - Ward No.11,ward,GEO_IN_KA_251846,,,
GEO_IN_KA_276538_W1296371,Ward-23,ward,GEO_IN_KA_276538,,,
GEO_IN_KA_276483_W1295722,Ward No.12,ward,GEO_IN_KA_276483,,,
GEO_IN_KA_276579_W1296033,Ward-2,ward,GEO_IN_KA_276579,,,
GEO_IN_KA_276569_W1295689,Ward No. 2,ward,GEO_IN_KA_276569,,,
GEO_IN_KA_251813_W24692,Kudchi (TP) - Ward No.6,ward,GEO_IN_KA_251813,,,
GEO_IN_KA_276600_W1302749,Ward No.77 (Nagavara),ward,GEO_IN_KA_276600,,,
GEO_IN_KA_252033_W1887177,Bantval (TP) - Ward No.24,ward,GEO_IN_KA_252033,,,
GEO_IN_KA_251852_W63494,Sedam (TMC) - Ward No.11,ward,GEO_IN_KA_251852,,,
GEO_IN_KA_251873_W27654,Hatti (CT) - Ward No.1,ward,GEO_IN_KA_251873,,,
GEO_IN_KA_252040_W65725,Virajpet-9 (Subhash Nagar),ward,GEO_IN_KA_252040,,,
GEO_IN_KA_252005_W65574,Mandya (Cmc) - Ward No.25,ward,GEO_IN_KA_252005,,,
GEO_IN_KA_251871_W27620,Lingsugur (TP) - Ward No.2,ward,GEO_IN_KA_251871,,,
GEO_IN_KA_299329_W3287843,Ward No.12,ward,GEO_IN_KA_299329,,,
GEO_IN_KA_252002_W1891666,Nagamangala (TP) - Ward No.20,ward,GEO_IN_KA_252002,,,
GEO_IN_KA_251911_W30014,Bhatkal (TMC) - Ward No.22,ward,GEO_IN_KA_251911,,,
GEO_IN_KA_251982_W25738,Sidlaghatta (TMC) - Ward No.14,ward,GEO_IN_KA_251982,,,
GEO_IN_KA_276556_W1294656,Ward-8,ward,GEO_IN_KA_276556,,,
GEO_IN_KA_251922_W30443,Hospet (Cmc) - Ward No.23,ward,GEO_IN_KA_251922,,,
GEO_IN_KA_251946_W3044509,Ward 16,ward,GEO_IN_KA_251946,,,
GEO_IN_KA_251926_W30794,Tekkalakote (TP) - Ward No.12,ward,GEO_IN_KA_251926,,,
GEO_IN_KA_251989_W25870,Mulbagal (TMC) - Ward No.11,ward,GEO_IN_KA_251989,,,
GEO_IN_KA_251941_W31209,Davanagere (Cmc) - Ward No.28,ward,GEO_IN_KA_251941,,,
GEO_IN_KA_251830_W63205,Mahalingpur (TMC) - Ward No.4,ward,GEO_IN_KA_251830,,,
GEO_IN_KA_252016_W28184,Channarayapatna (TMC) - Ward No.14,ward,GEO_IN_KA_252016,,,
GEO_IN_KA_251963_W32423,Birur (TMC) - Ward No.3,ward,GEO_IN_KA_251963,,,
GEO_IN_KA_252016_W28183,Channarayapatna (TMC) - Ward No.13,ward,GEO_IN_KA_252016,,,
GEO_IN_KA_251836_W63438,Kerur (TP) - Ward No.14,ward,GEO_IN_KA_251836,,,
GEO_IN_KA_251815_W24735,Mudalgi (TMC) - Ward No.16,ward,GEO_IN_KA_251815,,,
GEO_IN_KA_253185_W26606,Channapatna - Ward No.18,ward,GEO_IN_KA_253185,,,
GEO_IN_KA_251982_W25734,Sidlaghatta (TMC) - Ward No.10,ward,GEO_IN_KA_251982,,,
GEO_IN_KA_251835_W63241,Mudhol (TMC) - Ward No.21,ward,GEO_IN_KA_251835,,,
GEO_IN_KA_251930_W30841,Kudligi (TP) - Ward No.5,ward,GEO_IN_KA_251930,,,
GEO_IN_KA_251893_W28044,Hubli-Dharwad (M Corp.) - Ward No.6,ward,GEO_IN_KA_251893,,,
GEO_IN_KA_252014_W27808,Arkalgud (TP) - Ward No.7,ward,GEO_IN_KA_252014,,,
GEO_IN_KA_301081_W3068469,Ward 2,ward,GEO_IN_KA_301081,,,
GEO_IN_KA_251918_W2198,Hirekerur (TP) - Ward No.16,ward,GEO_IN_KA_251918,,,
GEO_IN_KA_252045_W28814,Mysore (M Corp.) - Ward No.9,ward,GEO_IN_KA_252045,,,
GEO_IN_KA_276535_W1296329,Ward-23,ward,GEO_IN_KA_276535,,,
GEO_IN_KA_251979_W25707,Chik Ballapur (Cmc) - Ward No.27,ward,GEO_IN_KA_251979,,,
GEO_IN_KA_251901_W61009,Haliyal (TP) - Ward No.11,ward,GEO_IN_KA_251901,,,
GEO_IN_KA_252007_W65598,Malavalli (TMC) - Ward No.14,ward,GEO_IN_KA_252007,,,
GEO_IN_KA_251945_W1921875,Sagar (TMC) - Ward no.28,ward,GEO_IN_KA_251945,,,
GEO_IN_KA_276604_W1296263,Ward-11,ward,GEO_IN_KA_276604,,,
GEO_IN_KA_276539_W1296113,Ward 20- Chairman Narayanappa,ward,GEO_IN_KA_276539,,,
GEO_IN_KA_276554_W1294243,Ward-10,ward,GEO_IN_KA_276554,,,
GEO_IN_KA_251908_W29968,Siddapur (TP) - Ward No.7,ward,GEO_IN_KA_251908,,,
GEO_IN_KA_276477_W1293401,9- Ajit Nagar,ward,GEO_IN_KA_276477,,,
GEO_IN_KA_251887_W27961,Naregal (TP) - Ward No.13,ward,GEO_IN_KA_251887,,,
GEO_IN_KA_251881_W27868,Gangawati (Cmc) - Ward No.19,ward,GEO_IN_KA_251881,,,
GEO_IN_KA_253186_W65138,Ramanagara-Ward No.7,ward,GEO_IN_KA_253186,,,
GEO_IN_KA_276538_W1296353,Ward-5,ward,GEO_IN_KA_276538,,,
GEO_IN_KA_251859_W63521,Shorapur (TMC) - Ward No.12,ward,GEO_IN_KA_251859,,,
GEO_IN_KA_251993_W2440238,Ward-32,ward,GEO_IN_KA_251993,,,
GEO_IN_KA_251992_W26496,Dod Ballapur (Cmc) - Ward No.26,ward,GEO_IN_KA_251992,,,
GEO_IN_KA_251927_W30826,Bellary (Cmc) - Ward No.25,ward,GEO_IN_KA_251927,,,
GEO_IN_KA_251985_W65076,Kolar (Cmc) - Ward No.29,ward,GEO_IN_KA_251985,,,
GEO_IN_KA_301061_W3068517,Ward 16,ward,GEO_IN_KA_301061,,,
GEO_IN_KA_251938_W31143,Harihar (Cmc) - Ward No.16,ward,GEO_IN_KA_251938,,,
GEO_IN_KA_251986_W25812,Malur (TMC) - Ward No.17,ward,GEO_IN_KA_251986,,,
GEO_IN_KA_251955_W31776,Udupi (Cmc) - Ward No.30,ward,GEO_IN_KA_251955,,,
GEO_IN_KA_251955_W31758,Udupi (Cmc) - Ward No.12,ward,GEO_IN_KA_251955,,,
GEO_IN_KA_251897_W923384,Kalghatgi (TP) - Ward No.8,ward,GEO_IN_KA_251897,,,
GEO_IN_KA_251878_W27823,Sindhnur (TMC) - Ward No.16,ward,GEO_IN_KA_251878,,,
GEO_IN_KA_276541_W1296191,Ward-9,ward,GEO_IN_KA_276541,,,
GEO_IN_KA_252045_W28810,Mysore (M Corp.) - Ward No.5,ward,GEO_IN_KA_252045,,,
GEO_IN_KA_251927_W30829,Bellary (Cmc) - Ward No.28,ward,GEO_IN_KA_251927,,,
GEO_IN_KA_251921_W30420,Hoovina Hadagalli (TP) - Ward No.19,ward,GEO_IN_KA_251921,,,
GEO_IN_KA_251894_W28111,Alnavar (TP) - Ward No.6,ward,GEO_IN_KA_251894,,,
GEO_IN_KA_301055_W3068453,ward No.9,ward,GEO_IN_KA_301055,,,
GEO_IN_KA_252045_W28865,Mysore (M Corp.) - Ward No.60,ward,GEO_IN_KA_252045,,,
GEO_IN_KA_251819_W25463,Sankeshwar (TMC) - Ward No.20,ward,GEO_IN_KA_251819,,,
GEO_IN_KA_297133_W2440149,Ward-8,ward,GEO_IN_KA_297133,,,
GEO_IN_KA_252038_W28759,Somvarpet (TP) - Ward No.7,ward,GEO_IN_KA_252038,,,
GEO_IN_KA_251818_W24780,Gokak (Cmc) - Ward No.22,ward,GEO_IN_KA_251818,,,
GEO_IN_KA_251824_W25526,Belgaum (M Corp.) - Ward No.39,ward,GEO_IN_KA_251824,,,
GEO_IN_KA_252021_W28222,Mangalore (M Corp.) - Ward No.11,ward,GEO_IN_KA_252021,,,
GEO_IN_KA_252039_W2909,"Kushalnagar-8(Kalamma Colony,Adarsha Dravida Colony)",ward,GEO_IN_KA_252039,,,
GEO_IN_KA_251970_W25369,Pavagada (TP) - Ward No.14,ward,GEO_IN_KA_251970,,,
GEO_IN_KA_251888_W27971,Gadag-Betigeri (Cmc) - Ward No.8,ward,GEO_IN_KA_251888,,,
GEO_IN_KA_276600_W1302748,Ward No.76 (Hennur),ward,GEO_IN_KA_276600,,,
GEO_IN_KA_251908_W29963,Siddapur (TP) - Ward No.2,ward,GEO_IN_KA_251908,,,
GEO_IN_KA_251889_W60493,Mulgund (TP) - Ward No.15,ward,GEO_IN_KA_251889,,,
GEO_IN_KA_251831_W25921,Terdal (TP) - Ward No.14,ward,GEO_IN_KA_251831,,,
GEO_IN_KA_276554_W1294249,Ward-16,ward,GEO_IN_KA_276554,,,
GEO_IN_KA_252043_W65843,Hunsur (TMC) - Ward No.22,ward,GEO_IN_KA_252043,,,
GEO_IN_KA_251934_W31094,Chitradurga (Cmc) - Ward No.34,ward,GEO_IN_KA_251934,,,
GEO_IN_KA_251975_W64919,Tiptur (TMC) - Ward No.2,ward,GEO_IN_KA_251975,,,
GEO_IN_KA_251934_W31084,Chitradurga (Cmc) - Ward No.24,ward,GEO_IN_KA_251934,,,
GEO_IN_KA_276533_W1296011,Ward No. 20,ward,GEO_IN_KA_276533,,,
GEO_IN_KA_253186_W65136,Ramanagara-Ward No.6,ward,GEO_IN_KA_253186,,,
GEO_IN_KA_299328_W3046827,Ward 3,ward,GEO_IN_KA_299328,,,
GEO_IN_KA_251986_W25813,Malur (TMC) - Ward No.18,ward,GEO_IN_KA_251986,,,
GEO_IN_KA_252056_W29184,Kollegal (Cmc) - Ward No.8,ward,GEO_IN_KA_252056,,,
GEO_IN_KA_251942_W31225,Honnali (TP) - Ward No.9,ward,GEO_IN_KA_251942,,,
GEO_IN_KA_252050_W1921374,Nanjangud (TMC) - Ward No.28,ward,GEO_IN_KA_252050,,,
GEO_IN_KA_276523_W1293520,Ward-10,ward,GEO_IN_KA_276523,,,
GEO_IN_KA_252045_W28869,Mysore (M Corp.) - Ward No.64,ward,GEO_IN_KA_252045,,,
GEO_IN_KA_251971_W25396,Madhugiri (TMC) - Ward No.22,ward,GEO_IN_KA_251971,,,
GEO_IN_KA_251897_W28144,Kalghatgi (TP) - Ward No.1,ward,GEO_IN_KA_251897,,,
GEO_IN_KA_252051_W65892,Bannur (TMC) - Ward No.19,ward,GEO_IN_KA_252051,,,
GEO_IN_KA_252016_W28192,Channarayapatna (TMC) - Ward No.22,ward,GEO_IN_KA_252016,,,
GEO_IN_KA_251835_W2179116,Mudhol-28,ward,GEO_IN_KA_251835,,,
GEO_IN_KA_252045_W28842,Mysore (M Corp.) - Ward No.37,ward,GEO_IN_KA_252045,,,
GEO_IN_KA_276526_W1293474,Ward No.3,ward,GEO_IN_KA_276526,,,
GEO_IN_KA_252018_W65671,Mudbidri (TMC) - Ward No.1,ward,GEO_IN_KA_252018,,,
GEO_IN_KA_301081_W3068474,Ward 7,ward,GEO_IN_KA_301081,,,
GEO_IN_KA_251905_W29932,Sirsi (Cmc) - Ward No.29,ward,GEO_IN_KA_251905,,,
GEO_IN_KA_251995_W26559,Hosakote (TMC) - Ward No.18,ward,GEO_IN_KA_251995,,,
GEO_IN_KA_276569_W1295702,Ward No.15,ward,GEO_IN_KA_276569,,,
GEO_IN_KA_252042_W1920864,Piriyapatna (TP) - Ward No.17,ward,GEO_IN_KA_252042,,,
GEO_IN_KA_276560_W1296378,Ambedkar Nagar,ward,GEO_IN_KA_276560,,,
GEO_IN_KA_276611_W2179632,Ward-16,ward,GEO_IN_KA_276611,,,
GEO_IN_KA_251908_W1922660,Siddapur (TP) - Ward No.14,ward,GEO_IN_KA_251908,,,
GEO_IN_KA_252050_W65856,Nanjangud (TMC) - Ward No.10,ward,GEO_IN_KA_252050,,,
GEO_IN_KA_296976_W2440169,Ward-12,ward,GEO_IN_KA_296976,,,
GEO_IN_KA_251896_W28132,Annigeri (TMC) - Ward No.12,ward,GEO_IN_KA_251896,,,
GEO_IN_KA_251888_W27974,Gadag-Betigeri (Cmc) - Ward No.11,ward,GEO_IN_KA_251888,,,
GEO_IN_KA_301061_W3068512,Ward 11,ward,GEO_IN_KA_301061,,,
GEO_IN_KA_252042_W28772,Piriyapatna (TP) - Ward No.3,ward,GEO_IN_KA_252042,,,
GEO_IN_KA_251926_W30500,Tekkalakote (TP) - Ward No.6,ward,GEO_IN_KA_251926,,,
GEO_IN_KA_251834_W26081,Bilgi (TP) - Ward No.13,ward,GEO_IN_KA_251834,,,
GEO_IN_KA_252029_W3068742,ward No.2,ward,GEO_IN_KA_252029,,,
GEO_IN_KA_251833_W25959,Rabkavi-Banhatti (Cmc) - Ward No.5,ward,GEO_IN_KA_251833,,,
GEO_IN_KA_251954_W1922536,Saligram (TMC) - Ward No.6,ward,GEO_IN_KA_251954,,,
GEO_IN_KA_251819_W25447,Sankeshwar (TMC) - Ward No.4,ward,GEO_IN_KA_251819,,,
GEO_IN_KA_251929_W61333,Sandur (TP) - Ward No.11,ward,GEO_IN_KA_251929,,,
GEO_IN_KA_276600_W1302818,Ward No.146 (Hosahalli),ward,GEO_IN_KA_276600,,,
GEO_IN_KA_276555_W1294257,Ward-6,ward,GEO_IN_KA_276555,,,
GEO_IN_KA_251927_W30824,Bellary (Cmc) - Ward No.23,ward,GEO_IN_KA_251927,,,
GEO_IN_KA_251954_W1922542,Saligram (TMC) - Ward No.12,ward,GEO_IN_KA_251954,,,
GEO_IN_KA_276574_W3044480,Ward 17,ward,GEO_IN_KA_276574,,,
GEO_IN_KA_276474_W1295835,Ward-2,ward,GEO_IN_KA_276474,,,
GEO_IN_KA_251864_W27418,Basavakalyan (TMC) - Ward No.24,ward,GEO_IN_KA_251864,,,
GEO_IN_KA_251878_W27720,Sindhnur (TMC) - Ward No.7,ward,GEO_IN_KA_251878,,,
GEO_IN_KA_299319_W3287751,Ward No.23,ward,GEO_IN_KA_299319,,,
GEO_IN_KA_251929_W61340,Sandur (TP) - Ward No.18,ward,GEO_IN_KA_251929,,,
GEO_IN_KA_251861_W27375,Shahpur (TMC) - Ward No.8,ward,GEO_IN_KA_251861,,,
GEO_IN_KA_251877_W27700,Manvi (TMC) - Ward No.10,ward,GEO_IN_KA_251877,,,
GEO_IN_KA_251921_W30415,Hoovina Hadagalli (TP) - Ward No.14,ward,GEO_IN_KA_251921,,,
GEO_IN_KA_276583_W1295648,Ward No.14,ward,GEO_IN_KA_276583,,,
GEO_IN_KA_251940_W61506,Jagalur (TP) - Ward No.6,ward,GEO_IN_KA_251940,,,
GEO_IN_KA_251885_W27917,Ron (TP) - Ward No.12,ward,GEO_IN_KA_251885,,,
GEO_IN_KA_251856_W27355,Wadi (TMC) - Ward No.1,ward,GEO_IN_KA_251856,,,
GEO_IN_KA_251868_W27564,Homnabad (TMC) - Ward No.9,ward,GEO_IN_KA_251868,,,
GEO_IN_KA_252049_W29093,Heggadadevankote (TP) - Ward No.11,ward,GEO_IN_KA_252049,,,
GEO_IN_KA_251905_W28715,Sirsi (Cmc) - Ward No.13,ward,GEO_IN_KA_251905,,,
GEO_IN_KA_276554_W1294237,Ward-4,ward,GEO_IN_KA_276554,,,
GEO_IN_KA_251988_W25837,Robertson Pet (Cmc) - Ward No.19,ward,GEO_IN_KA_251988,,,
GEO_IN_KA_276543_W1295882,Ward-8,ward,GEO_IN_KA_276543,,,
GEO_IN_KA_276464_W1295907,Ward No.16,ward,GEO_IN_KA_276464,,,
GEO_IN_KA_251941_W31189,Davanagere (Cmc) - Ward No.8,ward,GEO_IN_KA_251941,,,
GEO_IN_KA_276600_W1302850,Ward No.178 (Suddagunte Palya ),ward,GEO_IN_KA_276600,,,
GEO_IN_KA_276474_W1295838,Ward-5,ward,GEO_IN_KA_276474,,,
GEO_IN_KA_251859_W1922776,Shorapur (TMC) - Ward No.25,ward,GEO_IN_KA_251859,,,
GEO_IN_KA_251865_W63747,Bhalki (TMC) - Ward No.9,ward,GEO_IN_KA_251865,,,
GEO_IN_KA_251861_W27389,Shahpur (TMC) - Ward No.22,ward,GEO_IN_KA_251861,,,
GEO_IN_KA_251877_W2443645,Manvi (TMC) - Ward No.24,ward,GEO_IN_KA_251877,,,
GEO_IN_KA_252052_W29096,Tirumakudal - Narsipur (TP) - Ward No.3,ward,GEO_IN_KA_252052,,,
GEO_IN_KA_251919_W30078,Ranibennur (Cmc) - Ward No.1,ward,GEO_IN_KA_251919,,,
GEO_IN_KA_252008_W27726,Sakleshpur (TMC) - Ward No.3,ward,GEO_IN_KA_252008,,,
GEO_IN_KA_251900_W28663,Karwar (Cmc) - Ward No.8,ward,GEO_IN_KA_251900,,,
GEO_IN_KA_251979_W25710,Chik Ballapur (Cmc) - Ward No.30,ward,GEO_IN_KA_251979,,,
GEO_IN_KA_251939_W31162,Harapanahalli (TP) - Ward No.4,ward,GEO_IN_KA_251939,,,
GEO_IN_KA_251918_W30064,Hirekerur (TP) - Ward No.1,ward,GEO_IN_KA_251918,,,
GEO_IN_KA_252003_W1891447,Pandavapura (TP) - Ward No.20,ward,GEO_IN_KA_252003,,,
GEO_IN_KA_251980_W64946,Gudibanda (TP) - Ward No.2,ward,GEO_IN_KA_251980,,,
GEO_IN_KA_276533_W1296013,Ward No.22,ward,GEO_IN_KA_276533,,,
GEO_IN_KA_251832_W25937,Jamkhandi (TMC) - Ward No.10,ward,GEO_IN_KA_251832,,,
GEO_IN_KA_252054_W29133,Chamarajanagar (Cmc) - Ward No.6,ward,GEO_IN_KA_252054,,,
GEO_IN_KA_251824_W25512,Belgaum (M Corp.) - Ward No.25,ward,GEO_IN_KA_251824,,,
GEO_IN_KA_251905_W28728,Sirsi (Cmc) - Ward No.26,ward,GEO_IN_KA_251905,,,
GEO_IN_KA_251953_W1922586,Kundapura (TMC) - Ward No.23,ward,GEO_IN_KA_251953,,,
GEO_IN_KA_276574_W1295461,Gandi Nagar,ward,GEO_IN_KA_276574,,,
GEO_IN_KA_252013_W27796,Alur (TP) - Ward No.6,ward,GEO_IN_KA_252013,,,
GEO_IN_KA_251870_W27612,Mudgal (TP) - Ward No.9,ward,GEO_IN_KA_251870,,,
GEO_IN_KA_251824_W25529,Belgaum (M Corp.) - Ward No.42,ward,GEO_IN_KA_251824,,,
GEO_IN_KA_252045_W28858,Mysore (M Corp.) - Ward No.53,ward,GEO_IN_KA_252045,,,
GEO_IN_KA_251984_W25783,Srinivaspur (TP) - Ward No.5,ward,GEO_IN_KA_251984,,,
GEO_IN_KA_299318_W3287787,Ward No.13,ward,GEO_IN_KA_299318,,,
GEO_IN_KA_251867_W27542,Bidar (Cmc) - Ward No.24,ward,GEO_IN_KA_251867,,,
GEO_IN_KA_251848_W26971,Aland (TMC) - Ward No.15,ward,GEO_IN_KA_251848,,,
GEO_IN_KA_251981_W25717,Bagepalli (TP) - Ward No.6,ward,GEO_IN_KA_251981,,,
GEO_IN_KA_251933_W61476,Challakere (TMC) - Ward No.22,ward,GEO_IN_KA_251933,,,
GEO_IN_KA_252021_W28247,Mangalore (M Corp.) - Ward No.36,ward,GEO_IN_KA_252021,,,
GEO_IN_KA_252001_W1891753,Krishnarajpet (TP) - Ward No.23,ward,GEO_IN_KA_252001,,,
GEO_IN_KA_276600_W1302731,Ward No.59 (Subramanya Nagar ),ward,GEO_IN_KA_276600,,,
GEO_IN_KA_251912_W61067,Shiggaon (TMC) - Ward No.9,ward,GEO_IN_KA_251912,,,
GEO_IN_KA_251919_W30079,Ranibennur (Cmc) - Ward No.2,ward,GEO_IN_KA_251919,,,
GEO_IN_KA_251965_W32455,Chikmagalur (Cmc) - Ward No.12,ward,GEO_IN_KA_251965,,,
GEO_IN_KA_252035_W28413,Puttur(TMC) - Ward No.9,ward,GEO_IN_KA_252035,,,
GEO_IN_KA_252045_W28816,Mysore (M Corp.) - Ward No.11,ward,GEO_IN_KA_252045,,,
GEO_IN_KA_252052_W29095,Tirumakudal - Narsipur (TP) - Ward No.2,ward,GEO_IN_KA_252052,,,
GEO_IN_KA_251868_W27580,Homnabad (TMC) - Ward No.25,ward,GEO_IN_KA_251868,,,
GEO_IN_KA_252040_W65728,Virajpet-12 (Meenupet-2),ward,GEO_IN_KA_252040,,,
GEO_IN_KA_253185_W26602,Channapatna- Ward No.16,ward,GEO_IN_KA_253185,,,
GEO_IN_KA_253185_W26580,Channapatna- Ward No.5,ward,GEO_IN_KA_253185,,,
GEO_IN_KA_252055_W29167,Yelandur (TP) - Ward No.9,ward,GEO_IN_KA_252055,,,
GEO_IN_KA_252018_W65672,Mudbidri (TMC) - Ward No.2,ward,GEO_IN_KA_252018,,,
GEO_IN_KA_251941_W31196,Davanagere (Cmc) - Ward No.15,ward,GEO_IN_KA_251941,,,
GEO_IN_KA_251853_W2144724,Chittapura-8,ward,GEO_IN_KA_251853,,,
GEO_IN_KA_251863_W63724,Yadgir (TMC) - Ward No.13,ward,GEO_IN_KA_251863,,,
GEO_IN_KA_252049_W29089,Heggadadevankote (TP) - Ward No.9,ward,GEO_IN_KA_252049,,,
GEO_IN_KA_251893_W28040,Hubli-Dharwad (M Corp.) - Ward No.2,ward,GEO_IN_KA_251893,,,
GEO_IN_KA_251896_W28131,Annigeri (TMC) - Ward No.11,ward,GEO_IN_KA_251896,,,
GEO_IN_KA_251876_W27660,Raichur (Cmc) - Ward No.5,ward,GEO_IN_KA_251876,,,
GEO_IN_KA_251811_W24468,Chikodi (TMC) - Ward No.4,ward,GEO_IN_KA_251811,,,
GEO_IN_KA_251963_W32434,Birur (TMC) - Ward No.14,ward,GEO_IN_KA_251963,,,
GEO_IN_KA_251884_W27886,Nargund (TMC) - Ward No.4,ward,GEO_IN_KA_251884,,,
GEO_IN_KA_251878_W27817,Sindhnur (TMC) - Ward No.10,ward,GEO_IN_KA_251878,,,
GEO_IN_KA_251925_W1864372,Siruguppa (TP) - Ward No.30,ward,GEO_IN_KA_251925,,,
GEO_IN_KA_251838_W26113,Guledgudda (TMC) - Ward No.12,ward,GEO_IN_KA_251838,,,
GEO_IN_KA_252015_W65667,Hole Narsipur (TMC) - Ward No.20,ward,GEO_IN_KA_252015,,,
GEO_IN_KA_276569_W1295704,Ward No.17,ward,GEO_IN_KA_276569,,,
GEO_IN_KA_252006_W26782,Maddur (TMC) - Ward No.18,ward,GEO_IN_KA_252006,,,
GEO_IN_KA_251877_W2443648,Manvi (TMC) - Ward No.27,ward,GEO_IN_KA_251877,,,
GEO_IN_KA_276565_W1296076,Chambar Galli,ward,GEO_IN_KA_276565,,,
GEO_IN_KA_251985_W64976,Kolar (Cmc) - Ward No.21,ward,GEO_IN_KA_251985,,,
GEO_IN_KA_276576_W1295745,Laxmi Nagar,ward,GEO_IN_KA_276576,,,
GEO_IN_KA_276557_W2179685,Ward-8,ward,GEO_IN_KA_276557,,,
GEO_IN_KA_276564_W1295984,Ward-16,ward,GEO_IN_KA_276564,,,
GEO_IN_KA_299320_W3044600,Ward 4,ward,GEO_IN_KA_299320,,,
GEO_IN_KA_252008_W27727,Sakleshpur (TMC) - Ward No.4,ward,GEO_IN_KA_252008,,,
GEO_IN_KA_297129_W2805082,Ward 10,ward,GEO_IN_KA_297129,,,
GEO_IN_KA_251916_W61287,Haveri (Cmc) - Ward No.16,ward,GEO_IN_KA_251916,,,
GEO_IN_KA_251969_W2146691,Sira-27,ward,GEO_IN_KA_251969,,,
GEO_IN_KA_251936_W31118,Hosdurga (TP) - Ward No.9,ward,GEO_IN_KA_251936,,,
GEO_IN_KA_251945_W31266,Sagar (TMC) - Ward No.18,ward,GEO_IN_KA_251945,,,
GEO_IN_KA_251964_W61582,Kadur (TMC) - Ward No.6,ward,GEO_IN_KA_251964,,,
GEO_IN_KA_251829_W25888,Ramdurg (TMC) - Ward No.6,ward,GEO_IN_KA_251829,,,
GEO_IN_KA_251958_W1922638,Karkal (TMC) - Ward No.13,ward,GEO_IN_KA_251958,,,
GEO_IN_KA_251950_W31325,Tirthahalli (TP) - Ward No.3,ward,GEO_IN_KA_251950,,,
GEO_IN_KA_251993_W2440226,Ward-20,ward,GEO_IN_KA_251993,,,
GEO_IN_KA_251852_W63501,Sedam (TMC) - Ward No.18,ward,GEO_IN_KA_251852,,,
GEO_IN_KA_251853_W2144722,Chittapura-6,ward,GEO_IN_KA_251853,,,
GEO_IN_KA_276600_W1302800,Ward No.128 (Chickpete),ward,GEO_IN_KA_276600,,,
GEO_IN_KA_251832_W25950,Jamkhandi (TMC) - Ward No.23,ward,GEO_IN_KA_251832,,,
GEO_IN_KA_299181_W3046807,Ward 1,ward,GEO_IN_KA_299181,,,
GEO_IN_KA_251934_W30881,Chitradurga (Cmc) - Ward No.15,ward,GEO_IN_KA_251934,,,
GEO_IN_KA_251965_W32464,Chikmagalur (Cmc) - Ward No.21,ward,GEO_IN_KA_251965,,,
GEO_IN_KA_301790_W3287813,Ward No.16,ward,GEO_IN_KA_301790,,,
GEO_IN_KA_251811_W24475,Chikodi (TMC) - Ward No.11,ward,GEO_IN_KA_251811,,,
GEO_IN_KA_251948_W31296,Shikarpur (TMC) - Ward No.8,ward,GEO_IN_KA_251948,,,
GEO_IN_KA_251890_W60496,Shirhatti (TP) - Ward No.2,ward,GEO_IN_KA_251890,,,
GEO_IN_KA_251964_W61584,Kadur (TMC) - Ward No.8,ward,GEO_IN_KA_251964,,,
GEO_IN_KA_252003_W26727,Pandavapura (TP) - Ward No.3,ward,GEO_IN_KA_252003,,,
GEO_IN_KA_251965_W32474,Chikmagalur (Cmc) - Ward No.31,ward,GEO_IN_KA_251965,,,
GEO_IN_KA_251831_W25914,Terdal (TP) - Ward No.7,ward,GEO_IN_KA_251831,,,
GEO_IN_KA_276559_W1296151,Veerabhadreshawar Temple,ward,GEO_IN_KA_276559,,,
GEO_IN_KA_251927_W30817,Bellary (Cmc) - Ward No.16,ward,GEO_IN_KA_251927,,,
GEO_IN_KA_251919_W1889312,Ranibennur (Cmc) - Ward No .33,ward,GEO_IN_KA_251919,,,
GEO_IN_KA_276600_W1302744,Ward No.72 (Devara Jeevanahalli),ward,GEO_IN_KA_276600,,,
GEO_IN_KA_276600_W1302855,Ward No.183 (Gurappanapalya),ward,GEO_IN_KA_276600,,,
GEO_IN_KA_251982_W25742,Sidlaghatta (TMC) - Ward No.18,ward,GEO_IN_KA_251982,,,
GEO_IN_KA_251975_W64932,Tiptur (TMC) - Ward No.15,ward,GEO_IN_KA_251975,,,
GEO_IN_KA_251981_W25722,Bagepalli (TP) - Ward No.11,ward,GEO_IN_KA_251981,,,
GEO_IN_KA_251951_W31352,Shimoga (Cmc) - Ward No.16,ward,GEO_IN_KA_251951,,,
GEO_IN_KA_251985_W65074,Kolar (Cmc) - Ward No.27,ward,GEO_IN_KA_251985,,,
GEO_IN_KA_252045_W28866,Mysore (M Corp.) - Ward No.61,ward,GEO_IN_KA_252045,,,
GEO_IN_KA_251930_W30847,Kudligi (TP) - Ward No.11,ward,GEO_IN_KA_251930,,,
GEO_IN_KA_251929_W61327,Sandur (TP) - Ward No.5,ward,GEO_IN_KA_251929,,,
GEO_IN_KA_276600_W1302799,Ward No.127 (Cottonpete),ward,GEO_IN_KA_276600,,,
GEO_IN_KA_252002_W1891664,Nagamangala (TP) - Ward No.18,ward,GEO_IN_KA_252002,,,
GEO_IN_KA_251888_W27978,Gadag-Betigeri (Cmc) - Ward No.15,ward,GEO_IN_KA_251888,,,
GEO_IN_KA_251868_W27573,Homnabad (TMC) - Ward No.18,ward,GEO_IN_KA_251868,,,
GEO_IN_KA_251836_W63245,Kerur (TP) - Ward No.2,ward,GEO_IN_KA_251836,,,
GEO_IN_KA_252054_W29136,Chamarajanagar (Cmc) - Ward No.9,ward,GEO_IN_KA_252054,,,
GEO_IN_KA_252021_W28217,Mangalore (M Corp.) - Ward No.6,ward,GEO_IN_KA_252021,,,
GEO_IN_KA_251887_W27956,Naregal (TP) - Ward No.8,ward,GEO_IN_KA_251887,,,
GEO_IN_KA_251953_W1922584,Kundapura (TMC) - Ward No.21,ward,GEO_IN_KA_251953,,,
GEO_IN_KA_251901_W61004,Haliyal (TP) - Ward No.6,ward,GEO_IN_KA_251901,,,
GEO_IN_KA_251863_W63721,Yadgir (TMC) - Ward No.10,ward,GEO_IN_KA_251863,,,
GEO_IN_KA_251919_W30091,Ranibennur (Cmc) - Ward No.14,ward,GEO_IN_KA_251919,,,
GEO_IN_KA_252007_W65587,Malavalli (TMC) - Ward No.3,ward,GEO_IN_KA_252007,,,
GEO_IN_KA_276579_W1296035,Ward-4,ward,GEO_IN_KA_276579,,,
GEO_IN_KA_251936_W31120,Hosdurga (TP) - Ward No.11,ward,GEO_IN_KA_251936,,,
GEO_IN_KA_276540_W1296124,Chandtara Galli,ward,GEO_IN_KA_276540,,,
GEO_IN_KA_251974_W1922530,Gubbi (TP) - Ward No.15,ward,GEO_IN_KA_251974,,,
GEO_IN_KA_251824_W25623,Belgaum (M Corp.) - Ward No.47,ward,GEO_IN_KA_251824,,,
GEO_IN_KA_251816_W24747,Konnur (TP) - Ward No.5,ward,GEO_IN_KA_251816,,,
GEO_IN_KA_301055_W3068461,ward No.17,ward,GEO_IN_KA_301055,,,
GEO_IN_KA_252004_W26755,Shrirangapattana (TMC) - Ward No.14,ward,GEO_IN_KA_252004,,,
GEO_IN_KA_251904_W61021,Mundgod (TP) - Ward No.3,ward,GEO_IN_KA_251904,,,
GEO_IN_KA_251868_W27579,Homnabad (TMC) - Ward No.24,ward,GEO_IN_KA_251868,,,
GEO_IN_KA_251835_W2179118,Mudhol-30,ward,GEO_IN_KA_251835,,,
GEO_IN_KA_276539_W1296095,Ward 2- Vishwanathappa Layout,ward,GEO_IN_KA_276539,,,
GEO_IN_KA_252045_W28820,Mysore (M Corp.) - Ward No.15,ward,GEO_IN_KA_252045,,,
GEO_IN_KA_251988_W25841,Robertson Pet (Cmc) - Ward No.23,ward,GEO_IN_KA_251988,,,
GEO_IN_KA_252004_W26753,Shrirangapattana (TMC) - Ward No.12,ward,GEO_IN_KA_252004,,,
GEO_IN_KA_251858_W7178,Jevargi (TP) - Ward No.17,ward,GEO_IN_KA_251858,,,
GEO_IN_KA_251895_W60980,Navalgund (TMC) - Ward No.2,ward,GEO_IN_KA_251895,,,
GEO_IN_KA_251876_W27679,Raichur (Cmc) - Ward No.24,ward,GEO_IN_KA_251876,,,
GEO_IN_KA_251840_W26256,Hungund (TP) - Ward No.4,ward,GEO_IN_KA_251840,,,
GEO_IN_KA_296977_W2440129,Ajjampura-06,ward,GEO_IN_KA_296977,,,
GEO_IN_KA_276519_W1293444,Ward-14,ward,GEO_IN_KA_276519,,,
GEO_IN_KA_251933_W61459,Challakere (TMC) - Ward No.5,ward,GEO_IN_KA_251933,,,
GEO_IN_KA_251868_W27572,Homnabad (TMC) - Ward No.17,ward,GEO_IN_KA_251868,,,
GEO_IN_KA_251934_W30870,Chitradurga (Cmc) - Ward No.4,ward,GEO_IN_KA_251934,,,
GEO_IN_KA_251995_W26563,Hosakote (TMC) - Ward No.20,ward,GEO_IN_KA_251995,,,
GEO_IN_KA_251830_W63208,Mahalingpur (TMC) - Ward No.11,ward,GEO_IN_KA_251830,,,
GEO_IN_KA_299180_W3044569,Ward 8,ward,GEO_IN_KA_299180,,,
GEO_IN_KA_276579_W1296041,Ward-10,ward,GEO_IN_KA_276579,,,
GEO_IN_KA_276521_W1293464,Ward-11,ward,GEO_IN_KA_276521,,,
GEO_IN_KA_251925_W30494,Siruguppa (TP) - Ward No.20,ward,GEO_IN_KA_251925,,,
GEO_IN_KA_251873_W1921529,Ward-2,ward,GEO_IN_KA_251873,,,
GEO_IN_KA_251981_W25718,Bagepalli (TP) - Ward No.7,ward,GEO_IN_KA_251981,,,
GEO_IN_KA_276575_W1295672,Ward No. 2,ward,GEO_IN_KA_276575,,,
GEO_IN_KA_277668_W3046764,Ward 21,ward,GEO_IN_KA_277668,,,
GEO_IN_KA_251971_W25377,Madhugiri (TMC) - Ward No.2,ward,GEO_IN_KA_251971,,,
GEO_IN_KA_251916_W61292,Haveri (Cmc) - Ward No.21,ward,GEO_IN_KA_251916,,,
GEO_IN_KA_251981_W25715,Bagepalli (TP) - Ward No.4,ward,GEO_IN_KA_251981,,,
GEO_IN_KA_276605_W1296246,Ward-14,ward,GEO_IN_KA_276605,,,
GEO_IN_KA_252021_W28232,Mangalore (M Corp.) - Ward No.21,ward,GEO_IN_KA_252021,,,
GEO_IN_KA_251952_W61532,Bhadravati (Cmc) - Ward No.6,ward,GEO_IN_KA_251952,,,
GEO_IN_KA_251970_W25366,Pavagada (TP) - Ward No.11,ward,GEO_IN_KA_251970,,,
GEO_IN_KA_251867_W27548,Bidar (Cmc) - Ward No.30,ward,GEO_IN_KA_251867,,,
GEO_IN_KA_252035_W1888847,Puttur (TMC) - Ward No.28,ward,GEO_IN_KA_252035,,,
GEO_IN_KA_251834_W26069,Bilgi (TP) - Ward No.1,ward,GEO_IN_KA_251834,,,
GEO_IN_KA_252042_W28782,Piriyapatna (TP) - Ward No.13,ward,GEO_IN_KA_252042,,,
GEO_IN_KA_299417_W2867095,Ward 11,ward,GEO_IN_KA_299417,,,
GEO_IN_KA_299169_W3044588,Ward 11,ward,GEO_IN_KA_299169,,,
GEO_IN_KA_251809_W24459,Nipani (Cmc) - Ward No.26,ward,GEO_IN_KA_251809,,,
GEO_IN_KA_276600_W3290550,Ward No.210(Kalena Agrahara ),ward,GEO_IN_KA_276600,,,
GEO_IN_KA_251913_W2445,Bankapura (TMC) - Ward No.16,ward,GEO_IN_KA_251913,,,
GEO_IN_KA_301790_W3287820,Ward No.23,ward,GEO_IN_KA_301790,,,
GEO_IN_KA_276611_W2179629,Ward-13,ward,GEO_IN_KA_276611,,,
GEO_IN_KA_299416_W2890361,Ward21,ward,GEO_IN_KA_299416,,,
GEO_IN_KA_251884_W27895,Nargund (TMC) - Ward No.13,ward,GEO_IN_KA_251884,,,
GEO_IN_KA_251914_W61259,Savanur (TMC) - Ward No.11,ward,GEO_IN_KA_251914,,,
GEO_IN_KA_251816_W1884222,Konnur (TP) - Ward No.23,ward,GEO_IN_KA_251816,,,
GEO_IN_KA_299327_W3304230,ward No.2,ward,GEO_IN_KA_299327,,,
GEO_IN_KA_251847_W26408,Talikota (TMC) - Ward No.10,ward,GEO_IN_KA_251847,,,
GEO_IN_KA_251946_W3044507,Ward 14,ward,GEO_IN_KA_251946,,,
GEO_IN_KA_251820_W25478,Hukeri (TP) - Ward No.12,ward,GEO_IN_KA_251820,,,
GEO_IN_KA_253188_W3046932,Ward 24,ward,GEO_IN_KA_253188,,,
GEO_IN_KA_251885_W27912,Ron (TP) - Ward No.7,ward,GEO_IN_KA_251885,,,
GEO_IN_KA_251946_W3044511,Ward 18,ward,GEO_IN_KA_251946,,,
GEO_IN_KA_251892_W1889219,Mundargi (TP) - Ward No.22,ward,GEO_IN_KA_251892,,,
GEO_IN_KA_276567_W1295750,Hosur Thot,ward,GEO_IN_KA_276567,,,
GEO_IN_KA_252052_W1920853,Tirumakudal - Narsipur (TP) - Ward No.15,ward,GEO_IN_KA_252052,,,
GEO_IN_KA_251863_W63730,Yadgir (TMC) - Ward No.19,ward,GEO_IN_KA_251863,,,
GEO_IN_KA_251815_W24741,Mudalgi (TMC) - Ward No.22,ward,GEO_IN_KA_251815,,,
GEO_IN_KA_276535_W1296318,Ward-12,ward,GEO_IN_KA_276535,,,
GEO_IN_KA_252045_W28821,Mysore (M Corp.) - Ward No.16,ward,GEO_IN_KA_252045,,,
GEO_IN_KA_251819_W25457,Sankeshwar (TMC) - Ward No.14,ward,GEO_IN_KA_251819,,,
GEO_IN_KA_276543_W1295888,Ward-14,ward,GEO_IN_KA_276543,,,
GEO_IN_KA_252053_W29120,Gundlupet (TMC) - Ward No.16,ward,GEO_IN_KA_252053,,,
GEO_IN_KA_251964_W61577,Kadur (TMC) - Ward No.1,ward,GEO_IN_KA_251964,,,
GEO_IN_KA_251988_W25834,Robertson Pet (Cmc) - Ward No.16,ward,GEO_IN_KA_251988,,,
GEO_IN_KA_276600_W1302747,Ward No.75 (Pulikeshinagar),ward,GEO_IN_KA_276600,,,
GEO_IN_KA_276522_W1293496,Ward-2,ward,GEO_IN_KA_276522,,,
GEO_IN_KA_251901_W61014,Haliyal (TP) - Ward No.16,ward,GEO_IN_KA_251901,,,
GEO_IN_KA_252055_W29159,Yelandur (TP) - Ward No.1,ward,GEO_IN_KA_252055,,,
GEO_IN_KA_251996_W65129,Magadi (TMC) - Ward No.3,ward,GEO_IN_KA_251996,,,
GEO_IN_KA_251865_W63759,Bhalki (TMC) - Ward No.21,ward,GEO_IN_KA_251865,,,
GEO_IN_KA_276516_W1296397,Sbc Camp Area,ward,GEO_IN_KA_276516,,,
GEO_IN_KA_251940_W61505,Jagalur (TP) - Ward No.5,ward,GEO_IN_KA_251940,,,
GEO_IN_KA_251933_W1886523,Challakere (TMC) - Ward No.26,ward,GEO_IN_KA_251933,,,
GEO_IN_KA_297131_W2440201,Ward-6,ward,GEO_IN_KA_297131,,,
GEO_IN_KA_251895_W923397,Navalgund (TMC) - Ward No.21,ward,GEO_IN_KA_251895,,,
GEO_IN_KA_251995_W26545,Hosakote (TMC) - Ward No.11,ward,GEO_IN_KA_251995,,,
GEO_IN_KA_251912_W69706,Shiggaon (TMC) - Ward No.23,ward,GEO_IN_KA_251912,,,
GEO_IN_KA_251936_W31113,Hosdurga (TP) - Ward No.4,ward,GEO_IN_KA_251936,,,
GEO_IN_KA_252012_W65642,Hassan (Cmc) - Ward No.35,ward,GEO_IN_KA_252012,,,
GEO_IN_KA_251962_W32411,Tarikere (TP) - Ward No.11,ward,GEO_IN_KA_251962,,,
GEO_IN_KA_276599_W1296274,Ward-3,ward,GEO_IN_KA_276599,,,
GEO_IN_KA_299320_W3044599,Ward 3,ward,GEO_IN_KA_299320,,,
GEO_IN_KA_252009_W27747,Belur (TMC) - Ward No.1,ward,GEO_IN_KA_252009,,,
GEO_IN_KA_251843_W26337,Indi (TMC) - Ward No.5,ward,GEO_IN_KA_251843,,,
GEO_IN_KA_251893_W28058,Hubli-Dharwad (M Corp.) - Ward No.20,ward,GEO_IN_KA_251893,,,
GEO_IN_KA_263293_W2179726,Ward-11,ward,GEO_IN_KA_263293,,,
GEO_IN_KA_251941_W31182,Davanagere (Cmc) - Ward No.1,ward,GEO_IN_KA_251941,,,
GEO_IN_KA_252012_W65626,Hassan (Cmc) - Ward No.19,ward,GEO_IN_KA_252012,,,
GEO_IN_KA_251983_W25758,Chintamani (Cmc) - Ward No.11,ward,GEO_IN_KA_251983,,,
GEO_IN_KA_276521_W1293468,Ward-15,ward,GEO_IN_KA_276521,,,
GEO_IN_KA_251984_W1890491,Srinivaspur (TP) - Ward No. 23,ward,GEO_IN_KA_251984,,,
GEO_IN_KA_276575_W1295675,Ward No. 5,ward,GEO_IN_KA_276575,,,
GEO_IN_KA_251825_W2440118,Ward-19,ward,GEO_IN_KA_251825,,,
GEO_IN_KA_251985_W64975,Kolar (Cmc) - Ward No.20,ward,GEO_IN_KA_251985,,,
GEO_IN_KA_251978_W25581,Gauribidanur (TMC) - Ward No.9,ward,GEO_IN_KA_251978,,,
GEO_IN_KA_251968_W25326,Chiknayakanhalli (TMC) - Ward No.17,ward,GEO_IN_KA_251968,,,
GEO_IN_KA_251908_W2443205,Siddapur (TP) - Ward No.15,ward,GEO_IN_KA_251908,,,
GEO_IN_KA_252006_W27722,Maddur (TMC) - Ward No.22,ward,GEO_IN_KA_252006,,,
GEO_IN_KA_251865_W63756,Bhalki (TMC) - Ward No.18,ward,GEO_IN_KA_251865,,,
GEO_IN_KA_251898_W28153,Kundgol (TP) - Ward No.5,ward,GEO_IN_KA_251898,,,
GEO_IN_KA_251810_W1865578,Sadalgi (TP) - Ward No. 22,ward,GEO_IN_KA_251810,,,
GEO_IN_KA_297133_W2440146,Ward-5,ward,GEO_IN_KA_297133,,,
GEO_IN_KA_301054_W3068536,Ward 2,ward,GEO_IN_KA_301054,,,
GEO_IN_KA_251939_W31181,Harapanahalli (TP) - Ward No.20,ward,GEO_IN_KA_251939,,,
GEO_IN_KA_276599_W1296284,Ward-13,ward,GEO_IN_KA_276599,,,
GEO_IN_KA_251989_W2443635,Mulbagal (TMC) - Ward No.30,ward,GEO_IN_KA_251989,,,
GEO_IN_KA_252037_W28746,"Madikeri-17(Putani Nagar,Mysore Road)",ward,GEO_IN_KA_252037,,,
GEO_IN_KA_276600_W1302839,Ward No.167 (Ashok Nagar ),ward,GEO_IN_KA_276600,,,
GEO_IN_KA_251882_W1891306,Koppal (Cmc) - Ward No.17,ward,GEO_IN_KA_251882,,,
GEO_IN_KA_251869_W27599,Chitgoppa (TMC) - Ward No.19,ward,GEO_IN_KA_251869,,,
GEO_IN_KA_276543_W1295875,Ward-1,ward,GEO_IN_KA_276543,,,
GEO_IN_KA_251818_W24781,Gokak (Cmc) - Ward No.23,ward,GEO_IN_KA_251818,,,
GEO_IN_KA_251914_W61258,Savanur (TMC) - Ward No.10,ward,GEO_IN_KA_251914,,,
GEO_IN_KA_251985_W1890537,Kolar (Cmc) - Ward No.35,ward,GEO_IN_KA_251985,,,
GEO_IN_KA_252043_W65836,Hunsur (TMC) - Ward No.15,ward,GEO_IN_KA_252043,,,
GEO_IN_KA_251939_W31173,Harapanahalli (TP) - Ward No.12,ward,GEO_IN_KA_251939,,,
GEO_IN_KA_251936_W31122,Hosdurga (TP) - Ward No.13,ward,GEO_IN_KA_251936,,,
GEO_IN_KA_251893_W28073,Hubli-Dharwad (M Corp.) - Ward No.35,ward,GEO_IN_KA_251893,,,
GEO_IN_KA_251818_W24762,Gokak (Cmc) - Ward No.4,ward,GEO_IN_KA_251818,,,
GEO_IN_KA_251814_W24709,Raybag (TP) - Ward No.3,ward,GEO_IN_KA_251814,,,
GEO_IN_KA_251903_W28699,Yellapur (TP) - Ward No.12,ward,GEO_IN_KA_251903,,,
GEO_IN_KA_276576_W1295736,Ambedakar Nagar1,ward,GEO_IN_KA_276576,,,
GEO_IN_KA_276600_W1302774,Ward No.102 (AECS Layout ),ward,GEO_IN_KA_276600,,,
GEO_IN_KA_276539_W1296112,Ward 19- Dr. B.R. Ambedkar Ward,ward,GEO_IN_KA_276539,,,
GEO_IN_KA_276556_W1294659,Ward-11,ward,GEO_IN_KA_276556,,,
GEO_IN_KA_251976_W25429,Turuvekere (TP) - Ward No.6,ward,GEO_IN_KA_251976,,,
GEO_IN_KA_276602_W1923184,Belluru (TP) - Ward No.1,ward,GEO_IN_KA_276602,,,
GEO_IN_KA_251922_W30455,Hospet (Cmc) - Ward No.35,ward,GEO_IN_KA_251922,,,
GEO_IN_KA_251914_W61255,Savanur (TMC) - Ward No.7,ward,GEO_IN_KA_251914,,,
GEO_IN_KA_251936_W31110,Hosdurga (TP) - Ward No.1,ward,GEO_IN_KA_251936,,,
GEO_IN_KA_251933_W1886526,Challakere (TMC) - Ward No.29,ward,GEO_IN_KA_251933,,,
GEO_IN_KA_251912_W61068,Shiggaon (TMC) - Ward No.10,ward,GEO_IN_KA_251912,,,
GEO_IN_KA_251927_W30835,Bellary (Cmc) - Ward No.34,ward,GEO_IN_KA_251927,,,
GEO_IN_KA_251911_W29995,Bhatkal (TMC) - Ward No.3,ward,GEO_IN_KA_251911,,,
GEO_IN_KA_251995_W26549,Hosakote (TMC) - Ward No.13,ward,GEO_IN_KA_251995,,,
GEO_IN_KA_301061_W3068514,Ward 13,ward,GEO_IN_KA_301061,,,
GEO_IN_KA_276567_W1295746,Halasiddeshwar Coloney,ward,GEO_IN_KA_276567,,,
GEO_IN_KA_276576_W1295739,Kurabet Thot,ward,GEO_IN_KA_276576,,,
GEO_IN_KA_252021_W28248,Mangalore (M Corp.) - Ward No.37,ward,GEO_IN_KA_252021,,,
GEO_IN_KA_252021_W28220,Mangalore (M Corp.) - Ward No.9,ward,GEO_IN_KA_252021,,,
GEO_IN_KA_297132_W3044503,Ward 9,ward,GEO_IN_KA_297132,,,
GEO_IN_KA_299329_W3287835,Ward No.4,ward,GEO_IN_KA_299329,,,
GEO_IN_KA_251855_W27353,Shahabad (TMC) - Ward No.26,ward,GEO_IN_KA_251855,,,
GEO_IN_KA_276577_W1295626,Ward No. 8,ward,GEO_IN_KA_276577,,,
GEO_IN_KA_251848_W26425,Aland (TMC) - Ward No.4,ward,GEO_IN_KA_251848,,,
GEO_IN_KA_251878_W2178782,Sindhanur-30,ward,GEO_IN_KA_251878,,,
GEO_IN_KA_251846_W26396,Muddebihal (TMC) - Ward No.21,ward,GEO_IN_KA_251846,,,
GEO_IN_KA_251860_W2443202,Bhimarayanagudi (Nac) - Ward No.3,ward,GEO_IN_KA_251860,,,
GEO_IN_KA_251959_W61572,Sringeri (TP) - Ward No.2,ward,GEO_IN_KA_251959,,,
GEO_IN_KA_251953_W1922583,Kundapura (TMC) - Ward No.20,ward,GEO_IN_KA_251953,,,
GEO_IN_KA_276575_W1295677,Ward No. 7,ward,GEO_IN_KA_276575,,,
GEO_IN_KA_276563_W1295961,Dasara Tota,ward,GEO_IN_KA_276563,,,
GEO_IN_KA_252016_W28173,Channarayapatna (TMC) - Ward No.3,ward,GEO_IN_KA_252016,,,
GEO_IN_KA_251811_W24482,Chikodi (TMC) - Ward No.18,ward,GEO_IN_KA_251811,,,
GEO_IN_KA_251905_W28711,Sirsi (Cmc) - Ward No.9,ward,GEO_IN_KA_251905,,,
GEO_IN_KA_251909_W29979,Honavar (TP) - Ward No.5,ward,GEO_IN_KA_251909,,,
GEO_IN_KA_276599_W1296287,Ward-16,ward,GEO_IN_KA_276599,,,
GEO_IN_KA_251986_W25809,Malur (TMC) - Ward No.14,ward,GEO_IN_KA_251986,,,
GEO_IN_KA_251886_W27935,Gajendragarh (TMC) - Ward No.10,ward,GEO_IN_KA_251886,,,
GEO_IN_KA_251812_W24507,Athni (TMC) - Ward No.20,ward,GEO_IN_KA_251812,,,
GEO_IN_KA_276556_W1294652,Ward-4,ward,GEO_IN_KA_276556,,,
GEO_IN_KA_253189_W2443567,Bangalore (M Corp.) - Ward No.27,ward,GEO_IN_KA_253189,,,
GEO_IN_KA_276541_W1296192,Ward-10,ward,GEO_IN_KA_276541,,,
GEO_IN_KA_251931_W61443,Kotturu (TP) - Ward No.9,ward,GEO_IN_KA_251931,,,
GEO_IN_KA_251889_W60491,Mulgund (TP) - Ward No.13,ward,GEO_IN_KA_251889,,,
GEO_IN_KA_251848_W26976,Aland (TMC) - Ward No.20,ward,GEO_IN_KA_251848,,,
GEO_IN_KA_251876_W27667,Raichur (Cmc) - Ward No.12,ward,GEO_IN_KA_251876,,,
GEO_IN_KA_253189_W25978,Bangalore (M Corp.) - Ward No.7,ward,GEO_IN_KA_253189,,,
GEO_IN_KA_251858_W27367,Jevargi (TP) - Ward No.12,ward,GEO_IN_KA_251858,,,
GEO_IN_KA_251941_W31208,Davanagere (Cmc) - Ward No.27,ward,GEO_IN_KA_251941,,,
GEO_IN_KA_251916_W61286,Haveri (Cmc) - Ward No.15,ward,GEO_IN_KA_251916,,,
GEO_IN_KA_276618_W1295589,Hanuman Nagar,ward,GEO_IN_KA_276618,,,
GEO_IN_KA_251943_W2178631,Channagiri (TP) - Ward No.20,ward,GEO_IN_KA_251943,,,
GEO_IN_KA_277668_W3046765,Ward 22,ward,GEO_IN_KA_277668,,,
GEO_IN_KA_252043_W65841,Hunsur (TMC) - Ward No.20,ward,GEO_IN_KA_252043,,,
GEO_IN_KA_276554_W1294239,Ward-6,ward,GEO_IN_KA_276554,,,
GEO_IN_KA_276558_W1296166,Kalmeshwar Temple,ward,GEO_IN_KA_276558,,,
GEO_IN_KA_276541_W1296198,Ward-16,ward,GEO_IN_KA_276541,,,
GEO_IN_KA_252013_W27791,Alur (TP) - Ward No.1,ward,GEO_IN_KA_252013,,,
GEO_IN_KA_251856_W931395,Wadi (TMC) - Ward No.19,ward,GEO_IN_KA_251856,,,
GEO_IN_KA_276600_W1302712,Ward No. 40 (Chowdeshwari Nagar ),ward,GEO_IN_KA_276600,,,
GEO_IN_KA_251830_W63219,Mahalingpur (TMC) - Ward No.22,ward,GEO_IN_KA_251830,,,
GEO_IN_KA_263293_W2179723,Ward-8,ward,GEO_IN_KA_263293,,,
GEO_IN_KA_251950_W31331,Tirthahalli (TP) - Ward No.9,ward,GEO_IN_KA_251950,,,
GEO_IN_KA_251941_W31199,Davanagere (Cmc) - Ward No.18,ward,GEO_IN_KA_251941,,,
GEO_IN_KA_251811_W24478,Chikodi (TMC) - Ward No.14,ward,GEO_IN_KA_251811,,,
GEO_IN_KA_276599_W1296288,Ward-17,ward,GEO_IN_KA_276599,,,
GEO_IN_KA_299321_W3046854,Ward 10,ward,GEO_IN_KA_299321,,,
GEO_IN_KA_251974_W1922534,Gubbi (TP) - Ward No.19,ward,GEO_IN_KA_251974,,,
GEO_IN_KA_251901_W61005,Haliyal (TP) - Ward No.7,ward,GEO_IN_KA_251901,,,
GEO_IN_KA_251885_W27906,Ron (TP) - Ward No.1,ward,GEO_IN_KA_251885,,,
GEO_IN_KA_276557_W2179682,Ward-5,ward,GEO_IN_KA_276557,,,
GEO_IN_KA_251891_W28004,Lakshmeshwar (TMC) - Ward No.6,ward,GEO_IN_KA_251891,,,
GEO_IN_KA_253186_W65150,Ramanagara-Ward No.13,ward,GEO_IN_KA_253186,,,
GEO_IN_KA_251868_W27575,Homnabad (TMC) - Ward No.20,ward,GEO_IN_KA_251868,,,
GEO_IN_KA_276578_W1295453,Pagadar Oni,ward,GEO_IN_KA_276578,,,
GEO_IN_KA_251946_W61519,Sorab (TP) - Ward No.6,ward,GEO_IN_KA_251946,,,
GEO_IN_KA_251884_W27884,Nargund (TMC) - Ward No.2,ward,GEO_IN_KA_251884,,,
GEO_IN_KA_276600_W1302827,Ward No.155 (Devaraj Urs Nagar ),ward,GEO_IN_KA_276600,,,
GEO_IN_KA_251893_W28077,Hubli-Dharwad (M Corp.) - Ward No.39,ward,GEO_IN_KA_251893,,,
GEO_IN_KA_276464_W1295903,Ward No.12,ward,GEO_IN_KA_276464,,,
GEO_IN_KA_276604_W1296260,Ward-8,ward,GEO_IN_KA_276604,,,
GEO_IN_KA_299321_W3046846,Ward 2,ward,GEO_IN_KA_299321,,,
GEO_IN_KA_276519_W1293440,Ward-10,ward,GEO_IN_KA_276519,,,
GEO_IN_KA_251983_W25755,Chintamani (Cmc) - Ward No.8,ward,GEO_IN_KA_251983,,,
GEO_IN_KA_252007_W65595,Malavalli (TMC) - Ward No.11,ward,GEO_IN_KA_252007,,,
GEO_IN_KA_251968_W32478,Chiknayakanhalli (TMC) - Ward No.3,ward,GEO_IN_KA_251968,,,
GEO_IN_KA_251831_W1709483,Terdal (TP) - Ward No 23,ward,GEO_IN_KA_251831,,,
GEO_IN_KA_276537_W1296048,Ward No. 1,ward,GEO_IN_KA_276537,,,
GEO_IN_KA_251941_W2443621,Davanagere (Cmc) - Ward No.45,ward,GEO_IN_KA_251941,,,
GEO_IN_KA_251869_W27602,Chitgoppa (TMC) - Ward No.22,ward,GEO_IN_KA_251869,,,
GEO_IN_KA_276523_W1293511,Ward-1,ward,GEO_IN_KA_276523,,,
GEO_IN_KA_296955_W2491231,Ward-14,ward,GEO_IN_KA_296955,,,
GEO_IN_KA_251888_W27991,Gadag-Betigeri (Cmc) - Ward No.28,ward,GEO_IN_KA_251888,,,
GEO_IN_KA_252053_W29124,Gundlupet (TMC) - Ward No.20,ward,GEO_IN_KA_252053,,,
GEO_IN_KA_251982_W25729,Sidlaghatta (TMC) - Ward No.5,ward,GEO_IN_KA_251982,,,
GEO_IN_KA_251952_W61546,Bhadravati (Cmc) - Ward No.20,ward,GEO_IN_KA_251952,,,
GEO_IN_KA_252029_W3068751,ward No.11,ward,GEO_IN_KA_252029,,,
GEO_IN_KA_299329_W3287834,Ward No.3,ward,GEO_IN_KA_299329,,,
GEO_IN_KA_251866_W63762,Aurad (TP) - Ward No.1,ward,GEO_IN_KA_251866,,,
GEO_IN_KA_299416_W2890358,Ward 18,ward,GEO_IN_KA_299416,,,
GEO_IN_KA_252002_W26711,Nagamangala (TP) - Ward No.2,ward,GEO_IN_KA_252002,,,
GEO_IN_KA_276577_W1295620,Ward No. 2,ward,GEO_IN_KA_276577,,,
GEO_IN_KA_299169_W3044580,Ward 3,ward,GEO_IN_KA_299169,,,
GEO_IN_KA_296977_W2440124,Ajjampura-01,ward,GEO_IN_KA_296977,,,
GEO_IN_KA_251853_W2144738,Chittapura-22,ward,GEO_IN_KA_251853,,,
GEO_IN_KA_251825_W25646,Khanapur (TP) - Ward No.5,ward,GEO_IN_KA_251825,,,
GEO_IN_KA_276600_W1302831,Ward No.159 (Azad Nagar ),ward,GEO_IN_KA_276600,,,
GEO_IN_KA_252050_W1921376,Nanjangud (TMC) - Ward No.30,ward,GEO_IN_KA_252050,,,
GEO_IN_KA_251925_W1864367,Siruguppa (TP) - Ward No.25,ward,GEO_IN_KA_251925,,,
GEO_IN_KA_251996_W65149,Magadi (TMC) - Ward No.13,ward,GEO_IN_KA_251996,,,
GEO_IN_KA_251955_W31779,Udupi (Cmc) - Ward No.33,ward,GEO_IN_KA_251955,,,
GEO_IN_KA_252056_W29186,Kollegal (Cmc) - Ward No.9,ward,GEO_IN_KA_252056,,,
GEO_IN_KA_252001_W26702,Krishnarajpet (TP) - Ward No.11,ward,GEO_IN_KA_252001,,,
GEO_IN_KA_252034_W28398,Beltangadi (TP) - Ward No.5,ward,GEO_IN_KA_252034,,,
GEO_IN_KA_276604_W1296253,Ward-1,ward,GEO_IN_KA_276604,,,
GEO_IN_KA_276516_W1296410,Ashray Calony (Dr.B.R.Ambedkar Nagar),ward,GEO_IN_KA_276516,,,
GEO_IN_KA_251849_W930337,Afzalpur (TP) - Ward No.19,ward,GEO_IN_KA_251849,,,
GEO_IN_KA_301790_W3287799,Ward No.2,ward,GEO_IN_KA_301790,,,
GEO_IN_KA_251922_W30432,Hospet (Cmc) - Ward No.12,ward,GEO_IN_KA_251922,,,
GEO_IN_KA_251858_W27365,Jevargi (TP) - Ward No.10,ward,GEO_IN_KA_251858,,,
GEO_IN_KA_251938_W31141,Harihar (Cmc) - Ward No.14,ward,GEO_IN_KA_251938,,,
GEO_IN_KA_251828_W25701,Saundatti-Yellamma (TMC) - Ward No.21,ward,GEO_IN_KA_251828,,,
GEO_IN_KA_253186_W65128,Ramanagara-Ward No.2,ward,GEO_IN_KA_253186,,,
GEO_IN_KA_252054_W29149,Chamarajanagar (Cmc) - Ward No.22,ward,GEO_IN_KA_252054,,,
GEO_IN_KA_251978_W25584,Gauribidanur (TMC) - Ward No.12,ward,GEO_IN_KA_251978,,,
GEO_IN_KA_251844_W63443,Sindgi (TMC) - Ward No.3,ward,GEO_IN_KA_251844,,,
GEO_IN_KA_251905_W28722,Sirsi (Cmc) - Ward No.20,ward,GEO_IN_KA_251905,,,
GEO_IN_KA_296975_W2179301,Madanayakanahalli-23,ward,GEO_IN_KA_296975,,,
GEO_IN_KA_251937_W61495,Hiriyur (TMC) - Ward No.18,ward,GEO_IN_KA_251937,,,
GEO_IN_KA_251818_W24765,Gokak (Cmc) - Ward No.7,ward,GEO_IN_KA_251818,,,
GEO_IN_KA_251831_W25920,Terdal (TP) - Ward No.13,ward,GEO_IN_KA_251831,,,
GEO_IN_KA_276544_W1296200,Vinayak Nagar,ward,GEO_IN_KA_276544,,,
GEO_IN_KA_251939_W31171,Harapanahalli (TP) - Ward No.3,ward,GEO_IN_KA_251939,,,
GEO_IN_KA_251925_W1864365,Siruguppa (TP) - Ward No.23,ward,GEO_IN_KA_251925,,,
GEO_IN_KA_251945_W31263,Sagar (TMC) - Ward No.15,ward,GEO_IN_KA_251945,,,
GEO_IN_KA_251913_W2439,Bankapura (TMC) - Ward No.10,ward,GEO_IN_KA_251913,,,
GEO_IN_KA_251827_W25679,Bail Hongal (TMC) - Ward No.22,ward,GEO_IN_KA_251827,,,
GEO_IN_KA_248127_W26997,Kalaburagi (M Corp.) - Ward No.18,ward,GEO_IN_KA_248127,,,
GEO_IN_KA_251870_W27617,Mudgal (TP) - Ward No.14,ward,GEO_IN_KA_251870,,,
GEO_IN_KA_251845_W26367,Basavana Bagevadi (TP) - Ward No.12,ward,GEO_IN_KA_251845,,,
GEO_IN_KA_251828_W2890334,Ward26,ward,GEO_IN_KA_251828,,,
GEO_IN_KA_251962_W31821,Tarikere (TP) - Ward No.5,ward,GEO_IN_KA_251962,,,
GEO_IN_KA_251834_W1724008,Bilgi (TP) -Ward 14,ward,GEO_IN_KA_251834,,,
GEO_IN_KA_252012_W65617,Hassan (Cmc) - Ward No.10,ward,GEO_IN_KA_252012,,,
GEO_IN_KA_251964_W61594,Kadur (TMC) - Ward No.18,ward,GEO_IN_KA_251964,,,
GEO_IN_KA_276565_W1296087,New Colony Kage Plot,ward,GEO_IN_KA_276565,,,
GEO_IN_KA_299179_W3046800,Ward 11,ward,GEO_IN_KA_299179,,,
GEO_IN_KA_251951_W31343,Shimoga (Cmc) - Ward No.7,ward,GEO_IN_KA_251951,,,
GEO_IN_KA_276600_W1302704,Ward No. 32 (Kengeri),ward,GEO_IN_KA_276600,,,
GEO_IN_KA_296978_W2440179,Kalagi-06,ward,GEO_IN_KA_296978,,,
GEO_IN_KA_251992_W26479,Dod Ballapur (Cmc) - Ward No.9,ward,GEO_IN_KA_251992,,,
GEO_IN_KA_276572_W1296216,Dp Colony,ward,GEO_IN_KA_276572,,,
GEO_IN_KA_251809_W24444,Nipani (Cmc) - Ward No.11,ward,GEO_IN_KA_251809,,,
GEO_IN_KA_276572_W1296229,Madina Colony - 2,ward,GEO_IN_KA_276572,,,
GEO_IN_KA_251976_W25428,Turuvekere (TP) - Ward No.5,ward,GEO_IN_KA_251976,,,
GEO_IN_KA_276600_W1302757,Ward No.85 (Maruthi Seva Nagar ),ward,GEO_IN_KA_276600,,,
GEO_IN_KA_253185_W26610,Channapatna- Ward No.20,ward,GEO_IN_KA_253185,,,
GEO_IN_KA_276604_W1296266,Ward-14,ward,GEO_IN_KA_276604,,,
GEO_IN_KA_276600_W1302758,Ward No.86 (Challakere),ward,GEO_IN_KA_276600,,,
GEO_IN_KA_251813_W24696,Kudchi (TP) - Ward No.10,ward,GEO_IN_KA_251813,,,
GEO_IN_KA_251830_W63211,Mahalingpur (TMC) - Ward No.14,ward,GEO_IN_KA_251830,,,
GEO_IN_KA_251925_W30484,Siruguppa (TP) - Ward No.10,ward,GEO_IN_KA_251925,,,
GEO_IN_KA_251895_W60998,Navalgund (TMC) - Ward No.20,ward,GEO_IN_KA_251895,,,
GEO_IN_KA_251810_W63183,Sadalgi (TP) - Ward No.2,ward,GEO_IN_KA_251810,,,
GEO_IN_KA_276600_W1302780,Ward No.108 (Cox Town),ward,GEO_IN_KA_276600,,,
GEO_IN_KA_251893_W28098,Hubli-Dharwad (M Corp.) - Ward No.60,ward,GEO_IN_KA_251893,,,
GEO_IN_KA_252050_W65870,Nanjangud (TMC) - Ward No.24,ward,GEO_IN_KA_252050,,,
GEO_IN_KA_251819_W25455,Sankeshwar (TMC) - Ward No.12,ward,GEO_IN_KA_251819,,,
GEO_IN_KA_251995_W26553,Hosakote (TMC) - Ward No.15,ward,GEO_IN_KA_251995,,,
GEO_IN_KA_251864_W27410,Basavakalyan (TMC) - Ward No.16,ward,GEO_IN_KA_251864,,,
GEO_IN_KA_251836_W63428,Kerur (TP) - Ward No.4,ward,GEO_IN_KA_251836,,,
GEO_IN_KA_251983_W25776,Chintamani (Cmc) - Ward No.29,ward,GEO_IN_KA_251983,,,
GEO_IN_KA_251975_W64940,Tiptur (TMC) - Ward No.23,ward,GEO_IN_KA_251975,,,
GEO_IN_KA_251964_W61599,Kadur (TMC) - Ward No.23,ward,GEO_IN_KA_251964,,,
GEO_IN_KA_251880_W27846,Kushtagi (TMC) - Ward No.12,ward,GEO_IN_KA_251880,,,
GEO_IN_KA_251973_W64896,Tumkur (Cmc) - Ward No.14,ward,GEO_IN_KA_251973,,,
GEO_IN_KA_251947_W2443650,Siralkoppa (TP) - Ward No.17,ward,GEO_IN_KA_251947,,,
GEO_IN_KA_251825_W923215,Khanapur (TP) - Ward No 16,ward,GEO_IN_KA_251825,,,
GEO_IN_KA_299318_W3287782,Ward No.8,ward,GEO_IN_KA_299318,,,
GEO_IN_KA_276577_W1295622,Ward No. 4,ward,GEO_IN_KA_276577,,,
GEO_IN_KA_276569_W1295696,Ward No. 9,ward,GEO_IN_KA_276569,,,
GEO_IN_KA_252021_W28228,Mangalore (M Corp.) - Ward No.17,ward,GEO_IN_KA_252021,,,
GEO_IN_KA_252008_W27725,Sakleshpur (TMC) - Ward No.2,ward,GEO_IN_KA_252008,,,
GEO_IN_KA_251870_W1921501,Mudgal (TP) - Ward No.18,ward,GEO_IN_KA_251870,,,
GEO_IN_KA_251974_W25410,Gubbi (TP) - Ward No.1,ward,GEO_IN_KA_251974,,,
GEO_IN_KA_251845_W26360,Basavana Bagevadi (TP) - Ward No.5,ward,GEO_IN_KA_251845,,,
GEO_IN_KA_252003_W26729,Pandavapura (TP) - Ward No.5,ward,GEO_IN_KA_252003,,,
GEO_IN_KA_253186_W65158,Ramanagara- Ward No.17,ward,GEO_IN_KA_253186,,,
GEO_IN_KA_253188_W3046917,Ward 9,ward,GEO_IN_KA_253188,,,
GEO_IN_KA_251933_W61463,Challakere (TMC) - Ward No.9,ward,GEO_IN_KA_251933,,,
GEO_IN_KA_251927_W30802,Bellary (Cmc) - Ward No.1,ward,GEO_IN_KA_251927,,,
GEO_IN_KA_276529_W1295550,Ambedkar Nagar,ward,GEO_IN_KA_276529,,,
GEO_IN_KA_251930_W30843,Kudligi (TP) - Ward No.7,ward,GEO_IN_KA_251930,,,
GEO_IN_KA_251867_W27531,Bidar (Cmc) - Ward No.13,ward,GEO_IN_KA_251867,,,
GEO_IN_KA_251809_W24438,Nipani (Cmc) - Ward No.5,ward,GEO_IN_KA_251809,,,
GEO_IN_KA_299329_W3287842,Ward No.11,ward,GEO_IN_KA_299329,,,
GEO_IN_KA_276577_W1295627,Ward No. 9,ward,GEO_IN_KA_276577,,,
GEO_IN_KA_299329_W3287848,Ward No.17,ward,GEO_IN_KA_299329,,,
GEO_IN_KA_251939_W31170,Harapanahalli (TP) - Ward No.2,ward,GEO_IN_KA_251939,,,
GEO_IN_KA_276618_W1295614,Ward No.15,ward,GEO_IN_KA_276618,,,
GEO_IN_KA_297132_W3044504,Ward 10,ward,GEO_IN_KA_297132,,,
GEO_IN_KA_252033_W28383,Bantval (TP) - Ward No.11,ward,GEO_IN_KA_252033,,,
GEO_IN_KA_299416_W2890353,Ward 13,ward,GEO_IN_KA_299416,,,
GEO_IN_KA_251965_W32462,Chikmagalur (Cmc) - Ward No.19,ward,GEO_IN_KA_251965,,,
GEO_IN_KA_251879_W72036,Yelbarga(TP)-Ward No.9,ward,GEO_IN_KA_251879,,,
GEO_IN_KA_251833_W26065,Rabkavi-Banhatti (Cmc) - Ward No.28,ward,GEO_IN_KA_251833,,,
GEO_IN_KA_252015_W65658,Hole Narsipur (TMC) - Ward No.11,ward,GEO_IN_KA_252015,,,
GEO_IN_KA_251965_W32473,Chikmagalur (Cmc) - Ward No.30,ward,GEO_IN_KA_251965,,,
GEO_IN_KA_251933_W1886528,Challakere (TMC) - Ward No.31,ward,GEO_IN_KA_251933,,,
GEO_IN_KA_251842_W2440259,Ward-18,ward,GEO_IN_KA_251842,,,
GEO_IN_KA_276574_W3044482,Ward 19,ward,GEO_IN_KA_276574,,,
GEO_IN_KA_251922_W30422,Hospet (Cmc) - Ward No.2,ward,GEO_IN_KA_251922,,,
GEO_IN_KA_276555_W1294262,Ward-11,ward,GEO_IN_KA_276555,,,
GEO_IN_KA_251820_W25476,Hukeri (TP) - Ward No.10,ward,GEO_IN_KA_251820,,,
GEO_IN_KA_251858_W7177,Jevargi (TP) - Ward No.16,ward,GEO_IN_KA_251858,,,
GEO_IN_KA_301061_W3068509,Ward 8,ward,GEO_IN_KA_301061,,,
GEO_IN_KA_251873_W1921538,Ward-11,ward,GEO_IN_KA_251873,,,
GEO_IN_KA_252012_W65608,Hassan (Cmc) - Ward No.1,ward,GEO_IN_KA_252012,,,
GEO_IN_KA_299169_W3044581,Ward 4,ward,GEO_IN_KA_299169,,,
GEO_IN_KA_276533_W1296010,Ward No.19,ward,GEO_IN_KA_276533,,,
GEO_IN_KA_251919_W30086,Ranibennur (Cmc) - Ward No.9,ward,GEO_IN_KA_251919,,,
GEO_IN_KA_276522_W1293503,Ward-9,ward,GEO_IN_KA_276522,,,
GEO_IN_KA_251824_W25528,Belgaum (M Corp.) - Ward No.41,ward,GEO_IN_KA_251824,,,
GEO_IN_KA_252052_W1920850,Tirumakudal - Narsipur (TP) - Ward No. 12,ward,GEO_IN_KA_252052,,,
GEO_IN_KA_251834_W1724009,Bilgi (TP) -Ward 15,ward,GEO_IN_KA_251834,,,
GEO_IN_KA_299417_W2867092,Ward 8,ward,GEO_IN_KA_299417,,,
GEO_IN_KA_251873_W1921532,Ward-5,ward,GEO_IN_KA_251873,,,
GEO_IN_KA_297133_W2440151,Ward-10,ward,GEO_IN_KA_297133,,,
GEO_IN_KA_276529_W1295547,Siddapur Tottad Vasati,ward,GEO_IN_KA_276529,,,
GEO_IN_KA_251977_W25555,Kunigal (TMC) - Ward No.15,ward,GEO_IN_KA_251977,,,
GEO_IN_KA_276600_W1302865,Ward No.193 (Padmanabha Nagar ),ward,GEO_IN_KA_276600,,,
GEO_IN_KA_251940_W61507,Jagalur (TP) - Ward No.7,ward,GEO_IN_KA_251940,,,
GEO_IN_KA_251867_W27424,Bidar (Cmc) - Ward No.3,ward,GEO_IN_KA_251867,,,
GEO_IN_KA_251988_W25835,Robertson Pet (Cmc) - Ward No.17,ward,GEO_IN_KA_251988,,,
GEO_IN_KA_276564_W1295988,Ward-20,ward,GEO_IN_KA_276564,,,
GEO_IN_KA_276574_W1295462,Basava Nagar,ward,GEO_IN_KA_276574,,,
GEO_IN_KA_251873_W1921534,Ward-7,ward,GEO_IN_KA_251873,,,
GEO_IN_KA_251884_W27889,Nargund (TMC) - Ward No.7,ward,GEO_IN_KA_251884,,,
GEO_IN_KA_251973_W64895,Tumkur (Cmc) - Ward No.13,ward,GEO_IN_KA_251973,,,
GEO_IN_KA_252021_W28223,Mangalore (M Corp.) - Ward No.12,ward,GEO_IN_KA_252021,,,
GEO_IN_KA_299416_W2890356,Ward 16,ward,GEO_IN_KA_299416,,,
GEO_IN_KA_251880_W27838,Kushtagi (TMC) - Ward No.4,ward,GEO_IN_KA_251880,,,
GEO_IN_KA_251890_W2176769,Shirhatti-17,ward,GEO_IN_KA_251890,,,
GEO_IN_KA_276532_W1295854,Ward-3,ward,GEO_IN_KA_276532,,,
GEO_IN_KA_251933_W61455,Challakere (TMC) - Ward No.1,ward,GEO_IN_KA_251933,,,
GEO_IN_KA_251943_W31232,Channagiri (TP) - Ward No.3,ward,GEO_IN_KA_251943,,,
GEO_IN_KA_251833_W25961,Rabkavi-Banhatti (Cmc) - Ward No.7,ward,GEO_IN_KA_251833,,,
GEO_IN_KA_276567_W1295762,Jali Thot,ward,GEO_IN_KA_276567,,,
GEO_IN_KA_251852_W63499,Sedam (TMC) - Ward No.16,ward,GEO_IN_KA_251852,,,
GEO_IN_KA_276578_W1295455,Kalmeshwar Oni,ward,GEO_IN_KA_276578,,,
GEO_IN_KA_252056_W29208,Kollegal (Cmc) - Ward No.20,ward,GEO_IN_KA_252056,,,
GEO_IN_KA_252050_W65871,Nanjangud (TMC) - Ward No.25,ward,GEO_IN_KA_252050,,,
GEO_IN_KA_276565_W1296091,Vithal Temple Chougala Tota,ward,GEO_IN_KA_276565,,,
GEO_IN_KA_251853_W27039,Chitapur (TP) - Ward No.1,ward,GEO_IN_KA_251853,,,
GEO_IN_KA_253132_W29080,Saragur (TP) - Ward No.7,ward,GEO_IN_KA_253132,,,
GEO_IN_KA_251949_W31314,Hosanagara (TP) - Ward No.3,ward,GEO_IN_KA_251949,,,
GEO_IN_KA_251816_W24751,Konnur (TP) - Ward No.9,ward,GEO_IN_KA_251816,,,
GEO_IN_KA_276543_W1295880,Ward-6,ward,GEO_IN_KA_276543,,,
GEO_IN_KA_251981_W25719,Bagepalli (TP) - Ward No.8,ward,GEO_IN_KA_251981,,,
GEO_IN_KA_251905_W28723,Sirsi (Cmc) - Ward No.21,ward,GEO_IN_KA_251905,,,
GEO_IN_KA_251890_W60498,Shirhatti (TP) - Ward No.4,ward,GEO_IN_KA_251890,,,
GEO_IN_KA_251900_W28673,Karwar (Cmc) - Ward No.18,ward,GEO_IN_KA_251900,,,
GEO_IN_KA_251841_W26284,Ilkal (TMC) - Ward No.16,ward,GEO_IN_KA_251841,,,
GEO_IN_KA_253186_W2140089,Ramanagara-Ward 29,ward,GEO_IN_KA_253186,,,
GEO_IN_KA_251942_W31229,Honnali (TP) - Ward No.13,ward,GEO_IN_KA_251942,,,
GEO_IN_KA_251973_W64915,Tumkur (Cmc) - Ward No.33,ward,GEO_IN_KA_251973,,,
GEO_IN_KA_251884_W27905,Nargund (TMC) - Ward No.23,ward,GEO_IN_KA_251884,,,
GEO_IN_KA_251945_W31272,Sagar (TMC) - Ward No.24,ward,GEO_IN_KA_251945,,,
GEO_IN_KA_251818_W24784,Gokak (Cmc) - Ward No.26,ward,GEO_IN_KA_251818,,,
GEO_IN_KA_251901_W61012,Haliyal (TP) - Ward No.14,ward,GEO_IN_KA_251901,,,
GEO_IN_KA_251872_W3044619,Ward 5,ward,GEO_IN_KA_251872,,,
GEO_IN_KA_251847_W26414,Talikota (TMC) - Ward No.16,ward,GEO_IN_KA_251847,,,
GEO_IN_KA_251837_W26086,Badami (TP) - Ward No.5,ward,GEO_IN_KA_251837,,,
GEO_IN_KA_251905_W28721,Sirsi (Cmc) - Ward No.19,ward,GEO_IN_KA_251905,,,
GEO_IN_KA_251876_W27684,Raichur (Cmc) - Ward No.29,ward,GEO_IN_KA_251876,,,
GEO_IN_KA_276574_W1295471,Jamadar Oni,ward,GEO_IN_KA_276574,,,
GEO_IN_KA_248127_W27014,Kalaburagi (M Corp.) - Ward No.35,ward,GEO_IN_KA_248127,,,
GEO_IN_KA_276600_W1302796,Ward No.124 (Subhash Nagar),ward,GEO_IN_KA_276600,,,
GEO_IN_KA_251814_W24711,Raybag (TP) - Ward No.5,ward,GEO_IN_KA_251814,,,
GEO_IN_KA_251833_W25966,Rabkavi-Banhatti (Cmc) - Ward No.12,ward,GEO_IN_KA_251833,,,
GEO_IN_KA_251878_W27821,Sindhnur (TMC) - Ward No.14,ward,GEO_IN_KA_251878,,,
GEO_IN_KA_251941_W31190,Davanagere (Cmc) - Ward No.9,ward,GEO_IN_KA_251941,,,
GEO_IN_KA_251946_W3044512,Ward 19,ward,GEO_IN_KA_251946,,,
GEO_IN_KA_251877_W27692,Manvi (TMC) - Ward No.2,ward,GEO_IN_KA_251877,,,
GEO_IN_KA_276541_W1296197,Ward-15,ward,GEO_IN_KA_276541,,,
GEO_IN_KA_251921_W1864745,Hoovina Hadagalli (TP) - Ward No.20,ward,GEO_IN_KA_251921,,,
GEO_IN_KA_251938_W31138,Harihar (Cmc) - Ward No.11,ward,GEO_IN_KA_251938,,,
GEO_IN_KA_251837_W26097,Badami (TP) - Ward No.16,ward,GEO_IN_KA_251837,,,
GEO_IN_KA_251977_W25559,Kunigal (TMC) - Ward No.17,ward,GEO_IN_KA_251977,,,
GEO_IN_KA_251935_W31103,Holalkere (TP) - Ward No.7,ward,GEO_IN_KA_251935,,,
GEO_IN_KA_276604_W1296269,Ward-17,ward,GEO_IN_KA_276604,,,
GEO_IN_KA_251890_W60502,Shirhatti (TP) - Ward No.8,ward,GEO_IN_KA_251890,,,
GEO_IN_KA_251904_W2146658,Mundgod (TP) - Ward No.19,ward,GEO_IN_KA_251904,,,
GEO_IN_KA_251849_W63472,Afzalpur (TP) - Ward No.9,ward,GEO_IN_KA_251849,,,
GEO_IN_KA_251912_W61061,Shiggaon (TMC) - Ward No.3,ward,GEO_IN_KA_251912,,,
GEO_IN_KA_251969_W25337,Sira (TMC) - Ward No.5,ward,GEO_IN_KA_251969,,,
GEO_IN_KA_251952_W61553,Bhadravati (Cmc) - Ward No.27,ward,GEO_IN_KA_251952,,,
GEO_IN_KA_251899_W28632,Dandeli (Cmc) - Ward No.2,ward,GEO_IN_KA_251899,,,
GEO_IN_KA_251815_W24737,Mudalgi (TMC) - Ward No.18,ward,GEO_IN_KA_251815,,,
GEO_IN_KA_251951_W31730,Shimoga (Cmc) - Ward No.23,ward,GEO_IN_KA_251951,,,
GEO_IN_KA_251884_W27898,Nargund (TMC) - Ward No.16,ward,GEO_IN_KA_251884,,,
GEO_IN_KA_252009_W27752,Belur (TMC) - Ward No.6,ward,GEO_IN_KA_252009,,,
GEO_IN_KA_251979_W25597,Chik Ballapur (Cmc) - Ward No.2,ward,GEO_IN_KA_251979,,,
GEO_IN_KA_276611_W2179634,Ward-18,ward,GEO_IN_KA_276611,,,
GEO_IN_KA_251899_W28169,Dandeli (Cmc) - Ward No.10,ward,GEO_IN_KA_251899,,,
GEO_IN_KA_251832_W1724480,Jamkhandi (TMC) - Ward No.30,ward,GEO_IN_KA_251832,,,
GEO_IN_KA_251916_W61279,Haveri (Cmc) - Ward No.8,ward,GEO_IN_KA_251916,,,
GEO_IN_KA_251899_W28637,Dandeli (Cmc) - Ward No.13,ward,GEO_IN_KA_251899,,,
GEO_IN_KA_252007_W65593,Malavalli (TMC) - Ward No.9,ward,GEO_IN_KA_252007,,,
GEO_IN_KA_276604_W1296262,Ward-10,ward,GEO_IN_KA_276604,,,
GEO_IN_KA_251976_W25430,Turuvekere (TP) - Ward No.7,ward,GEO_IN_KA_251976,,,
GEO_IN_KA_276554_W1294247,Ward-14,ward,GEO_IN_KA_276554,,,
GEO_IN_KA_251977_W25567,Kunigal (TMC) - Ward No.21,ward,GEO_IN_KA_251977,,,
GEO_IN_KA_251881_W27859,Gangawati (Cmc) - Ward No.10,ward,GEO_IN_KA_251881,,,
GEO_IN_KA_251909_W29978,Honavar (TP) - Ward No.4,ward,GEO_IN_KA_251909,,,
GEO_IN_KA_276575_W1295686,Ward No.16,ward,GEO_IN_KA_276575,,,
GEO_IN_KA_276569_W1295691,Ward No. 4,ward,GEO_IN_KA_276569,,,
GEO_IN_KA_251881_W27867,Gangawati (Cmc) - Ward No.18,ward,GEO_IN_KA_251881,,,
GEO_IN_KA_251879_W72035,Yelbarga(TP)-Ward No.8,ward,GEO_IN_KA_251879,,,
GEO_IN_KA_251888_W27970,Gadag-Betigeri (Cmc) - Ward No.7,ward,GEO_IN_KA_251888,,,
GEO_IN_KA_251864_W27396,Basavakalyan (TMC) - Ward No.2,ward,GEO_IN_KA_251864,,,
GEO_IN_KA_251951_W31731,Shimoga (Cmc) - Ward No.24,ward,GEO_IN_KA_251951,,,
GEO_IN_KA_251832_W25943,Jamkhandi (TMC) - Ward No.16,ward,GEO_IN_KA_251832,,,
GEO_IN_KA_252029_W3068743,ward No.3,ward,GEO_IN_KA_252029,,,
GEO_IN_KA_301061_W3068513,Ward 12,ward,GEO_IN_KA_301061,,,
GEO_IN_KA_252007_W65597,Malavalli (TMC) - Ward No.13,ward,GEO_IN_KA_252007,,,
GEO_IN_KA_251890_W60504,Shirhatti (TP) - Ward No.10,ward,GEO_IN_KA_251890,,,
GEO_IN_KA_301082_W3068496,Ward 6,ward,GEO_IN_KA_301082,,,
GEO_IN_KA_276605_W1296244,Ward-12,ward,GEO_IN_KA_276605,,,
GEO_IN_KA_251960_W31803,Koppa (TP) - Ward No.9,ward,GEO_IN_KA_251960,,,
GEO_IN_KA_251873_W1921533,Ward-6,ward,GEO_IN_KA_251873,,,
GEO_IN_KA_252016_W28175,Channarayapatna (TMC) - Ward No.5,ward,GEO_IN_KA_252016,,,
GEO_IN_KA_251927_W3068771,Ward No.39,ward,GEO_IN_KA_251927,,,
GEO_IN_KA_251893_W2890372,Ward72,ward,GEO_IN_KA_251893,,,
GEO_IN_KA_251962_W32419,Tarikere (TP) - Ward No.19,ward,GEO_IN_KA_251962,,,
GEO_IN_KA_251972_W1922504,Koratagere (TP) - Ward No.14,ward,GEO_IN_KA_251972,,,
GEO_IN_KA_251809_W24448,Nipani (Cmc) - Ward No.15,ward,GEO_IN_KA_251809,,,
GEO_IN_KA_276523_W1293512,Ward-2,ward,GEO_IN_KA_276523,,,
GEO_IN_KA_251985_W64969,Kolar (Cmc) - Ward No.14,ward,GEO_IN_KA_251985,,,
GEO_IN_KA_276463_W1295928,14-Sree Topamma Ward,ward,GEO_IN_KA_276463,,,
GEO_IN_KA_276600_W1302823,Ward No.151 (Deepanjali Nagar ),ward,GEO_IN_KA_276600,,,
GEO_IN_KA_299181_W3046818,Ward 12,ward,GEO_IN_KA_299181,,,
GEO_IN_KA_251986_W25797,Malur (TMC) - Ward No.2,ward,GEO_IN_KA_251986,,,
GEO_IN_KA_297131_W2440196,Ward-1,ward,GEO_IN_KA_297131,,,
GEO_IN_KA_251921_W1864748,Hoovina Hadagalli (TP) - Ward No.23,ward,GEO_IN_KA_251921,,,
GEO_IN_KA_251925_W1864366,Siruguppa (TP) - Ward No.24,ward,GEO_IN_KA_251925,,,
GEO_IN_KA_251947_W3044520,Ward 21,ward,GEO_IN_KA_251947,,,
GEO_IN_KA_251922_W30439,Hospet (Cmc) - Ward No.19,ward,GEO_IN_KA_251922,,,
GEO_IN_KA_276526_W1293490,Ward No.19,ward,GEO_IN_KA_276526,,,
GEO_IN_KA_296977_W3068767,ward No.11,ward,GEO_IN_KA_296977,,,
GEO_IN_KA_251989_W25868,Mulbagal (TMC) - Ward No.9,ward,GEO_IN_KA_251989,,,
GEO_IN_KA_251892_W28028,Mundargi (TP) - Ward No.7,ward,GEO_IN_KA_251892,,,
GEO_IN_KA_251891_W28009,Lakshmeshwar (TMC) - Ward No.11,ward,GEO_IN_KA_251891,,,
GEO_IN_KA_251836_W1722552,Kerur (TP) -Ward No.20,ward,GEO_IN_KA_251836,,,
GEO_IN_KA_251994_W65108,Devanahalli (TMC) - Ward No.7,ward,GEO_IN_KA_251994,,,
GEO_IN_KA_251815_W24727,Mudalgi (TMC) - Ward No.8,ward,GEO_IN_KA_251815,,,
GEO_IN_KA_276618_W1295615,Ward No.16,ward,GEO_IN_KA_276618,,,
GEO_IN_KA_252033_W28390,Bantval (TP) - Ward No.18,ward,GEO_IN_KA_252033,,,
GEO_IN_KA_251979_W25598,Chik Ballapur (Cmc) - Ward No.3,ward,GEO_IN_KA_251979,,,
GEO_IN_KA_276601_W1296300,Ward-12,ward,GEO_IN_KA_276601,,,
GEO_IN_KA_251815_W24729,Mudalgi (TMC) - Ward No.10,ward,GEO_IN_KA_251815,,,
GEO_IN_KA_251840_W26253,Hungund (TP) - Ward No.1,ward,GEO_IN_KA_251840,,,
GEO_IN_KA_252017_W28208,Mulki (TP) - Ward No.13,ward,GEO_IN_KA_252017,,,
GEO_IN_KA_251825_W25654,Khanapur (TP) - Ward No.13,ward,GEO_IN_KA_251825,,,
GEO_IN_KA_252033_W28375,Bantval (TP) - Ward No.3,ward,GEO_IN_KA_252033,,,
GEO_IN_KA_276537_W1296067,Ward No. 20,ward,GEO_IN_KA_276537,,,
GEO_IN_KA_252021_W28237,Mangalore (M Corp.) - Ward No.26,ward,GEO_IN_KA_252021,,,
GEO_IN_KA_276535_W1296308,Ward-2,ward,GEO_IN_KA_276535,,,
GEO_IN_KA_251827_W25672,Bail Hongal (TMC) - Ward No.15,ward,GEO_IN_KA_251827,,,
GEO_IN_KA_276463_W1295923,9-Govt Hospital Ward,ward,GEO_IN_KA_276463,,,
GEO_IN_KA_252054_W29148,Chamarajanagar (Cmc) - Ward No.21,ward,GEO_IN_KA_252054,,,
GEO_IN_KA_297129_W2805074,Ward 2,ward,GEO_IN_KA_297129,,,
GEO_IN_KA_299327_W3304237,ward No.9,ward,GEO_IN_KA_299327,,,
GEO_IN_KA_251921_W30114,Hoovina Hadagalli (TP) - Ward No.5,ward,GEO_IN_KA_251921,,,
GEO_IN_KA_251884_W27894,Nargund (TMC) - Ward No.12,ward,GEO_IN_KA_251884,,,
GEO_IN_KA_276572_W1296224,Azadnagar - 1,ward,GEO_IN_KA_276572,,,
GEO_IN_KA_251853_W27043,Chitapur (TP) - Ward No.5,ward,GEO_IN_KA_251853,,,
GEO_IN_KA_251940_W61510,Jagalur (TP) - Ward No.10,ward,GEO_IN_KA_251940,,,
GEO_IN_KA_252053_W29127,Gundlupet (TMC) - Ward No.23,ward,GEO_IN_KA_252053,,,
GEO_IN_KA_252005_W65579,Mandya (Cmc) - Ward No.30,ward,GEO_IN_KA_252005,,,
GEO_IN_KA_251865_W1884769,Bhalki (TMC) - Ward no.26,ward,GEO_IN_KA_251865,,,
GEO_IN_KA_276601_W1296303,Ward-15,ward,GEO_IN_KA_276601,,,
GEO_IN_KA_251893_W28080,Hubli-Dharwad (M Corp.) - Ward No.42,ward,GEO_IN_KA_251893,,,
GEO_IN_KA_251921_W30418,Hoovina Hadagalli (TP) - Ward No.17,ward,GEO_IN_KA_251921,,,
GEO_IN_KA_299319_W3287740,Ward No.12,ward,GEO_IN_KA_299319,,,
GEO_IN_KA_251985_W64977,Kolar (Cmc) - Ward No.22,ward,GEO_IN_KA_251985,,,
GEO_IN_KA_251876_W27680,Raichur (Cmc) - Ward No.25,ward,GEO_IN_KA_251876,,,
GEO_IN_KA_251942_W31227,Honnali (TP) - Ward No.11,ward,GEO_IN_KA_251942,,,
GEO_IN_KA_251829_W25903,Ramdurg (TMC) - Ward No.21,ward,GEO_IN_KA_251829,,,
GEO_IN_KA_251958_W1922647,Karkal (TMC) - Ward No.22,ward,GEO_IN_KA_251958,,,
GEO_IN_KA_251811_W24466,Chikodi (TMC) - Ward No.2,ward,GEO_IN_KA_251811,,,
GEO_IN_KA_251825_W2440117,Ward-18,ward,GEO_IN_KA_251825,,,
GEO_IN_KA_251852_W63487,Sedam (TMC) - Ward No.4,ward,GEO_IN_KA_251852,,,
GEO_IN_KA_251820_W25479,Hukeri (TP) - Ward No.13,ward,GEO_IN_KA_251820,,,
GEO_IN_KA_248127_W26985,Kalaburagi (M Corp.) - Ward No.6,ward,GEO_IN_KA_248127,,,
GEO_IN_KA_251989_W25866,Mulbagal (TMC) - Ward No.7,ward,GEO_IN_KA_251989,,,
GEO_IN_KA_263293_W2179725,Ward-10,ward,GEO_IN_KA_263293,,,
GEO_IN_KA_251938_W31132,Harihar (Cmc) - Ward No.5,ward,GEO_IN_KA_251938,,,
GEO_IN_KA_251942_W3068776,ward No.22,ward,GEO_IN_KA_251942,,,
GEO_IN_KA_251941_W31198,Davanagere (Cmc) - Ward No.17,ward,GEO_IN_KA_251941,,,
GEO_IN_KA_251904_W61022,Mundgod (TP) - Ward No.4,ward,GEO_IN_KA_251904,,,
GEO_IN_KA_251938_W31149,Harihar (Cmc) - Ward No.22,ward,GEO_IN_KA_251938,,,
GEO_IN_KA_251918_W30072,Hirekerur (TP) - Ward No.9,ward,GEO_IN_KA_251918,,,
GEO_IN_KA_251884_W27904,Nargund (TMC) - Ward No.22,ward,GEO_IN_KA_251884,,,
GEO_IN_KA_252010_W27771,Arsikere (TMC) - Ward No.8,ward,GEO_IN_KA_252010,,,
GEO_IN_KA_251813_W24693,Kudchi (TP) - Ward No.7,ward,GEO_IN_KA_251813,,,
GEO_IN_KA_276568_W1295663,Ward No.12,ward,GEO_IN_KA_276568,,,
GEO_IN_KA_252008_W27739,Sakleshpur (TMC) - Ward No.16,ward,GEO_IN_KA_252008,,,
GEO_IN_KA_252056_W29212,Kollegal (Cmc) - Ward No.22,ward,GEO_IN_KA_252056,,,
GEO_IN_KA_251842_W2440258,Ward-17,ward,GEO_IN_KA_251842,,,
GEO_IN_KA_276563_W1295967,Yadiyankodi Tota,ward,GEO_IN_KA_276563,,,
GEO_IN_KA_253132_W2594,Saragur (TP) - Ward No.2,ward,GEO_IN_KA_253132,,,
GEO_IN_KA_252010_W27775,Arsikere (TMC) - Ward No.12,ward,GEO_IN_KA_252010,,,
GEO_IN_KA_276464_W1295911,Ward No. 20,ward,GEO_IN_KA_276464,,,
GEO_IN_KA_251810_W1865577,Sadalgi (TP) - Ward No. 21,ward,GEO_IN_KA_251810,,,
GEO_IN_KA_276600_W1302728,Ward No.56 (Aramane Nagara),ward,GEO_IN_KA_276600,,,
GEO_IN_KA_296955_W2491229,Ward-12,ward,GEO_IN_KA_296955,,,
GEO_IN_KA_251994_W65116,Devanahalli (TMC) - Ward No.15,ward,GEO_IN_KA_251994,,,
GEO_IN_KA_299169_W3044578,Ward 1,ward,GEO_IN_KA_299169,,,
GEO_IN_KA_252021_W28218,Mangalore (M Corp.) - Ward No.7,ward,GEO_IN_KA_252021,,,
GEO_IN_KA_251971_W25378,Madhugiri (TMC) - Ward No.4,ward,GEO_IN_KA_251971,,,
GEO_IN_KA_251963_W32422,Birur (TMC) - Ward No.2,ward,GEO_IN_KA_251963,,,
GEO_IN_KA_299319_W3287741,Ward No.13,ward,GEO_IN_KA_299319,,,
GEO_IN_KA_251894_W28107,Alnavar (TP) - Ward No.2,ward,GEO_IN_KA_251894,,,
GEO_IN_KA_251901_W61008,Haliyal (TP) - Ward No.10,ward,GEO_IN_KA_251901,,,
GEO_IN_KA_252043_W65825,Hunsur (TMC) - Ward No.4,ward,GEO_IN_KA_252043,,,
GEO_IN_KA_251942_W31228,Honnali (TP) - Ward No.12,ward,GEO_IN_KA_251942,,,
GEO_IN_KA_276533_W1296001,Ward No.10,ward,GEO_IN_KA_276533,,,
GEO_IN_KA_276540_W1296117,Basava Nagar,ward,GEO_IN_KA_276540,,,
GEO_IN_KA_251894_W28112,Alnavar (TP) - Ward No.7,ward,GEO_IN_KA_251894,,,
GEO_IN_KA_276463_W1295932,18-Sree Rama Ward,ward,GEO_IN_KA_276463,,,
GEO_IN_KA_297129_W2805084,Ward 12,ward,GEO_IN_KA_297129,,,
GEO_IN_KA_251848_W1889484,Aland (TMC) - Ward No.26,ward,GEO_IN_KA_251848,,,
GEO_IN_KA_301054_W3068537,Ward 3,ward,GEO_IN_KA_301054,,,
GEO_IN_KA_276600_W1302842,Ward No.170 (Jogupalya),ward,GEO_IN_KA_276600,,,
GEO_IN_KA_276600_W1302779,Ward No.107 (Bellanduru),ward,GEO_IN_KA_276600,,,
GEO_IN_KA_251975_W64918,Tiptur (TMC) - Ward No.1,ward,GEO_IN_KA_251975,,,
GEO_IN_KA_252045_W28813,Mysore (M Corp.) - Ward No.8,ward,GEO_IN_KA_252045,,,
GEO_IN_KA_251810_W923237,Sadalgi (TP) - Ward No.18,ward,GEO_IN_KA_251810,,,
GEO_IN_KA_276540_W1296127,Gandhi Chowk,ward,GEO_IN_KA_276540,,,
GEO_IN_KA_251893_W2890373,Ward73,ward,GEO_IN_KA_251893,,,
GEO_IN_KA_251965_W2176851,Chikmagalur-33,ward,GEO_IN_KA_251965,,,
GEO_IN_KA_251841_W26288,Ilkal (TMC) - Ward No.20,ward,GEO_IN_KA_251841,,,
GEO_IN_KA_251969_W2146688,Sira-24,ward,GEO_IN_KA_251969,,,
GEO_IN_KA_251903_W28696,Yellapur (TP) - Ward No.9,ward,GEO_IN_KA_251903,,,
GEO_IN_KA_251813_W24689,Kudchi (TP) - Ward No.3,ward,GEO_IN_KA_251813,,,
GEO_IN_KA_248127_W27021,Kalaburagi (M Corp.) - Ward No.42,ward,GEO_IN_KA_248127,,,
GEO_IN_KA_252016_W28191,Channarayapatna (TMC) - Ward No.21,ward,GEO_IN_KA_252016,,,
GEO_IN_KA_252042_W1920863,Piriyapatna (TP) - Ward No.16,ward,GEO_IN_KA_252042,,,
GEO_IN_KA_251877_W27702,Manvi (TMC) - Ward No.12,ward,GEO_IN_KA_251877,,,
GEO_IN_KA_252027_W65715,Ullal (TP) - Ward No.20,ward,GEO_IN_KA_252027,,,
GEO_IN_KA_276600_W1302834,Ward No.162 (Sunkenahalli),ward,GEO_IN_KA_276600,,,
GEO_IN_KA_251906_W29943,Ankola (TP) - Ward No.1,ward,GEO_IN_KA_251906,,,
GEO_IN_KA_251905_W28724,Sirsi (Cmc) - Ward No.22,ward,GEO_IN_KA_251905,,,
GEO_IN_KA_251843_W26347,Indi (TMC) - Ward No.15,ward,GEO_IN_KA_251843,,,
GEO_IN_KA_251829_W25892,Ramdurg (TMC) - Ward No.10,ward,GEO_IN_KA_251829,,,
GEO_IN_KA_277668_W3046745,Ward 2,ward,GEO_IN_KA_277668,,,
GEO_IN_KA_251848_W26970,Aland (TMC) - Ward No.14,ward,GEO_IN_KA_251848,,,
GEO_IN_KA_251961_W31809,Narasimharajapura (TP) - Ward No.4,ward,GEO_IN_KA_251961,,,
GEO_IN_KA_251896_W28124,Annigeri (TMC) - Ward No.4,ward,GEO_IN_KA_251896,,,
GEO_IN_KA_251809_W24434,Nipani (Cmc) - Ward No.1,ward,GEO_IN_KA_251809,,,
GEO_IN_KA_251893_W2890369,Ward69,ward,GEO_IN_KA_251893,,,
GEO_IN_KA_251874_W63784,Devadurga (TP) - Ward No.9,ward,GEO_IN_KA_251874,,,
GEO_IN_KA_251933_W61470,Challakere (TMC) - Ward No.16,ward,GEO_IN_KA_251933,,,
GEO_IN_KA_251828_W25684,Saundatti-Yellamma (TMC) - Ward No.4,ward,GEO_IN_KA_251828,,,
GEO_IN_KA_251888_W27987,Gadag-Betigeri (Cmc) - Ward No.24,ward,GEO_IN_KA_251888,,,
GEO_IN_KA_251825_W25647,Khanapur (TP) - Ward No.6,ward,GEO_IN_KA_251825,,,
GEO_IN_KA_251891_W28005,Lakshmeshwar (TMC) - Ward No.7,ward,GEO_IN_KA_251891,,,
GEO_IN_KA_276600_W1302801,Ward No.129 (Dayananda Nagar ),ward,GEO_IN_KA_276600,,,
GEO_IN_KA_251893_W28105,Hubli-Dharwad (M Corp.) - Ward No.67,ward,GEO_IN_KA_251893,,,
GEO_IN_KA_276560_W1296379,Old Panchayat,ward,GEO_IN_KA_276560,,,
GEO_IN_KA_251963_W32442,Birur (TMC) - Ward No.22,ward,GEO_IN_KA_251963,,,
GEO_IN_KA_251815_W24740,Mudalgi (TMC) - Ward No.21,ward,GEO_IN_KA_251815,,,
GEO_IN_KA_251984_W25787,Srinivaspur (TP) - Ward No.9,ward,GEO_IN_KA_251984,,,
GEO_IN_KA_251952_W61539,Bhadravati (Cmc) - Ward No.13,ward,GEO_IN_KA_251952,,,
GEO_IN_KA_251936_W31117,Hosdurga (TP) - Ward No.8,ward,GEO_IN_KA_251936,,,
GEO_IN_KA_251979_W25706,Chik Ballapur (Cmc) - Ward No.26,ward,GEO_IN_KA_251979,,,
GEO_IN_KA_276574_W3044484,Ward 21,ward,GEO_IN_KA_276574,,,
GEO_IN_KA_251911_W29994,Bhatkal (TMC) - Ward No.2,ward,GEO_IN_KA_251911,,,
GEO_IN_KA_251828_W25697,Saundatti-Yellamma (TMC) - Ward No.17,ward,GEO_IN_KA_251828,,,
GEO_IN_KA_301081_W3068479,Ward 12,ward,GEO_IN_KA_301081,,,
GEO_IN_KA_276560_W1296391,Budgumpera Doddi,ward,GEO_IN_KA_276560,,,
GEO_IN_KA_252035_W28405,Puttur(TMC) - Ward No.1,ward,GEO_IN_KA_252035,,,
GEO_IN_KA_251839_W26143,Bagalkot (Cmc) - Ward No.19,ward,GEO_IN_KA_251839,,,
GEO_IN_KA_251965_W32453,Chikmagalur (Cmc) - Ward No.10,ward,GEO_IN_KA_251965,,,
GEO_IN_KA_252054_W29152,Chamarajanagar (Cmc) - Ward No.25,ward,GEO_IN_KA_252054,,,
GEO_IN_KA_251899_W28653,Dandeli (Cmc) - Ward No.29,ward,GEO_IN_KA_251899,,,
GEO_IN_KA_276557_W2179681,Ward-4,ward,GEO_IN_KA_276557,,,
GEO_IN_KA_251952_W61556,Bhadravati (Cmc) - Ward No.30,ward,GEO_IN_KA_251952,,,
GEO_IN_KA_251814_W24707,Raybag (TP) - Ward No.1,ward,GEO_IN_KA_251814,,,
GEO_IN_KA_251855_W27051,Shahabad (TMC) - Ward No.8,ward,GEO_IN_KA_251855,,,
GEO_IN_KA_252018_W65686,Mudbidri (TMC) - Ward No.16,ward,GEO_IN_KA_252018,,,
GEO_IN_KA_251900_W28669,Karwar (Cmc) - Ward No.14,ward,GEO_IN_KA_251900,,,
GEO_IN_KA_276529_W1295546,Janatha Colony,ward,GEO_IN_KA_276529,,,
GEO_IN_KA_301790_W3287800,Ward No.3,ward,GEO_IN_KA_301790,,,
GEO_IN_KA_251895_W60991,Navalgund (TMC) - Ward No.13,ward,GEO_IN_KA_251895,,,
GEO_IN_KA_251862_W2146594,Gurmatkal-21,ward,GEO_IN_KA_251862,,,
GEO_IN_KA_252021_W28253,Mangalore (M Corp.) - Ward No.42,ward,GEO_IN_KA_252021,,,
GEO_IN_KA_252008_W27728,Sakleshpur (TMC) - Ward No.5,ward,GEO_IN_KA_252008,,,
GEO_IN_KA_301080_W3287827,Ward No.8,ward,GEO_IN_KA_301080,,,
GEO_IN_KA_276543_W1295884,Ward-10,ward,GEO_IN_KA_276543,,,
GEO_IN_KA_251994_W65111,Devanahalli (TMC) - Ward No.10,ward,GEO_IN_KA_251994,,,
GEO_IN_KA_251905_W28725,Sirsi (Cmc) - Ward No.23,ward,GEO_IN_KA_251905,,,
GEO_IN_KA_276474_W1295845,Ward-12,ward,GEO_IN_KA_276474,,,
GEO_IN_KA_251994_W65117,Devanahalli (TMC) - Ward No.16,ward,GEO_IN_KA_251994,,,
GEO_IN_KA_251955_W31753,Udupi (Cmc) - Ward No.7,ward,GEO_IN_KA_251955,,,
GEO_IN_KA_251986_W25799,Malur (TMC) - Ward No.4,ward,GEO_IN_KA_251986,,,
GEO_IN_KA_251876_W27672,Raichur (Cmc) - Ward No.17,ward,GEO_IN_KA_251876,,,
GEO_IN_KA_251941_W2443619,Davanagere (Cmc) - Ward No.43,ward,GEO_IN_KA_251941,,,
GEO_IN_KA_251978_W25573,Gauribidanur (TMC) - Ward No.1,ward,GEO_IN_KA_251978,,,
GEO_IN_KA_251986_W25798,Malur (TMC) - Ward No.3,ward,GEO_IN_KA_251986,,,
GEO_IN_KA_251924_W61320,Kampli (TMC) - Ward No.22,ward,GEO_IN_KA_251924,,,
GEO_IN_KA_251889_W60494,Mulgund (TP) - Ward No.16,ward,GEO_IN_KA_251889,,,
GEO_IN_KA_251818_W24766,Gokak (Cmc) - Ward No.8,ward,GEO_IN_KA_251818,,,
GEO_IN_KA_252016_W28176,Channarayapatna (TMC) - Ward No.6,ward,GEO_IN_KA_252016,,,
GEO_IN_KA_276601_W1296297,Ward-9,ward,GEO_IN_KA_276601,,,
GEO_IN_KA_251898_W28149,Kundgol (TP) - Ward No.1,ward,GEO_IN_KA_251898,,,
GEO_IN_KA_251809_W24439,Nipani (Cmc) - Ward No.6,ward,GEO_IN_KA_251809,,,
GEO_IN_KA_252039_W2518,"Kushalnagar-2(Dr. B.R.Ambedkar Layout, Nijamuddin Layout)",ward,GEO_IN_KA_252039,,,
GEO_IN_KA_296954_W2890390,Ward 8,ward,GEO_IN_KA_296954,,,
GEO_IN_KA_251993_W2440209,Ward-3,ward,GEO_IN_KA_251993,,,
GEO_IN_KA_251809_W24451,Nipani (Cmc) - Ward No.18,ward,GEO_IN_KA_251809,,,
GEO_IN_KA_251839_W26252,Bagalkot (Cmc) - Ward No.31,ward,GEO_IN_KA_251839,,,
GEO_IN_KA_252037_W28736,"Madikeri -7(Indira Nagar,Chamundeshwari Nagar,Mangalore Road)",ward,GEO_IN_KA_252037,,,
GEO_IN_KA_251969_W25349,Sira (TMC) - Ward No.17,ward,GEO_IN_KA_251969,,,
GEO_IN_KA_251934_W30880,Chitradurga (Cmc) - Ward No.14,ward,GEO_IN_KA_251934,,,
GEO_IN_KA_251939_W31174,Harapanahalli (TP) - Ward No.13,ward,GEO_IN_KA_251939,,,
GEO_IN_KA_276538_W1296367,Ward-19,ward,GEO_IN_KA_276538,,,
GEO_IN_KA_248127_W26981,Kalaburagi (M Corp.) - Ward No.2,ward,GEO_IN_KA_248127,,,
GEO_IN_KA_252036_W28432,Sulya (TP) - Ward No.1,ward,GEO_IN_KA_252036,,,
GEO_IN_KA_252029_W3068744,ward No.4,ward,GEO_IN_KA_252029,,,
GEO_IN_KA_301054_W3068545,Ward 11,ward,GEO_IN_KA_301054,,,
GEO_IN_KA_251960_W31801,Koppa (TP) - Ward No.7,ward,GEO_IN_KA_251960,,,
GEO_IN_KA_276496_W1296428,Ward-11,ward,GEO_IN_KA_276496,,,
GEO_IN_KA_251839_W26139,Bagalkot (Cmc) - Ward No.15,ward,GEO_IN_KA_251839,,,
GEO_IN_KA_251948_W31295,Shikarpur (TMC) - Ward No.7,ward,GEO_IN_KA_251948,,,
GEO_IN_KA_276554_W1294236,Ward-3,ward,GEO_IN_KA_276554,,,
GEO_IN_KA_276474_W1295839,Ward-6,ward,GEO_IN_KA_276474,,,
GEO_IN_KA_251945_W31270,Sagar (TMC) - Ward No.22,ward,GEO_IN_KA_251945,,,
GEO_IN_KA_276544_W1296207,Redder Peta,ward,GEO_IN_KA_276544,,,
GEO_IN_KA_299329_W3287847,Ward No.16,ward,GEO_IN_KA_299329,,,
GEO_IN_KA_251809_W24445,Nipani (Cmc) - Ward No.12,ward,GEO_IN_KA_251809,,,
GEO_IN_KA_251965_W32465,Chikmagalur (Cmc) - Ward No.22,ward,GEO_IN_KA_251965,,,
GEO_IN_KA_251921_W30118,Hoovina Hadagalli (TP) - Ward No.9,ward,GEO_IN_KA_251921,,,
GEO_IN_KA_276519_W1293448,Ward-18,ward,GEO_IN_KA_276519,,,
GEO_IN_KA_251986_W25800,Malur (TMC) - Ward No.5,ward,GEO_IN_KA_251986,,,
GEO_IN_KA_251988_W25838,Robertson Pet (Cmc) - Ward No.20,ward,GEO_IN_KA_251988,,,
GEO_IN_KA_251843_W26351,Indi (TMC) - Ward No.19,ward,GEO_IN_KA_251843,,,
GEO_IN_KA_251815_W24722,Mudalgi (TMC) - Ward No.3,ward,GEO_IN_KA_251815,,,
GEO_IN_KA_276556_W1294663,Ward-15,ward,GEO_IN_KA_276556,,,
GEO_IN_KA_251921_W30414,Hoovina Hadagalli (TP) - Ward No.13,ward,GEO_IN_KA_251921,,,
GEO_IN_KA_276497_W1293413,Ward No-2,ward,GEO_IN_KA_276497,,,
GEO_IN_KA_251945_W31271,Sagar (TMC) - Ward No.23,ward,GEO_IN_KA_251945,,,
GEO_IN_KA_251809_W24455,Nipani (Cmc) - Ward No.22,ward,GEO_IN_KA_251809,,,
GEO_IN_KA_251965_W2176853,Chikmagalur-35,ward,GEO_IN_KA_251965,,,
GEO_IN_KA_251940_W61509,Jagalur (TP) - Ward No.9,ward,GEO_IN_KA_251940,,,
GEO_IN_KA_251831_W25917,Terdal (TP) - Ward No.10,ward,GEO_IN_KA_251831,,,
GEO_IN_KA_251958_W31791,Karkal (TMC) - Ward No.3,ward,GEO_IN_KA_251958,,,
GEO_IN_KA_251843_W26348,Indi (TMC) - Ward No.16,ward,GEO_IN_KA_251843,,,
GEO_IN_KA_276537_W1296068,Ward No.21,ward,GEO_IN_KA_276537,,,
GEO_IN_KA_253186_W2140090,Ramanagara-Ward 30,ward,GEO_IN_KA_253186,,,
GEO_IN_KA_251946_W61515,Sorab (TP) - Ward No.2,ward,GEO_IN_KA_251946,,,
GEO_IN_KA_251975_W2146698,Tiptur (TMC) - Ward No.30,ward,GEO_IN_KA_251975,,,
GEO_IN_KA_276600_W1302703,Ward No. 31 (Bande Mutt),ward,GEO_IN_KA_276600,,,
GEO_IN_KA_251893_W2890374,Ward74,ward,GEO_IN_KA_251893,,,
GEO_IN_KA_251888_W27967,Gadag-Betigeri (Cmc) - Ward No.4,ward,GEO_IN_KA_251888,,,
GEO_IN_KA_252051_W65884,Bannur (TMC) - Ward No.11,ward,GEO_IN_KA_252051,,,
GEO_IN_KA_301055_W3068467,ward No.23,ward,GEO_IN_KA_301055,,,
GEO_IN_KA_299318_W3287781,Ward No.7,ward,GEO_IN_KA_299318,,,
GEO_IN_KA_252002_W26718,Nagamangala (TP) - Ward No.9,ward,GEO_IN_KA_252002,,,
GEO_IN_KA_252045_W28868,Mysore (M Corp.) - Ward No.63,ward,GEO_IN_KA_252045,,,
GEO_IN_KA_251893_W28047,Hubli-Dharwad (M Corp.) - Ward No.9,ward,GEO_IN_KA_251893,,,
GEO_IN_KA_251816_W1884220,Konnur (TP) - Ward No.21,ward,GEO_IN_KA_251816,,,
GEO_IN_KA_276579_W1296039,Ward-8,ward,GEO_IN_KA_276579,,,
GEO_IN_KA_251973_W64898,Tumkur (Cmc) - Ward No.16,ward,GEO_IN_KA_251973,,,
GEO_IN_KA_251913_W2451,Bankapura (TMC) - Ward No.22,ward,GEO_IN_KA_251913,,,
GEO_IN_KA_251885_W27918,Ron (TP) - Ward No.13,ward,GEO_IN_KA_251885,,,
GEO_IN_KA_251917_W30043,Byadgi (TMC) - Ward No.3,ward,GEO_IN_KA_251917,,,
GEO_IN_KA_251876_W27670,Raichur (Cmc) - Ward No.15,ward,GEO_IN_KA_251876,,,
GEO_IN_KA_253130_W29173,Kollegal (Cmc) - Ward No.2,ward,GEO_IN_KA_253130,,,
GEO_IN_KA_301176_W3068765,ward,ward,GEO_IN_KA_301176,,,
GEO_IN_KA_276600_W1303153,Ward No.15 (Kammagondanahalli),ward,GEO_IN_KA_276600,,,
GEO_IN_KA_251953_W1922573,Kundapura (TMC) - Ward No.10,ward,GEO_IN_KA_251953,,,
GEO_IN_KA_251843_W26339,Indi (TMC) - Ward No.7,ward,GEO_IN_KA_251843,,,
GEO_IN_KA_252045_W28841,Mysore (M Corp.) - Ward No.36,ward,GEO_IN_KA_252045,,,
GEO_IN_KA_251832_W25941,Jamkhandi (TMC) - Ward No.14,ward,GEO_IN_KA_251832,,,
GEO_IN_KA_251912_W61072,Shiggaon (TMC) - Ward No.14,ward,GEO_IN_KA_251912,,,
GEO_IN_KA_252012_W65611,Hassan (Cmc) - Ward No.4,ward,GEO_IN_KA_252012,,,
GEO_IN_KA_251888_W27983,Gadag-Betigeri (Cmc) - Ward No.20,ward,GEO_IN_KA_251888,,,
GEO_IN_KA_251989_W25878,Mulbagal (TMC) - Ward No.19,ward,GEO_IN_KA_251989,,,
GEO_IN_KA_276543_W1295878,Ward-4,ward,GEO_IN_KA_276543,,,
GEO_IN_KA_252005_W65560,Mandya (Cmc) - Ward No.11,ward,GEO_IN_KA_252005,,,
GEO_IN_KA_251840_W1723945,Hungund (TP) - Ward No.18,ward,GEO_IN_KA_251840,,,
GEO_IN_KA_252004_W26747,Shrirangapattana (TMC) - Ward No.6,ward,GEO_IN_KA_252004,,,
GEO_IN_KA_251942_W3068773,ward No.19,ward,GEO_IN_KA_251942,,,
GEO_IN_KA_251969_W25352,Sira (TMC) - Ward No.20,ward,GEO_IN_KA_251969,,,
GEO_IN_KA_276583_W1295639,Ward No. 5,ward,GEO_IN_KA_276583,,,
GEO_IN_KA_276556_W1294665,Ward-17,ward,GEO_IN_KA_276556,,,
GEO_IN_KA_276540_W1296135,Kumbar Colony,ward,GEO_IN_KA_276540,,,
GEO_IN_KA_251886_W27948,Gajendragarh (TMC) - Ward No.23,ward,GEO_IN_KA_251886,,,
GEO_IN_KA_251950_W31332,Tirthahalli (TP) - Ward No.10,ward,GEO_IN_KA_251950,,,
GEO_IN_KA_251859_W63524,Shorapur (TMC) - Ward No.15,ward,GEO_IN_KA_251859,,,
GEO_IN_KA_252029_W3068748,ward No.8,ward,GEO_IN_KA_252029,,,
GEO_IN_KA_253185_W26594,Channapatna- Ward No.12,ward,GEO_IN_KA_253185,,,
GEO_IN_KA_251832_W25935,Jamkhandi (TMC) - Ward No.8,ward,GEO_IN_KA_251832,,,
GEO_IN_KA_251892_W28037,Mundargi (TP) - Ward No.16,ward,GEO_IN_KA_251892,,,
GEO_IN_KA_251963_W32438,Birur (TMC) - Ward No.18,ward,GEO_IN_KA_251963,,,
GEO_IN_KA_251974_W25416,Gubbi (TP) - Ward No.7,ward,GEO_IN_KA_251974,,,
GEO_IN_KA_251942_W3068777,ward No.23,ward,GEO_IN_KA_251942,,,
GEO_IN_KA_276600_W1302811,Ward No.139 (Mudalapalya ),ward,GEO_IN_KA_276600,,,
GEO_IN_KA_252004_W26745,Shrirangapattana (TMC) - Ward No.4,ward,GEO_IN_KA_252004,,,
GEO_IN_KA_252027_W1887749,Ullal (TP) - Ward No.26,ward,GEO_IN_KA_252027,,,
GEO_IN_KA_251841_W26275,Ilkal (TMC) - Ward No.7,ward,GEO_IN_KA_251841,,,
GEO_IN_KA_276600_W1302709,Ward No. 37 (Peenya),ward,GEO_IN_KA_276600,,,
GEO_IN_KA_251856_W931325,Wadi (TMC) - Ward No.2,ward,GEO_IN_KA_251856,,,
GEO_IN_KA_276597_W1294046,Ward-11,ward,GEO_IN_KA_276597,,,
GEO_IN_KA_251827_W25670,Bail Hongal (TMC) - Ward No.13,ward,GEO_IN_KA_251827,,,
GEO_IN_KA_276557_W2179691,Ward-14,ward,GEO_IN_KA_276557,,,
GEO_IN_KA_276604_W1296261,Ward-9,ward,GEO_IN_KA_276604,,,
GEO_IN_KA_251943_W2178632,Channagiri (TP) - Ward No.21,ward,GEO_IN_KA_251943,,,
GEO_IN_KA_251882_W1891316,Koppal (Cmc) - Ward No.27,ward,GEO_IN_KA_251882,,,
GEO_IN_KA_251930_W1864731,Kudligi (TP) - Ward No.19,ward,GEO_IN_KA_251930,,,
GEO_IN_KA_251829_W25898,Ramdurg (TMC) - Ward No.16,ward,GEO_IN_KA_251829,,,
GEO_IN_KA_253130_W29179,Kollegal (Cmc) - Ward No.5,ward,GEO_IN_KA_253130,,,
GEO_IN_KA_251995_W26539,Hosakote (TMC) - Ward No.8,ward,GEO_IN_KA_251995,,,
GEO_IN_KA_276477_W1293396,"4- Mahadev Temple,Jadar Galli",ward,GEO_IN_KA_276477,,,
GEO_IN_KA_276601_W1296305,Ward-17,ward,GEO_IN_KA_276601,,,
GEO_IN_KA_296975_W3044627,Ward 30,ward,GEO_IN_KA_296975,,,
GEO_IN_KA_251895_W923398,Navalgund (TMC) - Ward No.22,ward,GEO_IN_KA_251895,,,
GEO_IN_KA_252043_W65731,Hunsur (TMC) - Ward No.1,ward,GEO_IN_KA_252043,,,
GEO_IN_KA_251827_W25665,Bail Hongal (TMC) - Ward No.8,ward,GEO_IN_KA_251827,,,
GEO_IN_KA_251994_W65115,Devanahalli (TMC) - Ward No.14,ward,GEO_IN_KA_251994,,,
GEO_IN_KA_252036_W1887218,Sulya (TP) - Ward No.19,ward,GEO_IN_KA_252036,,,
GEO_IN_KA_251849_W930330,Afzalpur (TP) - Ward No.16,ward,GEO_IN_KA_251849,,,
GEO_IN_KA_251983_W25768,Chintamani (Cmc) - Ward No.21,ward,GEO_IN_KA_251983,,,
GEO_IN_KA_276538_W1296352,Ward-4,ward,GEO_IN_KA_276538,,,
GEO_IN_KA_276474_W1295851,Ward-18,ward,GEO_IN_KA_276474,,,
GEO_IN_KA_251935_W31098,Holalkere (TP) - Ward No.2,ward,GEO_IN_KA_251935,,,
GEO_IN_KA_251841_W26270,Ilkal (TMC) - Ward No.2,ward,GEO_IN_KA_251841,,,
GEO_IN_KA_276521_W1293460,Ward-7,ward,GEO_IN_KA_276521,,,
GEO_IN_KA_276557_W2179683,Ward-6,ward,GEO_IN_KA_276557,,,
GEO_IN_KA_252014_W27806,Arkalgud (TP) - Ward No.5,ward,GEO_IN_KA_252014,,,
GEO_IN_KA_251969_W25334,Sira (TMC) - Ward No.2,ward,GEO_IN_KA_251969,,,
GEO_IN_KA_299320_W3044601,Ward 5,ward,GEO_IN_KA_299320,,,
GEO_IN_KA_276600_W1302698,Ward No. 26 (Dodda Bidarakallu ),ward,GEO_IN_KA_276600,,,
GEO_IN_KA_252010_W27768,Arsikere (TMC) - Ward No.5,ward,GEO_IN_KA_252010,,,
GEO_IN_KA_251836_W63431,Kerur (TP) - Ward No.7,ward,GEO_IN_KA_251836,,,
GEO_IN_KA_251840_W1723947,Hungund (TP) - Ward No.20,ward,GEO_IN_KA_251840,,,
GEO_IN_KA_253189_W25991,Bangalore (M Corp.) - Ward No.20,ward,GEO_IN_KA_253189,,,
GEO_IN_KA_251869_W27583,Chitgoppa (TMC) - Ward No.3,ward,GEO_IN_KA_251869,,,
GEO_IN_KA_276568_W1295664,Ward No.13,ward,GEO_IN_KA_276568,,,
GEO_IN_KA_251893_W28095,Hubli-Dharwad (M Corp.) - Ward No.57,ward,GEO_IN_KA_251893,,,
GEO_IN_KA_251889_W63815,Mulgund (TP) - Ward No.9,ward,GEO_IN_KA_251889,,,
GEO_IN_KA_251818_W24774,Gokak (Cmc) - Ward No.16,ward,GEO_IN_KA_251818,,,
GEO_IN_KA_251922_W30430,Hospet (Cmc) - Ward No.10,ward,GEO_IN_KA_251922,,,
GEO_IN_KA_251979_W25613,Chik Ballapur (Cmc) - Ward No.18,ward,GEO_IN_KA_251979,,,
GEO_IN_KA_251859_W63708,Shorapur (TMC) - Ward No.22,ward,GEO_IN_KA_251859,,,
GEO_IN_KA_251950_W31330,Tirthahalli (TP) - Ward No.8,ward,GEO_IN_KA_251950,,,
GEO_IN_KA_251984_W25780,Srinivaspur (TP) - Ward No.2,ward,GEO_IN_KA_251984,,,
GEO_IN_KA_252056_W2963,Kollegal (Cmc) - Ward No.30,ward,GEO_IN_KA_252056,,,
GEO_IN_KA_251849_W63468,Afzalpur (TP) - Ward No.5,ward,GEO_IN_KA_251849,,,
GEO_IN_KA_251972_W25402,Koratagere (TP) - Ward No.5,ward,GEO_IN_KA_251972,,,
GEO_IN_KA_276567_W1295753,Hukkeri Thot,ward,GEO_IN_KA_276567,,,
GEO_IN_KA_276533_W1295999,Ward No. 8,ward,GEO_IN_KA_276533,,,
GEO_IN_KA_299319_W3287747,Ward No.19,ward,GEO_IN_KA_299319,,,
GEO_IN_KA_251884_W27896,Nargund (TMC) - Ward No.14,ward,GEO_IN_KA_251884,,,
GEO_IN_KA_251961_W31811,Narasimharajapura (TP) - Ward No.6,ward,GEO_IN_KA_251961,,,
GEO_IN_KA_251892_W28024,Mundargi (TP) - Ward No.3,ward,GEO_IN_KA_251892,,,
GEO_IN_KA_251862_W27393,Gurmatkal (TP) - Ward No.3,ward,GEO_IN_KA_251862,,,
GEO_IN_KA_251952_W61548,Bhadravati (Cmc) - Ward No.22,ward,GEO_IN_KA_251952,,,
GEO_IN_KA_251993_W2440231,Ward-25,ward,GEO_IN_KA_251993,,,
GEO_IN_KA_251922_W30444,Hospet (Cmc) - Ward No.24,ward,GEO_IN_KA_251922,,,
GEO_IN_KA_251897_W2443628,Kalghatgi (TP) - Ward No.17,ward,GEO_IN_KA_251897,,,
GEO_IN_KA_251986_W25805,Malur (TMC) - Ward No.10,ward,GEO_IN_KA_251986,,,
GEO_IN_KA_252045_W28852,Mysore (M Corp.) - Ward No.47,ward,GEO_IN_KA_252045,,,
GEO_IN_KA_252051_W65885,Bannur (TMC) - Ward No.12,ward,GEO_IN_KA_252051,,,
GEO_IN_KA_299317_W3044539,Ward 5,ward,GEO_IN_KA_299317,,,
GEO_IN_KA_251906_W29945,Ankola (TP) - Ward No.3,ward,GEO_IN_KA_251906,,,
GEO_IN_KA_252007_W65605,Malavalli (TMC) - Ward No.21,ward,GEO_IN_KA_252007,,,
GEO_IN_KA_251833_W25967,Rabkavi-Banhatti (Cmc) - Ward No.13,ward,GEO_IN_KA_251833,,,
GEO_IN_KA_251874_W63777,Devadurga (TP) - Ward No.2,ward,GEO_IN_KA_251874,,,
GEO_IN_KA_276600_W1302854,Ward No.182 (Byrasandra),ward,GEO_IN_KA_276600,,,
GEO_IN_KA_251989_W1890215,Mulbagal (TMC) - Ward No.26,ward,GEO_IN_KA_251989,,,
GEO_IN_KA_252049_W29091,Heggadadevankote (TP) - Ward No.10,ward,GEO_IN_KA_252049,,,
GEO_IN_KA_276574_W3044481,Ward 18,ward,GEO_IN_KA_276574,,,
GEO_IN_KA_252010_W27766,Arsikere (TMC) - Ward No.3,ward,GEO_IN_KA_252010,,,
GEO_IN_KA_251985_W64960,Kolar (Cmc) - Ward No.5,ward,GEO_IN_KA_251985,,,
GEO_IN_KA_252034_W28395,Beltangadi (TP) - Ward No.2,ward,GEO_IN_KA_252034,,,
GEO_IN_KA_251914_W61264,Savanur (TMC) - Ward No.16,ward,GEO_IN_KA_251914,,,
GEO_IN_KA_276474_W1295837,Ward-4,ward,GEO_IN_KA_276474,,,
GEO_IN_KA_251945_W31264,Sagar (TMC) - Ward No.16,ward,GEO_IN_KA_251945,,,
GEO_IN_KA_297129_W2805087,Ward 15,ward,GEO_IN_KA_297129,,,
GEO_IN_KA_252007_W65604,Malavalli (TMC) - Ward No.20,ward,GEO_IN_KA_252007,,,
GEO_IN_KA_251948_W31310,Shikarpur (TMC) - Ward No.22,ward,GEO_IN_KA_251948,,,
GEO_IN_KA_276599_W1296272,Ward-1,ward,GEO_IN_KA_276599,,,
GEO_IN_KA_251921_W1864747,Hoovina Hadagalli (TP) - Ward No.22,ward,GEO_IN_KA_251921,,,
GEO_IN_KA_252002_W26713,Nagamangala (TP) - Ward No.4,ward,GEO_IN_KA_252002,,,
GEO_IN_KA_276554_W1294234,Ward-1,ward,GEO_IN_KA_276554,,,
GEO_IN_KA_252007_W65606,Malavalli (TMC) - Ward No.22,ward,GEO_IN_KA_252007,,,
GEO_IN_KA_276574_W3044486,Ward 23,ward,GEO_IN_KA_276574,,,
GEO_IN_KA_252054_W29141,Chamarajanagar (Cmc) - Ward No.14,ward,GEO_IN_KA_252054,,,
GEO_IN_KA_251939_W31180,Harapanahalli (TP) - Ward No.19,ward,GEO_IN_KA_251939,,,
GEO_IN_KA_301080_W3287822,Ward No.3,ward,GEO_IN_KA_301080,,,
GEO_IN_KA_276583_W1295636,Ward No. 2,ward,GEO_IN_KA_276583,,,
GEO_IN_KA_299318_W3287777,Ward No.3,ward,GEO_IN_KA_299318,,,
GEO_IN_KA_251952_W61555,Bhadravati (Cmc) - Ward No.29,ward,GEO_IN_KA_251952,,,
GEO_IN_KA_251988_W25850,Robertson Pet (Cmc) - Ward No.32,ward,GEO_IN_KA_251988,,,
GEO_IN_KA_299416_W2890355,Ward 15,ward,GEO_IN_KA_299416,,,
GEO_IN_KA_299179_W3046798,Ward 9,ward,GEO_IN_KA_299179,,,
GEO_IN_KA_251927_W3068768,Ward No.36,ward,GEO_IN_KA_251927,,,
GEO_IN_KA_299328_W3046837,Ward 13,ward,GEO_IN_KA_299328,,,
GEO_IN_KA_276538_W1296359,Ward-11,ward,GEO_IN_KA_276538,,,
GEO_IN_KA_276516_W1296398,Diggavi Oni,ward,GEO_IN_KA_276516,,,
GEO_IN_KA_276538_W1296366,Ward-18,ward,GEO_IN_KA_276538,,,
GEO_IN_KA_296975_W2179293,Madanayakanahalli-15,ward,GEO_IN_KA_296975,,,
GEO_IN_KA_253185_W26622,Channapatna - Ward No.26,ward,GEO_IN_KA_253185,,,
GEO_IN_KA_251986_W2443639,Malur (TMC) - Ward No.26,ward,GEO_IN_KA_251986,,,
GEO_IN_KA_299319_W3287735,Ward No.7,ward,GEO_IN_KA_299319,,,
GEO_IN_KA_251916_W61280,Haveri (Cmc) - Ward No.9,ward,GEO_IN_KA_251916,,,
GEO_IN_KA_251887_W27957,Naregal (TP) - Ward No.9,ward,GEO_IN_KA_251887,,,
GEO_IN_KA_251938_W31134,Harihar (Cmc) - Ward No.7,ward,GEO_IN_KA_251938,,,
GEO_IN_KA_276497_W1293424,Ward No-13,ward,GEO_IN_KA_276497,,,
GEO_IN_KA_251955_W31762,Udupi (Cmc) - Ward No.16,ward,GEO_IN_KA_251955,,,
GEO_IN_KA_252005_W65568,Mandya (Cmc) - Ward No.19,ward,GEO_IN_KA_252005,,,
GEO_IN_KA_251898_W28154,Kundgol (TP) - Ward No.6,ward,GEO_IN_KA_251898,,,
GEO_IN_KA_252015_W65651,Hole Narsipur (TMC) - Ward No.4,ward,GEO_IN_KA_252015,,,
GEO_IN_KA_276600_W1302837,Ward No.165 (B Venkata Reddy Nagar),ward,GEO_IN_KA_276600,,,
GEO_IN_KA_252042_W28771,Piriyapatna (TP) - Ward No.2,ward,GEO_IN_KA_252042,,,
GEO_IN_KA_299181_W3046810,Ward 4,ward,GEO_IN_KA_299181,,,
GEO_IN_KA_251950_W31326,Tirthahalli (TP) - Ward No.4,ward,GEO_IN_KA_251950,,,
GEO_IN_KA_251809_W24452,Nipani (Cmc) - Ward No.19,ward,GEO_IN_KA_251809,,,
GEO_IN_KA_253185_W26588,Channapatna - Ward No.9,ward,GEO_IN_KA_253185,,,
GEO_IN_KA_251824_W25531,Belgaum (M Corp.) - Ward No.44,ward,GEO_IN_KA_251824,,,
GEO_IN_KA_251880_W923377,Kushtagi (TMC) - Ward No.19,ward,GEO_IN_KA_251880,,,
GEO_IN_KA_276565_W1296081,Thabaj Galli,ward,GEO_IN_KA_276565,,,
GEO_IN_KA_276555_W1294263,Ward-12,ward,GEO_IN_KA_276555,,,
GEO_IN_KA_251980_W64945,Gudibanda (TP) - Ward No.1,ward,GEO_IN_KA_251980,,,
GEO_IN_KA_276463_W1295917,3-Sree Muneshwara Ward,ward,GEO_IN_KA_276463,,,
GEO_IN_KA_252021_W28221,Mangalore (M Corp.) - Ward No.10,ward,GEO_IN_KA_252021,,,
GEO_IN_KA_251863_W63733,Yadgir (TMC) - Ward No.22,ward,GEO_IN_KA_251863,,,
GEO_IN_KA_276483_W1295729,Ward No.19,ward,GEO_IN_KA_276483,,,
GEO_IN_KA_276600_W1302868,Ward No.196 (Gavi Gangadhareshwara),ward,GEO_IN_KA_276600,,,
GEO_IN_KA_251965_W32469,Chikmagalur (Cmc) - Ward No.26,ward,GEO_IN_KA_251965,,,
GEO_IN_KA_251934_W30871,Chitradurga (Cmc) - Ward No.5,ward,GEO_IN_KA_251934,,,
GEO_IN_KA_277668_W3046750,Ward 7,ward,GEO_IN_KA_277668,,,
GEO_IN_KA_251864_W1885269,Basavakalyan (TMC) - Ward No.29,ward,GEO_IN_KA_251864,,,
GEO_IN_KA_251894_W28117,Alnavar (TP) - Ward No.12,ward,GEO_IN_KA_251894,,,
GEO_IN_KA_251840_W26254,Hungund (TP) - Ward No.2,ward,GEO_IN_KA_251840,,,
GEO_IN_KA_276496_W1296433,Ward-16,ward,GEO_IN_KA_276496,,,
GEO_IN_KA_276579_W1296032,Ward-1,ward,GEO_IN_KA_276579,,,
GEO_IN_KA_251893_W28100,Hubli-Dharwad (M Corp.) - Ward No.62,ward,GEO_IN_KA_251893,,,
GEO_IN_KA_251824_W25522,Belgaum (M Corp.) - Ward No.35,ward,GEO_IN_KA_251824,,,
GEO_IN_KA_252043_W71032,Hunsur (TMC) - Ward No.26,ward,GEO_IN_KA_252043,,,
GEO_IN_KA_251816_W923218,Konnur (TP) - Ward No.16,ward,GEO_IN_KA_251816,,,
GEO_IN_KA_276554_W1294246,Ward-13,ward,GEO_IN_KA_276554,,,
GEO_IN_KA_251893_W28048,Hubli-Dharwad (M Corp.) - Ward No.10,ward,GEO_IN_KA_251893,,,
GEO_IN_KA_251955_W31749,Udupi (Cmc) - Ward No.3,ward,GEO_IN_KA_251955,,,
GEO_IN_KA_301054_W3068538,Ward 4,ward,GEO_IN_KA_301054,,,
GEO_IN_KA_276600_W1302739,Ward No.67 (Ganga Nagar ),ward,GEO_IN_KA_276600,,,
GEO_IN_KA_251924_W61302,Kampli (TMC) - Ward No.4,ward,GEO_IN_KA_251924,,,
GEO_IN_KA_251916_W61289,Haveri (Cmc) - Ward No.18,ward,GEO_IN_KA_251916,,,
GEO_IN_KA_251992_W26501,Dod Ballapur (Cmc) - Ward No.31,ward,GEO_IN_KA_251992,,,
GEO_IN_KA_251935_W1923713,Holalkere (TP) - Ward No.14,ward,GEO_IN_KA_251935,,,
GEO_IN_KA_251897_W923403,Kalghatgi (TP) - Ward No.13,ward,GEO_IN_KA_251897,,,
GEO_IN_KA_276539_W1296096,Ward 3- Kunta Rajanna Layout Ward,ward,GEO_IN_KA_276539,,,
GEO_IN_KA_252051_W65889,Bannur (TMC) - Ward No.16,ward,GEO_IN_KA_252051,,,
GEO_IN_KA_251915_W30027,Hangal (TMC) - Ward No.10,ward,GEO_IN_KA_251915,,,
GEO_IN_KA_251985_W65072,Kolar (Cmc) - Ward No.25,ward,GEO_IN_KA_251985,,,
GEO_IN_KA_251885_W27924,Ron (TP) - Ward No.19,ward,GEO_IN_KA_251885,,,
GEO_IN_KA_276522_W1293509,Ward-15,ward,GEO_IN_KA_276522,,,
GEO_IN_KA_252005_W65559,Mandya (Cmc) - Ward No.10,ward,GEO_IN_KA_252005,,,
GEO_IN_KA_252049_W1921420,Heggadadevankote (TP) - Ward No.14,ward,GEO_IN_KA_252049,,,
GEO_IN_KA_251943_W31241,Channagiri (TP) - Ward No.12,ward,GEO_IN_KA_251943,,,
GEO_IN_KA_251893_W28053,Hubli-Dharwad (M Corp.) - Ward No.15,ward,GEO_IN_KA_251893,,,
GEO_IN_KA_251820_W25472,Hukeri (TP) - Ward No.6,ward,GEO_IN_KA_251820,,,
GEO_IN_KA_251927_W30803,Bellary (Cmc) - Ward No.2,ward,GEO_IN_KA_251927,,,
GEO_IN_KA_251828_W25688,Saundatti-Yellamma (TMC) - Ward No.8,ward,GEO_IN_KA_251828,,,
GEO_IN_KA_252002_W26721,Nagamangala (TP) - Ward No.12,ward,GEO_IN_KA_252002,,,
GEO_IN_KA_251867_W27431,Bidar (Cmc) - Ward No.10,ward,GEO_IN_KA_251867,,,
GEO_IN_KA_301790_W3287810,Ward No.13,ward,GEO_IN_KA_301790,,,
GEO_IN_KA_251911_W29996,Bhatkal (TMC) - Ward No.4,ward,GEO_IN_KA_251911,,,
GEO_IN_KA_251911_W30010,Bhatkal (TMC) - Ward No.18,ward,GEO_IN_KA_251911,,,
GEO_IN_KA_252027_W65702,Ullal (TP) - Ward No.7,ward,GEO_IN_KA_252027,,,
GEO_IN_KA_251971_W25387,Madhugiri (TMC) - Ward No.13,ward,GEO_IN_KA_251971,,,
GEO_IN_KA_251839_W26135,Bagalkot (Cmc) - Ward No.11,ward,GEO_IN_KA_251839,,,
GEO_IN_KA_251916_W61282,Haveri (Cmc) - Ward No.11,ward,GEO_IN_KA_251916,,,
GEO_IN_KA_251988_W25825,Robertson Pet (Cmc) - Ward No.7,ward,GEO_IN_KA_251988,,,
GEO_IN_KA_276600_W1302787,Ward No.115 (Konena Agrahara ),ward,GEO_IN_KA_276600,,,
GEO_IN_KA_252042_W1920868,Piriyapatna (TP) - Ward No.21,ward,GEO_IN_KA_252042,,,
GEO_IN_KA_251977_W25557,Kunigal (TMC) - Ward No.16,ward,GEO_IN_KA_251977,,,
GEO_IN_KA_276535_W1296322,Ward-16,ward,GEO_IN_KA_276535,,,
GEO_IN_KA_299181_W3046813,Ward 7,ward,GEO_IN_KA_299181,,,
GEO_IN_KA_251913_W2447,Bankapura (TMC) - Ward No.18,ward,GEO_IN_KA_251913,,,
GEO_IN_KA_251843_W26346,Indi (TMC) - Ward No.14,ward,GEO_IN_KA_251843,,,
GEO_IN_KA_251955_W31752,Udupi (Cmc) - Ward No.6,ward,GEO_IN_KA_251955,,,
GEO_IN_KA_251839_W26246,Bagalkot (Cmc) - Ward No.25,ward,GEO_IN_KA_251839,,,
GEO_IN_KA_253188_W3046933,Ward 25,ward,GEO_IN_KA_253188,,,
GEO_IN_KA_252012_W65630,Hassan (Cmc) - Ward No.23,ward,GEO_IN_KA_252012,,,
GEO_IN_KA_252045_W28856,Mysore (M Corp.) - Ward No.51,ward,GEO_IN_KA_252045,,,
GEO_IN_KA_251905_W28705,Sirsi (Cmc) - Ward No.3,ward,GEO_IN_KA_251905,,,
GEO_IN_KA_276516_W1296395,Kencahamma Gudi Area,ward,GEO_IN_KA_276516,,,
GEO_IN_KA_253185_W26596,Channapatna - Ward No.13,ward,GEO_IN_KA_253185,,,
GEO_IN_KA_251989_W25873,Mulbagal (TMC) - Ward No.14,ward,GEO_IN_KA_251989,,,
GEO_IN_KA_276600_W1302861,Ward No.189 (Ganesh Mandir ward),ward,GEO_IN_KA_276600,,,
GEO_IN_KA_252043_W2443643,Hunsur (TMC) - Ward No.30,ward,GEO_IN_KA_252043,,,
GEO_IN_KA_251919_W30094,Ranibennur (Cmc) - Ward No.17,ward,GEO_IN_KA_251919,,,
GEO_IN_KA_251907_W61045,Kumta (TMC) - Ward No.13,ward,GEO_IN_KA_251907,,,
GEO_IN_KA_251961_W31815,Narasimharajapura (TP) - Ward No.10,ward,GEO_IN_KA_251961,,,
GEO_IN_KA_297133_W2440153,Ward-12,ward,GEO_IN_KA_297133,,,
GEO_IN_KA_251969_W25353,Sira (TMC) - Ward No.21,ward,GEO_IN_KA_251969,,,
GEO_IN_KA_251959_W1885972,Sringeri (TP) - Ward No.11,ward,GEO_IN_KA_251959,,,
GEO_IN_KA_251934_W30883,Chitradurga (Cmc) - Ward No.17,ward,GEO_IN_KA_251934,,,
GEO_IN_KA_251839_W26146,Bagalkot (Cmc) - Ward No.22,ward,GEO_IN_KA_251839,,,
GEO_IN_KA_276496_W1296430,Ward-13,ward,GEO_IN_KA_276496,,,
GEO_IN_KA_251901_W61011,Haliyal (TP) - Ward No.13,ward,GEO_IN_KA_251901,,,
GEO_IN_KA_251816_W24749,Konnur (TP) - Ward No.7,ward,GEO_IN_KA_251816,,,
GEO_IN_KA_251943_W31244,Channagiri (TP) - Ward No.15,ward,GEO_IN_KA_251943,,,
GEO_IN_KA_251831_W25915,Terdal (TP) - Ward No.8,ward,GEO_IN_KA_251831,,,
GEO_IN_KA_276602_W1923196,Belluru (TP) - Ward No.13,ward,GEO_IN_KA_276602,,,
GEO_IN_KA_251845_W26374,Basavana Bagevadi (TP) - Ward No.19,ward,GEO_IN_KA_251845,,,
GEO_IN_KA_251979_W25617,Chik Ballapur (Cmc) - Ward No.22,ward,GEO_IN_KA_251979,,,
GEO_IN_KA_301082_W3068500,Ward 10,ward,GEO_IN_KA_301082,,,
GEO_IN_KA_251898_W2443632,Kundgol (TP) - Ward No.19,ward,GEO_IN_KA_251898,,,
GEO_IN_KA_251874_W1921619,Devadurga (TP) - Ward No.20,ward,GEO_IN_KA_251874,,,
GEO_IN_KA_276600_W1303139,Ward No.1(Kempegowda Ward),ward,GEO_IN_KA_276600,,,
GEO_IN_KA_276524_W1293535,Ward-13,ward,GEO_IN_KA_276524,,,
GEO_IN_KA_276572_W1296214,Kargadde,ward,GEO_IN_KA_276572,,,
GEO_IN_KA_276564_W1295980,Ward-12,ward,GEO_IN_KA_276564,,,
GEO_IN_KA_251982_W25732,Sidlaghatta (TMC) - Ward No.8,ward,GEO_IN_KA_251982,,,
GEO_IN_KA_251849_W63470,Afzalpur (TP) - Ward No.7,ward,GEO_IN_KA_251849,,,
GEO_IN_KA_251922_W30437,Hospet (Cmc) - Ward No.17,ward,GEO_IN_KA_251922,,,
GEO_IN_KA_276604_W1296268,Ward-16,ward,GEO_IN_KA_276604,,,
GEO_IN_KA_299328_W3046833,Ward 9,ward,GEO_IN_KA_299328,,,
GEO_IN_KA_276555_W1294265,Ward-14,ward,GEO_IN_KA_276555,,,
GEO_IN_KA_251988_W25826,Robertson Pet (Cmc) - Ward No.8,ward,GEO_IN_KA_251988,,,
GEO_IN_KA_251965_W32461,Chikmagalur (Cmc) - Ward No.18,ward,GEO_IN_KA_251965,,,
GEO_IN_KA_251876_W27682,Raichur (Cmc) - Ward No.27,ward,GEO_IN_KA_251876,,,
GEO_IN_KA_251992_W26494,Dod Ballapur (Cmc) - Ward No.24,ward,GEO_IN_KA_251992,,,
GEO_IN_KA_252013_W27797,Alur (TP) - Ward No.7,ward,GEO_IN_KA_252013,,,
GEO_IN_KA_251838_W26116,Guledgudda (TMC) - Ward No.15,ward,GEO_IN_KA_251838,,,
GEO_IN_KA_276565_W1296088,Badage Plot,ward,GEO_IN_KA_276565,,,
GEO_IN_KA_251819_W25444,Sankeshwar (TMC) - Ward No.1,ward,GEO_IN_KA_251819,,,
GEO_IN_KA_276521_W1293461,Ward-8,ward,GEO_IN_KA_276521,,,
GEO_IN_KA_253186_W65547,Ramanagara-Ward No.22,ward,GEO_IN_KA_253186,,,
GEO_IN_KA_251864_W27405,Basavakalyan (TMC) - Ward No.11,ward,GEO_IN_KA_251864,,,
GEO_IN_KA_299417_W2867098,Ward 14,ward,GEO_IN_KA_299417,,,
GEO_IN_KA_251812_W24509,Athni (TMC) - Ward No.22,ward,GEO_IN_KA_251812,,,
GEO_IN_KA_251936_W31126,Hosdurga (TP) - Ward No.17,ward,GEO_IN_KA_251936,,,
GEO_IN_KA_251833_W26064,Rabkavi-Banhatti (Cmc) - Ward No.27,ward,GEO_IN_KA_251833,,,
GEO_IN_KA_252003_W1891445,Pandavapura (TP) - Ward No.18,ward,GEO_IN_KA_252003,,,
GEO_IN_KA_276602_W1923190,Belluru (TP) - Ward No.7,ward,GEO_IN_KA_276602,,,
GEO_IN_KA_251946_W61525,Sorab (TP) - Ward No.12,ward,GEO_IN_KA_251946,,,
GEO_IN_KA_251832_W1724481,Jamkhandi (TMC) - Ward No.31,ward,GEO_IN_KA_251832,,,
GEO_IN_KA_276532_W1295852,Ward-1,ward,GEO_IN_KA_276532,,,
GEO_IN_KA_248127_W27015,Kalaburagi (M Corp.) - Ward No.36,ward,GEO_IN_KA_248127,,,
GEO_IN_KA_276578_W1295452,Sunagar Galli,ward,GEO_IN_KA_276578,,,
GEO_IN_KA_251989_W2443634,Mulbagal (TMC) - Ward No.29,ward,GEO_IN_KA_251989,,,
GEO_IN_KA_276533_W1296009,Ward No.18,ward,GEO_IN_KA_276533,,,
GEO_IN_KA_251938_W31145,Harihar (Cmc) - Ward No.18,ward,GEO_IN_KA_251938,,,
GEO_IN_KA_251992_W26492,Dod Ballapur (Cmc) - Ward No.22,ward,GEO_IN_KA_251992,,,
GEO_IN_KA_251993_W2440234,Ward-28,ward,GEO_IN_KA_251993,,,
GEO_IN_KA_251824_W25496,Belgaum (M Corp.) - Ward No.9,ward,GEO_IN_KA_251824,,,
GEO_IN_KA_276600_W1302734,Ward No.62 (Sanjaya Nagar ),ward,GEO_IN_KA_276600,,,
GEO_IN_KA_252012_W65636,Hassan (Cmc) - Ward No.29,ward,GEO_IN_KA_252012,,,
GEO_IN_KA_301081_W3068482,Ward 15,ward,GEO_IN_KA_301081,,,
GEO_IN_KA_251990_W26467,Nelamangala (TP) - Ward No.16,ward,GEO_IN_KA_251990,,,
GEO_IN_KA_251968_W25319,Chiknayakanhalli (TMC) - Ward No.10,ward,GEO_IN_KA_251968,,,
GEO_IN_KA_251824_W25506,Belgaum (M Corp.) - Ward No.19,ward,GEO_IN_KA_251824,,,
GEO_IN_KA_251904_W61019,Mundgod (TP) - Ward No.1,ward,GEO_IN_KA_251904,,,
GEO_IN_KA_251886_W27943,Gajendragarh (TMC) - Ward No.18,ward,GEO_IN_KA_251886,,,
GEO_IN_KA_276583_W1295642,Ward No. 8,ward,GEO_IN_KA_276583,,,
GEO_IN_KA_253188_W3046909,Ward 1,ward,GEO_IN_KA_253188,,,
GEO_IN_KA_251955_W31765,Udupi (Cmc) - Ward No.19,ward,GEO_IN_KA_251955,,,
GEO_IN_KA_276524_W1293528,Ward-6,ward,GEO_IN_KA_276524,,,
GEO_IN_KA_276474_W1295842,Ward-9,ward,GEO_IN_KA_276474,,,
GEO_IN_KA_251844_W63463,Sindgi (TMC) - Ward No.23,ward,GEO_IN_KA_251844,,,
GEO_IN_KA_276463_W1295935,21-Sree Onamma Temple Ward,ward,GEO_IN_KA_276463,,,
GEO_IN_KA_251852_W63492,Sedam (TMC) - Ward No.9,ward,GEO_IN_KA_251852,,,
GEO_IN_KA_276483_W1295712,Ward No. 2,ward,GEO_IN_KA_276483,,,
GEO_IN_KA_251912_W61065,Shiggaon (TMC) - Ward No.7,ward,GEO_IN_KA_251912,,,
GEO_IN_KA_276464_W1295894,Ward No.3,ward,GEO_IN_KA_276464,,,
GEO_IN_KA_251925_W30480,Siruguppa (TP) - Ward No.6,ward,GEO_IN_KA_251925,,,
GEO_IN_KA_251914_W61268,Savanur (TMC) - Ward No.20,ward,GEO_IN_KA_251914,,,
GEO_IN_KA_251834_W26072,Bilgi (TP) - Ward No.4,ward,GEO_IN_KA_251834,,,
GEO_IN_KA_251893_W28072,Hubli-Dharwad (M Corp.) - Ward No.34,ward,GEO_IN_KA_251893,,,
GEO_IN_KA_276497_W1293417,Ward No-6,ward,GEO_IN_KA_276497,,,
GEO_IN_KA_251862_W7171,Gurmatkal (TP) - Ward No.12,ward,GEO_IN_KA_251862,,,
GEO_IN_KA_253189_W2443565,Bangalore (M Corp.) - Ward No.25,ward,GEO_IN_KA_253189,,,
GEO_IN_KA_299329_W3287837,Ward No.6,ward,GEO_IN_KA_299329,,,
GEO_IN_KA_296954_W2890389,Ward 7,ward,GEO_IN_KA_296954,,,
GEO_IN_KA_251976_W25426,Turuvekere (TP) - Ward No.3,ward,GEO_IN_KA_251976,,,
GEO_IN_KA_252017_W28210,Mulki (TP) - Ward No.15,ward,GEO_IN_KA_252017,,,
GEO_IN_KA_251936_W31123,Hosdurga (TP) - Ward No.14,ward,GEO_IN_KA_251936,,,
GEO_IN_KA_251895_W60984,Navalgund (TMC) - Ward No.6,ward,GEO_IN_KA_251895,,,
GEO_IN_KA_252052_W1920858,Tirumakudal - Narsipur (TP) - Ward No.20,ward,GEO_IN_KA_252052,,,
GEO_IN_KA_251873_W1921537,Ward-10,ward,GEO_IN_KA_251873,,,
GEO_IN_KA_276575_W1295685,Ward No.15,ward,GEO_IN_KA_276575,,,
GEO_IN_KA_276599_W1296280,Ward-9,ward,GEO_IN_KA_276599,,,
GEO_IN_KA_299169_W3044594,Ward 17,ward,GEO_IN_KA_299169,,,
GEO_IN_KA_251837_W1724041,Badami (TP) - Ward No. 22,ward,GEO_IN_KA_251837,,,
GEO_IN_KA_248127_W26983,Kalaburagi (M Corp.) - Ward No.4,ward,GEO_IN_KA_248127,,,
GEO_IN_KA_251856_W931338,Wadi (TMC) - Ward No.6,ward,GEO_IN_KA_251856,,,
GEO_IN_KA_251862_W7168,Gurmatkal (TP) - Ward No.9,ward,GEO_IN_KA_251862,,,
GEO_IN_KA_299329_W3287844,Ward No.13,ward,GEO_IN_KA_299329,,,
GEO_IN_KA_251904_W61031,Mundgod (TP) - Ward No.13,ward,GEO_IN_KA_251904,,,
GEO_IN_KA_251886_W27947,Gajendragarh (TMC) - Ward No.22,ward,GEO_IN_KA_251886,,,
GEO_IN_KA_251815_W24728,Mudalgi (TMC) - Ward No.9,ward,GEO_IN_KA_251815,,,
GEO_IN_KA_251922_W30435,Hospet (Cmc) - Ward No.15,ward,GEO_IN_KA_251922,,,
GEO_IN_KA_251914_W61253,Savanur (TMC) - Ward No.5,ward,GEO_IN_KA_251914,,,
GEO_IN_KA_251862_W7169,Gurmatkal (TP) - Ward No.10,ward,GEO_IN_KA_251862,,,
GEO_IN_KA_251953_W61570,Kundapura (TMC) - Ward No.9,ward,GEO_IN_KA_251953,,,
GEO_IN_KA_299180_W3044572,Ward 11,ward,GEO_IN_KA_299180,,,
GEO_IN_KA_251933_W61465,Challakere (TMC) - Ward No.11,ward,GEO_IN_KA_251933,,,
GEO_IN_KA_251969_W2146689,Sira-25,ward,GEO_IN_KA_251969,,,
GEO_IN_KA_252002_W26719,Nagamangala (TP) - Ward No.10,ward,GEO_IN_KA_252002,,,
GEO_IN_KA_251856_W931385,Wadi (TMC) - Ward No.18,ward,GEO_IN_KA_251856,,,
GEO_IN_KA_251815_W24736,Mudalgi (TMC) - Ward No.17,ward,GEO_IN_KA_251815,,,
GEO_IN_KA_251934_W30878,Chitradurga (Cmc) - Ward No.12,ward,GEO_IN_KA_251934,,,
GEO_IN_KA_251841_W26271,Ilkal (TMC) - Ward No.3,ward,GEO_IN_KA_251841,,,
GEO_IN_KA_251866_W63765,Aurad (TP) - Ward No.4,ward,GEO_IN_KA_251866,,,
GEO_IN_KA_276497_W1293428,Ward No-17,ward,GEO_IN_KA_276497,,,
GEO_IN_KA_251983_W25774,Chintamani (Cmc) - Ward No.27,ward,GEO_IN_KA_251983,,,
GEO_IN_KA_251829_W25896,Ramdurg (TMC) - Ward No.14,ward,GEO_IN_KA_251829,,,
GEO_IN_KA_251862_W7164,Gurmatkal (TP) - Ward No.5,ward,GEO_IN_KA_251862,,,
GEO_IN_KA_252021_W28212,Mangalore (M Corp.) - Ward No.1,ward,GEO_IN_KA_252021,,,
GEO_IN_KA_252009_W27757,Belur (TMC) - Ward No.11,ward,GEO_IN_KA_252009,,,
GEO_IN_KA_251941_W31203,Davanagere (Cmc) - Ward No.22,ward,GEO_IN_KA_251941,,,
GEO_IN_KA_251899_W28647,Dandeli (Cmc) - Ward No.23,ward,GEO_IN_KA_251899,,,
GEO_IN_KA_276519_W1293436,Ward-6,ward,GEO_IN_KA_276519,,,
GEO_IN_KA_251970_W25371,Pavagada (TP) - Ward No.16,ward,GEO_IN_KA_251970,,,
GEO_IN_KA_251952_W61558,Bhadravati (Cmc) - Ward No.32,ward,GEO_IN_KA_251952,,,
GEO_IN_KA_251984_W25790,Srinivaspur (TP) - Ward No.12,ward,GEO_IN_KA_251984,,,
GEO_IN_KA_252005_W65562,Mandya (Cmc) - Ward No.13,ward,GEO_IN_KA_252005,,,
GEO_IN_KA_276600_W3290556,Ward No.216(Hulimavu),ward,GEO_IN_KA_276600,,,
GEO_IN_KA_251853_W2144736,Chittapura-20,ward,GEO_IN_KA_251853,,,
GEO_IN_KA_251970_W25372,Pavagada (TP) - Ward No.17,ward,GEO_IN_KA_251970,,,
GEO_IN_KA_251868_W27569,Homnabad (TMC) - Ward No.14,ward,GEO_IN_KA_251868,,,
GEO_IN_KA_301079_W3068522,Ward 4,ward,GEO_IN_KA_301079,,,
GEO_IN_KA_251853_W27041,Chitapur (TP) - Ward No.3,ward,GEO_IN_KA_251853,,,
GEO_IN_KA_276464_W1295901,Ward No.10,ward,GEO_IN_KA_276464,,,
GEO_IN_KA_251824_W25513,Belgaum (M Corp.) - Ward No.26,ward,GEO_IN_KA_251824,,,
GEO_IN_KA_251874_W63779,Devadurga (TP) - Ward No.4,ward,GEO_IN_KA_251874,,,
GEO_IN_KA_299319_W3287739,Ward No.11,ward,GEO_IN_KA_299319,,,
GEO_IN_KA_251964_W61578,Kadur (TMC) - Ward No.2,ward,GEO_IN_KA_251964,,,
GEO_IN_KA_251932_W1886155,Molakalmuru (TP) - Ward No.14,ward,GEO_IN_KA_251932,,,
GEO_IN_KA_251834_W26077,Bilgi (TP) - Ward No.9,ward,GEO_IN_KA_251834,,,
GEO_IN_KA_252012_W65637,Hassan (Cmc) - Ward No.30,ward,GEO_IN_KA_252012,,,
GEO_IN_KA_251932_W30859,Molakalmuru (TP) - Ward No.5,ward,GEO_IN_KA_251932,,,
GEO_IN_KA_276583_W1295646,Ward No.12,ward,GEO_IN_KA_276583,,,
GEO_IN_KA_253185_W26600,Channapatna - Ward No.15,ward,GEO_IN_KA_253185,,,
GEO_IN_KA_296954_W2890391,Ward 9,ward,GEO_IN_KA_296954,,,
GEO_IN_KA_252017_W28201,Mulki (TP) - Ward No.6,ward,GEO_IN_KA_252017,,,
GEO_IN_KA_251919_W30105,Ranibennur (Cmc) - Ward No.28,ward,GEO_IN_KA_251919,,,
GEO_IN_KA_252016_W28185,Channarayapatna (TMC) - Ward No.15,ward,GEO_IN_KA_252016,,,
GEO_IN_KA_276474_W1295843,Ward-10,ward,GEO_IN_KA_276474,,,
GEO_IN_KA_251867_W27546,Bidar (Cmc) - Ward No.28,ward,GEO_IN_KA_251867,,,
GEO_IN_KA_252010_W1889258,Arsikere (TMC) - Ward No 30,ward,GEO_IN_KA_252010,,,
GEO_IN_KA_276578_W2182432,Ward-16,ward,GEO_IN_KA_276578,,,
GEO_IN_KA_276564_W1295982,Ward-14,ward,GEO_IN_KA_276564,,,
GEO_IN_KA_251941_W2443620,Davanagere (Cmc) - Ward No.44,ward,GEO_IN_KA_251941,,,
GEO_IN_KA_276575_W1295679,Ward No. 9,ward,GEO_IN_KA_276575,,,
GEO_IN_KA_251924_W61317,Kampli (TMC) - Ward No.19,ward,GEO_IN_KA_251924,,,
GEO_IN_KA_251869_W27598,Chitgoppa (TMC) - Ward No.18,ward,GEO_IN_KA_251869,,,
GEO_IN_KA_251869_W27597,Chitgoppa (TMC) - Ward No.17,ward,GEO_IN_KA_251869,,,
GEO_IN_KA_299318_W3287785,Ward No.11,ward,GEO_IN_KA_299318,,,
GEO_IN_KA_299328_W3046832,Ward 8,ward,GEO_IN_KA_299328,,,
GEO_IN_KA_251931_W61451,Kotturu (TP) - Ward No.17,ward,GEO_IN_KA_251931,,,
GEO_IN_KA_251937_W61494,Hiriyur (TMC) - Ward No.17,ward,GEO_IN_KA_251937,,,
GEO_IN_KA_251828_W2890332,Ward24,ward,GEO_IN_KA_251828,,,
GEO_IN_KA_251824_W25492,Belgaum (M Corp.) - Ward No.5,ward,GEO_IN_KA_251824,,,
GEO_IN_KA_251893_W28046,Hubli-Dharwad (M Corp.) - Ward No.8,ward,GEO_IN_KA_251893,,,
GEO_IN_KA_251981_W2443615,Bagepalli (TP) - Ward No.21,ward,GEO_IN_KA_251981,,,
GEO_IN_KA_252005_W65552,Mandya (Cmc) - Ward No.3,ward,GEO_IN_KA_252005,,,
GEO_IN_KA_251932_W30857,Molakalmuru (TP) - Ward No.3,ward,GEO_IN_KA_251932,,,
GEO_IN_KA_251849_W63467,Afzalpur (TP) - Ward No.4,ward,GEO_IN_KA_251849,,,
GEO_IN_KA_299417_W2867096,Ward 12,ward,GEO_IN_KA_299417,,,
GEO_IN_KA_276600_W1302707,Ward No. 35 (Yeshwanthpura),ward,GEO_IN_KA_276600,,,
GEO_IN_KA_252045_W28808,Mysore (M Corp.) - Ward No.3,ward,GEO_IN_KA_252045,,,
GEO_IN_KA_276600_W1302822,Ward No.150 (Attiguppe),ward,GEO_IN_KA_276600,,,
GEO_IN_KA_252052_W29094,Tirumakudal - Narsipur (TP) - Ward No.1,ward,GEO_IN_KA_252052,,,
GEO_IN_KA_251982_W946237,Sidlaghatta (TMC) - Ward No.27,ward,GEO_IN_KA_251982,,,
GEO_IN_KA_251971_W25385,Madhugiri (TMC) - Ward No.11,ward,GEO_IN_KA_251971,,,
GEO_IN_KA_251990_W3044492,Ward 29,ward,GEO_IN_KA_251990,,,
GEO_IN_KA_252006_W26778,Maddur (TMC) - Ward No.14,ward,GEO_IN_KA_252006,,,
GEO_IN_KA_251827_W25661,Bail Hongal (TMC) - Ward No.4,ward,GEO_IN_KA_251827,,,
GEO_IN_KA_252035_W1888850,Puttur (TMC) - Ward No.31,ward,GEO_IN_KA_252035,,,
GEO_IN_KA_276537_W1296049,Ward No. 2,ward,GEO_IN_KA_276537,,,
GEO_IN_KA_251916_W61298,Haveri (Cmc) - Ward No.27,ward,GEO_IN_KA_251916,,,
GEO_IN_KA_251859_W63517,Shorapur (TMC) - Ward No.8,ward,GEO_IN_KA_251859,,,
GEO_IN_KA_251856_W931349,Wadi (TMC) - Ward No.12,ward,GEO_IN_KA_251856,,,
GEO_IN_KA_251942_W2178656,Honnali-14,ward,GEO_IN_KA_251942,,,
GEO_IN_KA_251862_W7173,Gurmatkal (TP) - Ward No.14,ward,GEO_IN_KA_251862,,,
GEO_IN_KA_251832_W25952,Jamkhandi (TMC) - Ward No.25,ward,GEO_IN_KA_251832,,,
GEO_IN_KA_251845_W26356,Basavana Bagevadi (TP) - Ward No.1,ward,GEO_IN_KA_251845,,,
GEO_IN_KA_252050_W65858,Nanjangud (TMC) - Ward No.12,ward,GEO_IN_KA_252050,,,
GEO_IN_KA_251882_W63799,Koppal (Cmc) - Ward No.2,ward,GEO_IN_KA_251882,,,
GEO_IN_KA_248127_W27011,Kalaburagi (M Corp.) - Ward No.32,ward,GEO_IN_KA_248127,,,
GEO_IN_KA_276600_W1302737,Ward No.65 (Manorayanapalya ),ward,GEO_IN_KA_276600,,,
GEO_IN_KA_251859_W63709,Shorapur (TMC) - Ward No.23,ward,GEO_IN_KA_251859,,,
GEO_IN_KA_251955_W31774,Udupi (Cmc) - Ward No.28,ward,GEO_IN_KA_251955,,,
GEO_IN_KA_248127_W26980,Kalaburagi (M Corp.) - Ward No.1,ward,GEO_IN_KA_248127,,,
GEO_IN_KA_252039_W2140887,Kushalnagar-14,ward,GEO_IN_KA_252039,,,
GEO_IN_KA_251952_W61529,Bhadravati (Cmc) - Ward No.3,ward,GEO_IN_KA_251952,,,
GEO_IN_KA_299183_W3044531,Ward 8,ward,GEO_IN_KA_299183,,,
GEO_IN_KA_251863_W71953,Yadgir (TMC) - Ward No.28,ward,GEO_IN_KA_251863,,,
GEO_IN_KA_251874_W63782,Devadurga (TP) - Ward No.7,ward,GEO_IN_KA_251874,,,
GEO_IN_KA_251820_W25471,Hukeri (TP) - Ward No.5,ward,GEO_IN_KA_251820,,,
GEO_IN_KA_276576_W1295738,Basaveshwar Bank Back Side,ward,GEO_IN_KA_276576,,,
GEO_IN_KA_276535_W1296315,Ward-9,ward,GEO_IN_KA_276535,,,
GEO_IN_KA_251888_W27988,Gadag-Betigeri (Cmc) - Ward No.25,ward,GEO_IN_KA_251888,,,
GEO_IN_KA_252039_W2910,"Kushalnagar-10(Avadhani Layout,Basappa Layout)",ward,GEO_IN_KA_252039,,,
GEO_IN_KA_251884_W27885,Nargund (TMC) - Ward No.3,ward,GEO_IN_KA_251884,,,
GEO_IN_KA_251992_W26474,Dod Ballapur (Cmc) - Ward No.4,ward,GEO_IN_KA_251992,,,
GEO_IN_KA_251913_W2442,Bankapura (TMC) - Ward No.13,ward,GEO_IN_KA_251913,,,
GEO_IN_KA_252055_W29163,Yelandur (TP) - Ward No.5,ward,GEO_IN_KA_252055,,,
GEO_IN_KA_251839_W2143603,Bagalkot (Cmc) - Ward No. 35,ward,GEO_IN_KA_251839,,,
GEO_IN_KA_276565_W1296071,Maratha Galli,ward,GEO_IN_KA_276565,,,
GEO_IN_KA_296955_W2491225,Ward-8,ward,GEO_IN_KA_296955,,,
GEO_IN_KA_252006_W26784,Maddur (TMC) - Ward No.20,ward,GEO_IN_KA_252006,,,
GEO_IN_KA_276600_W1302740,Ward No.68 (Jayachamarajendra Nagar ),ward,GEO_IN_KA_276600,,,
GEO_IN_KA_251934_W30876,Chitradurga (Cmc) - Ward No.10,ward,GEO_IN_KA_251934,,,
GEO_IN_KA_251841_W26277,Ilkal (TMC) - Ward No.9,ward,GEO_IN_KA_251841,,,
GEO_IN_KA_276600_W1302859,Ward No.187 (Sarakki),ward,GEO_IN_KA_276600,,,
GEO_IN_KA_251840_W26261,Hungund (TP) - Ward No.9,ward,GEO_IN_KA_251840,,,
GEO_IN_KA_252054_W29151,Chamarajanagar (Cmc) - Ward No.24,ward,GEO_IN_KA_252054,,,
GEO_IN_KA_251996_W65153,Magadi (TMC) - Ward No.15,ward,GEO_IN_KA_251996,,,
GEO_IN_KA_276618_W1295599,Sambanavar Oni,ward,GEO_IN_KA_276618,,,
GEO_IN_KA_251994_W65110,Devanahalli (TMC) - Ward No.9,ward,GEO_IN_KA_251994,,,
GEO_IN_KA_251964_W61597,Kadur (TMC) - Ward No.21,ward,GEO_IN_KA_251964,,,
GEO_IN_KA_252054_W29142,Chamarajanagar (Cmc) - Ward No.15,ward,GEO_IN_KA_252054,,,
GEO_IN_KA_251975_W64926,Tiptur (TMC) - Ward No.9,ward,GEO_IN_KA_251975,,,
GEO_IN_KA_252027_W65707,Ullal (TP) - Ward No.12,ward,GEO_IN_KA_252027,,,
GEO_IN_KA_251896_W28125,Annigeri (TMC) - Ward No.5,ward,GEO_IN_KA_251896,,,
GEO_IN_KA_251838_W26123,Guledgudda (TMC) - Ward No.22,ward,GEO_IN_KA_251838,,,
GEO_IN_KA_251849_W63478,Afzalpur (TP) - Ward No.15,ward,GEO_IN_KA_251849,,,
GEO_IN_KA_252009_W27748,Belur (TMC) - Ward No.2,ward,GEO_IN_KA_252009,,,
GEO_IN_KA_251879_W63797,Yelbarga (TP) - Ward No.4,ward,GEO_IN_KA_251879,,,
GEO_IN_KA_251979_W25612,Chik Ballapur (Cmc) - Ward No.17,ward,GEO_IN_KA_251979,,,
GEO_IN_KA_251862_W7176,Gurmatkal (TP) - Ward No.17,ward,GEO_IN_KA_251862,,,
GEO_IN_KA_251847_W26416,Talikota (TMC) - Ward No.18,ward,GEO_IN_KA_251847,,,
GEO_IN_KA_251914_W3257465,Savanur(TMC)-Ward No.24,ward,GEO_IN_KA_251914,,,
GEO_IN_KA_251969_W25347,Sira (TMC) - Ward No.15,ward,GEO_IN_KA_251969,,,
GEO_IN_KA_251974_W25417,Gubbi (TP) - Ward No.8,ward,GEO_IN_KA_251974,,,
GEO_IN_KA_251903_W28695,Yellapur (TP) - Ward No.8,ward,GEO_IN_KA_251903,,,
GEO_IN_KA_276524_W1293527,Ward-5,ward,GEO_IN_KA_276524,,,
GEO_IN_KA_251972_W25403,Koratagere (TP) - Ward No.6,ward,GEO_IN_KA_251972,,,
GEO_IN_KA_299416_W2890365,Ward25,ward,GEO_IN_KA_299416,,,
GEO_IN_KA_299416_W2890351,Ward 11,ward,GEO_IN_KA_299416,,,
GEO_IN_KA_251855_W27049,Shahabad (TMC) - Ward No.6,ward,GEO_IN_KA_251855,,,
GEO_IN_KA_251886_W27927,Gajendragarh (TMC) - Ward No.2,ward,GEO_IN_KA_251886,,,
GEO_IN_KA_251962_W32408,Tarikere (TP) - Ward No.8,ward,GEO_IN_KA_251962,,,
GEO_IN_KA_251978_W25579,Gauribidanur (TMC) - Ward No.7,ward,GEO_IN_KA_251978,,,
GEO_IN_KA_251971_W25392,Madhugiri (TMC) - Ward No.18,ward,GEO_IN_KA_251971,,,
GEO_IN_KA_276600_W1302706,Ward No. 34 (JP Park ),ward,GEO_IN_KA_276600,,,
GEO_IN_KA_251832_W25944,Jamkhandi (TMC) - Ward No.17,ward,GEO_IN_KA_251832,,,
GEO_IN_KA_276534_W1296336,Ward-7,ward,GEO_IN_KA_276534,,,
GEO_IN_KA_276557_W2179692,Ward-15,ward,GEO_IN_KA_276557,,,
GEO_IN_KA_276464_W1295900,Ward No. 9,ward,GEO_IN_KA_276464,,,
GEO_IN_KA_251995_W26527,Hosakote (TMC) - Ward No.2,ward,GEO_IN_KA_251995,,,
GEO_IN_KA_251884_W27903,Nargund (TMC) - Ward No.21,ward,GEO_IN_KA_251884,,,
GEO_IN_KA_251849_W63475,Afzalpur (TP) - Ward No.12,ward,GEO_IN_KA_251849,,,
GEO_IN_KA_276560_W1296390,Malmuttera Doddi,ward,GEO_IN_KA_276560,,,
GEO_IN_KA_299417_W2867097,Ward 13,ward,GEO_IN_KA_299417,,,
GEO_IN_KA_276611_W2179630,Ward-14,ward,GEO_IN_KA_276611,,,
GEO_IN_KA_251930_W30839,Kudligi (TP) - Ward No.3,ward,GEO_IN_KA_251930,,,
GEO_IN_KA_251855_W27354,Shahabad (TMC) - Ward No.27,ward,GEO_IN_KA_251855,,,
GEO_IN_KA_252027_W65704,Ullal (TP) - Ward No.9,ward,GEO_IN_KA_252027,,,
GEO_IN_KA_276535_W1296319,Ward-13,ward,GEO_IN_KA_276535,,,
GEO_IN_KA_276542_W1295814,Nayakanahatty-8,ward,GEO_IN_KA_276542,,,
GEO_IN_KA_299321_W3046849,Ward 5,ward,GEO_IN_KA_299321,,,
GEO_IN_KA_252045_W28867,Mysore (M Corp.) - Ward No.62,ward,GEO_IN_KA_252045,,,
GEO_IN_KA_251848_W26979,Aland (TMC) - Ward No.23,ward,GEO_IN_KA_251848,,,
GEO_IN_KA_301790_W3287803,Ward No.6,ward,GEO_IN_KA_301790,,,
GEO_IN_KA_252053_W29113,Gundlupet (TMC) - Ward No.9,ward,GEO_IN_KA_252053,,,
GEO_IN_KA_276600_W1302821,Ward No.149 (Gali Anjaneya Temple Ward ),ward,GEO_IN_KA_276600,,,
GEO_IN_KA_276600_W1303150,Ward No.12 (Dodda Bommasandra),ward,GEO_IN_KA_276600,,,
GEO_IN_KA_276559_W1296164,Balaji Nagar,ward,GEO_IN_KA_276559,,,
GEO_IN_KA_252056_W29194,Kollegal (Cmc) - Ward No.13,ward,GEO_IN_KA_252056,,,
GEO_IN_KA_253132_W29078,Saragur (TP) - Ward No.6,ward,GEO_IN_KA_253132,,,
GEO_IN_KA_252010_W27784,Arsikere (TMC) - Ward No.21,ward,GEO_IN_KA_252010,,,
GEO_IN_KA_251865_W63754,Bhalki (TMC) - Ward No.16,ward,GEO_IN_KA_251865,,,
GEO_IN_KA_252027_W65703,Ullal (TP) - Ward No.8,ward,GEO_IN_KA_252027,,,
GEO_IN_KA_251918_W30066,Hirekerur (TP) - Ward No.3,ward,GEO_IN_KA_251918,,,
GEO_IN_KA_251893_W28074,Hubli-Dharwad (M Corp.) - Ward No.36,ward,GEO_IN_KA_251893,,,
GEO_IN_KA_276535_W1296310,Ward-4,ward,GEO_IN_KA_276535,,,
GEO_IN_KA_251955_W31747,Udupi (Cmc) - Ward No.1,ward,GEO_IN_KA_251955,,,
GEO_IN_KA_251824_W25508,Belgaum (M Corp.) - Ward No.21,ward,GEO_IN_KA_251824,,,
GEO_IN_KA_251814_W24713,Raybag (TP) - Ward No.7,ward,GEO_IN_KA_251814,,,
GEO_IN_KA_251811_W24487,Chikodi (TMC) - Ward No.23,ward,GEO_IN_KA_251811,,,
GEO_IN_KA_252039_W3381,"Kushal Nagar-4(Main Road Of Dandinapete, Left Wing Of Aiyappaswamy Temple Road)",ward,GEO_IN_KA_252039,,,
GEO_IN_KA_251927_W30813,Bellary (Cmc) - Ward No.12,ward,GEO_IN_KA_251927,,,
GEO_IN_KA_299328_W3046841,Ward 17,ward,GEO_IN_KA_299328,,,
GEO_IN_KA_251841_W26281,Ilkal (TMC) - Ward No.13,ward,GEO_IN_KA_251841,,,
GEO_IN_KA_252002_W1891667,Nagamangala (TP) - Ward No.21,ward,GEO_IN_KA_252002,,,
GEO_IN_KA_251908_W29971,Siddapur (TP) - Ward No.10,ward,GEO_IN_KA_251908,,,
GEO_IN_KA_251955_W31748,Udupi (Cmc) - Ward No.2,ward,GEO_IN_KA_251955,,,
GEO_IN_KA_251819_W25453,Sankeshwar (TMC) - Ward No.10,ward,GEO_IN_KA_251819,,,
GEO_IN_KA_276540_W1296121,Main Bazar,ward,GEO_IN_KA_276540,,,
GEO_IN_KA_252003_W26739,Pandavapura (TP) - Ward No.15,ward,GEO_IN_KA_252003,,,
GEO_IN_KA_251873_W1921535,Ward-8,ward,GEO_IN_KA_251873,,,
GEO_IN_KA_252029_W3068747,ward No.7,ward,GEO_IN_KA_252029,,,
GEO_IN_KA_251980_W64949,Gudibanda (TP) - Ward No.5,ward,GEO_IN_KA_251980,,,
GEO_IN_KA_251909_W29988,Honavar (TP) - Ward No.14,ward,GEO_IN_KA_251909,,,
GEO_IN_KA_251916_W61284,Haveri (Cmc) - Ward No.13,ward,GEO_IN_KA_251916,,,
GEO_IN_KA_251818_W24775,Gokak (Cmc) - Ward No.17,ward,GEO_IN_KA_251818,,,
GEO_IN_KA_252021_W28239,Mangalore (M Corp.) - Ward No.28,ward,GEO_IN_KA_252021,,,
GEO_IN_KA_251845_W26357,Basavana Bagevadi (TP) - Ward No.2,ward,GEO_IN_KA_251845,,,
GEO_IN_KA_276611_W2179621,Ward-5,ward,GEO_IN_KA_276611,,,
GEO_IN_KA_299180_W3044577,Ward 16,ward,GEO_IN_KA_299180,,,
GEO_IN_KA_253189_W2443566,Bangalore (M Corp.) - Ward No.26,ward,GEO_IN_KA_253189,,,
GEO_IN_KA_251962_W31818,Tarikere (TP) - Ward No.2,ward,GEO_IN_KA_251962,,,
GEO_IN_KA_276601_W1296294,Ward-6,ward,GEO_IN_KA_276601,,,
GEO_IN_KA_251891_W28003,Lakshmeshwar (TMC) - Ward No.5,ward,GEO_IN_KA_251891,,,
GEO_IN_KA_276605_W1296249,Ward-17,ward,GEO_IN_KA_276605,,,
GEO_IN_KA_251877_W27712,Manvi (TMC) - Ward No.22,ward,GEO_IN_KA_251877,,,
GEO_IN_KA_251863_W63734,Yadgir (TMC) - Ward No.23,ward,GEO_IN_KA_251863,,,
GEO_IN_KA_276483_W1295715,Ward No. 5,ward,GEO_IN_KA_276483,,,
GEO_IN_KA_251970_W25359,Pavagada (TP) - Ward No.4,ward,GEO_IN_KA_251970,,,
GEO_IN_KA_251828_W25698,Saundatti-Yellamma (TMC) - Ward No.18,ward,GEO_IN_KA_251828,,,
GEO_IN_KA_251900_W28681,Karwar (Cmc) - Ward No.26,ward,GEO_IN_KA_251900,,,
GEO_IN_KA_251985_W64972,Kolar (Cmc) - Ward No.17,ward,GEO_IN_KA_251985,,,
GEO_IN_KA_251815_W24723,Mudalgi (TMC) - Ward No.4,ward,GEO_IN_KA_251815,,,
GEO_IN_KA_252003_W26730,Pandavapura (TP) - Ward No.6,ward,GEO_IN_KA_252003,,,
GEO_IN_KA_251904_W61028,Mundgod (TP) - Ward No.10,ward,GEO_IN_KA_251904,,,
GEO_IN_KA_252006_W26770,Maddur (TMC) - Ward No.6,ward,GEO_IN_KA_252006,,,
GEO_IN_KA_252043_W65839,Hunsur (TMC) - Ward No.18,ward,GEO_IN_KA_252043,,,
GEO_IN_KA_251864_W27400,Basavakalyan (TMC) - Ward No.6,ward,GEO_IN_KA_251864,,,
GEO_IN_KA_251827_W25671,Bail Hongal (TMC) - Ward No.14,ward,GEO_IN_KA_251827,,,
GEO_IN_KA_251887_W27963,Naregal (TP) - Ward No.15,ward,GEO_IN_KA_251887,,,
GEO_IN_KA_251981_W2443616,Bagepalli (TP) - Ward No.22,ward,GEO_IN_KA_251981,,,
GEO_IN_KA_252056_W29170,Kollegal (Cmc) - Ward No.1,ward,GEO_IN_KA_252056,,,
GEO_IN_KA_251877_W27708,Manvi (TMC) - Ward No.18,ward,GEO_IN_KA_251877,,,
GEO_IN_KA_252054_W29132,Chamarajanagar (Cmc) - Ward No.5,ward,GEO_IN_KA_252054,,,
GEO_IN_KA_253189_W25988,Bangalore (M Corp.) - Ward No.17,ward,GEO_IN_KA_253189,,,
GEO_IN_KA_276563_W1295966,Angadi Tota,ward,GEO_IN_KA_276563,,,
GEO_IN_KA_297129_W2805077,Ward 5,ward,GEO_IN_KA_297129,,,
GEO_IN_KA_251979_W25609,Chik Ballapur (Cmc) - Ward No.14,ward,GEO_IN_KA_251979,,,
GEO_IN_KA_251899_W28652,Dandeli (Cmc) - Ward No.28,ward,GEO_IN_KA_251899,,,
GEO_IN_KA_251841_W1723822,IIkal (TMC) - Ward No.28,ward,GEO_IN_KA_251841,,,
GEO_IN_KA_253189_W25975,Bangalore (M Corp.) - Ward No.4,ward,GEO_IN_KA_253189,,,
GEO_IN_KA_276578_W2182434,Ward-18,ward,GEO_IN_KA_276578,,,
GEO_IN_KA_251833_W26057,Rabkavi-Banhatti (Cmc) - Ward No.20,ward,GEO_IN_KA_251833,,,
GEO_IN_KA_251885_W27909,Ron (TP) - Ward No.4,ward,GEO_IN_KA_251885,,,
GEO_IN_KA_251811_W24486,Chikodi (TMC) - Ward No.22,ward,GEO_IN_KA_251811,,,
GEO_IN_KA_251831_W25908,Terdal (TP) - Ward No.1,ward,GEO_IN_KA_251831,,,
GEO_IN_KA_276463_W1295937,23-Sree Anjaneya Ward,ward,GEO_IN_KA_276463,,,
GEO_IN_KA_251852_W63506,Sedam (TMC) - Ward No.23,ward,GEO_IN_KA_251852,,,
GEO_IN_KA_251971_W25393,Madhugiri (TMC) - Ward No.19,ward,GEO_IN_KA_251971,,,
GEO_IN_KA_251990_W26454,Nelamangala (TP) - Ward No.3,ward,GEO_IN_KA_251990,,,
GEO_IN_KA_251913_W2438,Bankapura (TMC) - Ward No.9,ward,GEO_IN_KA_251913,,,
GEO_IN_KA_251874_W1921622,Devadurga (TP) - Ward No.23,ward,GEO_IN_KA_251874,,,
GEO_IN_KA_276563_W1295950,Janatha Plat,ward,GEO_IN_KA_276563,,,
GEO_IN_KA_251865_W63753,Bhalki (TMC) - Ward No.15,ward,GEO_IN_KA_251865,,,
GEO_IN_KA_276600_W1302773,Ward No.101 (Dodda Nekkundi ),ward,GEO_IN_KA_276600,,,
GEO_IN_KA_276544_W1296205,Avati Oni,ward,GEO_IN_KA_276544,,,
GEO_IN_KA_251827_W25668,Bail Hongal (TMC) - Ward No.11,ward,GEO_IN_KA_251827,,,
GEO_IN_KA_253188_W3046913,Ward 5,ward,GEO_IN_KA_253188,,,
GEO_IN_KA_252056_W29172,Kollegal (Cmc) - Ward No.2,ward,GEO_IN_KA_252056,,,
GEO_IN_KA_248127_W26990,Kalaburagi (M Corp.) - Ward No.11,ward,GEO_IN_KA_248127,,,
GEO_IN_KA_251831_W25922,Terdal (TP) - Ward No.15,ward,GEO_IN_KA_251831,,,
GEO_IN_KA_251909_W29983,Honavar (TP) - Ward No.9,ward,GEO_IN_KA_251909,,,
GEO_IN_KA_251975_W64944,Tiptur (TMC) - Ward No.27,ward,GEO_IN_KA_251975,,,
GEO_IN_KA_276597_W1294043,Ward-8,ward,GEO_IN_KA_276597,,,
GEO_IN_KA_252012_W65615,Hassan (Cmc) - Ward No.8,ward,GEO_IN_KA_252012,,,
GEO_IN_KA_251922_W30447,Hospet (Cmc) - Ward No.27,ward,GEO_IN_KA_251922,,,
GEO_IN_KA_251914_W61251,Savanur (TMC) - Ward No.3,ward,GEO_IN_KA_251914,,,
GEO_IN_KA_253186_W65146,Ramanagara- Ward No.11,ward,GEO_IN_KA_253186,,,
GEO_IN_KA_251877_W2443646,Manvi (TMC) - Ward No.25,ward,GEO_IN_KA_251877,,,
GEO_IN_KA_276576_W1295734,Basaveshwar Nagar,ward,GEO_IN_KA_276576,,,
GEO_IN_KA_301081_W3068475,Ward 8,ward,GEO_IN_KA_301081,,,
GEO_IN_KA_251904_W2146655,Mundgod (TP) - Ward No.16,ward,GEO_IN_KA_251904,,,
GEO_IN_KA_251964_W61585,Kadur (TMC) - Ward No.9,ward,GEO_IN_KA_251964,,,
GEO_IN_KA_253130_W29195,Kollegal (Cmc) - Ward No.13,ward,GEO_IN_KA_253130,,,
GEO_IN_KA_276574_W1295467,Pagadar Oni,ward,GEO_IN_KA_276574,,,
GEO_IN_KA_276532_W1295861,Ward-10,ward,GEO_IN_KA_276532,,,
GEO_IN_KA_252007_W65603,Malavalli (TMC) - Ward No.19,ward,GEO_IN_KA_252007,,,
GEO_IN_KA_276526_W1293472,Ward No.1,ward,GEO_IN_KA_276526,,,
GEO_IN_KA_251880_W923374,Kushtagi (TMC) - Ward No.16,ward,GEO_IN_KA_251880,,,
GEO_IN_KA_276600_W1302849,Ward No.177 (Lakkasandra),ward,GEO_IN_KA_276600,,,
GEO_IN_KA_251906_W29952,Ankola (TP) - Ward No.10,ward,GEO_IN_KA_251906,,,
GEO_IN_KA_276539_W1296103,Ward 10- Kote Ward,ward,GEO_IN_KA_276539,,,
GEO_IN_KA_252010_W27770,Arsikere (TMC) - Ward No.7,ward,GEO_IN_KA_252010,,,
GEO_IN_KA_251937_W61480,Hiriyur (TMC) - Ward No.3,ward,GEO_IN_KA_251937,,,
GEO_IN_KA_252002_W26714,Nagamangala (TP) - Ward No.5,ward,GEO_IN_KA_252002,,,
GEO_IN_KA_301080_W3287824,Ward No.5,ward,GEO_IN_KA_301080,,,
GEO_IN_KA_251977_W25436,Kunigal (TMC) - Ward No.1,ward,GEO_IN_KA_251977,,,
GEO_IN_KA_251844_W63456,Sindgi (TMC) - Ward No.16,ward,GEO_IN_KA_251844,,,
GEO_IN_KA_251893_W28101,Hubli-Dharwad (M Corp.) - Ward No.63,ward,GEO_IN_KA_251893,,,
GEO_IN_KA_299416_W2890343,Ward 3,ward,GEO_IN_KA_299416,,,
GEO_IN_KA_251916_W61272,Haveri (Cmc) - Ward No.1,ward,GEO_IN_KA_251916,,,
GEO_IN_KA_251905_W28713,Sirsi (Cmc) - Ward No.11,ward,GEO_IN_KA_251905,,,
GEO_IN_KA_251988_W25822,Robertson Pet (Cmc) - Ward No.4,ward,GEO_IN_KA_251988,,,
GEO_IN_KA_276600_W3290563,Ward No.223(Mangammanapalya),ward,GEO_IN_KA_276600,,,
GEO_IN_KA_276600_W1302846,Ward No.174 (Koramangala),ward,GEO_IN_KA_276600,,,
GEO_IN_KA_251829_W25893,Ramdurg (TMC) - Ward No.11,ward,GEO_IN_KA_251829,,,
GEO_IN_KA_251996_W65131,Magadi (TMC) - Ward No.4,ward,GEO_IN_KA_251996,,,
GEO_IN_KA_252021_W28226,Mangalore (M Corp.) - Ward No.15,ward,GEO_IN_KA_252021,,,
GEO_IN_KA_299320_W3044608,Ward 12,ward,GEO_IN_KA_299320,,,
GEO_IN_KA_299329_W3287836,Ward No.5,ward,GEO_IN_KA_299329,,,
GEO_IN_KA_251954_W1922539,Saligram (TMC) - Ward No.9,ward,GEO_IN_KA_251954,,,
GEO_IN_KA_251879_W72034,Yelbarga(TP)- Ward No.7,ward,GEO_IN_KA_251879,,,
GEO_IN_KA_301061_W3068515,Ward 14,ward,GEO_IN_KA_301061,,,
GEO_IN_KA_251855_W27053,Shahabad (TMC) - Ward No.10,ward,GEO_IN_KA_251855,,,
GEO_IN_KA_251925_W30492,Siruguppa (TP) - Ward No.18,ward,GEO_IN_KA_251925,,,
GEO_IN_KA_251841_W26286,Ilkal (TMC) - Ward No.18,ward,GEO_IN_KA_251841,,,
GEO_IN_KA_251983_W25752,Chintamani (Cmc) - Ward No.5,ward,GEO_IN_KA_251983,,,
GEO_IN_KA_251979_W25618,Chik Ballapur (Cmc) - Ward No.23,ward,GEO_IN_KA_251979,,,
GEO_IN_KA_251919_W30103,Ranibennur (Cmc) - Ward No.26,ward,GEO_IN_KA_251919,,,
GEO_IN_KA_251907_W61046,Kumta (TMC) - Ward No.14,ward,GEO_IN_KA_251907,,,
GEO_IN_KA_276605_W1296237,Ward-5,ward,GEO_IN_KA_276605,,,
GEO_IN_KA_276600_W1302736,Ward No.64 (Vishwanath Nagenahalli ),ward,GEO_IN_KA_276600,,,
GEO_IN_KA_251903_W1922651,Yellapur (TP) - Ward No.18,ward,GEO_IN_KA_251903,,,
GEO_IN_KA_251917_W30059,Byadgi (TMC) - Ward No.19,ward,GEO_IN_KA_251917,,,
GEO_IN_KA_276576_W1295731,Indraveni Nagar,ward,GEO_IN_KA_276576,,,
GEO_IN_KA_301054_W3068535,Ward 1,ward,GEO_IN_KA_301054,,,
GEO_IN_KA_252021_W28234,Mangalore (M Corp.) - Ward No.23,ward,GEO_IN_KA_252021,,,
GEO_IN_KA_251881_W27871,Gangawati (Cmc) - Ward No.22,ward,GEO_IN_KA_251881,,,
GEO_IN_KA_251816_W24754,Konnur (TP) - Ward No.12,ward,GEO_IN_KA_251816,,,
GEO_IN_KA_252049_W2595,Heggadadevankote (TP) - Ward No.13,ward,GEO_IN_KA_252049,,,
GEO_IN_KA_251938_W31147,Harihar (Cmc) - Ward No.20,ward,GEO_IN_KA_251938,,,
GEO_IN_KA_299327_W3304236,ward No.8,ward,GEO_IN_KA_299327,,,
GEO_IN_KA_251918_W1889349,Hirekerur (TP) - Ward No.19,ward,GEO_IN_KA_251918,,,
GEO_IN_KA_251907_W61034,Kumta (TMC) - Ward No.2,ward,GEO_IN_KA_251907,,,
GEO_IN_KA_252017_W28207,Mulki (TP) - Ward No.12,ward,GEO_IN_KA_252017,,,
GEO_IN_KA_276521_W1293467,Ward-14,ward,GEO_IN_KA_276521,,,
GEO_IN_KA_251838_W26109,Guledgudda (TMC) - Ward No.8,ward,GEO_IN_KA_251838,,,
GEO_IN_KA_251917_W30050,Byadgi (TMC) - Ward No.10,ward,GEO_IN_KA_251917,,,
GEO_IN_KA_251888_W27977,Gadag-Betigeri (Cmc) - Ward No.14,ward,GEO_IN_KA_251888,,,
GEO_IN_KA_251879_W63794,Yelbarga (TP) - Ward No.1,ward,GEO_IN_KA_251879,,,
GEO_IN_KA_251994_W65121,Devanahalli (TMC) - Ward No.20,ward,GEO_IN_KA_251994,,,
GEO_IN_KA_251868_W27562,Homnabad (TMC) - Ward No.7,ward,GEO_IN_KA_251868,,,
GEO_IN_KA_251893_W2890368,Ward68,ward,GEO_IN_KA_251893,,,
GEO_IN_KA_252051_W71056,Bannur (TMC) - Ward No.23,ward,GEO_IN_KA_252051,,,
GEO_IN_KA_251893_W28069,Hubli-Dharwad (M Corp.) - Ward No.31,ward,GEO_IN_KA_251893,,,
GEO_IN_KA_296978_W2440177,Kalagi-04,ward,GEO_IN_KA_296978,,,
GEO_IN_KA_296976_W2440173,Ward-16,ward,GEO_IN_KA_296976,,,
GEO_IN_KA_299329_W3287845,Ward No.14,ward,GEO_IN_KA_299329,,,
GEO_IN_KA_301081_W3068484,Ward 17,ward,GEO_IN_KA_301081,,,
GEO_IN_KA_251915_W30028,Hangal (TMC) - Ward No.11,ward,GEO_IN_KA_251915,,,
GEO_IN_KA_296976_W2440166,Ward-9,ward,GEO_IN_KA_296976,,,
GEO_IN_KA_251880_W27841,Kushtagi (TMC) - Ward No.7,ward,GEO_IN_KA_251880,,,
GEO_IN_KA_251959_W61571,Sringeri (TP) - Ward No.1,ward,GEO_IN_KA_251959,,,
GEO_IN_KA_251824_W25521,Belgaum (M Corp.) - Ward No.34,ward,GEO_IN_KA_251824,,,
GEO_IN_KA_276542_W1295810,Nayakanahatty-4,ward,GEO_IN_KA_276542,,,
GEO_IN_KA_299318_W3287793,Ward No.19,ward,GEO_IN_KA_299318,,,
GEO_IN_KA_251978_W25588,Gauribidanur (TMC) - Ward No.16,ward,GEO_IN_KA_251978,,,
GEO_IN_KA_251811_W24477,Chikodi (TMC) - Ward No.13,ward,GEO_IN_KA_251811,,,
GEO_IN_KA_276565_W1296073,G Quater North Side,ward,GEO_IN_KA_276565,,,
GEO_IN_KA_251958_W1922634,Karkal (TMC) - Ward No.9,ward,GEO_IN_KA_251958,,,
GEO_IN_KA_251918_W30076,Hirekerur (TP) - Ward No.13,ward,GEO_IN_KA_251918,,,
GEO_IN_KA_251865_W63748,Bhalki (TMC) - Ward No.10,ward,GEO_IN_KA_251865,,,
GEO_IN_KA_252043_W65830,Hunsur (TMC) - Ward No.9,ward,GEO_IN_KA_252043,,,
GEO_IN_KA_251840_W1723944,Hungund (TP) - Ward No.17,ward,GEO_IN_KA_251840,,,
GEO_IN_KA_276519_W1293446,Ward-16,ward,GEO_IN_KA_276519,,,
GEO_IN_KA_251914_W61250,Savanur (TMC) - Ward No.2,ward,GEO_IN_KA_251914,,,
GEO_IN_KA_251922_W30452,Hospet (Cmc) - Ward No.32,ward,GEO_IN_KA_251922,,,
GEO_IN_KA_299180_W3044576,Ward 15,ward,GEO_IN_KA_299180,,,
GEO_IN_KA_251941_W31205,Davanagere (Cmc) - Ward No.24,ward,GEO_IN_KA_251941,,,
GEO_IN_KA_252034_W28403,Beltangadi (TP) - Ward No.10,ward,GEO_IN_KA_252034,,,
GEO_IN_KA_251895_W60997,Navalgund (TMC) - Ward No.19,ward,GEO_IN_KA_251895,,,
GEO_IN_KA_277668_W3046749,Ward 6,ward,GEO_IN_KA_277668,,,
GEO_IN_KA_252003_W26728,Pandavapura (TP) - Ward No.4,ward,GEO_IN_KA_252003,,,
GEO_IN_KA_253132_W28883,Saragur (TP) - Ward No.4,ward,GEO_IN_KA_253132,,,
GEO_IN_KA_251869_W27588,Chitgoppa (TMC) - Ward No.8,ward,GEO_IN_KA_251869,,,
GEO_IN_KA_251863_W63731,Yadgir (TMC) - Ward No.20,ward,GEO_IN_KA_251863,,,
GEO_IN_KA_251877_W27698,Manvi (TMC) - Ward No.8,ward,GEO_IN_KA_251877,,,
GEO_IN_KA_276600_W1302743,Ward No.71(Muneshwara Nagar ),ward,GEO_IN_KA_276600,,,
GEO_IN_KA_276541_W1296194,Ward-12,ward,GEO_IN_KA_276541,,,
GEO_IN_KA_251927_W30804,Bellary (Cmc) - Ward No.3,ward,GEO_IN_KA_251927,,,
GEO_IN_KA_276534_W1296347,Ward-18,ward,GEO_IN_KA_276534,,,
GEO_IN_KA_296954_W2890386,Ward 4,ward,GEO_IN_KA_296954,,,
GEO_IN_KA_301790_W3287798,Ward No.1,ward,GEO_IN_KA_301790,,,
GEO_IN_KA_301790_W3287816,Ward No.19,ward,GEO_IN_KA_301790,,,
GEO_IN_KA_252015_W65649,Hole Narsipur (TMC) - Ward No.2,ward,GEO_IN_KA_252015,,,
GEO_IN_KA_252002_W1891668,Nagamangala (TP) - Ward No.22,ward,GEO_IN_KA_252002,,,
GEO_IN_KA_252051_W65879,Bannur (TMC) - Ward No.6,ward,GEO_IN_KA_252051,,,
GEO_IN_KA_251881_W27865,Gangawati (Cmc) - Ward No.16,ward,GEO_IN_KA_251881,,,
GEO_IN_KA_276534_W1296345,Ward-16,ward,GEO_IN_KA_276534,,,
GEO_IN_KA_251953_W61563,Kundapura (TMC) - Ward No.2,ward,GEO_IN_KA_251953,,,
GEO_IN_KA_251976_W1922036,Turuvekere (TP) - Ward No.14,ward,GEO_IN_KA_251976,,,
GEO_IN_KA_252012_W65618,Hassan (Cmc) - Ward No.11,ward,GEO_IN_KA_252012,,,
GEO_IN_KA_251972_W25399,Koratagere (TP) - Ward No.2,ward,GEO_IN_KA_251972,,,
GEO_IN_KA_251974_W25421,Gubbi (TP) - Ward No.12,ward,GEO_IN_KA_251974,,,
GEO_IN_KA_299327_W3304235,ward No.7,ward,GEO_IN_KA_299327,,,
GEO_IN_KA_276558_W1296176,Water Tank,ward,GEO_IN_KA_276558,,,
GEO_IN_KA_276605_W1296242,Ward-10,ward,GEO_IN_KA_276605,,,
GEO_IN_KA_251941_W31183,Davanagere (Cmc) - Ward No.2,ward,GEO_IN_KA_251941,,,
GEO_IN_KA_251947_W31278,Siralkoppa (TP) - Ward No.3,ward,GEO_IN_KA_251947,,,
GEO_IN_KA_251893_W28051,Hubli-Dharwad (M Corp.) - Ward No.13,ward,GEO_IN_KA_251893,,,
GEO_IN_KA_252056_W29176,Kollegal (Cmc) - Ward No.4,ward,GEO_IN_KA_252056,,,
GEO_IN_KA_251934_W30873,Chitradurga (Cmc) - Ward No.7,ward,GEO_IN_KA_251934,,,
GEO_IN_KA_251981_W2443614,Bagepalli (TP) - Ward No.20,ward,GEO_IN_KA_251981,,,
GEO_IN_KA_301055_W3068464,ward No.20,ward,GEO_IN_KA_301055,,,
GEO_IN_KA_253188_W3046914,Ward 6,ward,GEO_IN_KA_253188,,,
GEO_IN_KA_251835_W63223,Mudhol (TMC) - Ward No.3,ward,GEO_IN_KA_251835,,,
GEO_IN_KA_299416_W2890344,Ward 4,ward,GEO_IN_KA_299416,,,
GEO_IN_KA_276600_W3290541,Ward No.201(Katriguppe),ward,GEO_IN_KA_276600,,,
GEO_IN_KA_251810_W63189,Sadalgi (TP) - Ward No.8,ward,GEO_IN_KA_251810,,,
GEO_IN_KA_251977_W25549,Kunigal (TMC) - Ward No.12,ward,GEO_IN_KA_251977,,,
GEO_IN_KA_276564_W1295977,Ward-9,ward,GEO_IN_KA_276564,,,
GEO_IN_KA_251912_W61247,Shiggaon (TMC) - Ward No.19,ward,GEO_IN_KA_251912,,,
GEO_IN_KA_251993_W2440211,Ward-5,ward,GEO_IN_KA_251993,,,
GEO_IN_KA_252034_W28394,Beltangadi (TP) - Ward No.1,ward,GEO_IN_KA_252034,,,
GEO_IN_KA_276599_W1296275,Ward-4,ward,GEO_IN_KA_276599,,,
GEO_IN_KA_251951_W31729,Shimoga (Cmc) - Ward No.22,ward,GEO_IN_KA_251951,,,
GEO_IN_KA_251849_W1889380,Afzalpur (TP) - Ward No.23,ward,GEO_IN_KA_251849,,,
GEO_IN_KA_252056_W29190,Kollegal (Cmc) - Ward No.11,ward,GEO_IN_KA_252056,,,
GEO_IN_KA_252016_W28181,Channarayapatna (TMC) - Ward No.11,ward,GEO_IN_KA_252016,,,
GEO_IN_KA_297131_W2440206,Ward-11,ward,GEO_IN_KA_297131,,,
GEO_IN_KA_251993_W2440219,Ward-13,ward,GEO_IN_KA_251993,,,
GEO_IN_KA_251848_W26975,Aland (TMC) - Ward No.19,ward,GEO_IN_KA_251848,,,
GEO_IN_KA_251827_W923090,Bail Hongal(TMC) - Ward No 24,ward,GEO_IN_KA_251827,,,
GEO_IN_KA_251925_W30478,Siruguppa (TP) - Ward No.4,ward,GEO_IN_KA_251925,,,
GEO_IN_KA_251980_W64948,Gudibanda (TP) - Ward No.4,ward,GEO_IN_KA_251980,,,
GEO_IN_KA_251992_W26488,Dod Ballapur (Cmc) - Ward No.18,ward,GEO_IN_KA_251992,,,
GEO_IN_KA_252027_W65700,Ullal (TP) - Ward No.5,ward,GEO_IN_KA_252027,,,
GEO_IN_KA_252036_W1887215,Sulya (TP) - Ward No.16,ward,GEO_IN_KA_252036,,,
GEO_IN_KA_251933_W61469,Challakere (TMC) - Ward No.15,ward,GEO_IN_KA_251933,,,
GEO_IN_KA_276568_W1295661,Ward No.10,ward,GEO_IN_KA_276568,,,
GEO_IN_KA_251916_W61295,Haveri (Cmc) - Ward No.24,ward,GEO_IN_KA_251916,,,
GEO_IN_KA_252014_W28170,Arkalgud (TP) - Ward No.14,ward,GEO_IN_KA_252014,,,
GEO_IN_KA_251833_W25973,Rabkavi-Banhatti (Cmc) - Ward No.19,ward,GEO_IN_KA_251833,,,
GEO_IN_KA_251978_W25580,Gauribidanur (TMC) - Ward No.8,ward,GEO_IN_KA_251978,,,
GEO_IN_KA_299327_W3304241,ward No.13,ward,GEO_IN_KA_299327,,,
GEO_IN_KA_251961_W31810,Narasimharajapura (TP) - Ward No.5,ward,GEO_IN_KA_251961,,,
GEO_IN_KA_251824_W25511,Belgaum (M Corp.) - Ward No.24,ward,GEO_IN_KA_251824,,,
GEO_IN_KA_276532_W1295865,Ward-14,ward,GEO_IN_KA_276532,,,
GEO_IN_KA_252045_W28864,Mysore (M Corp.) - Ward No.59,ward,GEO_IN_KA_252045,,,
GEO_IN_KA_297129_W2805076,Ward 4,ward,GEO_IN_KA_297129,,,
GEO_IN_KA_252033_W1887178,Bantval (TP) - Ward No.25,ward,GEO_IN_KA_252033,,,
GEO_IN_KA_251909_W29975,Honavar (TP) - Ward No.1,ward,GEO_IN_KA_251909,,,
GEO_IN_KA_252012_W65633,Hassan (Cmc) - Ward No.26,ward,GEO_IN_KA_252012,,,
GEO_IN_KA_251914_W3257466,Savanur(TMC)-Ward No.25,ward,GEO_IN_KA_251914,,,
GEO_IN_KA_252045_W28831,Mysore (M Corp.) - Ward No.26,ward,GEO_IN_KA_252045,,,
GEO_IN_KA_251952_W61560,Bhadravati (Cmc) - Ward No.34,ward,GEO_IN_KA_251952,,,
GEO_IN_KA_276526_W1293485,Ward No.14,ward,GEO_IN_KA_276526,,,
GEO_IN_KA_251868_W27566,Homnabad (TMC) - Ward No.11,ward,GEO_IN_KA_251868,,,
GEO_IN_KA_296955_W2491220,Ward-3,ward,GEO_IN_KA_296955,,,
GEO_IN_KA_251876_W27683,Raichur (Cmc) - Ward No.28,ward,GEO_IN_KA_251876,,,
GEO_IN_KA_251861_W2146615,Shahpur (TMC) - Ward No.29,ward,GEO_IN_KA_251861,,,
GEO_IN_KA_252053_W29110,Gundlupet (TMC) - Ward No.6,ward,GEO_IN_KA_252053,,,
GEO_IN_KA_276516_W1296414,Pattepur,ward,GEO_IN_KA_276516,,,
GEO_IN_KA_251876_W27662,Raichur (Cmc) - Ward No.7,ward,GEO_IN_KA_251876,,,
GEO_IN_KA_251921_W30110,Hoovina Hadagalli (TP) - Ward No.1,ward,GEO_IN_KA_251921,,,
GEO_IN_KA_276575_W1295671,Ward No. 1,ward,GEO_IN_KA_276575,,,
GEO_IN_KA_251876_W27678,Raichur (Cmc) - Ward No.23,ward,GEO_IN_KA_251876,,,
GEO_IN_KA_276600_W1302755,Ward No.83 (Subbayyanapalya),ward,GEO_IN_KA_276600,,,
GEO_IN_KA_296954_W2890388,Ward 6,ward,GEO_IN_KA_296954,,,
GEO_IN_KA_251835_W63233,Mudhol (TMC) - Ward No.13,ward,GEO_IN_KA_251835,,,
GEO_IN_KA_251893_W28081,Hubli-Dharwad (M Corp.) - Ward No.43,ward,GEO_IN_KA_251893,,,
GEO_IN_KA_276534_W1296340,Ward-11,ward,GEO_IN_KA_276534,,,
GEO_IN_KA_251868_W27559,Homnabad (TMC) - Ward No.4,ward,GEO_IN_KA_251868,,,
GEO_IN_KA_251947_W31281,Siralkoppa (TP) - Ward No.6,ward,GEO_IN_KA_251947,,,
GEO_IN_KA_276600_W3290551,Ward No.211(Begur),ward,GEO_IN_KA_276600,,,
GEO_IN_KA_276529_W1295543,Ramesh Gadadannavar Vasati,ward,GEO_IN_KA_276529,,,
GEO_IN_KA_252008_W27724,Sakleshpur (TMC) - Ward No.1,ward,GEO_IN_KA_252008,,,
GEO_IN_KA_276600_W1302700,Ward No. 28 (Herohalli),ward,GEO_IN_KA_276600,,,
GEO_IN_KA_296977_W2440130,Ajjampura-07,ward,GEO_IN_KA_296977,,,
GEO_IN_KA_251927_W30810,Bellary (Cmc) - Ward No.9,ward,GEO_IN_KA_251927,,,
GEO_IN_KA_276541_W1296185,Ward-3,ward,GEO_IN_KA_276541,,,
GEO_IN_KA_251952_W61551,Bhadravati (Cmc) - Ward No.25,ward,GEO_IN_KA_251952,,,
GEO_IN_KA_248127_W27009,Kalaburagi (M Corp.) - Ward No.30,ward,GEO_IN_KA_248127,,,
GEO_IN_KA_251863_W63735,Yadgir (TMC) - Ward No.24,ward,GEO_IN_KA_251863,,,
GEO_IN_KA_251819_W25448,Sankeshwar (TMC) - Ward No.5,ward,GEO_IN_KA_251819,,,
GEO_IN_KA_253186_W65162,Ramanagara-Ward No.19,ward,GEO_IN_KA_253186,,,
GEO_IN_KA_251916_W61288,Haveri (Cmc) - Ward No.17,ward,GEO_IN_KA_251916,,,
GEO_IN_KA_276496_W1296434,Ward-17,ward,GEO_IN_KA_276496,,,
GEO_IN_KA_251924_W61314,Kampli (TMC) - Ward No.16,ward,GEO_IN_KA_251924,,,
GEO_IN_KA_253188_W3046911,Ward 3,ward,GEO_IN_KA_253188,,,
GEO_IN_KA_252014_W27803,Arkalgud (TP) - Ward No.2,ward,GEO_IN_KA_252014,,,
GEO_IN_KA_251855_W27351,Shahabad (TMC) - Ward No.24,ward,GEO_IN_KA_251855,,,
GEO_IN_KA_251841_W26293,Ilkal (TMC) - Ward No.25,ward,GEO_IN_KA_251841,,,
GEO_IN_KA_251841_W26291,Ilkal (TMC) - Ward No.23,ward,GEO_IN_KA_251841,,,
GEO_IN_KA_276568_W1295654,Ward No.3,ward,GEO_IN_KA_276568,,,
GEO_IN_KA_252040_W2140966,Virajpet-18,ward,GEO_IN_KA_252040,,,
GEO_IN_KA_251942_W31217,Honnali (TP) - Ward No.1,ward,GEO_IN_KA_251942,,,
GEO_IN_KA_251839_W26129,Bagalkot (Cmc) - Ward No.5,ward,GEO_IN_KA_251839,,,
GEO_IN_KA_252001_W26696,Krishnarajpet (TP) - Ward No.5,ward,GEO_IN_KA_252001,,,
GEO_IN_KA_276519_W1293452,Ward-22,ward,GEO_IN_KA_276519,,,
GEO_IN_KA_299417_W2867094,Ward 10,ward,GEO_IN_KA_299417,,,
GEO_IN_KA_252021_W28231,Mangalore (M Corp.) - Ward No.20,ward,GEO_IN_KA_252021,,,
GEO_IN_KA_251973_W64904,Tumkur (Cmc) - Ward No.22,ward,GEO_IN_KA_251973,,,
GEO_IN_KA_251819_W25454,Sankeshwar (TMC) - Ward No.11,ward,GEO_IN_KA_251819,,,
GEO_IN_KA_251984_W25782,Srinivaspur (TP) - Ward No.4,ward,GEO_IN_KA_251984,,,
GEO_IN_KA_251899_W28636,Dandeli (Cmc) - Ward No.12,ward,GEO_IN_KA_251899,,,
GEO_IN_KA_251888_W27965,Gadag-Betigeri (Cmc) - Ward No.2,ward,GEO_IN_KA_251888,,,
GEO_IN_KA_296975_W2179284,Madanayakanahalli-6,ward,GEO_IN_KA_296975,,,
GEO_IN_KA_276600_W3290549,Ward No.209(Gottigere),ward,GEO_IN_KA_276600,,,
GEO_IN_KA_251856_W931413,Wadi (TMC) - Ward No.22,ward,GEO_IN_KA_251856,,,
GEO_IN_KA_299318_W3287775,Ward No.1,ward,GEO_IN_KA_299318,,,
GEO_IN_KA_252054_W29131,Chamarajanagar (Cmc) - Ward No.4,ward,GEO_IN_KA_252054,,,
GEO_IN_KA_276604_W1296254,Ward-2,ward,GEO_IN_KA_276604,,,
GEO_IN_KA_251919_W30080,Ranibennur (Cmc) - Ward No.3,ward,GEO_IN_KA_251919,,,
GEO_IN_KA_251942_W2178657,Honnali-15,ward,GEO_IN_KA_251942,,,
GEO_IN_KA_276541_W1296187,Ward-5,ward,GEO_IN_KA_276541,,,
GEO_IN_KA_251818_W24770,Gokak (Cmc) - Ward No.12,ward,GEO_IN_KA_251818,,,
GEO_IN_KA_251862_W27391,Gurmatkal (TP) - Ward No.1,ward,GEO_IN_KA_251862,,,
GEO_IN_KA_251865_W63741,Bhalki (TMC) - Ward No.3,ward,GEO_IN_KA_251865,,,
GEO_IN_KA_251978_W2176855,Gauribidanur-25,ward,GEO_IN_KA_251978,,,
GEO_IN_KA_251856_W931343,Wadi (TMC) - Ward No.11,ward,GEO_IN_KA_251856,,,
GEO_IN_KA_252016_W28172,Channarayapatna (TMC) - Ward No.2,ward,GEO_IN_KA_252016,,,
GEO_IN_KA_251864_W27397,Basavakalyan (TMC) - Ward No.3,ward,GEO_IN_KA_251864,,,
GEO_IN_KA_251861_W27379,Shahpur (TMC) - Ward No.12,ward,GEO_IN_KA_251861,,,
GEO_IN_KA_301061_W3068502,Ward 1,ward,GEO_IN_KA_301061,,,
GEO_IN_KA_251828_W25685,Saundatti-Yellamma (TMC) - Ward No.5,ward,GEO_IN_KA_251828,,,
GEO_IN_KA_251900_W28680,Karwar (Cmc) - Ward No.25,ward,GEO_IN_KA_251900,,,
GEO_IN_KA_251890_W60977,Shirhatti (TP) - Ward No.14,ward,GEO_IN_KA_251890,,,
GEO_IN_KA_253186_W65156,Ramanagara- Ward No.16,ward,GEO_IN_KA_253186,,,
GEO_IN_KA_251863_W63716,Yadgir (TMC) - Ward No.5,ward,GEO_IN_KA_251863,,,
GEO_IN_KA_251958_W1922642,Karkal (TMC) - Ward No.17,ward,GEO_IN_KA_251958,,,
GEO_IN_KA_251813_W24695,Kudchi (TP) - Ward No.9,ward,GEO_IN_KA_251813,,,
GEO_IN_KA_252045_W28832,Mysore (M Corp.) - Ward No.27,ward,GEO_IN_KA_252045,,,
GEO_IN_KA_252027_W1887753,Ullal (TP) - Ward No.30,ward,GEO_IN_KA_252027,,,
GEO_IN_KA_252018_W65692,Mudbidri (TMC) - Ward No.22,ward,GEO_IN_KA_252018,,,
GEO_IN_KA_251871_W27633,Lingsugur (TP) - Ward No.15,ward,GEO_IN_KA_251871,,,
GEO_IN_KA_299319_W3287742,Ward No.14,ward,GEO_IN_KA_299319,,,
GEO_IN_KA_251876_W27686,Raichur (Cmc) - Ward No.31,ward,GEO_IN_KA_251876,,,
GEO_IN_KA_252002_W1891665,Nagamangala (TP) - Ward No.19,ward,GEO_IN_KA_252002,,,
GEO_IN_KA_251863_W63713,Yadgir (TMC) - Ward No.2,ward,GEO_IN_KA_251863,,,
GEO_IN_KA_251827_W25677,Bail Hongal (TMC) - Ward No.20,ward,GEO_IN_KA_251827,,,
GEO_IN_KA_276600_W1302843,Ward No.171 (Domlur),ward,GEO_IN_KA_276600,,,
GEO_IN_KA_251916_W61275,Haveri (Cmc) - Ward No.4,ward,GEO_IN_KA_251916,,,
GEO_IN_KA_251854_W63507,Shahabad Acc (Nac) - Ward No.1,ward,GEO_IN_KA_251854,,,
GEO_IN_KA_276602_W1923189,Belluru (TP) - Ward No.6,ward,GEO_IN_KA_276602,,,
GEO_IN_KA_251833_W26059,Rabkavi-Banhatti (Cmc) - Ward No.22,ward,GEO_IN_KA_251833,,,
GEO_IN_KA_251878_W27826,Sindhnur (TMC) - Ward No.19,ward,GEO_IN_KA_251878,,,
GEO_IN_KA_253185_W26578,Channapatna- Ward No.4,ward,GEO_IN_KA_253185,,,
GEO_IN_KA_251938_W31129,Harihar (Cmc) - Ward No.2,ward,GEO_IN_KA_251938,,,
GEO_IN_KA_252045_W28824,Mysore (M Corp.) - Ward No.19,ward,GEO_IN_KA_252045,,,
GEO_IN_KA_251839_W26132,Bagalkot (Cmc) - Ward No.8,ward,GEO_IN_KA_251839,,,
GEO_IN_KA_251884_W27892,Nargund (TMC) - Ward No.10,ward,GEO_IN_KA_251884,,,
GEO_IN_KA_276569_W1295700,Ward No.13,ward,GEO_IN_KA_276569,,,
GEO_IN_KA_251996_W65548,Magadi (TMC) - Ward No.23,ward,GEO_IN_KA_251996,,,
GEO_IN_KA_276600_W1302772,Ward No.100 (Garudachar Palya ),ward,GEO_IN_KA_276600,,,
GEO_IN_KA_297129_W2805092,Ward 20,ward,GEO_IN_KA_297129,,,
GEO_IN_KA_251937_W61496,Hiriyur (TMC) - Ward No.19,ward,GEO_IN_KA_251937,,,
GEO_IN_KA_251988_W25820,Robertson Pet (Cmc) - Ward No.2,ward,GEO_IN_KA_251988,,,
GEO_IN_KA_251917_W30053,Byadgi (TMC) - Ward No.13,ward,GEO_IN_KA_251917,,,
GEO_IN_KA_251975_W64930,Tiptur (TMC) - Ward No.13,ward,GEO_IN_KA_251975,,,
GEO_IN_KA_251839_W26147,Bagalkot (Cmc) - Ward No.23,ward,GEO_IN_KA_251839,,,
GEO_IN_KA_251903_W28693,Yellapur (TP) - Ward No.6,ward,GEO_IN_KA_251903,,,
GEO_IN_KA_276474_W1295841,Ward-8,ward,GEO_IN_KA_276474,,,
GEO_IN_KA_251846_W26381,Muddebihal (TMC) - Ward No.6,ward,GEO_IN_KA_251846,,,
GEO_IN_KA_251852_W63504,Sedam (TMC) - Ward No.21,ward,GEO_IN_KA_251852,,,
GEO_IN_KA_251884_W27890,Nargund (TMC) - Ward No.8,ward,GEO_IN_KA_251884,,,
GEO_IN_KA_251831_W1709482,Terdal (TP) - Ward No 22,ward,GEO_IN_KA_251831,,,
GEO_IN_KA_251912_W61245,Shiggaon (TMC) - Ward No.17,ward,GEO_IN_KA_251912,,,
GEO_IN_KA_251861_W27368,Shahpur (TMC) - Ward No.1,ward,GEO_IN_KA_251861,,,
GEO_IN_KA_251816_W24756,Konnur (TP) - Ward No.14,ward,GEO_IN_KA_251816,,,
GEO_IN_KA_252036_W28434,Sulya (TP) - Ward No.3,ward,GEO_IN_KA_252036,,,
GEO_IN_KA_251818_W24779,Gokak (Cmc) - Ward No.21,ward,GEO_IN_KA_251818,,,
GEO_IN_KA_251985_W1890534,Kolar (Cmc) - Ward No.32,ward,GEO_IN_KA_251985,,,
GEO_IN_KA_251846_W26382,Muddebihal (TMC) - Ward No.7,ward,GEO_IN_KA_251846,,,
GEO_IN_KA_251864_W27395,Basavakalyan (TMC) - Ward No.1,ward,GEO_IN_KA_251864,,,
GEO_IN_KA_251842_W2440247,Ward-6,ward,GEO_IN_KA_251842,,,
GEO_IN_KA_276556_W1294649,Ward-1,ward,GEO_IN_KA_276556,,,
GEO_IN_KA_251942_W31226,Honnali (TP) - Ward No.10,ward,GEO_IN_KA_251942,,,
GEO_IN_KA_251879_W1890584,Yelbarga (TP) - Ward No.12,ward,GEO_IN_KA_251879,,,
GEO_IN_KA_251871_W27634,Lingsugur (TP) - Ward No.16,ward,GEO_IN_KA_251871,,,
GEO_IN_KA_252042_W28781,Piriyapatna (TP) - Ward No.12,ward,GEO_IN_KA_252042,,,
GEO_IN_KA_276556_W2890340,Ward23,ward,GEO_IN_KA_276556,,,
GEO_IN_KA_299416_W2890364,Ward24,ward,GEO_IN_KA_299416,,,
GEO_IN_KA_299181_W3046808,Ward 2,ward,GEO_IN_KA_299181,,,
GEO_IN_KA_251893_W28099,Hubli-Dharwad (M Corp.) - Ward No.61,ward,GEO_IN_KA_251893,,,
GEO_IN_KA_276564_W1295976,Ward-8,ward,GEO_IN_KA_276564,,,
GEO_IN_KA_251877_W27707,Manvi (TMC) - Ward No.17,ward,GEO_IN_KA_251877,,,
GEO_IN_KA_252050_W65859,Nanjangud (TMC) - Ward No.13,ward,GEO_IN_KA_252050,,,
GEO_IN_KA_276544_W1296203,Ambedkar Nagar,ward,GEO_IN_KA_276544,,,
GEO_IN_KA_251965_W32463,Chikmagalur (Cmc) - Ward No.20,ward,GEO_IN_KA_251965,,,
GEO_IN_KA_251831_W25927,Terdal (TP) - Ward No.20,ward,GEO_IN_KA_251831,,,
GEO_IN_KA_251913_W2436,Bankapura (TMC) - Ward No.7,ward,GEO_IN_KA_251913,,,
GEO_IN_KA_251939_W2439964,Ward-21,ward,GEO_IN_KA_251939,,,
GEO_IN_KA_299328_W3046838,Ward 14,ward,GEO_IN_KA_299328,,,
GEO_IN_KA_251979_W25608,Chik Ballapur (Cmc) - Ward No.13,ward,GEO_IN_KA_251979,,,
GEO_IN_KA_251882_W1891311,Koppal (Cmc) - Ward No.22,ward,GEO_IN_KA_251882,,,
GEO_IN_KA_252040_W70720,Virajpet-16 (Shivakeri),ward,GEO_IN_KA_252040,,,
GEO_IN_KA_251955_W31754,Udupi (Cmc) - Ward No.8,ward,GEO_IN_KA_251955,,,
GEO_IN_KA_251811_W24484,Chikodi (TMC) - Ward No.20,ward,GEO_IN_KA_251811,,,
GEO_IN_KA_251936_W31127,Hosdurga (TP) - Ward No.18,ward,GEO_IN_KA_251936,,,
GEO_IN_KA_251896_W28143,Annigeri (TMC) - Ward No.23,ward,GEO_IN_KA_251896,,,
GEO_IN_KA_301055_W3068451,ward No.7,ward,GEO_IN_KA_301055,,,
GEO_IN_KA_251990_W3044488,Ward 25,ward,GEO_IN_KA_251990,,,
GEO_IN_KA_299416_W2890345,Ward 5,ward,GEO_IN_KA_299416,,,
GEO_IN_KA_297133_W2440142,Ward-1,ward,GEO_IN_KA_297133,,,
GEO_IN_KA_251892_W28022,Mundargi (TP) - Ward No.1,ward,GEO_IN_KA_251892,,,
GEO_IN_KA_251900_W28660,Karwar (Cmc) - Ward No.5,ward,GEO_IN_KA_251900,,,
GEO_IN_KA_276521_W1293454,Ward-1,ward,GEO_IN_KA_276521,,,
GEO_IN_KA_251925_W1864371,Siruguppa (TP) - Ward No.29,ward,GEO_IN_KA_251925,,,
GEO_IN_KA_251879_W72038,Yelbarga(TP)-Ward No.11,ward,GEO_IN_KA_251879,,,
GEO_IN_KA_251985_W1890535,Kolar (Cmc) - Ward No.33,ward,GEO_IN_KA_251985,,,
GEO_IN_KA_251930_W30846,Kudligi (TP) - Ward No.10,ward,GEO_IN_KA_251930,,,
GEO_IN_KA_252045_W28828,Mysore (M Corp.) - Ward No.23,ward,GEO_IN_KA_252045,,,
GEO_IN_KA_251952_W61550,Bhadravati (Cmc) - Ward No.24,ward,GEO_IN_KA_251952,,,
GEO_IN_KA_251947_W31283,Siralkoppa (TP) - Ward No.8,ward,GEO_IN_KA_251947,,,
GEO_IN_KA_251892_W28033,Mundargi (TP) - Ward No.12,ward,GEO_IN_KA_251892,,,
GEO_IN_KA_252052_W29104,Tirumakudal - Narsipur (TP) - Ward No.11,ward,GEO_IN_KA_252052,,,
GEO_IN_KA_251913_W2437,Bankapura (TMC) - Ward No.8,ward,GEO_IN_KA_251913,,,
GEO_IN_KA_252002_W26710,Nagamangala (TP) - Ward No.1,ward,GEO_IN_KA_252002,,,
GEO_IN_KA_251933_W61475,Challakere (TMC) - Ward No.21,ward,GEO_IN_KA_251933,,,
GEO_IN_KA_299183_W3044530,Ward 7,ward,GEO_IN_KA_299183,,,
GEO_IN_KA_276516_W1296407,Kumbar Oni,ward,GEO_IN_KA_276516,,,
GEO_IN_KA_276534_W1296330,Ward-1,ward,GEO_IN_KA_276534,,,
GEO_IN_KA_251939_W31177,Harapanahalli (TP) - Ward No.16,ward,GEO_IN_KA_251939,,,
GEO_IN_KA_252037_W28745,"Madikeri-16(Mysore Road,Chamaraj Villa Bunglow)",ward,GEO_IN_KA_252037,,,
GEO_IN_KA_251813_W24705,Kudchi (TP) - Ward No.19,ward,GEO_IN_KA_251813,,,
GEO_IN_KA_251935_W31097,Holalkere (TP) - Ward No.1,ward,GEO_IN_KA_251935,,,
GEO_IN_KA_251995_W26547,Hosakote (TMC) - Ward No.12,ward,GEO_IN_KA_251995,,,
GEO_IN_KA_251911_W29998,Bhatkal (TMC) - Ward No.6,ward,GEO_IN_KA_251911,,,
GEO_IN_KA_251908_W29966,Siddapur (TP) - Ward No.5,ward,GEO_IN_KA_251908,,,
GEO_IN_KA_251981_W25721,Bagepalli (TP) - Ward No.10,ward,GEO_IN_KA_251981,,,
GEO_IN_KA_276516_W1296396,Palkamma Gudi Area,ward,GEO_IN_KA_276516,,,
GEO_IN_KA_251819_W25452,Sankeshwar (TMC) - Ward No.9,ward,GEO_IN_KA_251819,,,
GEO_IN_KA_251912_W61248,Shiggaon (TMC) - Ward No.20,ward,GEO_IN_KA_251912,,,
GEO_IN_KA_251893_W28050,Hubli-Dharwad (M Corp.) - Ward No.12,ward,GEO_IN_KA_251893,,,
GEO_IN_KA_251833_W26058,Rabkavi-Banhatti (Cmc) - Ward No.21,ward,GEO_IN_KA_251833,,,
GEO_IN_KA_251861_W2146611,Shahpur (TMC) - Ward No.25,ward,GEO_IN_KA_251861,,,
GEO_IN_KA_276597_W1294042,Ward-7,ward,GEO_IN_KA_276597,,,
GEO_IN_KA_276516_W1296400,Nadagouda Area,ward,GEO_IN_KA_276516,,,
GEO_IN_KA_251846_W26384,Muddebihal (TMC) - Ward No.9,ward,GEO_IN_KA_251846,,,
GEO_IN_KA_276567_W1295758,Maradi Thot,ward,GEO_IN_KA_276567,,,
GEO_IN_KA_276496_W1296439,Ward-22,ward,GEO_IN_KA_276496,,,
GEO_IN_KA_276564_W1295981,Ward-13,ward,GEO_IN_KA_276564,,,
GEO_IN_KA_276560_W1296394,Jangayara Doddi,ward,GEO_IN_KA_276560,,,
GEO_IN_KA_299179_W3046799,Ward 10,ward,GEO_IN_KA_299179,,,
GEO_IN_KA_251830_W63199,Mahalingpur (TMC) - Ward No.6,ward,GEO_IN_KA_251830,,,
GEO_IN_KA_251982_W25731,Sidlaghatta (TMC) - Ward No.7,ward,GEO_IN_KA_251982,,,
GEO_IN_KA_248127_W27002,Kalaburagi (M Corp.) - Ward No.23,ward,GEO_IN_KA_248127,,,
GEO_IN_KA_276600_W3290542,Ward No.202(Uttarahalli),ward,GEO_IN_KA_276600,,,
GEO_IN_KA_276543_W1295891,Ward-17,ward,GEO_IN_KA_276543,,,
GEO_IN_KA_276583_W1295647,Ward No.13,ward,GEO_IN_KA_276583,,,
GEO_IN_KA_251869_W27581,Chitgoppa (TMC) - Ward No.1,ward,GEO_IN_KA_251869,,,
GEO_IN_KA_251846_W26383,Muddebihal (TMC) - Ward No.8,ward,GEO_IN_KA_251846,,,
GEO_IN_KA_251938_W31144,Harihar (Cmc) - Ward No.17,ward,GEO_IN_KA_251938,,,
GEO_IN_KA_251989_W25861,Mulbagal (TMC) - Ward No.2,ward,GEO_IN_KA_251989,,,
GEO_IN_KA_276516_W1296417,Kencahamma Gudi Area (Parasanahalli-3),ward,GEO_IN_KA_276516,,,
GEO_IN_KA_251838_W26108,Guledgudda (TMC) - Ward No.7,ward,GEO_IN_KA_251838,,,
GEO_IN_KA_299417_W2867088,Ward 4,ward,GEO_IN_KA_299417,,,
GEO_IN_KA_276567_W1295747,Bajarangi Nagar,ward,GEO_IN_KA_276567,,,
GEO_IN_KA_251994_W65109,Devanahalli (TMC) - Ward No.8,ward,GEO_IN_KA_251994,,,
GEO_IN_KA_251988_W25849,Robertson Pet (Cmc) - Ward No.31,ward,GEO_IN_KA_251988,,,
GEO_IN_KA_251950_W1921738,Tirthahalli (TP) - Ward No.15,ward,GEO_IN_KA_251950,,,
GEO_IN_KA_251884_W27902,Nargund (TMC) - Ward No.20,ward,GEO_IN_KA_251884,,,
GEO_IN_KA_297133_W3068772,ward No.17,ward,GEO_IN_KA_297133,,,
GEO_IN_KA_252056_W29180,Kollegal (Cmc) - Ward No.6,ward,GEO_IN_KA_252056,,,
GEO_IN_KA_251812_W24495,Athni (TMC) - Ward No.8,ward,GEO_IN_KA_251812,,,
GEO_IN_KA_252033_W28393,Bantval (TP) - Ward No.21,ward,GEO_IN_KA_252033,,,
GEO_IN_KA_251939_W31179,Harapanahalli (TP) - Ward No.18,ward,GEO_IN_KA_251939,,,
GEO_IN_KA_277668_W3046746,Ward 3,ward,GEO_IN_KA_277668,,,
GEO_IN_KA_252045_W28829,Mysore (M Corp.) - Ward No.24,ward,GEO_IN_KA_252045,,,
GEO_IN_KA_251881_W27879,Gangawati (Cmc) - Ward No.30,ward,GEO_IN_KA_251881,,,
GEO_IN_KA_252012_W65614,Hassan (Cmc) - Ward No.7,ward,GEO_IN_KA_252012,,,
GEO_IN_KA_301079_W3068521,Ward 3,ward,GEO_IN_KA_301079,,,
GEO_IN_KA_251945_W31259,Sagar (TMC) - Ward No.11,ward,GEO_IN_KA_251945,,,
GEO_IN_KA_251837_W26084,Badami (TP) - Ward No.3,ward,GEO_IN_KA_251837,,,
GEO_IN_KA_251990_W26452,Nelamangala (TP) - Ward No.1,ward,GEO_IN_KA_251990,,,
GEO_IN_KA_251831_W25909,Terdal (TP) - Ward No.2,ward,GEO_IN_KA_251831,,,
GEO_IN_KA_276568_W1295653,Ward No. 2,ward,GEO_IN_KA_276568,,,
GEO_IN_KA_251876_W27657,Raichur (Cmc) - Ward No.2,ward,GEO_IN_KA_251876,,,
GEO_IN_KA_251952_W61540,Bhadravati (Cmc) - Ward No.14,ward,GEO_IN_KA_251952,,,
GEO_IN_KA_251824_W25517,Belgaum (M Corp.) - Ward No.30,ward,GEO_IN_KA_251824,,,
GEO_IN_KA_276572_W1296223,Talageri,ward,GEO_IN_KA_276572,,,
GEO_IN_KA_296978_W2440174,Kalagi-01,ward,GEO_IN_KA_296978,,,
GEO_IN_KA_251970_W25362,Pavagada (TP) - Ward No.7,ward,GEO_IN_KA_251970,,,
GEO_IN_KA_251946_W3044510,Ward 17,ward,GEO_IN_KA_251946,,,
GEO_IN_KA_251824_W25503,Belgaum (M Corp.) - Ward No.16,ward,GEO_IN_KA_251824,,,
GEO_IN_KA_251940_W61504,Jagalur (TP) - Ward No.4,ward,GEO_IN_KA_251940,,,
GEO_IN_KA_251874_W63776,Devadurga (TP) - Ward No.1,ward,GEO_IN_KA_251874,,,
GEO_IN_KA_251824_W25515,Belgaum (M Corp.) - Ward No.28,ward,GEO_IN_KA_251824,,,
GEO_IN_KA_252017_W28198,Mulki (TP) - Ward No.3,ward,GEO_IN_KA_252017,,,
GEO_IN_KA_299321_W3046845,Ward 1,ward,GEO_IN_KA_299321,,,
GEO_IN_KA_251903_W28694,Yellapur (TP) - Ward No.7,ward,GEO_IN_KA_251903,,,
GEO_IN_KA_251810_W63184,Sadalgi (TP) - Ward No.3,ward,GEO_IN_KA_251810,,,
GEO_IN_KA_251846_W26389,Muddebihal (TMC) - Ward No.14,ward,GEO_IN_KA_251846,,,
GEO_IN_KA_251947_W31285,Siralkoppa (TP) - Ward No.10,ward,GEO_IN_KA_251947,,,
GEO_IN_KA_251900_W28685,Karwar (Cmc) - Ward No.30,ward,GEO_IN_KA_251900,,,
GEO_IN_KA_251941_W31195,Davanagere (Cmc) - Ward No.14,ward,GEO_IN_KA_251941,,,
GEO_IN_KA_251866_W63772,Aurad (TP) - Ward No.11,ward,GEO_IN_KA_251866,,,
GEO_IN_KA_251952_W61549,Bhadravati (Cmc) - Ward No.23,ward,GEO_IN_KA_251952,,,
GEO_IN_KA_251871_W27629,Lingsugur (TP) - Ward No.11,ward,GEO_IN_KA_251871,,,
GEO_IN_KA_251839_W26130,Bagalkot (Cmc) - Ward No.6,ward,GEO_IN_KA_251839,,,
GEO_IN_KA_252008_W27733,Sakleshpur (TMC) - Ward No.10,ward,GEO_IN_KA_252008,,,
GEO_IN_KA_251900_W28667,Karwar (Cmc) - Ward No.12,ward,GEO_IN_KA_251900,,,
GEO_IN_KA_276557_W2179678,Ward-1,ward,GEO_IN_KA_276557,,,
GEO_IN_KA_276540_W1296129,Ambedkar Nagara,ward,GEO_IN_KA_276540,,,
GEO_IN_KA_252040_W70721,Virajpet-15 (Chickpet),ward,GEO_IN_KA_252040,,,
GEO_IN_KA_252017_W28199,Mulki (TP) - Ward No.4,ward,GEO_IN_KA_252017,,,
GEO_IN_KA_252033_W28379,Bantval (TP) - Ward No.7,ward,GEO_IN_KA_252033,,,
GEO_IN_KA_301054_W3068548,Ward 14,ward,GEO_IN_KA_301054,,,
GEO_IN_KA_252005_W65557,Mandya (Cmc) - Ward No.8,ward,GEO_IN_KA_252005,,,
GEO_IN_KA_251893_W28079,Hubli-Dharwad (M Corp.) - Ward No.41,ward,GEO_IN_KA_251893,,,
GEO_IN_KA_297131_W2440204,Ward-9,ward,GEO_IN_KA_297131,,,
GEO_IN_KA_251897_W923396,Kalghatgi (TP) - Ward No.9,ward,GEO_IN_KA_251897,,,
GEO_IN_KA_251863_W63714,Yadgir (TMC) - Ward No.3,ward,GEO_IN_KA_251863,,,
GEO_IN_KA_251912_W61073,Shiggaon (TMC) - Ward No.15,ward,GEO_IN_KA_251912,,,
GEO_IN_KA_251959_W1885971,Sringeri (TP) - Ward No.10,ward,GEO_IN_KA_251959,,,
GEO_IN_KA_276526_W1293492,Ward No.21,ward,GEO_IN_KA_276526,,,
GEO_IN_KA_251927_W30808,Bellary (Cmc) - Ward No.7,ward,GEO_IN_KA_251927,,,
GEO_IN_KA_276529_W1295552,Goudar Oni,ward,GEO_IN_KA_276529,,,
GEO_IN_KA_276600_W3290547,Ward No.207(RBI layout ),ward,GEO_IN_KA_276600,,,
GEO_IN_KA_252029_W65716,Someshwar (CT) - Ward No.1,ward,GEO_IN_KA_252029,,,
GEO_IN_KA_251891_W28019,Lakshmeshwar (TMC) - Ward No.21,ward,GEO_IN_KA_251891,,,
GEO_IN_KA_253185_W26626,Channapatna - Ward No.28,ward,GEO_IN_KA_253185,,,
GEO_IN_KA_299169_W3044585,Ward 8,ward,GEO_IN_KA_299169,,,
GEO_IN_KA_251891_W28011,Lakshmeshwar (TMC) - Ward No.13,ward,GEO_IN_KA_251891,,,
GEO_IN_KA_276618_W1295592,Sunagar Galli,ward,GEO_IN_KA_276618,,,
GEO_IN_KA_251948_W31302,Shikarpur (TMC) - Ward No.14,ward,GEO_IN_KA_251948,,,
GEO_IN_KA_252029_W3068755,ward No.15,ward,GEO_IN_KA_252029,,,
GEO_IN_KA_251909_W29984,Honavar (TP) - Ward No.10,ward,GEO_IN_KA_251909,,,
GEO_IN_KA_251969_W2146693,Sira-29,ward,GEO_IN_KA_251969,,,
GEO_IN_KA_251979_W25596,Chik Ballapur (Cmc) - Ward No.1,ward,GEO_IN_KA_251979,,,
GEO_IN_KA_253130_W29191,Kollegal (Cmc) - Ward No.11,ward,GEO_IN_KA_253130,,,
GEO_IN_KA_252043_W71031,Hunsur (TMC) - Ward No.25,ward,GEO_IN_KA_252043,,,
GEO_IN_KA_276600_W1302794,Ward No.122 (Dattatreya Temple ),ward,GEO_IN_KA_276600,,,
GEO_IN_KA_299329_W3287839,Ward No.8,ward,GEO_IN_KA_299329,,,
GEO_IN_KA_252045_W28823,Mysore (M Corp.) - Ward No.18,ward,GEO_IN_KA_252045,,,
GEO_IN_KA_251864_W27408,Basavakalyan (TMC) - Ward No.14,ward,GEO_IN_KA_251864,,,
GEO_IN_KA_251882_W1891303,Koppal (Cmc) - Ward No.14,ward,GEO_IN_KA_251882,,,
GEO_IN_KA_299318_W3287796,Ward No.22,ward,GEO_IN_KA_299318,,,
GEO_IN_KA_276600_W1302771,Ward No.99 (Byrathi),ward,GEO_IN_KA_276600,,,
GEO_IN_KA_251894_W28113,Alnavar (TP) - Ward No.8,ward,GEO_IN_KA_251894,,,
GEO_IN_KA_251996_W65135,Magadi (TMC) - Ward No.6,ward,GEO_IN_KA_251996,,,
GEO_IN_KA_251903_W1922650,Yellapur (TP) - Ward No.17,ward,GEO_IN_KA_251903,,,
GEO_IN_KA_251852_W63484,Sedam (TMC) - Ward No.1,ward,GEO_IN_KA_251852,,,
GEO_IN_KA_251962_W32417,Tarikere (TP) - Ward No.17,ward,GEO_IN_KA_251962,,,
GEO_IN_KA_251937_W1886395,Hiriyur (TMC) - Ward No.26,ward,GEO_IN_KA_251937,,,
GEO_IN_KA_276569_W1295705,Ward No.18,ward,GEO_IN_KA_276569,,,
GEO_IN_KA_251984_W25795,Srinivaspur (TP) - Ward No.17,ward,GEO_IN_KA_251984,,,
GEO_IN_KA_251863_W63729,Yadgir (TMC) - Ward No.18,ward,GEO_IN_KA_251863,,,
GEO_IN_KA_299321_W3046852,Ward 8,ward,GEO_IN_KA_299321,,,
GEO_IN_KA_252021_W28356,Mangalore (M Corp.) - Ward No.57,ward,GEO_IN_KA_252021,,,
GEO_IN_KA_251992_W26471,Dod Ballapur (Cmc) - Ward No.1,ward,GEO_IN_KA_251992,,,
GEO_IN_KA_299320_W3044609,Ward 13,ward,GEO_IN_KA_299320,,,
GEO_IN_KA_251925_W1864369,Siruguppa (TP) - Ward No.27,ward,GEO_IN_KA_251925,,,
GEO_IN_KA_251895_W60989,Navalgund (TMC) - Ward No.11,ward,GEO_IN_KA_251895,,,
GEO_IN_KA_276564_W1295969,Ward-1,ward,GEO_IN_KA_276564,,,
GEO_IN_KA_276555_W1294268,Ward-17,ward,GEO_IN_KA_276555,,,
GEO_IN_KA_251864_W27406,Basavakalyan (TMC) - Ward No.12,ward,GEO_IN_KA_251864,,,
GEO_IN_KA_251971_W25388,Madhugiri (TMC) - Ward No.14,ward,GEO_IN_KA_251971,,,
GEO_IN_KA_251855_W27352,Shahabad (TMC) - Ward No.25,ward,GEO_IN_KA_251855,,,
GEO_IN_KA_251904_W61020,Mundgod (TP) - Ward No.2,ward,GEO_IN_KA_251904,,,
GEO_IN_KA_251893_W2890377,Ward77,ward,GEO_IN_KA_251893,,,
GEO_IN_KA_251990_W26463,Nelamangala (TP) - Ward No.12,ward,GEO_IN_KA_251990,,,
GEO_IN_KA_252027_W65709,Ullal (TP) - Ward No.14,ward,GEO_IN_KA_252027,,,
GEO_IN_KA_276611_W2179626,Ward-10,ward,GEO_IN_KA_276611,,,
GEO_IN_KA_252008_W27742,Sakleshpur (TMC) - Ward No.19,ward,GEO_IN_KA_252008,,,
GEO_IN_KA_251834_W26071,Bilgi (TP) - Ward No.3,ward,GEO_IN_KA_251834,,,
GEO_IN_KA_251952_W61537,Bhadravati (Cmc) - Ward No.11,ward,GEO_IN_KA_251952,,,
GEO_IN_KA_251936_W31111,Hosdurga (TP) - Ward No.2,ward,GEO_IN_KA_251936,,,
GEO_IN_KA_276544_W1296199,Jagadev Nagar,ward,GEO_IN_KA_276544,,,
GEO_IN_KA_252021_W28241,Mangalore (M Corp.) - Ward No.30,ward,GEO_IN_KA_252021,,,
GEO_IN_KA_251969_W25344,Sira (TMC) - Ward No.12,ward,GEO_IN_KA_251969,,,
GEO_IN_KA_251871_W27632,Lingsugur (TP) - Ward No.14,ward,GEO_IN_KA_251871,,,
GEO_IN_KA_252034_W28396,Beltangadi (TP) - Ward No.3,ward,GEO_IN_KA_252034,,,
GEO_IN_KA_253189_W25883,Bangalore (M Corp.) - Ward No.1,ward,GEO_IN_KA_253189,,,
GEO_IN_KA_276539_W1296114,Ward 21 Sharabanna Ward,ward,GEO_IN_KA_276539,,,
GEO_IN_KA_276544_W1296206,Nekar Oni,ward,GEO_IN_KA_276544,,,
GEO_IN_KA_251868_W27577,Homnabad (TMC) - Ward No.22,ward,GEO_IN_KA_251868,,,
GEO_IN_KA_276542_W1295811,Nayakanahatty-5,ward,GEO_IN_KA_276542,,,
GEO_IN_KA_252012_W65627,Hassan (Cmc) - Ward No.20,ward,GEO_IN_KA_252012,,,
GEO_IN_KA_251931_W61453,Kotturu (TP) - Ward No.19,ward,GEO_IN_KA_251931,,,
GEO_IN_KA_251881_W27864,Gangawati (Cmc) - Ward No.15,ward,GEO_IN_KA_251881,,,
GEO_IN_KA_251945_W31269,Sagar (TMC) - Ward No.21,ward,GEO_IN_KA_251945,,,
GEO_IN_KA_251900_W28679,Karwar (Cmc) - Ward No.24,ward,GEO_IN_KA_251900,,,
GEO_IN_KA_276474_W1295850,Ward-17,ward,GEO_IN_KA_276474,,,
GEO_IN_KA_299327_W3304239,ward No.11,ward,GEO_IN_KA_299327,,,
GEO_IN_KA_299318_W3287783,Ward No.9,ward,GEO_IN_KA_299318,,,
GEO_IN_KA_276599_W1296276,Ward-5,ward,GEO_IN_KA_276599,,,
GEO_IN_KA_276560_W1296373,Kelled Gadi,ward,GEO_IN_KA_276560,,,
GEO_IN_KA_301079_W3068533,Ward 15,ward,GEO_IN_KA_301079,,,
GEO_IN_KA_276535_W1296309,Ward-3,ward,GEO_IN_KA_276535,,,
GEO_IN_KA_252045_W28815,Mysore (M Corp.) - Ward No.10,ward,GEO_IN_KA_252045,,,
GEO_IN_KA_251809_W24462,Nipani (Cmc) - Ward No.29,ward,GEO_IN_KA_251809,,,
GEO_IN_KA_251881_W27875,Gangawati (Cmc) - Ward No.26,ward,GEO_IN_KA_251881,,,
GEO_IN_KA_253189_W25979,Bangalore (M Corp.) - Ward No.8,ward,GEO_IN_KA_253189,,,
GEO_IN_KA_299317_W3044548,Ward 14,ward,GEO_IN_KA_299317,,,
GEO_IN_KA_252010_W27779,Arsikere (TMC) - Ward No.16,ward,GEO_IN_KA_252010,,,
GEO_IN_KA_251912_W61063,Shiggaon (TMC) - Ward No.5,ward,GEO_IN_KA_251912,,,
GEO_IN_KA_251872_W3044616,Ward 2,ward,GEO_IN_KA_251872,,,
GEO_IN_KA_276559_W1296156,Ambedkar Colony,ward,GEO_IN_KA_276559,,,
GEO_IN_KA_251859_W1922781,Shorapur (TMC) - Ward No.30,ward,GEO_IN_KA_251859,,,
GEO_IN_KA_251934_W31093,Chitradurga (Cmc) - Ward No.33,ward,GEO_IN_KA_251934,,,
GEO_IN_KA_251889_W63817,Mulgund (TP) - Ward No.11,ward,GEO_IN_KA_251889,,,
GEO_IN_KA_251943_W2178630,Channagiri (TP) - Ward No.19,ward,GEO_IN_KA_251943,,,
GEO_IN_KA_251914_W3257467,Savanur(TMC)-Ward No.26,ward,GEO_IN_KA_251914,,,
GEO_IN_KA_276535_W1296313,Ward-7,ward,GEO_IN_KA_276535,,,
GEO_IN_KA_301054_W3068546,Ward 12,ward,GEO_IN_KA_301054,,,
GEO_IN_KA_251881_W27860,Gangawati (Cmc) - Ward No.11,ward,GEO_IN_KA_251881,,,
GEO_IN_KA_251915_W30034,Hangal (TMC) - Ward No.17,ward,GEO_IN_KA_251915,,,
GEO_IN_KA_251865_W63739,Bhalki (TMC) - Ward No.1,ward,GEO_IN_KA_251865,,,
GEO_IN_KA_251829_W25895,Ramdurg (TMC) - Ward No.13,ward,GEO_IN_KA_251829,,,
GEO_IN_KA_251911_W30005,Bhatkal (TMC) - Ward No.13,ward,GEO_IN_KA_251911,,,
GEO_IN_KA_251935_W31108,Holalkere (TP) - Ward No.12,ward,GEO_IN_KA_251935,,,
GEO_IN_KA_276600_W1302765,Ward No.93 (Devasandra),ward,GEO_IN_KA_276600,,,
GEO_IN_KA_251947_W31277,Siralkoppa (TP) - Ward No.2,ward,GEO_IN_KA_251947,,,
GEO_IN_KA_301055_W3068447,ward No.3,ward,GEO_IN_KA_301055,,,
GEO_IN_KA_251974_W25418,Gubbi (TP) - Ward No.9,ward,GEO_IN_KA_251974,,,
GEO_IN_KA_251908_W29969,Siddapur (TP) - Ward No.8,ward,GEO_IN_KA_251908,,,
GEO_IN_KA_251839_W26249,Bagalkot (Cmc) - Ward No.28,ward,GEO_IN_KA_251839,,,
GEO_IN_KA_276600_W1303148,Ward No.10 (Byatarayanapura),ward,GEO_IN_KA_276600,,,
GEO_IN_KA_251918_W30065,Hirekerur (TP) - Ward No.2,ward,GEO_IN_KA_251918,,,
GEO_IN_KA_299317_W3044549,Ward 15,ward,GEO_IN_KA_299317,,,
GEO_IN_KA_251818_W25441,Gokak (Cmc) - Ward No.29,ward,GEO_IN_KA_251818,,,
GEO_IN_KA_253132_W29088,Saragur (TP) - Ward No.11,ward,GEO_IN_KA_253132,,,
GEO_IN_KA_251819_W25466,Sankeshwar (TMC) - Ward No.23,ward,GEO_IN_KA_251819,,,
GEO_IN_KA_248127_W27034,Kalaburagi (M Corp.) - Ward No.55,ward,GEO_IN_KA_248127,,,
GEO_IN_KA_251971_W25386,Madhugiri (TMC) - Ward No.12,ward,GEO_IN_KA_251971,,,
GEO_IN_KA_253186_W65148,Ramanagara-Ward No.12,ward,GEO_IN_KA_253186,,,
GEO_IN_KA_251918_W30071,Hirekerur (TP) - Ward No.8,ward,GEO_IN_KA_251918,,,
GEO_IN_KA_252010_W27769,Arsikere (TMC) - Ward No.6,ward,GEO_IN_KA_252010,,,
GEO_IN_KA_252056_W29220,Kollegal (Cmc) - Ward No.26,ward,GEO_IN_KA_252056,,,
GEO_IN_KA_296955_W2491228,Ward-11,ward,GEO_IN_KA_296955,,,
GEO_IN_KA_251969_W2146694,Sira-30,ward,GEO_IN_KA_251969,,,
GEO_IN_KA_251867_W27427,Bidar (Cmc) - Ward No.6,ward,GEO_IN_KA_251867,,,
GEO_IN_KA_251931_W61452,Kotturu (TP) - Ward No.18,ward,GEO_IN_KA_251931,,,
GEO_IN_KA_301055_W3068466,ward No.22,ward,GEO_IN_KA_301055,,,
GEO_IN_KA_276559_W1296153,Goudar Colony,ward,GEO_IN_KA_276559,,,
GEO_IN_KA_251963_W32440,Birur (TMC) - Ward No.20,ward,GEO_IN_KA_251963,,,
GEO_IN_KA_251812_W24504,Athni (TMC) - Ward No.17,ward,GEO_IN_KA_251812,,,
GEO_IN_KA_263293_W2179718,Ward-3,ward,GEO_IN_KA_263293,,,
GEO_IN_KA_251810_W923244,Sadalgi (TP) - Ward No.20,ward,GEO_IN_KA_251810,,,
GEO_IN_KA_252027_W65710,Ullal (TP) - Ward No.15,ward,GEO_IN_KA_252027,,,
GEO_IN_KA_276474_W1295848,Ward-15,ward,GEO_IN_KA_276474,,,
GEO_IN_KA_252045_W28857,Mysore (M Corp.) - Ward No.52,ward,GEO_IN_KA_252045,,,
GEO_IN_KA_251882_W63801,Koppal (Cmc) - Ward No.4,ward,GEO_IN_KA_251882,,,
GEO_IN_KA_251939_W31172,Harapanahalli (TP) - Ward No.11,ward,GEO_IN_KA_251939,,,
GEO_IN_KA_276540_W1296125,Soudagar Colony,ward,GEO_IN_KA_276540,,,
GEO_IN_KA_276579_W1296036,Ward-5,ward,GEO_IN_KA_276579,,,
GEO_IN_KA_251992_W26493,Dod Ballapur (Cmc) - Ward No.23,ward,GEO_IN_KA_251992,,,
GEO_IN_KA_251949_W31313,Hosanagara (TP) - Ward No.2,ward,GEO_IN_KA_251949,,,
GEO_IN_KA_276557_W2179689,Ward-12,ward,GEO_IN_KA_276557,,,
GEO_IN_KA_252005_W65573,Mandya (Cmc) - Ward No.24,ward,GEO_IN_KA_252005,,,
GEO_IN_KA_253186_W65545,Ramanagara-Ward No.21,ward,GEO_IN_KA_253186,,,
GEO_IN_KA_251894_W28120,Alnavar (TP) - Ward No.15,ward,GEO_IN_KA_251894,,,
GEO_IN_KA_299179_W3046790,Ward 1,ward,GEO_IN_KA_299179,,,
GEO_IN_KA_252021_W28230,Mangalore (M Corp.) - Ward No.19,ward,GEO_IN_KA_252021,,,
GEO_IN_KA_251835_W2179114,Mudhol-26,ward,GEO_IN_KA_251835,,,
GEO_IN_KA_251838_W26119,Guledgudda (TMC) - Ward No.18,ward,GEO_IN_KA_251838,,,
GEO_IN_KA_251939_W31163,Harapanahalli (TP) - Ward No.5,ward,GEO_IN_KA_251939,,,
GEO_IN_KA_251812_W24494,Athni (TMC) - Ward No.7,ward,GEO_IN_KA_251812,,,
GEO_IN_KA_252021_W28236,Mangalore (M Corp.) - Ward No.25,ward,GEO_IN_KA_252021,,,
GEO_IN_KA_276477_W1293397,5- Burud Galli,ward,GEO_IN_KA_276477,,,
GEO_IN_KA_252027_W65714,Ullal (TP) - Ward No.19,ward,GEO_IN_KA_252027,,,
GEO_IN_KA_301054_W3068549,Ward 15,ward,GEO_IN_KA_301054,,,
GEO_IN_KA_251827_W25658,Bail Hongal (TMC) - Ward No.1,ward,GEO_IN_KA_251827,,,
GEO_IN_KA_251835_W63229,Mudhol (TMC) - Ward No.9,ward,GEO_IN_KA_251835,,,
GEO_IN_KA_299179_W3046795,Ward 6,ward,GEO_IN_KA_299179,,,
GEO_IN_KA_296955_W2491221,Ward-4,ward,GEO_IN_KA_296955,,,
GEO_IN_KA_251977_W25543,Kunigal (TMC) - Ward No.9,ward,GEO_IN_KA_251977,,,
GEO_IN_KA_252053_W29126,Gundlupet (TMC) - Ward No.22,ward,GEO_IN_KA_252053,,,
GEO_IN_KA_251894_W28115,Alnavar (TP) - Ward No.10,ward,GEO_IN_KA_251894,,,
GEO_IN_KA_251951_W31345,Shimoga (Cmc) - Ward No.9,ward,GEO_IN_KA_251951,,,
GEO_IN_KA_251937_W61500,Hiriyur (TMC) - Ward No.23,ward,GEO_IN_KA_251937,,,
GEO_IN_KA_251818_W24785,Gokak (Cmc) - Ward No.27,ward,GEO_IN_KA_251818,,,
GEO_IN_KA_252021_W28350,Mangalore (M Corp.) - Ward No.51,ward,GEO_IN_KA_252021,,,
GEO_IN_KA_251922_W30427,Hospet (Cmc) - Ward No.7,ward,GEO_IN_KA_251922,,,
GEO_IN_KA_251864_W27401,Basavakalyan (TMC) - Ward No.7,ward,GEO_IN_KA_251864,,,
GEO_IN_KA_299319_W3287731,Ward No.3,ward,GEO_IN_KA_299319,,,
GEO_IN_KA_301081_W3068487,Ward 20,ward,GEO_IN_KA_301081,,,
GEO_IN_KA_299321_W3046855,Ward 11,ward,GEO_IN_KA_299321,,,
GEO_IN_KA_251837_W1724040,Badami (TP) - Ward No. 21,ward,GEO_IN_KA_251837,,,
GEO_IN_KA_253189_W25992,Bangalore (M Corp.) - Ward No.21,ward,GEO_IN_KA_253189,,,
GEO_IN_KA_276533_W1296005,Ward No.14,ward,GEO_IN_KA_276533,,,
GEO_IN_KA_251951_W31726,Shimoga (Cmc) - Ward No.19,ward,GEO_IN_KA_251951,,,
GEO_IN_KA_251906_W29959,Tenkankeri (OG) - Ward No.17,ward,GEO_IN_KA_251906,,,
GEO_IN_KA_276569_W1295701,Ward No.14,ward,GEO_IN_KA_276569,,,
GEO_IN_KA_252017_W1888948,Mulki (TP) - Ward No.17,ward,GEO_IN_KA_252017,,,
GEO_IN_KA_251834_W26080,Bilgi (TP) - Ward No.12,ward,GEO_IN_KA_251834,,,
GEO_IN_KA_276569_W1295695,Ward No. 8,ward,GEO_IN_KA_276569,,,
GEO_IN_KA_301079_W3068530,Ward 12,ward,GEO_IN_KA_301079,,,
GEO_IN_KA_251970_W25356,Pavagada (TP) - Ward No.1,ward,GEO_IN_KA_251970,,,
GEO_IN_KA_296975_W2179285,Madanayakanahalli-7,ward,GEO_IN_KA_296975,,,
GEO_IN_KA_301079_W3068523,Ward 5,ward,GEO_IN_KA_301079,,,
GEO_IN_KA_276496_W1296440,Ward-23,ward,GEO_IN_KA_276496,,,
GEO_IN_KA_251940_W61512,Jagalur (TP) - Ward No.12,ward,GEO_IN_KA_251940,,,
GEO_IN_KA_251893_W2890370,Ward70,ward,GEO_IN_KA_251893,,,
GEO_IN_KA_251945_W31251,Sagar (TMC) - Ward No.3,ward,GEO_IN_KA_251945,,,
GEO_IN_KA_299317_W3044537,Ward 3,ward,GEO_IN_KA_299317,,,
GEO_IN_KA_252040_W65730,Virajpet-14 (Gandhi Nagar),ward,GEO_IN_KA_252040,,,
GEO_IN_KA_251847_W26421,Talikota (TMC) - Ward No.23,ward,GEO_IN_KA_251847,,,
GEO_IN_KA_296975_W2179298,Madanayakanahalli-20,ward,GEO_IN_KA_296975,,,
GEO_IN_KA_251993_W2440233,Ward-27,ward,GEO_IN_KA_251993,,,
GEO_IN_KA_276464_W1295912,Ward No.21,ward,GEO_IN_KA_276464,,,
GEO_IN_KA_251815_W24734,Mudalgi (TMC) - Ward No.15,ward,GEO_IN_KA_251815,,,
GEO_IN_KA_251942_W31220,Honnali (TP) - Ward No.4,ward,GEO_IN_KA_251942,,,
GEO_IN_KA_252018_W65683,Mudbidri (TMC) - Ward No.13,ward,GEO_IN_KA_252018,,,
GEO_IN_KA_251969_W25350,Sira (TMC) - Ward No.18,ward,GEO_IN_KA_251969,,,
GEO_IN_KA_251907_W61054,Kumta (TMC) - Ward No.22,ward,GEO_IN_KA_251907,,,
GEO_IN_KA_251899_W28649,Dandeli (Cmc) - Ward No.25,ward,GEO_IN_KA_251899,,,
GEO_IN_KA_251929_W61325,Sandur (TP) - Ward No.3,ward,GEO_IN_KA_251929,,,
GEO_IN_KA_251972_W25401,Koratagere (TP) - Ward No.4,ward,GEO_IN_KA_251972,,,
GEO_IN_KA_251811_W24473,Chikodi (TMC) - Ward No.9,ward,GEO_IN_KA_251811,,,
GEO_IN_KA_251992_W26483,Dod Ballapur (Cmc) - Ward No.13,ward,GEO_IN_KA_251992,,,
GEO_IN_KA_251885_W27913,Ron (TP) - Ward No.8,ward,GEO_IN_KA_251885,,,
GEO_IN_KA_252045_W28819,Mysore (M Corp.) - Ward No.14,ward,GEO_IN_KA_252045,,,
GEO_IN_KA_251925_W30483,Siruguppa (TP) - Ward No.9,ward,GEO_IN_KA_251925,,,
GEO_IN_KA_251881_W27881,Waddarhatti (OG) - Ward No.32,ward,GEO_IN_KA_251881,,,
GEO_IN_KA_251880_W923378,Kushtagi (TMC) - Ward No.20,ward,GEO_IN_KA_251880,,,
GEO_IN_KA_276600_W1302786,Ward No.114 (Jeevanbhima Nagar ),ward,GEO_IN_KA_276600,,,
GEO_IN_KA_276572_W1296222,Jalikodi,ward,GEO_IN_KA_276572,,,
GEO_IN_KA_276519_W1293435,Ward-5,ward,GEO_IN_KA_276519,,,
GEO_IN_KA_251978_W25589,Gauribidanur (TMC) - Ward No.17,ward,GEO_IN_KA_251978,,,
GEO_IN_KA_251876_W27673,Raichur (Cmc) - Ward No.18,ward,GEO_IN_KA_251876,,,
GEO_IN_KA_276463_W1295918,4-Sree Nagammadevi Ward,ward,GEO_IN_KA_276463,,,
GEO_IN_KA_251983_W25767,Chintamani (Cmc) - Ward No.20,ward,GEO_IN_KA_251983,,,
GEO_IN_KA_252038_W28754,Somvarpet (TP) - Ward No.2,ward,GEO_IN_KA_252038,,,
GEO_IN_KA_251824_W25514,Belgaum (M Corp.) - Ward No.27,ward,GEO_IN_KA_251824,,,
GEO_IN_KA_301080_W3287825,Ward No.6,ward,GEO_IN_KA_301080,,,
GEO_IN_KA_251888_W27972,Gadag-Betigeri (Cmc) - Ward No.9,ward,GEO_IN_KA_251888,,,
GEO_IN_KA_251832_W25933,Jamkhandi (TMC) - Ward No.6,ward,GEO_IN_KA_251832,,,
GEO_IN_KA_251976_W1922035,Turuvekere (TP) - Ward No.13,ward,GEO_IN_KA_251976,,,
GEO_IN_KA_251885_W27908,Ron (TP) - Ward No.3,ward,GEO_IN_KA_251885,,,
GEO_IN_KA_276560_W1296393,Nigapur,ward,GEO_IN_KA_276560,,,
GEO_IN_KA_251838_W26121,Guledgudda (TMC) - Ward No.20,ward,GEO_IN_KA_251838,,,
GEO_IN_KA_251931_W61436,Kotturu (TP) - Ward No.2,ward,GEO_IN_KA_251931,,,
GEO_IN_KA_251992_W26478,Dod Ballapur (Cmc) - Ward No.8,ward,GEO_IN_KA_251992,,,
GEO_IN_KA_251907_W61037,Kumta (TMC) - Ward No.5,ward,GEO_IN_KA_251907,,,
GEO_IN_KA_251986_W2443640,Malur (TMC) - Ward No.27,ward,GEO_IN_KA_251986,,,
GEO_IN_KA_251866_W1885567,Aurad (TP) - Ward No.17,ward,GEO_IN_KA_251866,,,
GEO_IN_KA_251824_W25524,Belgaum (M Corp.) - Ward No.37,ward,GEO_IN_KA_251824,,,
GEO_IN_KA_301079_W3068524,Ward 6,ward,GEO_IN_KA_301079,,,
GEO_IN_KA_251946_W3044506,Ward 13,ward,GEO_IN_KA_251946,,,
GEO_IN_KA_251918_W1889350,Hirekerur (TP) - Ward No.20,ward,GEO_IN_KA_251918,,,
GEO_IN_KA_276579_W1296044,Ward-13,ward,GEO_IN_KA_276579,,,
GEO_IN_KA_251855_W27054,Shahabad (TMC) - Ward No.11,ward,GEO_IN_KA_251855,,,
GEO_IN_KA_252021_W28255,Mangalore (M Corp.) - Ward No.44,ward,GEO_IN_KA_252021,,,
GEO_IN_KA_251843_W26341,Indi (TMC) - Ward No.9,ward,GEO_IN_KA_251843,,,
GEO_IN_KA_251881_W27857,Gangawati (Cmc) - Ward No.8,ward,GEO_IN_KA_251881,,,
GEO_IN_KA_253188_W3046936,Ward 28,ward,GEO_IN_KA_253188,,,
GEO_IN_KA_252052_W1920855,Tirumakudal - Narsipur (TP) - Ward No.17,ward,GEO_IN_KA_252052,,,
GEO_IN_KA_251911_W30009,Bhatkal (TMC) - Ward No.17,ward,GEO_IN_KA_251911,,,
GEO_IN_KA_251971_W25382,Madhugiri (TMC) - Ward No.8,ward,GEO_IN_KA_251971,,,
GEO_IN_KA_251870_W1921506,Mudgal (TP) - Ward No.23,ward,GEO_IN_KA_251870,,,
GEO_IN_KA_251889_W63809,Mulgund (TP) - Ward No.3,ward,GEO_IN_KA_251889,,,
GEO_IN_KA_251833_W25965,Rabkavi-Banhatti (Cmc) - Ward No.11,ward,GEO_IN_KA_251833,,,
GEO_IN_KA_252036_W28437,Sulya (TP) - Ward No.6,ward,GEO_IN_KA_252036,,,
GEO_IN_KA_276483_W1295718,Ward No. 8,ward,GEO_IN_KA_276483,,,
GEO_IN_KA_252012_W65621,Hassan (Cmc) - Ward No.14,ward,GEO_IN_KA_252012,,,
GEO_IN_KA_251870_W27614,Mudgal (TP) - Ward No.11,ward,GEO_IN_KA_251870,,,
GEO_IN_KA_276601_W1296289,Ward-1,ward,GEO_IN_KA_276601,,,
GEO_IN_KA_276602_W1923192,Belluru (TP) - Ward No.9,ward,GEO_IN_KA_276602,,,
GEO_IN_KA_251969_W25336,Sira (TMC) - Ward No.4,ward,GEO_IN_KA_251969,,,
GEO_IN_KA_251915_W30022,Hangal (TMC) - Ward No.5,ward,GEO_IN_KA_251915,,,
GEO_IN_KA_252010_W1889259,Arsikere (TMC) - Ward No 31,ward,GEO_IN_KA_252010,,,
GEO_IN_KA_251900_W28674,Karwar (Cmc) - Ward No.19,ward,GEO_IN_KA_251900,,,
GEO_IN_KA_251917_W30042,Byadgi (TMC) - Ward No.2,ward,GEO_IN_KA_251917,,,
GEO_IN_KA_299328_W3046834,Ward 10,ward,GEO_IN_KA_299328,,,
GEO_IN_KA_301079_W3068532,Ward 14,ward,GEO_IN_KA_301079,,,
GEO_IN_KA_252010_W27781,Arsikere (TMC) - Ward No.18,ward,GEO_IN_KA_252010,,,
GEO_IN_KA_251869_W27595,Chitgoppa (TMC) - Ward No.15,ward,GEO_IN_KA_251869,,,
GEO_IN_KA_251880_W27836,Kushtagi (TMC) - Ward No.2,ward,GEO_IN_KA_251880,,,
GEO_IN_KA_251900_W28668,Karwar (Cmc) - Ward No.13,ward,GEO_IN_KA_251900,,,
GEO_IN_KA_251811_W24471,Chikodi (TMC) - Ward No.7,ward,GEO_IN_KA_251811,,,
GEO_IN_KA_251812_W24498,Athni (TMC) - Ward No.11,ward,GEO_IN_KA_251812,,,
GEO_IN_KA_252051_W65874,Bannur (TMC) - Ward No.1,ward,GEO_IN_KA_252051,,,
GEO_IN_KA_251894_W28109,Alnavar (TP) - Ward No.4,ward,GEO_IN_KA_251894,,,
GEO_IN_KA_251859_W63512,Shorapur (TMC) - Ward No.3,ward,GEO_IN_KA_251859,,,
GEO_IN_KA_276564_W1295985,Ward-17,ward,GEO_IN_KA_276564,,,
GEO_IN_KA_301061_W3068518,Ward 17,ward,GEO_IN_KA_301061,,,
GEO_IN_KA_251990_W3044494,Ward 31,ward,GEO_IN_KA_251990,,,
GEO_IN_KA_251926_W1724566,Tekkalakote (TP) - Ward No. 20,ward,GEO_IN_KA_251926,,,
GEO_IN_KA_276463_W1295915,1-Overtank Ward,ward,GEO_IN_KA_276463,,,
GEO_IN_KA_251992_W26490,Dod Ballapur (Cmc) - Ward No.20,ward,GEO_IN_KA_251992,,,
GEO_IN_KA_251946_W61514,Sorab (TP) - Ward No.1,ward,GEO_IN_KA_251946,,,
GEO_IN_KA_299181_W3046823,Ward 17,ward,GEO_IN_KA_299181,,,
GEO_IN_KA_251940_W61511,Jagalur (TP) - Ward No.11,ward,GEO_IN_KA_251940,,,
GEO_IN_KA_276604_W1296271,Ward-19,ward,GEO_IN_KA_276604,,,
GEO_IN_KA_253188_W3046918,Ward 10,ward,GEO_IN_KA_253188,,,
GEO_IN_KA_251993_W2440228,Ward-22,ward,GEO_IN_KA_251993,,,
GEO_IN_KA_251880_W27845,Kushtagi (TMC) - Ward No.11,ward,GEO_IN_KA_251880,,,
GEO_IN_KA_251845_W26366,Basavana Bagevadi (TP) - Ward No.11,ward,GEO_IN_KA_251845,,,
GEO_IN_KA_299416_W2890346,Ward 6,ward,GEO_IN_KA_299416,,,
GEO_IN_KA_251852_W63498,Sedam (TMC) - Ward No.15,ward,GEO_IN_KA_251852,,,
GEO_IN_KA_251838_W26118,Guledgudda (TMC) - Ward No.17,ward,GEO_IN_KA_251838,,,
GEO_IN_KA_276524_W1293534,Ward-12,ward,GEO_IN_KA_276524,,,
GEO_IN_KA_251831_W25913,Terdal (TP) - Ward No.6,ward,GEO_IN_KA_251831,,,
GEO_IN_KA_252033_W28374,Bantval (TP) - Ward No.2,ward,GEO_IN_KA_252033,,,
GEO_IN_KA_251866_W1885569,Aurad (TP) - Ward No.19,ward,GEO_IN_KA_251866,,,
GEO_IN_KA_252052_W1920854,Tirumakudal - Narsipur (TP) - Ward No.16,ward,GEO_IN_KA_252052,,,
GEO_IN_KA_276560_W1296388,Golpalera Doddi,ward,GEO_IN_KA_276560,,,
GEO_IN_KA_251831_W25912,Terdal (TP) - Ward No.5,ward,GEO_IN_KA_251831,,,
GEO_IN_KA_251948_W31309,Shikarpur (TMC) - Ward No.21,ward,GEO_IN_KA_251948,,,
GEO_IN_KA_276611_W2179633,Ward-17,ward,GEO_IN_KA_276611,,,
GEO_IN_KA_252003_W1891446,Pandavapura (TP) - Ward No.19,ward,GEO_IN_KA_252003,,,
GEO_IN_KA_276600_W1302833,Ward No.161 (Silver Jublee Park ),ward,GEO_IN_KA_276600,,,
GEO_IN_KA_251973_W64894,Tumkur (Cmc) - Ward No.12,ward,GEO_IN_KA_251973,,,
GEO_IN_KA_299179_W3046805,Ward 16,ward,GEO_IN_KA_299179,,,
GEO_IN_KA_276601_W1296296,Ward-8,ward,GEO_IN_KA_276601,,,
GEO_IN_KA_251820_W2440114,Ward-22,ward,GEO_IN_KA_251820,,,
GEO_IN_KA_252040_W65717,Virajpet-1 (Church Road),ward,GEO_IN_KA_252040,,,
GEO_IN_KA_276600_W1302746,Ward No.74 (Sagayarapuram),ward,GEO_IN_KA_276600,,,
GEO_IN_KA_251809_W24450,Nipani (Cmc) - Ward No.17,ward,GEO_IN_KA_251809,,,
GEO_IN_KA_252016_W28177,Channarayapatna (TMC) - Ward No.7,ward,GEO_IN_KA_252016,,,
GEO_IN_KA_276538_W1296368,Ward-20,ward,GEO_IN_KA_276538,,,
GEO_IN_KA_251865_W63758,Bhalki (TMC) - Ward No.20,ward,GEO_IN_KA_251865,,,
GEO_IN_KA_299317_W3044540,Ward 6,ward,GEO_IN_KA_299317,,,
GEO_IN_KA_251867_W27533,Bidar (Cmc) - Ward No.15,ward,GEO_IN_KA_251867,,,
GEO_IN_KA_276572_W1296213,Venkatapura,ward,GEO_IN_KA_276572,,,
GEO_IN_KA_251982_W1886073,Sidlaghatta (TMC) - Ward No.29,ward,GEO_IN_KA_251982,,,
GEO_IN_KA_251922_W30446,Hospet (Cmc) - Ward No.26,ward,GEO_IN_KA_251922,,,
GEO_IN_KA_252036_W28729,Sulya (TP) - Ward No.9,ward,GEO_IN_KA_252036,,,
GEO_IN_KA_251994_W65113,Devanahalli (TMC) - Ward No.12,ward,GEO_IN_KA_251994,,,
GEO_IN_KA_251955_W31756,Udupi (Cmc) - Ward No.10,ward,GEO_IN_KA_251955,,,
GEO_IN_KA_251978_W2176858,Gauribidanur-28,ward,GEO_IN_KA_251978,,,
GEO_IN_KA_251919_W30090,Ranibennur (Cmc) - Ward No.13,ward,GEO_IN_KA_251919,,,
GEO_IN_KA_251946_W3044513,Ward 20,ward,GEO_IN_KA_251946,,,
GEO_IN_KA_251955_W31763,Udupi (Cmc) - Ward No.17,ward,GEO_IN_KA_251955,,,
GEO_IN_KA_276558_W1296174,Dr.Ambedkar Bhavan,ward,GEO_IN_KA_276558,,,
GEO_IN_KA_276602_W1923185,Belluru (TP) - Ward No.2,ward,GEO_IN_KA_276602,,,
GEO_IN_KA_251919_W30106,Ranibennur (Cmc) - Ward No.29,ward,GEO_IN_KA_251919,,,
GEO_IN_KA_251845_W2182619,Basavana Bagevadi (TP) - Ward No. 21,ward,GEO_IN_KA_251845,,,
GEO_IN_KA_276600_W1302721,Ward No.49 (Nagapura),ward,GEO_IN_KA_276600,,,
GEO_IN_KA_251978_W25595,Gauribidanur (TMC) - Ward No.23,ward,GEO_IN_KA_251978,,,
GEO_IN_KA_251965_W32459,Chikmagalur (Cmc) - Ward No.16,ward,GEO_IN_KA_251965,,,
GEO_IN_KA_251838_W26122,Guledgudda (TMC) - Ward No.21,ward,GEO_IN_KA_251838,,,
GEO_IN_KA_252029_W3068757,ward No.17,ward,GEO_IN_KA_252029,,,
GEO_IN_KA_276563_W1295968,Kanteppanavar Tota,ward,GEO_IN_KA_276563,,,
GEO_IN_KA_251870_W27609,Mudgal (TP) - Ward No.6,ward,GEO_IN_KA_251870,,,
GEO_IN_KA_251865_W63740,Bhalki (TMC) - Ward No.2,ward,GEO_IN_KA_251865,,,
GEO_IN_KA_251828_W25700,Saundatti-Yellamma (TMC) - Ward No.20,ward,GEO_IN_KA_251828,,,
GEO_IN_KA_251936_W31116,Hosdurga (TP) - Ward No.7,ward,GEO_IN_KA_251936,,,
GEO_IN_KA_252033_W28388,Bantval (TP) - Ward No.16,ward,GEO_IN_KA_252033,,,
GEO_IN_KA_251905_W28709,Sirsi (Cmc) - Ward No.7,ward,GEO_IN_KA_251905,,,
GEO_IN_KA_276538_W1296349,Ward-1,ward,GEO_IN_KA_276538,,,
GEO_IN_KA_251922_W30431,Hospet (Cmc) - Ward No.11,ward,GEO_IN_KA_251922,,,
GEO_IN_KA_251951_W31346,Shimoga (Cmc) - Ward No.10,ward,GEO_IN_KA_251951,,,
GEO_IN_KA_251911_W30008,Bhatkal (TMC) - Ward No.16,ward,GEO_IN_KA_251911,,,
GEO_IN_KA_251896_W28141,Annigeri (TMC) - Ward No.21,ward,GEO_IN_KA_251896,,,
GEO_IN_KA_251876_W27687,Raichur (Cmc) - Ward No.32,ward,GEO_IN_KA_251876,,,
GEO_IN_KA_251818_W24783,Gokak (Cmc) - Ward No.25,ward,GEO_IN_KA_251818,,,
GEO_IN_KA_251919_W30108,Ranibennur (Cmc) - Ward No.31,ward,GEO_IN_KA_251919,,,
GEO_IN_KA_251815_W24730,Mudalgi (TMC) - Ward No.11,ward,GEO_IN_KA_251815,,,
GEO_IN_KA_251855_W27047,Shahabad (TMC) - Ward No.4,ward,GEO_IN_KA_251855,,,
GEO_IN_KA_251836_W63432,Kerur (TP) - Ward No.8,ward,GEO_IN_KA_251836,,,
GEO_IN_KA_251881_W27880,Gangawati (Cmc) - Ward No.31,ward,GEO_IN_KA_251881,,,
GEO_IN_KA_276565_W1296092,Halawai Galli,ward,GEO_IN_KA_276565,,,
GEO_IN_KA_276578_W1295450,Jolad Galli,ward,GEO_IN_KA_276578,,,
GEO_IN_KA_252036_W1887213,Sulya (TP) - Ward No.14,ward,GEO_IN_KA_252036,,,
GEO_IN_KA_296978_W2440180,Kalagi-07,ward,GEO_IN_KA_296978,,,
GEO_IN_KA_251848_W26432,Aland (TMC) - Ward No.11,ward,GEO_IN_KA_251848,,,
GEO_IN_KA_251951_W31738,Shimoga (Cmc) - Ward No.31,ward,GEO_IN_KA_251951,,,
GEO_IN_KA_253186_W2140087,Ramanagara-Ward 27,ward,GEO_IN_KA_253186,,,
GEO_IN_KA_276600_W1302718,Ward No.46 (Rajiv Nagar),ward,GEO_IN_KA_276600,,,
GEO_IN_KA_251840_W1723949,Hungund (TP) - Ward No.22,ward,GEO_IN_KA_251840,,,
GEO_IN_KA_251846_W26394,Muddebihal (TMC) - Ward No.19,ward,GEO_IN_KA_251846,,,
GEO_IN_KA_276600_W1302745,Ward No.73 (S K Garden ),ward,GEO_IN_KA_276600,,,
GEO_IN_KA_251849_W930342,Afzalpur (TP) - Ward No.20,ward,GEO_IN_KA_251849,,,
GEO_IN_KA_252002_W26717,Nagamangala (TP) - Ward No.8,ward,GEO_IN_KA_252002,,,
GEO_IN_KA_251975_W64927,Tiptur (TMC) - Ward No.10,ward,GEO_IN_KA_251975,,,
GEO_IN_KA_251932_W30855,Molakalmuru (TP) - Ward No.1,ward,GEO_IN_KA_251932,,,
GEO_IN_KA_251874_W63792,Devadurga (TP) - Ward No.17,ward,GEO_IN_KA_251874,,,
GEO_IN_KA_248127_W27024,Kalaburagi (M Corp.) - Ward No.45,ward,GEO_IN_KA_248127,,,
GEO_IN_KA_251906_W29944,Ankola (TP) - Ward No.2,ward,GEO_IN_KA_251906,,,
GEO_IN_KA_252050_W65852,Nanjangud (TMC) - Ward No.6,ward,GEO_IN_KA_252050,,,
GEO_IN_KA_276600_W1302759,Ward No.87 (Horamavu),ward,GEO_IN_KA_276600,,,
GEO_IN_KA_276600_W1302778,Ward No.106 (Marathahalli),ward,GEO_IN_KA_276600,,,
GEO_IN_KA_276618_W1295588,Basava Nagar,ward,GEO_IN_KA_276618,,,
GEO_IN_KA_251946_W3044514,Ward 21,ward,GEO_IN_KA_251946,,,
GEO_IN_KA_276583_W1295644,Ward No.10,ward,GEO_IN_KA_276583,,,
GEO_IN_KA_252036_W1887219,Sulya (TP) - Ward No.20,ward,GEO_IN_KA_252036,,,
GEO_IN_KA_251934_W30872,Chitradurga (Cmc) - Ward No.6,ward,GEO_IN_KA_251934,,,
GEO_IN_KA_276572_W1296228,Madina Colony - 1,ward,GEO_IN_KA_276572,,,
GEO_IN_KA_252010_W27780,Arsikere (TMC) - Ward No.17,ward,GEO_IN_KA_252010,,,
GEO_IN_KA_251811_W24470,Chikodi (TMC) - Ward No.6,ward,GEO_IN_KA_251811,,,
GEO_IN_KA_299181_W3046821,Ward 15,ward,GEO_IN_KA_299181,,,
GEO_IN_KA_251975_W64921,Tiptur (TMC) - Ward No.4,ward,GEO_IN_KA_251975,,,
GEO_IN_KA_251917_W30061,Byadgi (TMC) - Ward No.21,ward,GEO_IN_KA_251917,,,
GEO_IN_KA_276600_W1302695,Ward No. 23 (Rajagopal Nagar),ward,GEO_IN_KA_276600,,,
GEO_IN_KA_251955_W31778,Udupi (Cmc) - Ward No.32,ward,GEO_IN_KA_251955,,,
GEO_IN_KA_276559_W1296155,Saraf Bazar,ward,GEO_IN_KA_276559,,,
GEO_IN_KA_276558_W1296179,Momin Oni,ward,GEO_IN_KA_276558,,,
GEO_IN_KA_251973_W64912,Tumkur (Cmc) - Ward No.30,ward,GEO_IN_KA_251973,,,
GEO_IN_KA_251990_W26459,Nelamangala (TP) - Ward No.8,ward,GEO_IN_KA_251990,,,
GEO_IN_KA_251893_W28083,Hubli-Dharwad (M Corp.) - Ward No.45,ward,GEO_IN_KA_251893,,,
GEO_IN_KA_252054_W29143,Chamarajanagar (Cmc) - Ward No.16,ward,GEO_IN_KA_252054,,,
GEO_IN_KA_276600_W1302808,Ward No.136 (Govindaraja Nagar ),ward,GEO_IN_KA_276600,,,
GEO_IN_KA_251892_W1889218,Mundargi (TP) - Ward No.21,ward,GEO_IN_KA_251892,,,
GEO_IN_KA_296978_W2440181,Kalagi-08,ward,GEO_IN_KA_296978,,,
GEO_IN_KA_296978_W2440175,Kalagi-02,ward,GEO_IN_KA_296978,,,
GEO_IN_KA_276523_W1293521,Ward-11,ward,GEO_IN_KA_276523,,,
GEO_IN_KA_276600_W1302858,Ward No.186 (Shakambari Nagar ),ward,GEO_IN_KA_276600,,,
GEO_IN_KA_299328_W3046825,Ward 1,ward,GEO_IN_KA_299328,,,
GEO_IN_KA_251962_W31819,Tarikere (TP) - Ward No.3,ward,GEO_IN_KA_251962,,,
GEO_IN_KA_276483_W1295725,Ward No.15,ward,GEO_IN_KA_276483,,,
GEO_IN_KA_276575_W1295684,Ward No.14,ward,GEO_IN_KA_276575,,,
GEO_IN_KA_251927_W30818,Bellary (Cmc) - Ward No.17,ward,GEO_IN_KA_251927,,,
GEO_IN_KA_252004_W26762,Shrirangapattana (TMC) - Ward No.21,ward,GEO_IN_KA_252004,,,
GEO_IN_KA_251934_W30867,Chitradurga (Cmc) - Ward No.1,ward,GEO_IN_KA_251934,,,
GEO_IN_KA_251919_W30101,Ranibennur (Cmc) - Ward No.24,ward,GEO_IN_KA_251919,,,
GEO_IN_KA_251880_W923379,Kushtagi (TMC) - Ward No.21,ward,GEO_IN_KA_251880,,,
GEO_IN_KA_276569_W1295699,Ward No.12,ward,GEO_IN_KA_276569,,,
GEO_IN_KA_276600_W1303151,Ward No.13 (Vidyaranyapura),ward,GEO_IN_KA_276600,,,
GEO_IN_KA_251846_W26393,Muddebihal (TMC) - Ward No.18,ward,GEO_IN_KA_251846,,,
GEO_IN_KA_252005_W65581,Mandya (Cmc) - Ward No.32,ward,GEO_IN_KA_252005,,,
GEO_IN_KA_251859_W63516,Shorapur (TMC) - Ward No.7,ward,GEO_IN_KA_251859,,,
GEO_IN_KA_251834_W26076,Bilgi (TP) - Ward No.8,ward,GEO_IN_KA_251834,,,
GEO_IN_KA_251990_W2176837,Nelmangala-20,ward,GEO_IN_KA_251990,,,
GEO_IN_KA_251901_W60999,Haliyal (TP) - Ward No.1,ward,GEO_IN_KA_251901,,,
GEO_IN_KA_252021_W28251,Mangalore (M Corp.) - Ward No.40,ward,GEO_IN_KA_252021,,,
GEO_IN_KA_251824_W25491,Belgaum (M Corp.) - Ward No.4,ward,GEO_IN_KA_251824,,,
GEO_IN_KA_253189_W25981,Bangalore (M Corp.) - Ward No.10,ward,GEO_IN_KA_253189,,,
GEO_IN_KA_251880_W923376,Kushtagi (TMC) - Ward No.18,ward,GEO_IN_KA_251880,,,
GEO_IN_KA_251849_W63469,Afzalpur (TP) - Ward No.6,ward,GEO_IN_KA_251849,,,
GEO_IN_KA_299328_W3046840,Ward 16,ward,GEO_IN_KA_299328,,,
GEO_IN_KA_296955_W2491226,Ward-9,ward,GEO_IN_KA_296955,,,
GEO_IN_KA_276601_W1296292,Ward-4,ward,GEO_IN_KA_276601,,,
GEO_IN_KA_296978_W2440182,Kalagi-09,ward,GEO_IN_KA_296978,,,
GEO_IN_KA_253185_W26618,Channapatna- Ward No.24,ward,GEO_IN_KA_253185,,,
GEO_IN_KA_251992_W26481,Dod Ballapur (Cmc) - Ward No.11,ward,GEO_IN_KA_251992,,,
GEO_IN_KA_252033_W28376,Bantval (TP) - Ward No.4,ward,GEO_IN_KA_252033,,,
GEO_IN_KA_276583_W1295645,Ward No.11,ward,GEO_IN_KA_276583,,,
GEO_IN_KA_251927_W30819,Bellary (Cmc) - Ward No.18,ward,GEO_IN_KA_251927,,,
GEO_IN_KA_251904_W61030,Mundgod (TP) - Ward No.12,ward,GEO_IN_KA_251904,,,
GEO_IN_KA_251940_W61508,Jagalur (TP) - Ward No.8,ward,GEO_IN_KA_251940,,,
GEO_IN_KA_276542_W1295812,Nayakanahatty-6,ward,GEO_IN_KA_276542,,,
GEO_IN_KA_251907_W61055,Kumta (TMC) - Ward No.23,ward,GEO_IN_KA_251907,,,
GEO_IN_KA_251926_W30497,Tekkalakote (TP) - Ward No.3,ward,GEO_IN_KA_251926,,,
GEO_IN_KA_251948_W31290,Shikarpur (TMC) - Ward No.2,ward,GEO_IN_KA_251948,,,
GEO_IN_KA_252056_W29174,Kollegal (Cmc) - Ward No.3,ward,GEO_IN_KA_252056,,,
GEO_IN_KA_251900_W28682,Karwar (Cmc) - Ward No.27,ward,GEO_IN_KA_251900,,,
GEO_IN_KA_251969_W25340,Sira (TMC) - Ward No.8,ward,GEO_IN_KA_251969,,,
GEO_IN_KA_252033_W28381,Bantval (TP) - Ward No.9,ward,GEO_IN_KA_252033,,,
GEO_IN_KA_251861_W27384,Shahpur (TMC) - Ward No.17,ward,GEO_IN_KA_251861,,,
GEO_IN_KA_251904_W61029,Mundgod (TP) - Ward No.11,ward,GEO_IN_KA_251904,,,
GEO_IN_KA_277668_W3046754,Ward 11,ward,GEO_IN_KA_277668,,,
GEO_IN_KA_251996_W65544,Magadi (TMC) - Ward No.21,ward,GEO_IN_KA_251996,,,
GEO_IN_KA_252035_W28407,Puttur(TMC) - Ward No.3,ward,GEO_IN_KA_252035,,,
GEO_IN_KA_251963_W32426,Birur (TMC) - Ward No.6,ward,GEO_IN_KA_251963,,,
GEO_IN_KA_251952_W61530,Bhadravati (Cmc) - Ward No.4,ward,GEO_IN_KA_251952,,,
GEO_IN_KA_251888_W27996,Gadag-Betigeri (Cmc) - Ward No.33,ward,GEO_IN_KA_251888,,,
GEO_IN_KA_251828_W25695,Saundatti-Yellamma (TMC) - Ward No.15,ward,GEO_IN_KA_251828,,,
GEO_IN_KA_251840_W26258,Hungund (TP) - Ward No.6,ward,GEO_IN_KA_251840,,,
GEO_IN_KA_251871_W2146701,Lingsugur-22,ward,GEO_IN_KA_251871,,,
GEO_IN_KA_251832_W25936,Jamkhandi (TMC) - Ward No.9,ward,GEO_IN_KA_251832,,,
GEO_IN_KA_251922_W30445,Hospet (Cmc) - Ward No.25,ward,GEO_IN_KA_251922,,,
GEO_IN_KA_251810_W63192,Sadalgi (TP) - Ward No.11,ward,GEO_IN_KA_251810,,,
GEO_IN_KA_251892_W1889216,Mundargi (TP) - Ward No.19,ward,GEO_IN_KA_251892,,,
GEO_IN_KA_296975_W2179282,Madanayakanahalli-4,ward,GEO_IN_KA_296975,,,
GEO_IN_KA_276474_W1295844,Ward-11,ward,GEO_IN_KA_276474,,,
GEO_IN_KA_251918_W30074,Hirekerur (TP) - Ward No.11,ward,GEO_IN_KA_251918,,,
GEO_IN_KA_251834_W26079,Bilgi (TP) - Ward No.11,ward,GEO_IN_KA_251834,,,
GEO_IN_KA_252045_W28838,Mysore (M Corp.) - Ward No.33,ward,GEO_IN_KA_252045,,,
GEO_IN_KA_251814_W1866255,Raybag (TP) - Ward No.19,ward,GEO_IN_KA_251814,,,
GEO_IN_KA_251882_W1891310,Koppal (Cmc) - Ward No.21,ward,GEO_IN_KA_251882,,,
GEO_IN_KA_252043_W2443644,Hunsur (TMC) - Ward No.31,ward,GEO_IN_KA_252043,,,
GEO_IN_KA_251938_W31128,Harihar (Cmc) - Ward No.1,ward,GEO_IN_KA_251938,,,
GEO_IN_KA_251904_W61032,Mundgod (TP) - Ward No.14,ward,GEO_IN_KA_251904,,,
GEO_IN_KA_251922_W30441,Hospet (Cmc) - Ward No.21,ward,GEO_IN_KA_251922,,,
GEO_IN_KA_251995_W26531,Hosakote (TMC) - Ward No.4,ward,GEO_IN_KA_251995,,,
GEO_IN_KA_251889_W63813,Mulgund (TP) - Ward No.7,ward,GEO_IN_KA_251889,,,
GEO_IN_KA_251873_W1921530,Ward-3,ward,GEO_IN_KA_251873,,,
GEO_IN_KA_252033_W28378,Bantval (TP) - Ward No.6,ward,GEO_IN_KA_252033,,,
GEO_IN_KA_251922_W30424,Hospet (Cmc) - Ward No.4,ward,GEO_IN_KA_251922,,,
GEO_IN_KA_251856_W931340,Wadi (TMC) - Ward No.8,ward,GEO_IN_KA_251856,,,
GEO_IN_KA_252038_W28763,Somvarpet (TP) - Ward No.11,ward,GEO_IN_KA_252038,,,
GEO_IN_KA_251965_W32448,Chikmagalur (Cmc) - Ward No.5,ward,GEO_IN_KA_251965,,,
GEO_IN_KA_251898_W28151,Kundgol (TP) - Ward No.3,ward,GEO_IN_KA_251898,,,
GEO_IN_KA_299416_W2890341,Ward 1,ward,GEO_IN_KA_299416,,,
GEO_IN_KA_276516_W1296401,Raghavendra Calony,ward,GEO_IN_KA_276516,,,
GEO_IN_KA_276577_W1295621,Ward No.3,ward,GEO_IN_KA_276577,,,
GEO_IN_KA_276600_W3290565,Ward No.225(Kudlu),ward,GEO_IN_KA_276600,,,
GEO_IN_KA_251882_W1891302,Koppal (Cmc) - Ward No.13,ward,GEO_IN_KA_251882,,,
GEO_IN_KA_276477_W1293398,6- Pol Galli,ward,GEO_IN_KA_276477,,,
GEO_IN_KA_251909_W1922707,Honavar (TP) - Ward No.18,ward,GEO_IN_KA_251909,,,
GEO_IN_KA_251835_W63224,Mudhol (TMC) - Ward No.4,ward,GEO_IN_KA_251835,,,
GEO_IN_KA_251855_W27048,Shahabad (TMC) - Ward No.5,ward,GEO_IN_KA_251855,,,
GEO_IN_KA_252016_W28188,Channarayapatna (TMC) - Ward No.18,ward,GEO_IN_KA_252016,,,
GEO_IN_KA_276572_W1296232,Taggargod - 2,ward,GEO_IN_KA_276572,,,
GEO_IN_KA_276600_W1302754,Ward No.82 (Banasavadi),ward,GEO_IN_KA_276600,,,
GEO_IN_KA_252050_W65862,Nanjangud (TMC) - Ward No.16,ward,GEO_IN_KA_252050,,,
GEO_IN_KA_251880_W27844,Kushtagi (TMC) - Ward No.10,ward,GEO_IN_KA_251880,,,
GEO_IN_KA_251833_W26063,Rabkavi-Banhatti (Cmc) - Ward No.26,ward,GEO_IN_KA_251833,,,
GEO_IN_KA_276537_W1296063,Ward No.16,ward,GEO_IN_KA_276537,,,
GEO_IN_KA_276565_W1296089,Siddeshwar Nagar,ward,GEO_IN_KA_276565,,,
GEO_IN_KA_251953_W61567,Kundapura (TMC) - Ward No.6,ward,GEO_IN_KA_251953,,,
GEO_IN_KA_276567_W1295759,Musheppagol Thot,ward,GEO_IN_KA_276567,,,
GEO_IN_KA_251994_W65112,Devanahalli (TMC) - Ward No.11,ward,GEO_IN_KA_251994,,,
GEO_IN_KA_276600_W1302810,Ward No.138 (Kaveripura),ward,GEO_IN_KA_276600,,,
GEO_IN_KA_251970_W1922461,Pavagada (TP) - Ward No.22,ward,GEO_IN_KA_251970,,,
GEO_IN_KA_263293_W2179724,Ward-9,ward,GEO_IN_KA_263293,,,
GEO_IN_KA_296975_W2179288,Madanayakanahalli-10,ward,GEO_IN_KA_296975,,,
GEO_IN_KA_251889_W63812,Mulgund (TP) - Ward No.6,ward,GEO_IN_KA_251889,,,
GEO_IN_KA_251895_W60987,Navalgund (TMC) - Ward No.9,ward,GEO_IN_KA_251895,,,
GEO_IN_KA_251988_W25840,Robertson Pet (Cmc) - Ward No.22,ward,GEO_IN_KA_251988,,,
GEO_IN_KA_276601_W1296290,Ward-2,ward,GEO_IN_KA_276601,,,
GEO_IN_KA_248127_W27023,Kalaburagi (M Corp.) - Ward No.44,ward,GEO_IN_KA_248127,,,
GEO_IN_KA_276540_W1296123,Sumbad Colony,ward,GEO_IN_KA_276540,,,
GEO_IN_KA_251921_W30413,Hoovina Hadagalli (TP) - Ward No.12,ward,GEO_IN_KA_251921,,,
GEO_IN_KA_251881_W27863,Gangawati (Cmc) - Ward No.14,ward,GEO_IN_KA_251881,,,
GEO_IN_KA_276526_W1293483,Ward No.12,ward,GEO_IN_KA_276526,,,
GEO_IN_KA_251925_W1864363,Siruguppa (TP) - Ward No.21,ward,GEO_IN_KA_251925,,,
GEO_IN_KA_251848_W26429,Aland (TMC) - Ward No.8,ward,GEO_IN_KA_251848,,,
GEO_IN_KA_276543_W1295883,Ward-9,ward,GEO_IN_KA_276543,,,
GEO_IN_KA_252051_W65887,Bannur (TMC) - Ward No.14,ward,GEO_IN_KA_252051,,,
GEO_IN_KA_276569_W1295710,Ward No.23,ward,GEO_IN_KA_276569,,,
GEO_IN_KA_301790_W3287811,Ward No.14,ward,GEO_IN_KA_301790,,,
GEO_IN_KA_251889_W60492,Mulgund (TP) - Ward No.14,ward,GEO_IN_KA_251889,,,
GEO_IN_KA_251871_W27621,Lingsugur (TP) - Ward No.3,ward,GEO_IN_KA_251871,,,
GEO_IN_KA_252002_W26712,Nagamangala (TP) - Ward No.3,ward,GEO_IN_KA_252002,,,
GEO_IN_KA_251941_W1886598,Davanagere (Cmc) - Ward No.38,ward,GEO_IN_KA_251941,,,
GEO_IN_KA_252010_W27788,Henjagundanahalli (OG) (Part) - Ward No.25,ward,GEO_IN_KA_252010,,,
GEO_IN_KA_251912_W61070,Shiggaon (TMC) - Ward No.12,ward,GEO_IN_KA_251912,,,
GEO_IN_KA_299317_W3044543,Ward 9,ward,GEO_IN_KA_299317,,,
GEO_IN_KA_252037_W28743,"Madikeri-14(Mangaladevi Nagar,Murnad Road,Mangalore Road)",ward,GEO_IN_KA_252037,,,
GEO_IN_KA_251929_W61334,Sandur (TP) - Ward No.12,ward,GEO_IN_KA_251929,,,
GEO_IN_KA_251839_W26125,Bagalkot (Cmc) - Ward No.1,ward,GEO_IN_KA_251839,,,
GEO_IN_KA_251861_W27386,Shahpur (TMC) - Ward No.19,ward,GEO_IN_KA_251861,,,
GEO_IN_KA_251918_W30077,Hirekerur (TP) - Ward No.14,ward,GEO_IN_KA_251918,,,
GEO_IN_KA_276538_W1296362,Ward-14,ward,GEO_IN_KA_276538,,,
GEO_IN_KA_276563_W1295959,Kethagaudar Tota,ward,GEO_IN_KA_276563,,,
GEO_IN_KA_251929_W61329,Sandur (TP) - Ward No.7,ward,GEO_IN_KA_251929,,,
GEO_IN_KA_251994_W65106,Devanahalli (TMC) - Ward No.5,ward,GEO_IN_KA_251994,,,
GEO_IN_KA_251878_W27719,Sindhnur (TMC) - Ward No.6,ward,GEO_IN_KA_251878,,,
GEO_IN_KA_251937_W61482,Hiriyur (TMC) - Ward No.5,ward,GEO_IN_KA_251937,,,
GEO_IN_KA_251933_W1886522,Challakere (TMC) - Ward No.25,ward,GEO_IN_KA_251933,,,
GEO_IN_KA_276555_W1294261,Ward-10,ward,GEO_IN_KA_276555,,,
GEO_IN_KA_251897_W923402,Kalghatgi (TP) - Ward No.12,ward,GEO_IN_KA_251897,,,
GEO_IN_KA_251812_W24508,Athni (TMC) - Ward No.21,ward,GEO_IN_KA_251812,,,
GEO_IN_KA_251986_W25806,Malur (TMC) - Ward No.11,ward,GEO_IN_KA_251986,,,
GEO_IN_KA_251912_W61244,Shiggaon (TMC) - Ward No.16,ward,GEO_IN_KA_251912,,,
GEO_IN_KA_251892_W28026,Mundargi (TP) - Ward No.5,ward,GEO_IN_KA_251892,,,
GEO_IN_KA_301079_W3068526,Ward 8,ward,GEO_IN_KA_301079,,,
GEO_IN_KA_251869_W27587,Chitgoppa (TMC) - Ward No.7,ward,GEO_IN_KA_251869,,,
GEO_IN_KA_299181_W3046819,Ward 13,ward,GEO_IN_KA_299181,,,
GEO_IN_KA_251874_W63793,Devadurga (TP) - Ward No.18,ward,GEO_IN_KA_251874,,,
GEO_IN_KA_251824_W25497,Belgaum (M Corp.) - Ward No.10,ward,GEO_IN_KA_251824,,,
GEO_IN_KA_251853_W27040,Chitapur (TP) - Ward No.2,ward,GEO_IN_KA_251853,,,
GEO_IN_KA_251899_W28164,Dandeli (Cmc) - Ward No.5,ward,GEO_IN_KA_251899,,,
GEO_IN_KA_251893_W28087,Hubli-Dharwad (M Corp.) - Ward No.49,ward,GEO_IN_KA_251893,,,
GEO_IN_KA_251877_W27697,Manvi (TMC) - Ward No.7,ward,GEO_IN_KA_251877,,,
GEO_IN_KA_252052_W29100,Tirumakudal - Narsipur (TP) - Ward No.7,ward,GEO_IN_KA_252052,,,
GEO_IN_KA_251884_W27901,Nargund (TMC) - Ward No.19,ward,GEO_IN_KA_251884,,,
GEO_IN_KA_276538_W1296369,Ward-21,ward,GEO_IN_KA_276538,,,
GEO_IN_KA_253185_W26632,Channapatna - Ward No.31,ward,GEO_IN_KA_253185,,,
GEO_IN_KA_251858_W27362,Jevargi (TP) - Ward No.7,ward,GEO_IN_KA_251858,,,
GEO_IN_KA_253188_W3046924,Ward 16,ward,GEO_IN_KA_253188,,,
GEO_IN_KA_276600_W1302741,Ward No.69 (Kaval Bairasandra ),ward,GEO_IN_KA_276600,,,
GEO_IN_KA_276578_W1295449,Hanuman Nagar,ward,GEO_IN_KA_276578,,,
GEO_IN_KA_251847_W26403,Talikota (TMC) - Ward No.5,ward,GEO_IN_KA_251847,,,
GEO_IN_KA_276600_W1302863,Ward No.191 (Banashankari Temple ward ),ward,GEO_IN_KA_276600,,,
GEO_IN_KA_251941_W31188,Davanagere (Cmc) - Ward No.7,ward,GEO_IN_KA_251941,,,
GEO_IN_KA_252054_W29140,Chamarajanagar (Cmc) - Ward No.13,ward,GEO_IN_KA_252054,,,
GEO_IN_KA_251863_W63732,Yadgir (TMC) - Ward No.21,ward,GEO_IN_KA_251863,,,
GEO_IN_KA_251811_W24479,Chikodi (TMC) - Ward No.15,ward,GEO_IN_KA_251811,,,
GEO_IN_KA_252005_W65570,Mandya (Cmc) - Ward No.21,ward,GEO_IN_KA_252005,,,
GEO_IN_KA_276526_W1293484,Ward No.13,ward,GEO_IN_KA_276526,,,
GEO_IN_KA_276575_W1295673,Ward No.3,ward,GEO_IN_KA_276575,,,
GEO_IN_KA_296954_W2890385,Ward 3,ward,GEO_IN_KA_296954,,,
GEO_IN_KA_296976_W2440168,Ward-11,ward,GEO_IN_KA_296976,,,
GEO_IN_KA_276556_W1294650,Ward-2,ward,GEO_IN_KA_276556,,,
GEO_IN_KA_251833_W25960,Rabkavi-Banhatti (Cmc) - Ward No.6,ward,GEO_IN_KA_251833,,,
GEO_IN_KA_276599_W1296278,Ward-7,ward,GEO_IN_KA_276599,,,
GEO_IN_KA_296975_W2179299,Madanayakanahalli-21,ward,GEO_IN_KA_296975,,,
GEO_IN_KA_276579_W1296043,Ward-12,ward,GEO_IN_KA_276579,,,
GEO_IN_KA_276463_W1295938,24-Sree Balaji Ward,ward,GEO_IN_KA_276463,,,
GEO_IN_KA_252045_W28826,Mysore (M Corp.) - Ward No.21,ward,GEO_IN_KA_252045,,,
GEO_IN_KA_251954_W1922540,Saligram (TMC) - Ward No.10,ward,GEO_IN_KA_251954,,,
GEO_IN_KA_251968_W25317,Chiknayakanhalli (TMC) - Ward No.8,ward,GEO_IN_KA_251968,,,
GEO_IN_KA_251830_W63203,Mahalingpur (TMC) - Ward No.2,ward,GEO_IN_KA_251830,,,
GEO_IN_KA_251812_W24491,Athni (TMC) - Ward No.4,ward,GEO_IN_KA_251812,,,
GEO_IN_KA_251856_W931337,Wadi (TMC) - Ward No.5,ward,GEO_IN_KA_251856,,,
GEO_IN_KA_251843_W26342,Indi (TMC) - Ward No.10,ward,GEO_IN_KA_251843,,,
GEO_IN_KA_252014_W27812,Arkalgud (TP) - Ward No.11,ward,GEO_IN_KA_252014,,,
GEO_IN_KA_251965_W32458,Chikmagalur (Cmc) - Ward No.15,ward,GEO_IN_KA_251965,,,
GEO_IN_KA_276534_W1296341,Ward-12,ward,GEO_IN_KA_276534,,,
GEO_IN_KA_251863_W63725,Yadgir (TMC) - Ward No.14,ward,GEO_IN_KA_251863,,,
GEO_IN_KA_251936_W31114,Hosdurga (TP) - Ward No.5,ward,GEO_IN_KA_251936,,,
GEO_IN_KA_251833_W26068,Rabkavi-Banhatti (Cmc) - Ward No.31,ward,GEO_IN_KA_251833,,,
GEO_IN_KA_252056_W2961,Kollegal (Cmc) - Ward No.29,ward,GEO_IN_KA_252056,,,
GEO_IN_KA_251968_W25318,Chiknayakanhalli (TMC) - Ward No.9,ward,GEO_IN_KA_251968,,,
GEO_IN_KA_253188_W3046929,Ward 21,ward,GEO_IN_KA_253188,,,
GEO_IN_KA_251951_W31344,Shimoga (Cmc) - Ward No.8,ward,GEO_IN_KA_251951,,,
GEO_IN_KA_252012_W65616,Hassan (Cmc) - Ward No.9,ward,GEO_IN_KA_252012,,,
GEO_IN_KA_251877_W27703,Manvi (TMC) - Ward No.13,ward,GEO_IN_KA_251877,,,
GEO_IN_KA_251832_W25929,Jamkhandi (TMC) - Ward No.2,ward,GEO_IN_KA_251832,,,
GEO_IN_KA_252042_W28770,Piriyapatna (TP) - Ward No.1,ward,GEO_IN_KA_252042,,,
GEO_IN_KA_251859_W63710,Shorapur (TMC) - Ward No.24,ward,GEO_IN_KA_251859,,,
GEO_IN_KA_251953_W1922578,Kundapura (TMC) - Ward No.15,ward,GEO_IN_KA_251953,,,
GEO_IN_KA_251988_W25853,Robertson Pet (Cmc) - Ward No.35,ward,GEO_IN_KA_251988,,,
GEO_IN_KA_276576_W1295730,Ganesh Nagar,ward,GEO_IN_KA_276576,,,
GEO_IN_KA_252015_W65657,Hole Narsipur (TMC) - Ward No.10,ward,GEO_IN_KA_252015,,,
GEO_IN_KA_251886_W27938,Gajendragarh (TMC) - Ward No.13,ward,GEO_IN_KA_251886,,,
GEO_IN_KA_251841_W26283,Ilkal (TMC) - Ward No.15,ward,GEO_IN_KA_251841,,,
GEO_IN_KA_252037_W28752,"Madikeri-23(Dasawala,Ganapathi Street)",ward,GEO_IN_KA_252037,,,
GEO_IN_KA_251973_W64916,Tumkur (Cmc) - Ward No.34,ward,GEO_IN_KA_251973,,,
GEO_IN_KA_251868_W27574,Homnabad (TMC) - Ward No.19,ward,GEO_IN_KA_251868,,,
GEO_IN_KA_251809_W24464,Nipani (Cmc) - Ward No.31,ward,GEO_IN_KA_251809,,,
GEO_IN_KA_251986_W25810,Malur (TMC) - Ward No.15,ward,GEO_IN_KA_251986,,,
GEO_IN_KA_251945_W31254,Sagar (TMC) - Ward No.6,ward,GEO_IN_KA_251945,,,
GEO_IN_KA_301081_W3068471,Ward 4,ward,GEO_IN_KA_301081,,,
GEO_IN_KA_251914_W61260,Savanur (TMC) - Ward No.12,ward,GEO_IN_KA_251914,,,
GEO_IN_KA_251893_W28086,Hubli-Dharwad (M Corp.) - Ward No.48,ward,GEO_IN_KA_251893,,,
GEO_IN_KA_251841_W26285,Ilkal (TMC) - Ward No.17,ward,GEO_IN_KA_251841,,,
GEO_IN_KA_276574_W3044479,Ward 16,ward,GEO_IN_KA_276574,,,
GEO_IN_KA_276604_W1296264,Ward-12,ward,GEO_IN_KA_276604,,,
GEO_IN_KA_252018_W65690,Mudbidri (TMC) - Ward No.20,ward,GEO_IN_KA_252018,,,
GEO_IN_KA_251904_W61023,Mundgod (TP) - Ward No.5,ward,GEO_IN_KA_251904,,,
GEO_IN_KA_251916_W61281,Haveri (Cmc) - Ward No.10,ward,GEO_IN_KA_251916,,,
GEO_IN_KA_276556_W1294658,Ward-10,ward,GEO_IN_KA_276556,,,
GEO_IN_KA_251810_W923241,Sadalgi (TP) - Ward No.19,ward,GEO_IN_KA_251810,,,
GEO_IN_KA_251943_W2178629,Channagiri (TP) - Ward No.18,ward,GEO_IN_KA_251943,,,
GEO_IN_KA_296976_W2440172,Ward-15,ward,GEO_IN_KA_296976,,,
GEO_IN_KA_251989_W25876,Mulbagal (TMC) - Ward No.17,ward,GEO_IN_KA_251989,,,
GEO_IN_KA_252021_W28349,Mangalore (M Corp.) - Ward No.50,ward,GEO_IN_KA_252021,,,
GEO_IN_KA_251869_W27600,Chitgoppa (TMC) - Ward No.20,ward,GEO_IN_KA_251869,,,
GEO_IN_KA_251869_W27585,Chitgoppa (TMC) - Ward No.5,ward,GEO_IN_KA_251869,,,
GEO_IN_KA_296976_W2440170,Ward-13,ward,GEO_IN_KA_296976,,,
GEO_IN_KA_248127_W27029,Kalaburagi (M Corp.) - Ward No.50,ward,GEO_IN_KA_248127,,,
GEO_IN_KA_276519_W1293442,Ward-12,ward,GEO_IN_KA_276519,,,
GEO_IN_KA_251820_W25480,Hukeri (TP) - Ward No.14,ward,GEO_IN_KA_251820,,,
GEO_IN_KA_251859_W1922779,Shorapur (TMC) - Ward No.28,ward,GEO_IN_KA_251859,,,
GEO_IN_KA_251844_W63442,Sindgi (TMC) - Ward No.2,ward,GEO_IN_KA_251844,,,
GEO_IN_KA_297133_W2440156,Ward-15,ward,GEO_IN_KA_297133,,,
GEO_IN_KA_251882_W1891318,Koppal (Cmc) - Ward No.29,ward,GEO_IN_KA_251882,,,
GEO_IN_KA_251965_W32444,Chikmagalur (Cmc) - Ward No.1,ward,GEO_IN_KA_251965,,,
GEO_IN_KA_251907_W61036,Kumta (TMC) - Ward No.4,ward,GEO_IN_KA_251907,,,
GEO_IN_KA_251887_W27954,Naregal (TP) - Ward No.6,ward,GEO_IN_KA_251887,,,
GEO_IN_KA_251908_W29970,Siddapur (TP) - Ward No.9,ward,GEO_IN_KA_251908,,,
GEO_IN_KA_301790_W3287802,Ward No.5,ward,GEO_IN_KA_301790,,,
GEO_IN_KA_251824_W25525,Belgaum (M Corp.) - Ward No.38,ward,GEO_IN_KA_251824,,,
GEO_IN_KA_251971_W25391,Madhugiri (TMC) - Ward No.17,ward,GEO_IN_KA_251971,,,
GEO_IN_KA_251886_W27931,Gajendragarh (TMC) - Ward No.6,ward,GEO_IN_KA_251886,,,
GEO_IN_KA_251965_W2176852,Chikmagalur-34,ward,GEO_IN_KA_251965,,,
GEO_IN_KA_251820_W25467,Hukeri (TP) - Ward No.1,ward,GEO_IN_KA_251820,,,
GEO_IN_KA_251979_W25619,Chik Ballapur (Cmc) - Ward No.24,ward,GEO_IN_KA_251979,,,
GEO_IN_KA_301061_W3068507,Ward 6,ward,GEO_IN_KA_301061,,,
GEO_IN_KA_251973_W64901,Tumkur (Cmc) - Ward No.19,ward,GEO_IN_KA_251973,,,
GEO_IN_KA_251861_W2146614,Shahpur (TMC) - Ward No.28,ward,GEO_IN_KA_251861,,,
GEO_IN_KA_251948_W31294,Shikarpur (TMC) - Ward No.6,ward,GEO_IN_KA_251948,,,
GEO_IN_KA_276497_W1293419,Ward No-8,ward,GEO_IN_KA_276497,,,
GEO_IN_KA_251978_W25594,Gauribidanur (TMC) - Ward No.22,ward,GEO_IN_KA_251978,,,
GEO_IN_KA_251933_W61457,Challakere (TMC) - Ward No.3,ward,GEO_IN_KA_251933,,,
GEO_IN_KA_251990_W26460,Nelamangala (TP) - Ward No.9,ward,GEO_IN_KA_251990,,,
GEO_IN_KA_299169_W3044583,Ward 6,ward,GEO_IN_KA_299169,,,
GEO_IN_KA_251993_W2440240,Ward-34,ward,GEO_IN_KA_251993,,,
GEO_IN_KA_251941_W31211,Davanagere (Cmc) - Ward No.30,ward,GEO_IN_KA_251941,,,
GEO_IN_KA_252035_W28421,Puttur(TMC) - Ward No.17,ward,GEO_IN_KA_252035,,,
GEO_IN_KA_276565_W1296078,Sai Nagar,ward,GEO_IN_KA_276565,,,
GEO_IN_KA_276597_W1294044,Ward-9,ward,GEO_IN_KA_276597,,,
GEO_IN_KA_276555_W1294259,Ward-8,ward,GEO_IN_KA_276555,,,
GEO_IN_KA_251827_W25680,Bail Hongal (TMC) - Ward No.23,ward,GEO_IN_KA_251827,,,
GEO_IN_KA_251963_W32443,Birur (TMC) - Ward No.23,ward,GEO_IN_KA_251963,,,
GEO_IN_KA_251995_W2176835,Hosakote-31,ward,GEO_IN_KA_251995,,,
GEO_IN_KA_252049_W2146725,Heggadadevankote-20,ward,GEO_IN_KA_252049,,,
GEO_IN_KA_251835_W63239,Mudhol (TMC) - Ward No.19,ward,GEO_IN_KA_251835,,,
GEO_IN_KA_251971_W25397,Madhugiri (TMC) - Ward No.23,ward,GEO_IN_KA_251971,,,
GEO_IN_KA_252005_W65561,Mandya (Cmc) - Ward No.12,ward,GEO_IN_KA_252005,,,
GEO_IN_KA_251855_W27346,Shahabad (TMC) - Ward No.19,ward,GEO_IN_KA_251855,,,
GEO_IN_KA_251876_W27664,Raichur (Cmc) - Ward No.9,ward,GEO_IN_KA_251876,,,
GEO_IN_KA_251867_W27538,Bidar (Cmc) - Ward No.20,ward,GEO_IN_KA_251867,,,
GEO_IN_KA_252027_W1887752,Ullal (TP) - Ward No.29,ward,GEO_IN_KA_252027,,,
GEO_IN_KA_251810_W63188,Sadalgi (TP) - Ward No.7,ward,GEO_IN_KA_251810,,,
GEO_IN_KA_276569_W1295698,Ward No.11,ward,GEO_IN_KA_276569,,,
GEO_IN_KA_251835_W2179119,Mudhol-31,ward,GEO_IN_KA_251835,,,
GEO_IN_KA_299180_W3044574,Ward 13,ward,GEO_IN_KA_299180,,,
GEO_IN_KA_251914_W61249,Savanur (TMC) - Ward No.1,ward,GEO_IN_KA_251914,,,
GEO_IN_KA_276534_W1296342,Ward-13,ward,GEO_IN_KA_276534,,,
GEO_IN_KA_251870_W27605,Mudgal (TP) - Ward No.2,ward,GEO_IN_KA_251870,,,
GEO_IN_KA_251810_W63182,Sadalgi (TP) - Ward No.1,ward,GEO_IN_KA_251810,,,
GEO_IN_KA_251829_W25894,Ramdurg (TMC) - Ward No.12,ward,GEO_IN_KA_251829,,,
GEO_IN_KA_276611_W2179628,Ward-12,ward,GEO_IN_KA_276611,,,
GEO_IN_KA_301055_W3068446,ward No.2,ward,GEO_IN_KA_301055,,,
GEO_IN_KA_251930_W1864732,Kudligi (TP) - Ward No.20,ward,GEO_IN_KA_251930,,,
GEO_IN_KA_276601_W1296301,Ward-13,ward,GEO_IN_KA_276601,,,
GEO_IN_KA_253188_W3046926,Ward 18,ward,GEO_IN_KA_253188,,,
GEO_IN_KA_251811_W24481,Chikodi (TMC) - Ward No.17,ward,GEO_IN_KA_251811,,,
GEO_IN_KA_251941_W31206,Davanagere (Cmc) - Ward No.25,ward,GEO_IN_KA_251941,,,
GEO_IN_KA_248127_W26994,Kalaburagi (M Corp.) - Ward No.15,ward,GEO_IN_KA_248127,,,
GEO_IN_KA_251853_W2144739,Chittapura-23,ward,GEO_IN_KA_251853,,,
GEO_IN_KA_251915_W30035,Hangal (TMC) - Ward No.18,ward,GEO_IN_KA_251915,,,
GEO_IN_KA_251936_W1886308,Hosadurga (TP) - Ward No.23,ward,GEO_IN_KA_251936,,,
GEO_IN_KA_251900_W28665,Karwar (Cmc) - Ward No.10,ward,GEO_IN_KA_251900,,,
GEO_IN_KA_251816_W24746,Konnur (TP) - Ward No.4,ward,GEO_IN_KA_251816,,,
GEO_IN_KA_252043_W65824,Hunsur (TMC) - Ward No.3,ward,GEO_IN_KA_252043,,,
GEO_IN_KA_251845_W26363,Basavana Bagevadi (TP) - Ward No.8,ward,GEO_IN_KA_251845,,,
GEO_IN_KA_276463_W1295945,31-Sree Basaveshwara Ward,ward,GEO_IN_KA_276463,,,
GEO_IN_KA_251841_W26294,Ilkal (TMC) - Ward No.26,ward,GEO_IN_KA_251841,,,
GEO_IN_KA_251853_W2144734,Chittapura-18,ward,GEO_IN_KA_251853,,,
GEO_IN_KA_251925_W30475,Siruguppa (TP) - Ward No.1,ward,GEO_IN_KA_251925,,,
GEO_IN_KA_251882_W63806,Koppal (Cmc) - Ward No.9,ward,GEO_IN_KA_251882,,,
GEO_IN_KA_251862_W2146592,Gurmatkal-19,ward,GEO_IN_KA_251862,,,
GEO_IN_KA_299180_W3044567,Ward 6,ward,GEO_IN_KA_299180,,,
GEO_IN_KA_251990_W3044491,Ward 28,ward,GEO_IN_KA_251990,,,
GEO_IN_KA_251900_W28675,Karwar (Cmc) - Ward No.20,ward,GEO_IN_KA_251900,,,
GEO_IN_KA_251852_W63502,Sedam (TMC) - Ward No.19,ward,GEO_IN_KA_251852,,,
GEO_IN_KA_252007_W65586,Malavalli (TMC) - Ward No.2,ward,GEO_IN_KA_252007,,,
GEO_IN_KA_251893_W28068,Hubli-Dharwad (M Corp.) - Ward No.30,ward,GEO_IN_KA_251893,,,
GEO_IN_KA_251881_W27853,Gangawati (Cmc) - Ward No.4,ward,GEO_IN_KA_251881,,,
GEO_IN_KA_252033_W28392,Bantval (TP) - Ward No.20,ward,GEO_IN_KA_252033,,,
GEO_IN_KA_251830_W63201,Mahalingpur (TMC) - Ward No.8,ward,GEO_IN_KA_251830,,,
GEO_IN_KA_251862_W7170,Gurmatkal (TP) - Ward No.11,ward,GEO_IN_KA_251862,,,
GEO_IN_KA_276618_W1295591,Mutnal Galli,ward,GEO_IN_KA_276618,,,
GEO_IN_KA_252012_W65610,Hassan (Cmc) - Ward No.3,ward,GEO_IN_KA_252012,,,
GEO_IN_KA_251863_W63720,Yadgir (TMC) - Ward No.9,ward,GEO_IN_KA_251863,,,
GEO_IN_KA_276567_W1295761,Baloji Thot,ward,GEO_IN_KA_276567,,,
GEO_IN_KA_251983_W25773,Chintamani (Cmc) - Ward No.26,ward,GEO_IN_KA_251983,,,
GEO_IN_KA_299317_W3044542,Ward 8,ward,GEO_IN_KA_299317,,,
GEO_IN_KA_276560_W1296385,Kakkera Tanda,ward,GEO_IN_KA_276560,,,
GEO_IN_KA_251837_W26087,Badami (TP) - Ward No.6,ward,GEO_IN_KA_251837,,,
GEO_IN_KA_253185_W26572,Channapatna- Ward No.1,ward,GEO_IN_KA_253185,,,
GEO_IN_KA_251940_W1886861,Jagalur (TP) - Ward No.18,ward,GEO_IN_KA_251940,,,
GEO_IN_KA_252055_W29165,Yelandur (TP) - Ward No.7,ward,GEO_IN_KA_252055,,,
GEO_IN_KA_276597_W1294047,Ward-12,ward,GEO_IN_KA_276597,,,
GEO_IN_KA_251989_W25862,Mulbagal (TMC) - Ward No.3,ward,GEO_IN_KA_251989,,,
GEO_IN_KA_252012_W65624,Hassan (Cmc) - Ward No.17,ward,GEO_IN_KA_252012,,,
GEO_IN_KA_251917_W30048,Byadgi (TMC) - Ward No.8,ward,GEO_IN_KA_251917,,,
GEO_IN_KA_251858_W27357,Jevargi (TP) - Ward No.2,ward,GEO_IN_KA_251858,,,
GEO_IN_KA_251955_W31755,Udupi (Cmc) - Ward No.9,ward,GEO_IN_KA_251955,,,
GEO_IN_KA_251992_W26480,Dod Ballapur (Cmc) - Ward No.10,ward,GEO_IN_KA_251992,,,
GEO_IN_KA_251819_W25459,Sankeshwar (TMC) - Ward No.16,ward,GEO_IN_KA_251819,,,
GEO_IN_KA_251949_W31321,Hosanagara (TP) - Ward No.10,ward,GEO_IN_KA_251949,,,
GEO_IN_KA_276540_W1296118,Indi Road,ward,GEO_IN_KA_276540,,,
GEO_IN_KA_251982_W25725,Sidlaghatta (TMC) - Ward No.1,ward,GEO_IN_KA_251982,,,
GEO_IN_KA_251890_W60500,Shirhatti (TP) - Ward No.6,ward,GEO_IN_KA_251890,,,
GEO_IN_KA_251839_W26148,Bagalkot (Cmc) - Ward No.24,ward,GEO_IN_KA_251839,,,
GEO_IN_KA_251835_W63234,Mudhol (TMC) - Ward No.14,ward,GEO_IN_KA_251835,,,
GEO_IN_KA_252009_W27761,Belur (TMC) - Ward No.15,ward,GEO_IN_KA_252009,,,
GEO_IN_KA_251911_W30012,Bhatkal (TMC) - Ward No.20,ward,GEO_IN_KA_251911,,,
GEO_IN_KA_251835_W2179112,Mudhol-24,ward,GEO_IN_KA_251835,,,
GEO_IN_KA_276541_W1296193,Ward-11,ward,GEO_IN_KA_276541,,,
GEO_IN_KA_251859_W63704,Shorapur (TMC) - Ward No.18,ward,GEO_IN_KA_251859,,,
GEO_IN_KA_252038_W28755,Somvarpet (TP) - Ward No.3,ward,GEO_IN_KA_252038,,,
GEO_IN_KA_299319_W3287750,Ward No.22,ward,GEO_IN_KA_299319,,,
GEO_IN_KA_251943_W31233,Channagiri (TP) - Ward No.4,ward,GEO_IN_KA_251943,,,
GEO_IN_KA_276568_W1295657,Ward No. 6,ward,GEO_IN_KA_276568,,,
GEO_IN_KA_251982_W25727,Sidlaghatta (TMC) - Ward No.3,ward,GEO_IN_KA_251982,,,
GEO_IN_KA_251891_W28020,Lakshmeshwar (TMC) - Ward No.22,ward,GEO_IN_KA_251891,,,
GEO_IN_KA_251949_W31316,Hosanagara (TP) - Ward No.5,ward,GEO_IN_KA_251949,,,
GEO_IN_KA_251814_W923222,Raybag (TP) - Ward No.15,ward,GEO_IN_KA_251814,,,
GEO_IN_KA_251838_W26124,Guledgudda (TMC) - Ward No.23,ward,GEO_IN_KA_251838,,,
GEO_IN_KA_251864_W27399,Basavakalyan (TMC) - Ward No.5,ward,GEO_IN_KA_251864,,,
GEO_IN_KA_251896_W28139,Annigeri (TMC) - Ward No.19,ward,GEO_IN_KA_251896,,,
GEO_IN_KA_251867_W27543,Bidar (Cmc) - Ward No.25,ward,GEO_IN_KA_251867,,,
GEO_IN_KA_252010_W27774,Arsikere (TMC) - Ward No.11,ward,GEO_IN_KA_252010,,,
GEO_IN_KA_276535_W1296326,Ward-20,ward,GEO_IN_KA_276535,,,
GEO_IN_KA_301790_W3287812,Ward No.15,ward,GEO_IN_KA_301790,,,
GEO_IN_KA_251947_W31279,Siralkoppa (TP) - Ward No.4,ward,GEO_IN_KA_251947,,,
GEO_IN_KA_276519_W1293451,Ward-21,ward,GEO_IN_KA_276519,,,
GEO_IN_KA_251941_W2443618,Davanagere (Cmc) - Ward No.42,ward,GEO_IN_KA_251941,,,
GEO_IN_KA_251828_W25702,Saundatti-Yellamma (TMC) - Ward No.22,ward,GEO_IN_KA_251828,,,
GEO_IN_KA_276569_W1295709,Ward No.22,ward,GEO_IN_KA_276569,,,
GEO_IN_KA_276600_W1302716,Ward No.44 (Jnana Bharathi ward ),ward,GEO_IN_KA_276600,,,
GEO_IN_KA_252037_W28738,"Madikeri-9(Private Bus Stand,Khadhi Bhandara,Part Of Racecouse Road)",ward,GEO_IN_KA_252037,,,
GEO_IN_KA_251917_W30049,Byadgi (TMC) - Ward No.9,ward,GEO_IN_KA_251917,,,
GEO_IN_KA_251922_W30449,Hospet (Cmc) - Ward No.29,ward,GEO_IN_KA_251922,,,
GEO_IN_KA_251858_W27364,Jevargi (TP) - Ward No.9,ward,GEO_IN_KA_251858,,,
GEO_IN_KA_251915_W30030,Hangal (TMC) - Ward No.13,ward,GEO_IN_KA_251915,,,
GEO_IN_KA_251913_W2449,Bankapura (TMC) - Ward No.20,ward,GEO_IN_KA_251913,,,
GEO_IN_KA_252005_W65582,Mandya (Cmc) - Ward No.33,ward,GEO_IN_KA_252005,,,
GEO_IN_KA_276497_W1293416,Ward No-5,ward,GEO_IN_KA_276497,,,
GEO_IN_KA_301054_W3068551,Ward 17,ward,GEO_IN_KA_301054,,,
GEO_IN_KA_251993_W2440232,Ward-26,ward,GEO_IN_KA_251993,,,
GEO_IN_KA_251909_W1922708,Honavar (TP) - Ward No.19,ward,GEO_IN_KA_251909,,,
GEO_IN_KA_251819_W25465,Sankeshwar (TMC) - Ward No.22,ward,GEO_IN_KA_251819,,,
GEO_IN_KA_251812_W24499,Athni (TMC) - Ward No.12,ward,GEO_IN_KA_251812,,,
GEO_IN_KA_251978_W25585,Gauribidanur (TMC) - Ward No.13,ward,GEO_IN_KA_251978,,,
GEO_IN_KA_251952_W61559,Bhadravati (Cmc) - Ward No.33,ward,GEO_IN_KA_251952,,,
GEO_IN_KA_251843_W26352,Indi (TMC) - Ward No.20,ward,GEO_IN_KA_251843,,,
GEO_IN_KA_251982_W25730,Sidlaghatta (TMC) - Ward No.6,ward,GEO_IN_KA_251982,,,
GEO_IN_KA_252008_W27741,Sakleshpur (TMC) - Ward No.18,ward,GEO_IN_KA_252008,,,
GEO_IN_KA_252003_W26733,Pandavapura (TP) - Ward No.9,ward,GEO_IN_KA_252003,,,
GEO_IN_KA_251978_W25586,Gauribidanur (TMC) - Ward No.14,ward,GEO_IN_KA_251978,,,
GEO_IN_KA_251936_W31115,Hosdurga (TP) - Ward No.6,ward,GEO_IN_KA_251936,,,
GEO_IN_KA_251905_W28719,Sirsi (Cmc) - Ward No.17,ward,GEO_IN_KA_251905,,,
GEO_IN_KA_252033_W1887175,Bantval (TP) - Ward No.22,ward,GEO_IN_KA_252033,,,
GEO_IN_KA_252049_W28882,Heggadadevankote (TP) - Ward No.1,ward,GEO_IN_KA_252049,,,
GEO_IN_KA_252045_W28817,Mysore (M Corp.) - Ward No.12,ward,GEO_IN_KA_252045,,,
GEO_IN_KA_251922_W30450,Hospet (Cmc) - Ward No.30,ward,GEO_IN_KA_251922,,,
GEO_IN_KA_251874_W63787,Devadurga (TP) - Ward No.12,ward,GEO_IN_KA_251874,,,
GEO_IN_KA_248127_W27026,Kalaburagi (M Corp.) - Ward No.47,ward,GEO_IN_KA_248127,,,
GEO_IN_KA_251907_W61052,Kumta (TMC) - Ward No.20,ward,GEO_IN_KA_251907,,,
GEO_IN_KA_251895_W60994,Navalgund (TMC) - Ward No.16,ward,GEO_IN_KA_251895,,,
GEO_IN_KA_251843_W26340,Indi (TMC) - Ward No.8,ward,GEO_IN_KA_251843,,,
GEO_IN_KA_252039_W2911,"Kushalnagar-11(Dr.S.Radhakrishna Layout,Leftwing Of Someshwara Layout,Industrial Layout)",ward,GEO_IN_KA_252039,,,
GEO_IN_KA_251856_W931408,Wadi (TMC) - Ward No.21,ward,GEO_IN_KA_251856,,,
GEO_IN_KA_252013_W27798,Alur (TP) - Ward No.8,ward,GEO_IN_KA_252013,,,
GEO_IN_KA_251934_W31090,Chitradurga (Cmc) - Ward No.30,ward,GEO_IN_KA_251934,,,
GEO_IN_KA_251845_W2182620,Basavana Bagevadi (TP) - Ward No. 22,ward,GEO_IN_KA_251845,,,
GEO_IN_KA_251893_W28057,Hubli-Dharwad (M Corp.) - Ward No.19,ward,GEO_IN_KA_251893,,,
GEO_IN_KA_251842_W2440243,Ward-2,ward,GEO_IN_KA_251842,,,
GEO_IN_KA_251828_W25696,Saundatti-Yellamma (TMC) - Ward No.16,ward,GEO_IN_KA_251828,,,
GEO_IN_KA_253186_W65164,Ramanagara- Ward No.20,ward,GEO_IN_KA_253186,,,
GEO_IN_KA_252045_W28827,Mysore (M Corp.) - Ward No.22,ward,GEO_IN_KA_252045,,,
GEO_IN_KA_251983_W25761,Chintamani (Cmc) - Ward No.14,ward,GEO_IN_KA_251983,,,
GEO_IN_KA_276496_W1296420,Ward-3,ward,GEO_IN_KA_276496,,,
GEO_IN_KA_251943_W31236,Channagiri (TP) - Ward No.7,ward,GEO_IN_KA_251943,,,
GEO_IN_KA_251996_W65151,Magadi (TMC) - Ward No.14,ward,GEO_IN_KA_251996,,,
GEO_IN_KA_251968_W25331,Chiknayakanhalli (TMC) - Ward No.22,ward,GEO_IN_KA_251968,,,
GEO_IN_KA_252003_W1891448,Pandavapura (TP) - Ward No.21,ward,GEO_IN_KA_252003,,,
GEO_IN_KA_251843_W26343,Indi (TMC) - Ward No.11,ward,GEO_IN_KA_251843,,,
GEO_IN_KA_251984_W1890486,Srinivaspur (TP) - Ward No. 18,ward,GEO_IN_KA_251984,,,
GEO_IN_KA_251904_W2146657,Mundgod (TP) - Ward No.18,ward,GEO_IN_KA_251904,,,
GEO_IN_KA_277668_W3046766,Ward 23,ward,GEO_IN_KA_277668,,,
GEO_IN_KA_252027_W1887750,Ullal (TP) - Ward No.27,ward,GEO_IN_KA_252027,,,
GEO_IN_KA_251853_W2144728,Chittapura-12,ward,GEO_IN_KA_251853,,,
GEO_IN_KA_252039_W3380,"Kushalnagar-3(Cauvery Layout, Indira Layout, Rightwing Of Aiyappaswamy Temple Road)",ward,GEO_IN_KA_252039,,,
GEO_IN_KA_299183_W3044524,Ward 1,ward,GEO_IN_KA_299183,,,
GEO_IN_KA_251877_W27711,Manvi (TMC) - Ward No.21,ward,GEO_IN_KA_251877,,,
GEO_IN_KA_276477_W1293395,3-Talawar Galli,ward,GEO_IN_KA_276477,,,
GEO_IN_KA_252005_W65554,Mandya (Cmc) - Ward No.5,ward,GEO_IN_KA_252005,,,
GEO_IN_KA_252002_W26716,Nagamangala (TP) - Ward No.7,ward,GEO_IN_KA_252002,,,
GEO_IN_KA_276600_W1302723,Ward No.51(Shankar Matt ),ward,GEO_IN_KA_276600,,,
GEO_IN_KA_252055_W29166,Yelandur (TP) - Ward No.8,ward,GEO_IN_KA_252055,,,
GEO_IN_KA_251838_W26117,Guledgudda (TMC) - Ward No.16,ward,GEO_IN_KA_251838,,,
GEO_IN_KA_251809_W24454,Nipani (Cmc) - Ward No.21,ward,GEO_IN_KA_251809,,,
GEO_IN_KA_276600_W1302853,Ward No.181 (BTM Layout),ward,GEO_IN_KA_276600,,,
GEO_IN_KA_251868_W27558,Homnabad (TMC) - Ward No.3,ward,GEO_IN_KA_251868,,,
GEO_IN_KA_251962_W32409,Tarikere (TP) - Ward No.9,ward,GEO_IN_KA_251962,,,
GEO_IN_KA_251820_W25468,Hukeri (TP) - Ward No.2,ward,GEO_IN_KA_251820,,,
GEO_IN_KA_299417_W2867089,Ward 5,ward,GEO_IN_KA_299417,,,
GEO_IN_KA_251946_W61517,Sorab (TP) - Ward No.4,ward,GEO_IN_KA_251946,,,
GEO_IN_KA_276577_W1295631,Ward No.13,ward,GEO_IN_KA_276577,,,
GEO_IN_KA_251855_W27349,Shahabad (TMC) - Ward No.22,ward,GEO_IN_KA_251855,,,
GEO_IN_KA_251896_W28136,Annigeri (TMC) - Ward No.16,ward,GEO_IN_KA_251896,,,
GEO_IN_KA_252050_W65854,Nanjangud (TMC) - Ward No.8,ward,GEO_IN_KA_252050,,,
GEO_IN_KA_251947_W31276,Siralkoppa (TP) - Ward No.1,ward,GEO_IN_KA_251947,,,
GEO_IN_KA_296978_W2440176,Kalagi-03,ward,GEO_IN_KA_296978,,,
GEO_IN_KA_296975_W3044621,Ward 24,ward,GEO_IN_KA_296975,,,
GEO_IN_KA_276563_W1295958,Unni Basaveshwara Mandira,ward,GEO_IN_KA_276563,,,
GEO_IN_KA_276464_W1295914,Ward No.23,ward,GEO_IN_KA_276464,,,
GEO_IN_KA_251872_W3044618,Ward 4,ward,GEO_IN_KA_251872,,,
GEO_IN_KA_251824_W25490,Belgaum (M Corp.) - Ward No.3,ward,GEO_IN_KA_251824,,,
GEO_IN_KA_251809_W24460,Nipani (Cmc) - Ward No.27,ward,GEO_IN_KA_251809,,,
GEO_IN_KA_251993_W2440217,Ward-11,ward,GEO_IN_KA_251993,,,
GEO_IN_KA_248127_W26986,Kalaburagi (M Corp.) - Ward No.7,ward,GEO_IN_KA_248127,,,
GEO_IN_KA_276597_W1294037,Ward-2,ward,GEO_IN_KA_276597,,,
GEO_IN_KA_252012_W65613,Hassan (Cmc) - Ward No.6,ward,GEO_IN_KA_252012,,,
GEO_IN_KA_251877_W27709,Manvi (TMC) - Ward No.19,ward,GEO_IN_KA_251877,,,
GEO_IN_KA_276558_W1296173,Ilager Oni,ward,GEO_IN_KA_276558,,,
GEO_IN_KA_251943_W2178628,Channagiri (TP) - Ward No.17,ward,GEO_IN_KA_251943,,,
GEO_IN_KA_251852_W63491,Sedam (TMC) - Ward No.8,ward,GEO_IN_KA_251852,,,
GEO_IN_KA_251951_W31349,Shimoga (Cmc) - Ward No.13,ward,GEO_IN_KA_251951,,,
GEO_IN_KA_251915_W30037,Hangal (TMC) - Ward No.20,ward,GEO_IN_KA_251915,,,
GEO_IN_KA_251812_W2440109,Ward-25,ward,GEO_IN_KA_251812,,,
GEO_IN_KA_276483_W1295717,Ward No. 7,ward,GEO_IN_KA_276483,,,
GEO_IN_KA_276556_W1294653,Ward-5,ward,GEO_IN_KA_276556,,,
GEO_IN_KA_252038_W28758,Somvarpet (TP) - Ward No.6,ward,GEO_IN_KA_252038,,,
GEO_IN_KA_248127_W27010,Kalaburagi (M Corp.) - Ward No.31,ward,GEO_IN_KA_248127,,,
GEO_IN_KA_253189_W25994,Bangalore (M Corp.) - Ward No.23,ward,GEO_IN_KA_253189,,,
GEO_IN_KA_251885_W27923,Ron (TP) - Ward No.18,ward,GEO_IN_KA_251885,,,
GEO_IN_KA_251885_W27911,Ron (TP) - Ward No.6,ward,GEO_IN_KA_251885,,,
GEO_IN_KA_251917_W30058,Byadgi (TMC) - Ward No.18,ward,GEO_IN_KA_251917,,,
GEO_IN_KA_252021_W28352,Mangalore (M Corp.) - Ward No.53,ward,GEO_IN_KA_252021,,,
GEO_IN_KA_251824_W25494,Belgaum (M Corp.) - Ward No.7,ward,GEO_IN_KA_251824,,,
GEO_IN_KA_253185_W26614,Channapatna- Ward No.22,ward,GEO_IN_KA_253185,,,
GEO_IN_KA_296955_W2491230,Ward-13,ward,GEO_IN_KA_296955,,,
GEO_IN_KA_251903_W28691,Yellapur (TP) - Ward No.4,ward,GEO_IN_KA_251903,,,
GEO_IN_KA_251968_W25321,Chiknayakanhalli (TMC) - Ward No.12,ward,GEO_IN_KA_251968,,,
GEO_IN_KA_248127_W27020,Kalaburagi (M Corp.) - Ward No.41,ward,GEO_IN_KA_248127,,,
GEO_IN_KA_251891_W28013,Lakshmeshwar (TMC) - Ward No.15,ward,GEO_IN_KA_251891,,,
GEO_IN_KA_251858_W27360,Jevargi (TP) - Ward No.5,ward,GEO_IN_KA_251858,,,
GEO_IN_KA_276534_W1296337,Ward-8,ward,GEO_IN_KA_276534,,,
GEO_IN_KA_251901_W61017,Haliyal (TP) - Ward No.19,ward,GEO_IN_KA_251901,,,
GEO_IN_KA_251959_W1885969,Sringeri (TP) - Ward No.8,ward,GEO_IN_KA_251959,,,
GEO_IN_KA_251955_W31759,Udupi (Cmc) - Ward No.13,ward,GEO_IN_KA_251955,,,
GEO_IN_KA_252007_W65592,Malavalli (TMC) - Ward No.8,ward,GEO_IN_KA_252007,,,
GEO_IN_KA_276542_W1295806,Channabasaiahnahatty New Village Kondaiahna Kapile,ward,GEO_IN_KA_276542,,,
GEO_IN_KA_251948_W31307,Shikarpur (TMC) - Ward No.19,ward,GEO_IN_KA_251948,,,
GEO_IN_KA_251912_W69705,Shiggaon (TMC) - Ward No.22,ward,GEO_IN_KA_251912,,,
GEO_IN_KA_276522_W1293510,Ward-16,ward,GEO_IN_KA_276522,,,
GEO_IN_KA_251889_W63807,Mulgund (TP) - Ward No.1,ward,GEO_IN_KA_251889,,,
GEO_IN_KA_251955_W31769,Udupi (Cmc) - Ward No.23,ward,GEO_IN_KA_251955,,,
GEO_IN_KA_251895_W60990,Navalgund (TMC) - Ward No.12,ward,GEO_IN_KA_251895,,,
GEO_IN_KA_276563_W1295962,Shri Yallalingeshwara Mandira,ward,GEO_IN_KA_276563,,,
GEO_IN_KA_251888_W27993,Gadag-Betigeri (Cmc) - Ward No.30,ward,GEO_IN_KA_251888,,,
GEO_IN_KA_251994_W65122,Devanahalli (TMC) - Ward No.21,ward,GEO_IN_KA_251994,,,
GEO_IN_KA_251861_W2146617,Shahpur (TMC) - Ward No.31,ward,GEO_IN_KA_251861,,,
GEO_IN_KA_296975_W3044625,Ward 28,ward,GEO_IN_KA_296975,,,
GEO_IN_KA_251922_W30429,Hospet (Cmc) - Ward No.9,ward,GEO_IN_KA_251922,,,
GEO_IN_KA_251864_W1885268,Basavakalyan (TMC) - Ward No.28,ward,GEO_IN_KA_251864,,,
GEO_IN_KA_276539_W1296104,Ward 11- Apmc Market Ward,ward,GEO_IN_KA_276539,,,
GEO_IN_KA_251832_W25947,Jamkhandi (TMC) - Ward No.20,ward,GEO_IN_KA_251832,,,
GEO_IN_KA_276572_W1296217,Hindu Colony -1 (Kargadde),ward,GEO_IN_KA_276572,,,
GEO_IN_KA_276463_W1295927,13-Sree Vinayaka Ward,ward,GEO_IN_KA_276463,,,
GEO_IN_KA_276600_W1302715,Ward No.43 (Mallathalli),ward,GEO_IN_KA_276600,,,
GEO_IN_KA_299321_W3046848,Ward 4,ward,GEO_IN_KA_299321,,,
GEO_IN_KA_276601_W1296304,Ward-16,ward,GEO_IN_KA_276601,,,
GEO_IN_KA_252054_W29130,Chamarajanagar (Cmc) - Ward No.3,ward,GEO_IN_KA_252054,,,
GEO_IN_KA_251825_W25656,Khanapur (TP) - Ward No.15,ward,GEO_IN_KA_251825,,,
GEO_IN_KA_251988_W25831,Robertson Pet (Cmc) - Ward No.13,ward,GEO_IN_KA_251988,,,
GEO_IN_KA_251849_W1889379,Afzalpur (TP) - Ward No.22,ward,GEO_IN_KA_251849,,,
GEO_IN_KA_251831_W25923,Terdal (TP) - Ward No.16,ward,GEO_IN_KA_251831,,,
GEO_IN_KA_251884_W27893,Nargund (TMC) - Ward No.11,ward,GEO_IN_KA_251884,,,
GEO_IN_KA_251954_W1922546,Saligram (TMC) - Ward No.16,ward,GEO_IN_KA_251954,,,
GEO_IN_KA_251882_W1891308,Koppal (Cmc) - Ward No.19,ward,GEO_IN_KA_251882,,,
GEO_IN_KA_251913_W2434,Bankapura (TMC) - Ward No.5,ward,GEO_IN_KA_251913,,,
GEO_IN_KA_251855_W27350,Shahabad (TMC) - Ward No.23,ward,GEO_IN_KA_251855,,,
GEO_IN_KA_251929_W61330,Sandur (TP) - Ward No.8,ward,GEO_IN_KA_251929,,,
GEO_IN_KA_252043_W65840,Hunsur (TMC) - Ward No.19,ward,GEO_IN_KA_252043,,,
GEO_IN_KA_276529_W1295551,Banashankari Vasati,ward,GEO_IN_KA_276529,,,
GEO_IN_KA_251937_W61492,Hiriyur (TMC) - Ward No.15,ward,GEO_IN_KA_251937,,,
GEO_IN_KA_251840_W26268,Hungund (TP) - Ward No.16,ward,GEO_IN_KA_251840,,,
GEO_IN_KA_251812_W24502,Athni (TMC) - Ward No.15,ward,GEO_IN_KA_251812,,,
GEO_IN_KA_251978_W25591,Gauribidanur (TMC) - Ward No.19,ward,GEO_IN_KA_251978,,,
GEO_IN_KA_251882_W63802,Koppal (Cmc) - Ward No.5,ward,GEO_IN_KA_251882,,,
GEO_IN_KA_251827_W25659,Bail Hongal (TMC) - Ward No.2,ward,GEO_IN_KA_251827,,,
GEO_IN_KA_252015_W65669,Hole Narsipur (TMC) - Ward No.22,ward,GEO_IN_KA_252015,,,
GEO_IN_KA_252005_W65571,Mandya (Cmc) - Ward No.22,ward,GEO_IN_KA_252005,,,
GEO_IN_KA_251901_W61010,Haliyal (TP) - Ward No.12,ward,GEO_IN_KA_251901,,,
GEO_IN_KA_299318_W3287792,Ward No.18,ward,GEO_IN_KA_299318,,,
GEO_IN_KA_251876_W27676,Raichur (Cmc) - Ward No.21,ward,GEO_IN_KA_251876,,,
GEO_IN_KA_251844_W63460,Sindgi (TMC) - Ward No.20,ward,GEO_IN_KA_251844,,,
GEO_IN_KA_276560_W1296392,Manjalapur,ward,GEO_IN_KA_276560,,,
GEO_IN_KA_251905_W28708,Sirsi (Cmc) - Ward No.6,ward,GEO_IN_KA_251905,,,
GEO_IN_KA_251961_W31812,Narasimharajapura (TP) - Ward No.7,ward,GEO_IN_KA_251961,,,
GEO_IN_KA_251990_W3044487,Ward 24,ward,GEO_IN_KA_251990,,,
GEO_IN_KA_251985_W64964,Kolar (Cmc) - Ward No.9,ward,GEO_IN_KA_251985,,,
GEO_IN_KA_252018_W65685,Mudbidri (TMC) - Ward No.15,ward,GEO_IN_KA_252018,,,
GEO_IN_KA_251869_W27592,Chitgoppa (TMC) - Ward No.12,ward,GEO_IN_KA_251869,,,
GEO_IN_KA_299320_W3044598,Ward 2,ward,GEO_IN_KA_299320,,,
GEO_IN_KA_252045_W28861,Mysore (M Corp.) - Ward No.56,ward,GEO_IN_KA_252045,,,
GEO_IN_KA_252015_W65653,Hole Narsipur (TMC) - Ward No.6,ward,GEO_IN_KA_252015,,,
GEO_IN_KA_251927_W3068769,Ward No.37,ward,GEO_IN_KA_251927,,,
GEO_IN_KA_276532_W1295859,Ward-8,ward,GEO_IN_KA_276532,,,
GEO_IN_KA_251881_W27877,Gangawati (Cmc) - Ward No.28,ward,GEO_IN_KA_251881,,,
GEO_IN_KA_277668_W3046748,Ward 5,ward,GEO_IN_KA_277668,,,
GEO_IN_KA_252043_W65835,Hunsur (TMC) - Ward No.14,ward,GEO_IN_KA_252043,,,
GEO_IN_KA_252021_W28219,Mangalore (M Corp.) - Ward No.8,ward,GEO_IN_KA_252021,,,
GEO_IN_KA_252006_W26772,Maddur (TMC) - Ward No.8,ward,GEO_IN_KA_252006,,,
GEO_IN_KA_301790_W3287801,Ward No.4,ward,GEO_IN_KA_301790,,,
GEO_IN_KA_251985_W64962,Kolar (Cmc) - Ward No.7,ward,GEO_IN_KA_251985,,,
GEO_IN_KA_276569_W1295707,Ward No. 20,ward,GEO_IN_KA_276569,,,
GEO_IN_KA_251914_W61271,Savanur (TMC) - Ward No.23,ward,GEO_IN_KA_251914,,,
GEO_IN_KA_251988_W25839,Robertson Pet (Cmc) - Ward No.21,ward,GEO_IN_KA_251988,,,
GEO_IN_KA_276600_W1302726,Ward No.54 (Mattikere),ward,GEO_IN_KA_276600,,,
GEO_IN_KA_251951_W31742,Shimoga (Cmc) - Ward No.35,ward,GEO_IN_KA_251951,,,
GEO_IN_KA_297129_W2805091,Ward 19,ward,GEO_IN_KA_297129,,,
GEO_IN_KA_276600_W1302814,Ward No.142 (Chandralayout),ward,GEO_IN_KA_276600,,,
GEO_IN_KA_276540_W1296119,Ambabhavani Temple,ward,GEO_IN_KA_276540,,,
GEO_IN_KA_276497_W1293420,Ward No-9,ward,GEO_IN_KA_276497,,,
GEO_IN_KA_251911_W30013,Bhatkal (TMC) - Ward No.21,ward,GEO_IN_KA_251911,,,
GEO_IN_KA_251896_W28129,Annigeri (TMC) - Ward No.9,ward,GEO_IN_KA_251896,,,
GEO_IN_KA_299169_W3044582,Ward 5,ward,GEO_IN_KA_299169,,,
GEO_IN_KA_251861_W27376,Shahpur (TMC) - Ward No.9,ward,GEO_IN_KA_251861,,,
GEO_IN_KA_252016_W28174,Channarayapatna (TMC) - Ward No.4,ward,GEO_IN_KA_252016,,,
GEO_IN_KA_251921_W30111,Hoovina Hadagalli (TP) - Ward No.2,ward,GEO_IN_KA_251921,,,
GEO_IN_KA_251900_W28658,Karwar (Cmc) - Ward No.3,ward,GEO_IN_KA_251900,,,
GEO_IN_KA_251869_W27603,Chitgoppa (TMC) - Ward No.23,ward,GEO_IN_KA_251869,,,
GEO_IN_KA_251858_W27361,Jevargi (TP) - Ward No.6,ward,GEO_IN_KA_251858,,,
GEO_IN_KA_251925_W30476,Siruguppa (TP) - Ward No.2,ward,GEO_IN_KA_251925,,,
GEO_IN_KA_251885_W27914,Ron (TP) - Ward No.9,ward,GEO_IN_KA_251885,,,
GEO_IN_KA_251949_W31319,Hosanagara (TP) - Ward No.8,ward,GEO_IN_KA_251949,,,
GEO_IN_KA_251891_W28018,Lakshmeshwar (TMC) - Ward No.20,ward,GEO_IN_KA_251891,,,
GEO_IN_KA_276559_W1296154,Naki Mandi Colony,ward,GEO_IN_KA_276559,,,
GEO_IN_KA_276600_W1302819,Ward No.147 (Hampi Nagar),ward,GEO_IN_KA_276600,,,
GEO_IN_KA_251865_W63744,Bhalki (TMC) - Ward No.6,ward,GEO_IN_KA_251865,,,
GEO_IN_KA_252010_W1889257,Arsikere (TMC) - Ward No 29,ward,GEO_IN_KA_252010,,,
GEO_IN_KA_252039_W2140889,Kushalnagar-16,ward,GEO_IN_KA_252039,,,
GEO_IN_KA_252051_W65880,Bannur (TMC) - Ward No.7,ward,GEO_IN_KA_252051,,,
GEO_IN_KA_252056_W29216,Kollegal (Cmc) - Ward No.24,ward,GEO_IN_KA_252056,,,
GEO_IN_KA_276542_W1295804,Madayyanahatty,ward,GEO_IN_KA_276542,,,
GEO_IN_KA_251939_W31169,Harapanahalli (TP) - Ward No.1,ward,GEO_IN_KA_251939,,,
GEO_IN_KA_248127_W27027,Kalaburagi (M Corp.) - Ward No.48,ward,GEO_IN_KA_248127,,,
GEO_IN_KA_301081_W3068488,Ward 21,ward,GEO_IN_KA_301081,,,
GEO_IN_KA_251891_W28014,Lakshmeshwar (TMC) - Ward No.16,ward,GEO_IN_KA_251891,,,
GEO_IN_KA_251813_W24697,Kudchi (TP) - Ward No.11,ward,GEO_IN_KA_251813,,,
GEO_IN_KA_251884_W27883,Nargund (TMC) - Ward No.1,ward,GEO_IN_KA_251884,,,
GEO_IN_KA_252043_W65844,Hunsur (TMC) - Ward No.23,ward,GEO_IN_KA_252043,,,
GEO_IN_KA_251970_W25368,Pavagada (TP) - Ward No.13,ward,GEO_IN_KA_251970,,,
GEO_IN_KA_251995_W2176830,Hosakote-26,ward,GEO_IN_KA_251995,,,
GEO_IN_KA_252053_W29118,Gundlupet (TMC) - Ward No.14,ward,GEO_IN_KA_252053,,,
GEO_IN_KA_251942_W3068775,ward No.21,ward,GEO_IN_KA_251942,,,
GEO_IN_KA_276533_W1296004,Ward No.13,ward,GEO_IN_KA_276533,,,
GEO_IN_KA_251993_W2440227,Ward-21,ward,GEO_IN_KA_251993,,,
GEO_IN_KA_251938_W31146,Harihar (Cmc) - Ward No.19,ward,GEO_IN_KA_251938,,,
GEO_IN_KA_276600_W1302832,Ward No.160 (Dharmaraya Swamy Temple ),ward,GEO_IN_KA_276600,,,
GEO_IN_KA_251925_W30479,Siruguppa (TP) - Ward No.5,ward,GEO_IN_KA_251925,,,
GEO_IN_KA_252001_W26707,Krishnarajpet (TP) - Ward No.16,ward,GEO_IN_KA_252001,,,
GEO_IN_KA_276497_W1293425,Ward No-14,ward,GEO_IN_KA_276497,,,
GEO_IN_KA_248127_W26988,Kalaburagi (M Corp.) - Ward No.9,ward,GEO_IN_KA_248127,,,
GEO_IN_KA_276565_W1296079,Nimbarkar Mala,ward,GEO_IN_KA_276565,,,
GEO_IN_KA_251867_W27536,Bidar (Cmc) - Ward No.18,ward,GEO_IN_KA_251867,,,
GEO_IN_KA_251847_W26400,Talikota (TMC) - Ward No.2,ward,GEO_IN_KA_251847,,,
GEO_IN_KA_251945_W31255,Sagar (TMC) - Ward No.7,ward,GEO_IN_KA_251945,,,
GEO_IN_KA_251896_W28121,Annigeri (TMC) - Ward No.1,ward,GEO_IN_KA_251896,,,
GEO_IN_KA_301080_W3287826,Ward No.7,ward,GEO_IN_KA_301080,,,
GEO_IN_KA_276557_W2179679,Ward-2,ward,GEO_IN_KA_276557,,,
GEO_IN_KA_251969_W2146690,Sira-26,ward,GEO_IN_KA_251969,,,
GEO_IN_KA_251940_W61501,Jagalur (TP) - Ward No.1,ward,GEO_IN_KA_251940,,,
GEO_IN_KA_251919_W30104,Ranibennur (Cmc) - Ward No.27,ward,GEO_IN_KA_251919,,,
GEO_IN_KA_251868_W27556,Homnabad (TMC) - Ward No.1,ward,GEO_IN_KA_251868,,,
GEO_IN_KA_251848_W26969,Aland (TMC) - Ward No.13,ward,GEO_IN_KA_251848,,,
GEO_IN_KA_276575_W1295680,Ward No.10,ward,GEO_IN_KA_276575,,,
GEO_IN_KA_299319_W3287738,Ward No.10,ward,GEO_IN_KA_299319,,,
GEO_IN_KA_251818_W24777,Gokak (Cmc) - Ward No.19,ward,GEO_IN_KA_251818,,,
GEO_IN_KA_251986_W25802,Malur (TMC) - Ward No.7,ward,GEO_IN_KA_251986,,,
GEO_IN_KA_251816_W24750,Konnur (TP) - Ward No.8,ward,GEO_IN_KA_251816,,,
GEO_IN_KA_276559_W1296150,Paramananda Tempel,ward,GEO_IN_KA_276559,,,
GEO_IN_KA_251903_W28697,Yellapur (TP) - Ward No.10,ward,GEO_IN_KA_251903,,,
GEO_IN_KA_276600_W1302697,Ward No. 25 (Sunkadakatte),ward,GEO_IN_KA_276600,,,
GEO_IN_KA_251844_W63453,Sindgi (TMC) - Ward No.13,ward,GEO_IN_KA_251844,,,
GEO_IN_KA_301061_W3068510,Ward 9,ward,GEO_IN_KA_301061,,,
GEO_IN_KA_251813_W24688,Kudchi (TP) - Ward No.2,ward,GEO_IN_KA_251813,,,
GEO_IN_KA_251976_W25435,Turuvekere (TP) - Ward No.12,ward,GEO_IN_KA_251976,,,
GEO_IN_KA_251972_W1922503,Koratagere (TP) - Ward No.13,ward,GEO_IN_KA_251972,,,
GEO_IN_KA_251993_W2440213,Ward-7,ward,GEO_IN_KA_251993,,,
GEO_IN_KA_276572_W1296225,Azadnagar - 2,ward,GEO_IN_KA_276572,,,
GEO_IN_KA_276578_W1295446,Janata Colony,ward,GEO_IN_KA_276578,,,
GEO_IN_KA_251848_W1889483,Aland (TMC) - Ward No.25,ward,GEO_IN_KA_251848,,,
GEO_IN_KA_251919_W30100,Ranibennur (Cmc) - Ward No.23,ward,GEO_IN_KA_251919,,,
GEO_IN_KA_251994_W65114,Devanahalli (TMC) - Ward No.13,ward,GEO_IN_KA_251994,,,
GEO_IN_KA_251825_W25653,Khanapur (TP) - Ward No.12,ward,GEO_IN_KA_251825,,,
GEO_IN_KA_248127_W27008,Kalaburagi (M Corp.) - Ward No.29,ward,GEO_IN_KA_248127,,,
GEO_IN_KA_251832_W25939,Jamkhandi (TMC) - Ward No.12,ward,GEO_IN_KA_251832,,,
GEO_IN_KA_251941_W1886600,Davanagere (Cmc) - Ward No.40,ward,GEO_IN_KA_251941,,,
GEO_IN_KA_251985_W64974,Kolar (Cmc) - Ward No.19,ward,GEO_IN_KA_251985,,,
GEO_IN_KA_276600_W3290557,Ward No.217(Kodichikkanahalli ),ward,GEO_IN_KA_276600,,,
GEO_IN_KA_251901_W61007,Haliyal (TP) - Ward No.9,ward,GEO_IN_KA_251901,,,
GEO_IN_KA_276577_W1295619,Ward No. 1,ward,GEO_IN_KA_276577,,,
GEO_IN_KA_277668_W3046747,Ward 4,ward,GEO_IN_KA_277668,,,
GEO_IN_KA_251837_W26090,Badami (TP) - Ward No.9,ward,GEO_IN_KA_251837,,,
GEO_IN_KA_251941_W31184,Davanagere (Cmc) - Ward No.3,ward,GEO_IN_KA_251941,,,
GEO_IN_KA_252033_W28391,Bantval (TP) - Ward No.19,ward,GEO_IN_KA_252033,,,
GEO_IN_KA_251890_W60501,Shirhatti (TP) - Ward No.7,ward,GEO_IN_KA_251890,,,
GEO_IN_KA_251836_W63244,Kerur (TP) - Ward No.1,ward,GEO_IN_KA_251836,,,
GEO_IN_KA_251954_W31743,Saligram (TMC) - Ward No.1,ward,GEO_IN_KA_251954,,,
GEO_IN_KA_251947_W3044522,Ward 23,ward,GEO_IN_KA_251947,,,
GEO_IN_KA_251899_W28168,Dandeli (Cmc) - Ward No.9,ward,GEO_IN_KA_251899,,,
GEO_IN_KA_276529_W1295542,Simihalla Totad Vasati,ward,GEO_IN_KA_276529,,,
GEO_IN_KA_251969_W25335,Sira (TMC) - Ward No.3,ward,GEO_IN_KA_251969,,,
GEO_IN_KA_276600_W1302783,Ward No.111 (Kaggadasanapura),ward,GEO_IN_KA_276600,,,
GEO_IN_KA_276474_W1295846,Ward-13,ward,GEO_IN_KA_276474,,,
GEO_IN_KA_252015_W65648,Hole Narsipur (TMC) - Ward No.1,ward,GEO_IN_KA_252015,,,
GEO_IN_KA_252010_W27778,Arsikere (TMC) - Ward No.15,ward,GEO_IN_KA_252010,,,
GEO_IN_KA_251815_W24725,Mudalgi (TMC) - Ward No.6,ward,GEO_IN_KA_251815,,,
GEO_IN_KA_301080_W3287829,Ward No.10,ward,GEO_IN_KA_301080,,,
GEO_IN_KA_251919_W30084,Ranibennur (Cmc) - Ward No.7,ward,GEO_IN_KA_251919,,,
GEO_IN_KA_276522_W1293498,Ward-4,ward,GEO_IN_KA_276522,,,
GEO_IN_KA_251903_W28702,Yellapur (TP) - Ward No.15,ward,GEO_IN_KA_251903,,,
GEO_IN_KA_301061_W3068505,Ward 4,ward,GEO_IN_KA_301061,,,
GEO_IN_KA_251871_W2146700,Lingsugur-21,ward,GEO_IN_KA_251871,,,
GEO_IN_KA_252039_W2140888,Kushalnagar-15,ward,GEO_IN_KA_252039,,,
GEO_IN_KA_251945_W31262,Sagar (TMC) - Ward No.14,ward,GEO_IN_KA_251945,,,
GEO_IN_KA_299180_W3044562,Ward 1,ward,GEO_IN_KA_299180,,,
GEO_IN_KA_251896_W28134,Annigeri (TMC) - Ward No.14,ward,GEO_IN_KA_251896,,,
GEO_IN_KA_252018_W65687,Mudbidri (TMC) - Ward No.17,ward,GEO_IN_KA_252018,,,
GEO_IN_KA_251912_W61071,Shiggaon (TMC) - Ward No.13,ward,GEO_IN_KA_251912,,,
GEO_IN_KA_251828_W2890333,Ward25,ward,GEO_IN_KA_251828,,,
GEO_IN_KA_251870_W1921500,Mudgal (TP) - Ward No.17,ward,GEO_IN_KA_251870,,,
GEO_IN_KA_301790_W3287819,Ward No.22,ward,GEO_IN_KA_301790,,,
GEO_IN_KA_251827_W25662,Bail Hongal (TMC) - Ward No.5,ward,GEO_IN_KA_251827,,,
GEO_IN_KA_276464_W1295892,Ward No. 1,ward,GEO_IN_KA_276464,,,
GEO_IN_KA_251949_W31320,Hosanagara (TP) - Ward No.9,ward,GEO_IN_KA_251949,,,
GEO_IN_KA_251856_W931358,Wadi (TMC) - Ward No.13,ward,GEO_IN_KA_251856,,,
GEO_IN_KA_251830_W63210,Mahalingpur (TMC) - Ward No.13,ward,GEO_IN_KA_251830,,,
GEO_IN_KA_252042_W28776,Piriyapatna (TP) - Ward No.7,ward,GEO_IN_KA_252042,,,
GEO_IN_KA_251879_W63796,Yelbarga (TP) - Ward No.3,ward,GEO_IN_KA_251879,,,
GEO_IN_KA_296955_W2491223,Ward-6,ward,GEO_IN_KA_296955,,,
GEO_IN_KA_299416_W2890360,Ward 20,ward,GEO_IN_KA_299416,,,
GEO_IN_KA_251984_W25794,Srinivaspur (TP) - Ward No.16,ward,GEO_IN_KA_251984,,,
GEO_IN_KA_299179_W3046803,Ward 14,ward,GEO_IN_KA_299179,,,
GEO_IN_KA_251985_W64958,Kolar (Cmc) - Ward No.3,ward,GEO_IN_KA_251985,,,
GEO_IN_KA_253130_W29193,Kollegal (Cmc) - Ward No.12,ward,GEO_IN_KA_253130,,,
GEO_IN_KA_252054_W29147,Chamarajanagar (Cmc) - Ward No.20,ward,GEO_IN_KA_252054,,,
GEO_IN_KA_252015_W65654,Hole Narsipur (TMC) - Ward No.7,ward,GEO_IN_KA_252015,,,
GEO_IN_KA_276556_W1294662,Ward-14,ward,GEO_IN_KA_276556,,,
GEO_IN_KA_251986_W25796,Malur (TMC) - Ward No.1,ward,GEO_IN_KA_251986,,,
GEO_IN_KA_276557_W2179680,Ward-3,ward,GEO_IN_KA_276557,,,
GEO_IN_KA_251906_W1922738,Ankola (TP) - Ward No. 20,ward,GEO_IN_KA_251906,,,
GEO_IN_KA_252001_W26697,Krishnarajpet (TP) - Ward No.6,ward,GEO_IN_KA_252001,,,
GEO_IN_KA_299318_W3287778,Ward No.4,ward,GEO_IN_KA_299318,,,
GEO_IN_KA_251856_W931332,Wadi (TMC) - Ward No.4,ward,GEO_IN_KA_251856,,,
GEO_IN_KA_251859_W63514,Shorapur (TMC) - Ward No.5,ward,GEO_IN_KA_251859,,,
GEO_IN_KA_251892_W28034,Mundargi (TP) - Ward No.13,ward,GEO_IN_KA_251892,,,
GEO_IN_KA_276526_W1293491,Ward No.20,ward,GEO_IN_KA_276526,,,
GEO_IN_KA_251843_W26333,Indi (TMC) - Ward No.1,ward,GEO_IN_KA_251843,,,
GEO_IN_KA_251990_W26465,Nelamangala (TP) - Ward No.14,ward,GEO_IN_KA_251990,,,
GEO_IN_KA_251905_W28712,Sirsi (Cmc) - Ward No.10,ward,GEO_IN_KA_251905,,,
GEO_IN_KA_276563_W1295953,Shegunashi Tota,ward,GEO_IN_KA_276563,,,
GEO_IN_KA_251899_W28645,Dandeli (Cmc) - Ward No.21,ward,GEO_IN_KA_251899,,,
GEO_IN_KA_251874_W63791,Devadurga (TP) - Ward No.16,ward,GEO_IN_KA_251874,,,
GEO_IN_KA_253188_W3046916,Ward 8,ward,GEO_IN_KA_253188,,,
GEO_IN_KA_251973_W64909,Tumkur (Cmc) - Ward No.27,ward,GEO_IN_KA_251973,,,
GEO_IN_KA_251937_W61499,Hiriyur (TMC) - Ward No.22,ward,GEO_IN_KA_251937,,,
GEO_IN_KA_251831_W25925,Terdal (TP) - Ward No.18,ward,GEO_IN_KA_251831,,,
GEO_IN_KA_251916_W61277,Haveri (Cmc) - Ward No.6,ward,GEO_IN_KA_251916,,,
GEO_IN_KA_251882_W63803,Koppal (Cmc) - Ward No.6,ward,GEO_IN_KA_251882,,,
GEO_IN_KA_276497_W1293422,Ward No-11,ward,GEO_IN_KA_276497,,,
GEO_IN_KA_251992_W26500,Dod Ballapur (Cmc) - Ward No.30,ward,GEO_IN_KA_251992,,,
GEO_IN_KA_251980_W64955,Gudibanda (TP) - Ward No.11,ward,GEO_IN_KA_251980,,,
GEO_IN_KA_251976_W25427,Turuvekere (TP) - Ward No.4,ward,GEO_IN_KA_251976,,,
GEO_IN_KA_251899_W28641,Dandeli (Cmc) - Ward No.17,ward,GEO_IN_KA_251899,,,
GEO_IN_KA_251861_W27373,Shahpur (TMC) - Ward No.6,ward,GEO_IN_KA_251861,,,
GEO_IN_KA_252052_W29097,Tirumakudal - Narsipur (TP) - Ward No.4,ward,GEO_IN_KA_252052,,,
GEO_IN_KA_251881_W27858,Gangawati (Cmc) - Ward No.9,ward,GEO_IN_KA_251881,,,
GEO_IN_KA_252006_W26771,Maddur (TMC) - Ward No.7,ward,GEO_IN_KA_252006,,,
GEO_IN_KA_276600_W1302742,Ward No.70 (Kushal Nagar),ward,GEO_IN_KA_276600,,,
GEO_IN_KA_251937_W61488,Hiriyur (TMC) - Ward No.11,ward,GEO_IN_KA_251937,,,
GEO_IN_KA_251968_W32477,Chiknayakanhalli (TMC) - Ward No.2,ward,GEO_IN_KA_251968,,,
GEO_IN_KA_251982_W946233,Sidlaghatta (TMC) - Ward No.26,ward,GEO_IN_KA_251982,,,
GEO_IN_KA_251829_W25899,Ramdurg (TMC) - Ward No.17,ward,GEO_IN_KA_251829,,,
GEO_IN_KA_251958_W1922632,Karkal (TMC) - Ward No.7,ward,GEO_IN_KA_251958,,,
GEO_IN_KA_299328_W3046830,Ward 6,ward,GEO_IN_KA_299328,,,
GEO_IN_KA_251905_W29933,Sirsi (Cmc) - Ward No.30,ward,GEO_IN_KA_251905,,,
GEO_IN_KA_251960_W31795,Koppa (TP) - Ward No.1,ward,GEO_IN_KA_251960,,,
GEO_IN_KA_251901_W61003,Haliyal (TP) - Ward No.5,ward,GEO_IN_KA_251901,,,
GEO_IN_KA_251979_W25607,Chik Ballapur (Cmc) - Ward No.12,ward,GEO_IN_KA_251979,,,
GEO_IN_KA_301054_W3068542,Ward 8,ward,GEO_IN_KA_301054,,,
GEO_IN_KA_251922_W30442,Hospet (Cmc) - Ward No.22,ward,GEO_IN_KA_251922,,,
GEO_IN_KA_251824_W25509,Belgaum (M Corp.) - Ward No.22,ward,GEO_IN_KA_251824,,,
GEO_IN_KA_276604_W1296255,Ward-3,ward,GEO_IN_KA_276604,,,
GEO_IN_KA_252042_W1920870,Piriyapatna (TP) - Ward No.23,ward,GEO_IN_KA_252042,,,
GEO_IN_KA_251867_W27433,Bidar (Cmc) - Ward No.12,ward,GEO_IN_KA_251867,,,
GEO_IN_KA_276568_W1295668,Ward No.17,ward,GEO_IN_KA_276568,,,
GEO_IN_KA_252050_W65868,Nanjangud (TMC) - Ward No.22,ward,GEO_IN_KA_252050,,,
GEO_IN_KA_276605_W1296245,Ward-13,ward,GEO_IN_KA_276605,,,
GEO_IN_KA_276600_W1302820,Ward No.148 (New Guddadahalli ),ward,GEO_IN_KA_276600,,,
GEO_IN_KA_252055_W29161,Yelandur (TP) - Ward No.3,ward,GEO_IN_KA_252055,,,
GEO_IN_KA_251913_W2446,Bankapura (TMC) - Ward No.17,ward,GEO_IN_KA_251913,,,
GEO_IN_KA_251994_W65105,Devanahalli (TMC) - Ward No.4,ward,GEO_IN_KA_251994,,,
GEO_IN_KA_251815_W24739,Mudalgi (TMC) - Ward No.20,ward,GEO_IN_KA_251815,,,
GEO_IN_KA_276600_W1302732,Ward No.60 (Gayithri Nagar ),ward,GEO_IN_KA_276600,,,
GEO_IN_KA_251846_W26388,Muddebihal (TMC) - Ward No.13,ward,GEO_IN_KA_251846,,,
GEO_IN_KA_251941_W31213,Davanagere (Cmc) - Ward No.32,ward,GEO_IN_KA_251941,,,
GEO_IN_KA_251947_W2443649,Siralkoppa (TP) - Ward No.16,ward,GEO_IN_KA_251947,,,
GEO_IN_KA_251837_W26101,Badami (TP) - Ward No.20,ward,GEO_IN_KA_251837,,,
GEO_IN_KA_251965_W32460,Chikmagalur (Cmc) - Ward No.17,ward,GEO_IN_KA_251965,,,
GEO_IN_KA_251835_W63221,Mudhol (TMC) - Ward No.1,ward,GEO_IN_KA_251835,,,
GEO_IN_KA_251933_W61477,Challakere (TMC) - Ward No.23,ward,GEO_IN_KA_251933,,,
GEO_IN_KA_251838_W26114,Guledgudda (TMC) - Ward No.13,ward,GEO_IN_KA_251838,,,
GEO_IN_KA_251925_W30490,Siruguppa (TP) - Ward No.16,ward,GEO_IN_KA_251925,,,
GEO_IN_KA_252050_W65863,Nanjangud (TMC) - Ward No.17,ward,GEO_IN_KA_252050,,,
GEO_IN_KA_251885_W2178677,Ron (TP) - Ward No - 23,ward,GEO_IN_KA_251885,,,
GEO_IN_KA_251841_W26272,Ilkal (TMC) - Ward No.4,ward,GEO_IN_KA_251841,,,
GEO_IN_KA_251899_W28643,Dandeli (Cmc) - Ward No.19,ward,GEO_IN_KA_251899,,,
GEO_IN_KA_251887_W27955,Naregal (TP) - Ward No.7,ward,GEO_IN_KA_251887,,,
GEO_IN_KA_251838_W26115,Guledgudda (TMC) - Ward No.14,ward,GEO_IN_KA_251838,,,
GEO_IN_KA_252001_W1891752,Krishnarajpet (TP) - Ward No.22,ward,GEO_IN_KA_252001,,,
GEO_IN_KA_251939_W2439969,Ward-26,ward,GEO_IN_KA_251939,,,
GEO_IN_KA_252015_W65652,Hole Narsipur (TMC) - Ward No.5,ward,GEO_IN_KA_252015,,,
GEO_IN_KA_251948_W31300,Shikarpur (TMC) - Ward No.12,ward,GEO_IN_KA_251948,,,
GEO_IN_KA_251849_W930331,Afzalpur (TP) - Ward No.17,ward,GEO_IN_KA_251849,,,
GEO_IN_KA_251916_W69701,Haveri (Cmc) - Ward No.29,ward,GEO_IN_KA_251916,,,
GEO_IN_KA_251841_W26276,Ilkal (TMC) - Ward No.8,ward,GEO_IN_KA_251841,,,
GEO_IN_KA_252045_W28853,Mysore (M Corp.) - Ward No.48,ward,GEO_IN_KA_252045,,,
GEO_IN_KA_252033_W28373,Bantval (TP) - Ward No.1,ward,GEO_IN_KA_252033,,,
GEO_IN_KA_251934_W31085,Chitradurga (Cmc) - Ward No.25,ward,GEO_IN_KA_251934,,,
GEO_IN_KA_252001_W26704,Krishnarajpet (TP) - Ward No.13,ward,GEO_IN_KA_252001,,,
GEO_IN_KA_252001_W26709,Krishnarajpet (TP) - Ward No.18,ward,GEO_IN_KA_252001,,,
GEO_IN_KA_276574_W1295465,Mutnal Galli,ward,GEO_IN_KA_276574,,,
GEO_IN_KA_276600_W1302792,Ward No.120 (Bharathi Nagar ),ward,GEO_IN_KA_276600,,,
GEO_IN_KA_251908_W29974,Siddapur (TP) - Ward No.13,ward,GEO_IN_KA_251908,,,
GEO_IN_KA_276496_W1296429,Ward-12,ward,GEO_IN_KA_276496,,,
GEO_IN_KA_276600_W3290555,Ward No.215(Bilekhalli),ward,GEO_IN_KA_276600,,,
GEO_IN_KA_252038_W28753,Somvarpet (TP) - Ward No.1,ward,GEO_IN_KA_252038,,,
GEO_IN_KA_276534_W1296339,Ward-10,ward,GEO_IN_KA_276534,,,
GEO_IN_KA_251835_W63225,Mudhol (TMC) - Ward No.5,ward,GEO_IN_KA_251835,,,
GEO_IN_KA_252009_W27758,Belur (TMC) - Ward No.12,ward,GEO_IN_KA_252009,,,
GEO_IN_KA_251952_W61541,Bhadravati (Cmc) - Ward No.15,ward,GEO_IN_KA_251952,,,
GEO_IN_KA_251829_W25704,Ramdurg (TMC) - Ward No.1,ward,GEO_IN_KA_251829,,,
GEO_IN_KA_251849_W63466,Afzalpur (TP) - Ward No.3,ward,GEO_IN_KA_251849,,,
GEO_IN_KA_251993_W2440218,Ward-12,ward,GEO_IN_KA_251993,,,
GEO_IN_KA_252012_W65638,Hassan (Cmc) - Ward No.31,ward,GEO_IN_KA_252012,,,
GEO_IN_KA_251907_W61053,Kumta (TMC) - Ward No.21,ward,GEO_IN_KA_251907,,,
GEO_IN_KA_251812_W2440111,Ward-27,ward,GEO_IN_KA_251812,,,
GEO_IN_KA_251972_W25405,Koratagere (TP) - Ward No.8,ward,GEO_IN_KA_251972,,,
GEO_IN_KA_297133_W2440143,Ward-2,ward,GEO_IN_KA_297133,,,
GEO_IN_KA_251833_W26062,Rabkavi-Banhatti (Cmc) - Ward No.25,ward,GEO_IN_KA_251833,,,
GEO_IN_KA_276535_W1296312,Ward-6,ward,GEO_IN_KA_276535,,,
GEO_IN_KA_276583_W1295641,Ward No. 7,ward,GEO_IN_KA_276583,,,
GEO_IN_KA_251890_W60497,Shirhatti (TP) - Ward No.3,ward,GEO_IN_KA_251890,,,
GEO_IN_KA_251878_W27716,Sindhnur (TMC) - Ward No.3,ward,GEO_IN_KA_251878,,,
GEO_IN_KA_251929_W61324,Sandur (TP) - Ward No.2,ward,GEO_IN_KA_251929,,,
GEO_IN_KA_296976_W2440165,Ward-8,ward,GEO_IN_KA_296976,,,
GEO_IN_KA_252033_W28389,Bantval (TP) - Ward No.17,ward,GEO_IN_KA_252033,,,
GEO_IN_KA_251830_W63218,Mahalingpur (TMC) - Ward No.21,ward,GEO_IN_KA_251830,,,
GEO_IN_KA_251982_W25739,Sidlaghatta (TMC) - Ward No.15,ward,GEO_IN_KA_251982,,,
GEO_IN_KA_251862_W7167,Gurmatkal (TP) - Ward No.8,ward,GEO_IN_KA_251862,,,
GEO_IN_KA_251825_W25650,Khanapur (TP) - Ward No.9,ward,GEO_IN_KA_251825,,,
GEO_IN_KA_251926_W30499,Tekkalakote (TP) - Ward No.5,ward,GEO_IN_KA_251926,,,
GEO_IN_KA_276463_W1295922,8-Sree Venkateshwara Temple Ward,ward,GEO_IN_KA_276463,,,
GEO_IN_KA_251863_W63718,Yadgir (TMC) - Ward No.7,ward,GEO_IN_KA_251863,,,
GEO_IN_KA_253188_W3046934,Ward 26,ward,GEO_IN_KA_253188,,,
GEO_IN_KA_251959_W1885968,Sringeri (TP) - Ward No.7,ward,GEO_IN_KA_251959,,,
GEO_IN_KA_251934_W31078,Chitradurga (Cmc) - Ward No.18,ward,GEO_IN_KA_251934,,,
GEO_IN_KA_299183_W3044527,Ward 4,ward,GEO_IN_KA_299183,,,
GEO_IN_KA_252045_W28851,Mysore (M Corp.) - Ward No.46,ward,GEO_IN_KA_252045,,,
GEO_IN_KA_252021_W28216,Mangalore (M Corp.) - Ward No.5,ward,GEO_IN_KA_252021,,,
GEO_IN_KA_299416_W2890366,Ward26,ward,GEO_IN_KA_299416,,,
GEO_IN_KA_251813_W24704,Kudchi (TP) - Ward No.18,ward,GEO_IN_KA_251813,,,
GEO_IN_KA_251972_W1922505,Koratagere (TP) - Ward No.15,ward,GEO_IN_KA_251972,,,
GEO_IN_KA_251845_W26370,Basavana Bagevadi (TP) - Ward No.15,ward,GEO_IN_KA_251845,,,
GEO_IN_KA_251911_W30006,Bhatkal (TMC) - Ward No.14,ward,GEO_IN_KA_251911,,,
GEO_IN_KA_276600_W1302825,Ward No.153 (Padarayanapura),ward,GEO_IN_KA_276600,,,
GEO_IN_KA_276604_W1296270,Ward-18,ward,GEO_IN_KA_276604,,,
GEO_IN_KA_276600_W1303143,Ward No.5 (Kogilu),ward,GEO_IN_KA_276600,,,
GEO_IN_KA_252045_W28837,Mysore (M Corp.) - Ward No.32,ward,GEO_IN_KA_252045,,,
GEO_IN_KA_251930_W30854,Kudligi (TP) - Ward No.18,ward,GEO_IN_KA_251930,,,
GEO_IN_KA_252040_W65718,Virajpet -2 (Devanga Street),ward,GEO_IN_KA_252040,,,
GEO_IN_KA_252035_W28420,Puttur(TMC) - Ward No.16,ward,GEO_IN_KA_252035,,,
GEO_IN_KA_276543_W1295889,Ward-15,ward,GEO_IN_KA_276543,,,
GEO_IN_KA_251814_W24716,Raybag (TP) - Ward No.10,ward,GEO_IN_KA_251814,,,
GEO_IN_KA_252013_W27801,Alur (TP) - Ward No.11,ward,GEO_IN_KA_252013,,,
GEO_IN_KA_251965_W2176850,Chikmagalur-32,ward,GEO_IN_KA_251965,,,
GEO_IN_KA_251919_W30096,Ranibennur (Cmc) - Ward No.19,ward,GEO_IN_KA_251919,,,
GEO_IN_KA_251853_W2144731,Chittapura-15,ward,GEO_IN_KA_251853,,,
GEO_IN_KA_251878_W27827,Sindhnur (TMC) - Ward No.20,ward,GEO_IN_KA_251878,,,
GEO_IN_KA_251980_W64953,Gudibanda (TP) - Ward No.9,ward,GEO_IN_KA_251980,,,
GEO_IN_KA_252010_W27782,Arsikere (TMC) - Ward No.19,ward,GEO_IN_KA_252010,,,
GEO_IN_KA_251868_W27576,Homnabad (TMC) - Ward No.21,ward,GEO_IN_KA_251868,,,
GEO_IN_KA_276579_W1296046,Ward-15,ward,GEO_IN_KA_276579,,,
GEO_IN_KA_296954_W2890392,Ward 10,ward,GEO_IN_KA_296954,,,
GEO_IN_KA_251812_W2440110,Ward-26,ward,GEO_IN_KA_251812,,,
GEO_IN_KA_251818_W24759,Gokak (Cmc) - Ward No.1,ward,GEO_IN_KA_251818,,,
GEO_IN_KA_251848_W26974,Aland (TMC) - Ward No.18,ward,GEO_IN_KA_251848,,,
GEO_IN_KA_251973_W64917,Tumkur (Cmc) - Ward No.35,ward,GEO_IN_KA_251973,,,
GEO_IN_KA_251825_W2440116,Ward-17,ward,GEO_IN_KA_251825,,,
GEO_IN_KA_277668_W3046758,Ward 15,ward,GEO_IN_KA_277668,,,
GEO_IN_KA_252029_W3068758,ward No.18,ward,GEO_IN_KA_252029,,,
GEO_IN_KA_251899_W28651,Dandeli (Cmc) - Ward No.27,ward,GEO_IN_KA_251899,,,
GEO_IN_KA_251824_W25519,Belgaum (M Corp.) - Ward No.32,ward,GEO_IN_KA_251824,,,
GEO_IN_KA_251881_W27861,Gangawati (Cmc) - Ward No.12,ward,GEO_IN_KA_251881,,,
GEO_IN_KA_251922_W30440,Hospet (Cmc) - Ward No.20,ward,GEO_IN_KA_251922,,,
GEO_IN_KA_251844_W63445,Sindgi (TMC) - Ward No.5,ward,GEO_IN_KA_251844,,,
GEO_IN_KA_251809_W24449,Nipani (Cmc) - Ward No.16,ward,GEO_IN_KA_251809,,,
GEO_IN_KA_251983_W25748,Chintamani (Cmc) - Ward No.1,ward,GEO_IN_KA_251983,,,
GEO_IN_KA_251886_W27940,Gajendragarh (TMC) - Ward No.15,ward,GEO_IN_KA_251886,,,
GEO_IN_KA_276578_W1295456,Vidhya Nagar,ward,GEO_IN_KA_276578,,,
GEO_IN_KA_276537_W1296052,Ward No. 5,ward,GEO_IN_KA_276537,,,
GEO_IN_KA_251925_W30481,Siruguppa (TP) - Ward No.7,ward,GEO_IN_KA_251925,,,
GEO_IN_KA_276600_W1302826,Ward No.154 (Rayapuram),ward,GEO_IN_KA_276600,,,
GEO_IN_KA_251978_W2176854,Gauribidanur-24,ward,GEO_IN_KA_251978,,,
GEO_IN_KA_251916_W61276,Haveri (Cmc) - Ward No.5,ward,GEO_IN_KA_251916,,,
GEO_IN_KA_276516_W1296406,Kelageri,ward,GEO_IN_KA_276516,,,
GEO_IN_KA_248127_W27031,Kalaburagi (M Corp.) - Ward No.52,ward,GEO_IN_KA_248127,,,
GEO_IN_KA_251812_W24493,Athni (TMC) - Ward No.6,ward,GEO_IN_KA_251812,,,
GEO_IN_KA_301055_W3068460,ward No.16,ward,GEO_IN_KA_301055,,,
GEO_IN_KA_252052_W1920860,Tirumakudal - Narsipur (TP) - Ward No.22,ward,GEO_IN_KA_252052,,,
GEO_IN_KA_252052_W29101,Tirumakudal - Narsipur (TP) - Ward No.8,ward,GEO_IN_KA_252052,,,
GEO_IN_KA_251924_W61307,Kampli (TMC) - Ward No.9,ward,GEO_IN_KA_251924,,,
GEO_IN_KA_276611_W2179624,Ward-8,ward,GEO_IN_KA_276611,,,
GEO_IN_KA_251984_W1890487,Srinivaspur (TP) - Ward No. 19,ward,GEO_IN_KA_251984,,,
GEO_IN_KA_252035_W28425,Puttur(TMC) - Ward No.21,ward,GEO_IN_KA_252035,,,
GEO_IN_KA_251871_W27625,Lingsugur (TP) - Ward No.7,ward,GEO_IN_KA_251871,,,
GEO_IN_KA_299318_W3287790,Ward No.16,ward,GEO_IN_KA_299318,,,
GEO_IN_KA_299329_W3287832,Ward No.1,ward,GEO_IN_KA_299329,,,
GEO_IN_KA_251979_W25708,Chik Ballapur (Cmc) - Ward No.28,ward,GEO_IN_KA_251979,,,
GEO_IN_KA_252015_W65662,Hole Narsipur (TMC) - Ward No.15,ward,GEO_IN_KA_252015,,,
GEO_IN_KA_251983_W25764,Chintamani (Cmc) - Ward No.17,ward,GEO_IN_KA_251983,,,
GEO_IN_KA_251811_W24480,Chikodi (TMC) - Ward No.16,ward,GEO_IN_KA_251811,,,
GEO_IN_KA_251990_W2176836,Nelmangala-19,ward,GEO_IN_KA_251990,,,
GEO_IN_KA_251864_W27409,Basavakalyan (TMC) - Ward No.15,ward,GEO_IN_KA_251864,,,
GEO_IN_KA_251893_W2890380,Ward80,ward,GEO_IN_KA_251893,,,
GEO_IN_KA_251979_W25599,Chik Ballapur (Cmc) - Ward No.4,ward,GEO_IN_KA_251979,,,
GEO_IN_KA_297131_W2440203,Ward-8,ward,GEO_IN_KA_297131,,,
GEO_IN_KA_276560_W1296380,Somanath Temple,ward,GEO_IN_KA_276560,,,
GEO_IN_KA_276477_W1293410,18-Tulasigeri Galli,ward,GEO_IN_KA_276477,,,
GEO_IN_KA_252034_W28400,Beltangadi (TP) - Ward No.7,ward,GEO_IN_KA_252034,,,
GEO_IN_KA_276522_W1293497,Ward-3,ward,GEO_IN_KA_276522,,,
GEO_IN_KA_252035_W28406,Puttur(TMC) - Ward No.2,ward,GEO_IN_KA_252035,,,
GEO_IN_KA_251865_W63742,Bhalki (TMC) - Ward No.4,ward,GEO_IN_KA_251865,,,
GEO_IN_KA_251893_W28075,Hubli-Dharwad (M Corp.) - Ward No.37,ward,GEO_IN_KA_251893,,,
GEO_IN_KA_252010_W27786,Arsikere (TMC) - Ward No.23,ward,GEO_IN_KA_252010,,,
GEO_IN_KA_251892_W28036,Mundargi (TP) - Ward No.15,ward,GEO_IN_KA_251892,,,
GEO_IN_KA_253132_W29082,Saragur (TP) - Ward No.8,ward,GEO_IN_KA_253132,,,
GEO_IN_KA_299318_W3287794,Ward No.20,ward,GEO_IN_KA_299318,,,
GEO_IN_KA_251977_W25561,Kunigal (TMC) - Ward No.18,ward,GEO_IN_KA_251977,,,
GEO_IN_KA_251933_W61474,Challakere (TMC) - Ward No.20,ward,GEO_IN_KA_251933,,,
GEO_IN_KA_251829_W25889,Ramdurg (TMC) - Ward No.7,ward,GEO_IN_KA_251829,,,
GEO_IN_KA_252036_W1887211,Sulya (TP) - Ward No.12,ward,GEO_IN_KA_252036,,,
GEO_IN_KA_252050_W65867,Nanjangud (TMC) - Ward No.21,ward,GEO_IN_KA_252050,,,
GEO_IN_KA_301080_W3287831,Ward No.12,ward,GEO_IN_KA_301080,,,
GEO_IN_KA_251878_W27718,Sindhnur (TMC) - Ward No.5,ward,GEO_IN_KA_251878,,,
GEO_IN_KA_251964_W61598,Kadur (TMC) - Ward No.22,ward,GEO_IN_KA_251964,,,
GEO_IN_KA_251922_W30436,Hospet (Cmc) - Ward No.16,ward,GEO_IN_KA_251922,,,
GEO_IN_KA_252006_W26767,Maddur (TMC) - Ward No.3,ward,GEO_IN_KA_252006,,,
GEO_IN_KA_276464_W1295910,Ward No.19,ward,GEO_IN_KA_276464,,,
GEO_IN_KA_276541_W1296189,Ward-7,ward,GEO_IN_KA_276541,,,
GEO_IN_KA_251848_W26427,Aland (TMC) - Ward No.6,ward,GEO_IN_KA_251848,,,
GEO_IN_KA_251977_W25440,Kunigal (TMC) - Ward No.3,ward,GEO_IN_KA_251977,,,
GEO_IN_KA_276600_W1302829,Ward No.157 (K R Market ),ward,GEO_IN_KA_276600,,,
GEO_IN_KA_276516_W1296405,Goudar Oni,ward,GEO_IN_KA_276516,,,
GEO_IN_KA_276544_W1296204,Nadagoudar Oni,ward,GEO_IN_KA_276544,,,
GEO_IN_KA_251977_W25553,Kunigal (TMC) - Ward No.14,ward,GEO_IN_KA_251977,,,
GEO_IN_KA_251951_W31732,Shimoga (Cmc) - Ward No.25,ward,GEO_IN_KA_251951,,,
GEO_IN_KA_297133_W2440148,Ward-7,ward,GEO_IN_KA_297133,,,
GEO_IN_KA_252010_W27776,Arsikere (TMC) - Ward No.13,ward,GEO_IN_KA_252010,,,
GEO_IN_KA_252056_W29202,Kollegal (Cmc) - Ward No.17,ward,GEO_IN_KA_252056,,,
GEO_IN_KA_276600_W1302696,Ward No. 24 (Hegganahalli),ward,GEO_IN_KA_276600,,,
GEO_IN_KA_252002_W26722,Nagamangala (TP) - Ward No.13,ward,GEO_IN_KA_252002,,,
GEO_IN_KA_251926_W30501,Tekkalakote (TP) - Ward No.7,ward,GEO_IN_KA_251926,,,
GEO_IN_KA_251868_W27578,Homnabad (TMC) - Ward No.23,ward,GEO_IN_KA_251868,,,
GEO_IN_KA_251903_W28688,Yellapur (TP) - Ward No.1,ward,GEO_IN_KA_251903,,,
GEO_IN_KA_251938_W31135,Harihar (Cmc) - Ward No.8,ward,GEO_IN_KA_251938,,,
GEO_IN_KA_276544_W1296212,Jettingray Nagar,ward,GEO_IN_KA_276544,,,
GEO_IN_KA_276600_W1302844,Ward No.172 (Agaram),ward,GEO_IN_KA_276600,,,
GEO_IN_KA_251927_W30827,Bellary (Cmc) - Ward No.26,ward,GEO_IN_KA_251927,,,
GEO_IN_KA_251964_W61590,Kadur (TMC) - Ward No.14,ward,GEO_IN_KA_251964,,,
GEO_IN_KA_251909_W29982,Honavar (TP) - Ward No.8,ward,GEO_IN_KA_251909,,,
GEO_IN_KA_252004_W26752,Shrirangapattana (TMC) - Ward No.11,ward,GEO_IN_KA_252004,,,
GEO_IN_KA_251993_W2440239,Ward-33,ward,GEO_IN_KA_251993,,,
GEO_IN_KA_301082_W3068501,Ward 11,ward,GEO_IN_KA_301082,,,
GEO_IN_KA_276600_W1302812,Ward No.140 (Maruthi Mandir ward ),ward,GEO_IN_KA_276600,,,
GEO_IN_KA_251969_W25343,Sira (TMC) - Ward No.11,ward,GEO_IN_KA_251969,,,
GEO_IN_KA_276600_W1302775,Ward No.103 (White Field ),ward,GEO_IN_KA_276600,,,
GEO_IN_KA_251900_W28664,Karwar (Cmc) - Ward No.9,ward,GEO_IN_KA_251900,,,
GEO_IN_KA_251816_W1884218,Konnur (TP) - Ward No.19,ward,GEO_IN_KA_251816,,,
GEO_IN_KA_251900_W28659,Karwar (Cmc) - Ward No.4,ward,GEO_IN_KA_251900,,,
GEO_IN_KA_252018_W65693,Mudbidri (TMC) - Ward No.23,ward,GEO_IN_KA_252018,,,
GEO_IN_KA_276532_W1295872,Ward-21,ward,GEO_IN_KA_276532,,,
GEO_IN_KA_299329_W3287841,Ward No.10,ward,GEO_IN_KA_299329,,,
GEO_IN_KA_251921_W30115,Hoovina Hadagalli (TP) - Ward No.6,ward,GEO_IN_KA_251921,,,
GEO_IN_KA_252040_W65719,Virajpet-3 (Aarsu Nagar),ward,GEO_IN_KA_252040,,,
GEO_IN_KA_251922_W30433,Hospet (Cmc) - Ward No.13,ward,GEO_IN_KA_251922,,,
GEO_IN_KA_251983_W25759,Chintamani (Cmc) - Ward No.12,ward,GEO_IN_KA_251983,,,
GEO_IN_KA_276537_W1296070,Ward No.23,ward,GEO_IN_KA_276537,,,
GEO_IN_KA_251918_W1889347,Hirekerur (TP) - Ward No.17,ward,GEO_IN_KA_251918,,,
GEO_IN_KA_251837_W1724042,Badami (TP) - Ward No. 23,ward,GEO_IN_KA_251837,,,
GEO_IN_KA_251810_W63195,Sadalgi (TP) - Ward No.14,ward,GEO_IN_KA_251810,,,
GEO_IN_KA_251993_W2440215,Ward-9,ward,GEO_IN_KA_251993,,,
GEO_IN_KA_251951_W31353,Shimoga (Cmc) - Ward No.17,ward,GEO_IN_KA_251951,,,
GEO_IN_KA_276555_W1294252,Ward-1,ward,GEO_IN_KA_276555,,,
GEO_IN_KA_251855_W27345,Shahabad (TMC) - Ward No.18,ward,GEO_IN_KA_251855,,,
GEO_IN_KA_251977_W25547,Kunigal (TMC) - Ward No.11,ward,GEO_IN_KA_251977,,,
GEO_IN_KA_251943_W31231,Channagiri (TP) - Ward No.2,ward,GEO_IN_KA_251943,,,
GEO_IN_KA_251853_W27042,Chitapur (TP) - Ward No.4,ward,GEO_IN_KA_251853,,,
GEO_IN_KA_276600_W1302862,Ward No.190 (Devagiri Temple Ward ),ward,GEO_IN_KA_276600,,,
GEO_IN_KA_251992_W26497,Dod Ballapur (Cmc) - Ward No.27,ward,GEO_IN_KA_251992,,,
GEO_IN_KA_251814_W24710,Raybag (TP) - Ward No.4,ward,GEO_IN_KA_251814,,,
GEO_IN_KA_276519_W1293439,Ward-9,ward,GEO_IN_KA_276519,,,
GEO_IN_KA_251976_W25434,Turuvekere (TP) - Ward No.11,ward,GEO_IN_KA_251976,,,
GEO_IN_KA_251917_W30060,Byadgi (TMC) - Ward No.20,ward,GEO_IN_KA_251917,,,
GEO_IN_KA_251825_W25649,Khanapur (TP) - Ward No.8,ward,GEO_IN_KA_251825,,,
GEO_IN_KA_253130_W29187,Kollegal (Cmc) - Ward No.9,ward,GEO_IN_KA_253130,,,
GEO_IN_KA_251968_W32476,Chiknayakanhalli (TMC) - Ward No.1,ward,GEO_IN_KA_251968,,,
GEO_IN_KA_251942_W2178659,Honnali-17,ward,GEO_IN_KA_251942,,,
GEO_IN_KA_251855_W27348,Shahabad (TMC) - Ward No.21,ward,GEO_IN_KA_251855,,,
GEO_IN_KA_251899_W28646,Dandeli (Cmc) - Ward No.22,ward,GEO_IN_KA_251899,,,
GEO_IN_KA_251978_W25576,Gauribidanur (TMC) - Ward No.4,ward,GEO_IN_KA_251978,,,
GEO_IN_KA_251838_W26107,Guledgudda (TMC) - Ward No.6,ward,GEO_IN_KA_251838,,,
GEO_IN_KA_252001_W1891750,Krishnarajpet (TP) - Ward No.20,ward,GEO_IN_KA_252001,,,
GEO_IN_KA_251876_W27666,Raichur (Cmc) - Ward No.11,ward,GEO_IN_KA_251876,,,
GEO_IN_KA_251832_W25938,Jamkhandi (TMC) - Ward No.11,ward,GEO_IN_KA_251832,,,
GEO_IN_KA_276534_W1296338,Ward-9,ward,GEO_IN_KA_276534,,,
GEO_IN_KA_251937_W61498,Hiriyur (TMC) - Ward No.21,ward,GEO_IN_KA_251937,,,
GEO_IN_KA_251840_W1723950,Hungund (TP) - Ward No.23,ward,GEO_IN_KA_251840,,,
GEO_IN_KA_299416_W2890362,Ward22,ward,GEO_IN_KA_299416,,,
GEO_IN_KA_276516_W1296416,Laxmi Gudi Area (Parsanahalli-2),ward,GEO_IN_KA_276516,,,
GEO_IN_KA_251985_W65075,Kolar (Cmc) - Ward No.28,ward,GEO_IN_KA_251985,,,
GEO_IN_KA_252045_W28812,Mysore (M Corp.) - Ward No.7,ward,GEO_IN_KA_252045,,,
GEO_IN_KA_276559_W1296161,Adarsha Nagar,ward,GEO_IN_KA_276559,,,
GEO_IN_KA_251934_W31087,Chitradurga (Cmc) - Ward No.27,ward,GEO_IN_KA_251934,,,
GEO_IN_KA_251819_W25450,Sankeshwar (TMC) - Ward No.7,ward,GEO_IN_KA_251819,,,
GEO_IN_KA_251953_W1922585,Kundapura (TMC) - Ward No.22,ward,GEO_IN_KA_251953,,,
GEO_IN_KA_276600_W1302869,Ward No.197 (Srinagar),ward,GEO_IN_KA_276600,,,
GEO_IN_KA_251841_W26278,Ilkal (TMC) - Ward No.10,ward,GEO_IN_KA_251841,,,
GEO_IN_KA_276477_W1293402,10- Tulasigeri Toata,ward,GEO_IN_KA_276477,,,
GEO_IN_KA_276602_W1923186,Belluru (TP) - Ward No.3,ward,GEO_IN_KA_276602,,,
GEO_IN_KA_299317_W3044538,Ward 4,ward,GEO_IN_KA_299317,,,
GEO_IN_KA_251830_W63206,Mahalingpur (TMC) - Ward No.9,ward,GEO_IN_KA_251830,,,
GEO_IN_KA_251905_W29930,Sirsi (Cmc) - Ward No.27,ward,GEO_IN_KA_251905,,,
GEO_IN_KA_251919_W30097,Ranibennur (Cmc) - Ward No.20,ward,GEO_IN_KA_251919,,,
GEO_IN_KA_252010_W27764,Arsikere (TMC) - Ward No.1,ward,GEO_IN_KA_252010,,,
GEO_IN_KA_251814_W1866252,Raybag (TP) - Ward No.16,ward,GEO_IN_KA_251814,,,
GEO_IN_KA_251969_W25348,Sira (TMC) - Ward No.16,ward,GEO_IN_KA_251969,,,
GEO_IN_KA_251906_W29953,Ankola (TP) - Ward No.11,ward,GEO_IN_KA_251906,,,
GEO_IN_KA_252035_W28429,Puttur(TMC) - Ward No.25,ward,GEO_IN_KA_252035,,,
GEO_IN_KA_251994_W65103,Devanahalli (TMC) - Ward No.2,ward,GEO_IN_KA_251994,,,
GEO_IN_KA_251929_W61337,Sandur (TP) - Ward No.15,ward,GEO_IN_KA_251929,,,
GEO_IN_KA_301079_W3068525,Ward 7,ward,GEO_IN_KA_301079,,,
GEO_IN_KA_251948_W31298,Shikarpur (TMC) - Ward No.10,ward,GEO_IN_KA_251948,,,
GEO_IN_KA_251985_W64966,Kolar (Cmc) - Ward No.11,ward,GEO_IN_KA_251985,,,
GEO_IN_KA_252005_W65555,Mandya (Cmc) - Ward No.6,ward,GEO_IN_KA_252005,,,
GEO_IN_KA_251881_W27869,Gangawati (Cmc) - Ward No.20,ward,GEO_IN_KA_251881,,,
GEO_IN_KA_252029_W3068762,ward No.22,ward,GEO_IN_KA_252029,,,
GEO_IN_KA_276600_W1302720,Ward No.48 (Mahalakshmipuram),ward,GEO_IN_KA_276600,,,
GEO_IN_KA_251827_W25678,Bail Hongal (TMC) - Ward No.21,ward,GEO_IN_KA_251827,,,
GEO_IN_KA_251862_W2146591,Gurmatkal-18,ward,GEO_IN_KA_251862,,,
GEO_IN_KA_276526_W1293486,Ward No.15,ward,GEO_IN_KA_276526,,,
GEO_IN_KA_251979_W25604,Chik Ballapur (Cmc) - Ward No.9,ward,GEO_IN_KA_251979,,,
GEO_IN_KA_252036_W28438,Sulya (TP) - Ward No.7,ward,GEO_IN_KA_252036,,,
GEO_IN_KA_252042_W1920866,Piriyapatna (TP) - Ward No.19,ward,GEO_IN_KA_252042,,,
GEO_IN_KA_251941_W31194,Davanagere (Cmc) - Ward No.13,ward,GEO_IN_KA_251941,,,
GEO_IN_KA_251884_W27887,Nargund (TMC) - Ward No.5,ward,GEO_IN_KA_251884,,,
GEO_IN_KA_251979_W25601,Chik Ballapur (Cmc) - Ward No.6,ward,GEO_IN_KA_251979,,,
GEO_IN_KA_251827_W923093,Bail Hongal(TMC) - Ward No 27,ward,GEO_IN_KA_251827,,,
GEO_IN_KA_251955_W31767,Udupi (Cmc) - Ward No.21,ward,GEO_IN_KA_251955,,,
GEO_IN_KA_276522_W1293508,Ward-14,ward,GEO_IN_KA_276522,,,
GEO_IN_KA_251878_W27824,Sindhnur (TMC) - Ward No.17,ward,GEO_IN_KA_251878,,,
GEO_IN_KA_252051_W65893,Bannur (TMC) - Ward No.20,ward,GEO_IN_KA_252051,,,
GEO_IN_KA_251943_W31237,Channagiri (TP) - Ward No.8,ward,GEO_IN_KA_251943,,,
GEO_IN_KA_251996_W65125,Magadi (TMC) - Ward No.1,ward,GEO_IN_KA_251996,,,
GEO_IN_KA_251958_W31793,Karkal (TMC) - Ward No.5,ward,GEO_IN_KA_251958,,,
GEO_IN_KA_251863_W63722,Yadgir (TMC) - Ward No.11,ward,GEO_IN_KA_251863,,,
GEO_IN_KA_251924_W61309,Kampli (TMC) - Ward No.11,ward,GEO_IN_KA_251924,,,
GEO_IN_KA_251932_W1886157,Molakalmuru (TP) - Ward No.16,ward,GEO_IN_KA_251932,,,
GEO_IN_KA_251830_W63214,Mahalingpur (TMC) - Ward No.17,ward,GEO_IN_KA_251830,,,
GEO_IN_KA_301079_W3068531,Ward 13,ward,GEO_IN_KA_301079,,,
GEO_IN_KA_252005_W65578,Mandya (Cmc) - Ward No.29,ward,GEO_IN_KA_252005,,,
GEO_IN_KA_251888_W27998,Gadag-Betigeri (Cmc) - Ward No.35,ward,GEO_IN_KA_251888,,,
GEO_IN_KA_251893_W28094,Hubli-Dharwad (M Corp.) - Ward No.56,ward,GEO_IN_KA_251893,,,
GEO_IN_KA_251893_W28088,Hubli-Dharwad (M Corp.) - Ward No.50,ward,GEO_IN_KA_251893,,,
GEO_IN_KA_296976_W2440158,Ward-1,ward,GEO_IN_KA_296976,,,
GEO_IN_KA_276521_W1293465,Ward-12,ward,GEO_IN_KA_276521,,,
GEO_IN_KA_251842_W2440263,Ward-22,ward,GEO_IN_KA_251842,,,
GEO_IN_KA_276600_W1302840,Ward No.168 (Nilasandra),ward,GEO_IN_KA_276600,,,
GEO_IN_KA_252040_W65721,Virajpet-5 (Mogaragalli),ward,GEO_IN_KA_252040,,,
GEO_IN_KA_251975_W64938,Tiptur (TMC) - Ward No.21,ward,GEO_IN_KA_251975,,,
GEO_IN_KA_251960_W31800,Koppa (TP) - Ward No.6,ward,GEO_IN_KA_251960,,,
GEO_IN_KA_276600_W3290564,Ward No.224(Hosa Road ),ward,GEO_IN_KA_276600,,,
GEO_IN_KA_276516_W1296409,Hiltop Calony,ward,GEO_IN_KA_276516,,,
GEO_IN_KA_252056_W2959,Kollegal (Cmc) - Ward No.28,ward,GEO_IN_KA_252056,,,
GEO_IN_KA_248127_W27013,Kalaburagi (M Corp.) - Ward No.34,ward,GEO_IN_KA_248127,,,
GEO_IN_KA_251951_W31341,Shimoga (Cmc) - Ward No.5,ward,GEO_IN_KA_251951,,,
GEO_IN_KA_251876_W27661,Raichur (Cmc) - Ward No.6,ward,GEO_IN_KA_251876,,,
GEO_IN_KA_251839_W26131,Bagalkot (Cmc) - Ward No.7,ward,GEO_IN_KA_251839,,,
GEO_IN_KA_251838_W26112,Guledgudda (TMC) - Ward No.11,ward,GEO_IN_KA_251838,,,
GEO_IN_KA_251924_W61315,Kampli (TMC) - Ward No.17,ward,GEO_IN_KA_251924,,,
GEO_IN_KA_252009_W27749,Belur (TMC) - Ward No.3,ward,GEO_IN_KA_252009,,,
GEO_IN_KA_251881_W27878,Gangawati (Cmc) - Ward No.29,ward,GEO_IN_KA_251881,,,
GEO_IN_KA_251973_W64913,Tumkur (Cmc) - Ward No.31,ward,GEO_IN_KA_251973,,,
GEO_IN_KA_251901_W61015,Haliyal (TP) - Ward No.17,ward,GEO_IN_KA_251901,,,
GEO_IN_KA_251847_W26417,Talikota (TMC) - Ward No.19,ward,GEO_IN_KA_251847,,,
GEO_IN_KA_276539_W1296101,Ward 8- Bhuvaneshwari Nagara,ward,GEO_IN_KA_276539,,,
GEO_IN_KA_252012_W65632,Hassan (Cmc) - Ward No.25,ward,GEO_IN_KA_252012,,,
GEO_IN_KA_251953_W61569,Kundapura (TMC) - Ward No.8,ward,GEO_IN_KA_251953,,,
GEO_IN_KA_251979_W25610,Chik Ballapur (Cmc) - Ward No.15,ward,GEO_IN_KA_251979,,,
GEO_IN_KA_251878_W27832,Sindhnur (TMC) - Ward No.25,ward,GEO_IN_KA_251878,,,
GEO_IN_KA_251963_W32428,Birur (TMC) - Ward No.8,ward,GEO_IN_KA_251963,,,
GEO_IN_KA_251847_W26410,Talikota (TMC) - Ward No.12,ward,GEO_IN_KA_251847,,,
GEO_IN_KA_252015_W65664,Hole Narsipur (TMC) - Ward No.17,ward,GEO_IN_KA_252015,,,
GEO_IN_KA_251996_W65163,Magadi (TMC) - Ward No.20,ward,GEO_IN_KA_251996,,,
GEO_IN_KA_252037_W28747,"Madikeri-18(Junior College Road,Forest Ranger Quarters Area,Part Of Raghavendra Temple Road)",ward,GEO_IN_KA_252037,,,
GEO_IN_KA_252035_W28410,Puttur(TMC) - Ward No.6,ward,GEO_IN_KA_252035,,,
GEO_IN_KA_301081_W3068478,Ward 11,ward,GEO_IN_KA_301081,,,
GEO_IN_KA_251824_W25629,Belgaum (M Corp.) - Ward No.53,ward,GEO_IN_KA_251824,,,
GEO_IN_KA_276565_W1296072,G Quater South Side,ward,GEO_IN_KA_276565,,,
GEO_IN_KA_251891_W27999,Lakshmeshwar (TMC) - Ward No.1,ward,GEO_IN_KA_251891,,,
GEO_IN_KA_252008_W27746,Sakleshpur (TMC) - Ward No.23,ward,GEO_IN_KA_252008,,,
GEO_IN_KA_252037_W28742,"Madikeri-13(Gt Circle,Temple Road,Chamraj Villa,Jayanagar,Murnad Road)",ward,GEO_IN_KA_252037,,,
GEO_IN_KA_251831_W25918,Terdal (TP) - Ward No.11,ward,GEO_IN_KA_251831,,,
GEO_IN_KA_276600_W1302760,Ward No.88 (Kalkere),ward,GEO_IN_KA_276600,,,
GEO_IN_KA_251855_W27347,Shahabad (TMC) - Ward No.20,ward,GEO_IN_KA_251855,,,
GEO_IN_KA_276555_W1294255,Ward-4,ward,GEO_IN_KA_276555,,,
GEO_IN_KA_251942_W31222,Honnali (TP) - Ward No.6,ward,GEO_IN_KA_251942,,,
GEO_IN_KA_251860_W63711,Bhimarayanagudi (Nac) - Ward No.1,ward,GEO_IN_KA_251860,,,
GEO_IN_KA_251814_W1866254,Raybag (TP) - Ward No.18,ward,GEO_IN_KA_251814,,,
GEO_IN_KA_276600_W3290539,Ward No.199(Vidyapeeta ward ),ward,GEO_IN_KA_276600,,,
GEO_IN_KA_252006_W26780,Maddur (TMC) - Ward No.16,ward,GEO_IN_KA_252006,,,
GEO_IN_KA_251828_W25694,Saundatti-Yellamma (TMC) - Ward No.14,ward,GEO_IN_KA_251828,,,
GEO_IN_KA_276577_W1295630,Ward No.12,ward,GEO_IN_KA_276577,,,
GEO_IN_KA_248127_W27000,Kalaburagi (M Corp.) - Ward No.21,ward,GEO_IN_KA_248127,,,
GEO_IN_KA_276601_W1296293,Ward-5,ward,GEO_IN_KA_276601,,,
GEO_IN_KA_251853_W2144737,Chittapura-21,ward,GEO_IN_KA_251853,,,
GEO_IN_KA_251877_W27713,Manvi (TMC) - Ward No.23,ward,GEO_IN_KA_251877,,,
GEO_IN_KA_276526_W1293488,Ward No.17,ward,GEO_IN_KA_276526,,,
GEO_IN_KA_251962_W2179091,Tarikrere-23,ward,GEO_IN_KA_251962,,,
GEO_IN_KA_251919_W30088,Ranibennur (Cmc) - Ward No.11,ward,GEO_IN_KA_251919,,,
GEO_IN_KA_276604_W1296256,Ward-4,ward,GEO_IN_KA_276604,,,
GEO_IN_KA_251896_W28128,Annigeri (TMC) - Ward No.8,ward,GEO_IN_KA_251896,,,
GEO_IN_KA_251882_W63805,Koppal (Cmc) - Ward No.8,ward,GEO_IN_KA_251882,,,
GEO_IN_KA_251828_W25693,Saundatti-Yellamma (TMC) - Ward No.13,ward,GEO_IN_KA_251828,,,
GEO_IN_KA_251963_W32439,Birur (TMC) - Ward No.19,ward,GEO_IN_KA_251963,,,
GEO_IN_KA_251900_W28662,Karwar (Cmc) - Ward No.7,ward,GEO_IN_KA_251900,,,
GEO_IN_KA_296975_W2179290,Madanayakanahalli-12,ward,GEO_IN_KA_296975,,,
GEO_IN_KA_251981_W25720,Bagepalli (TP) - Ward No.9,ward,GEO_IN_KA_251981,,,
GEO_IN_KA_251913_W30017,Bankapura (TMC) - Ward No.1,ward,GEO_IN_KA_251913,,,
GEO_IN_KA_251898_W28152,Kundgol (TP) - Ward No.4,ward,GEO_IN_KA_251898,,,
GEO_IN_KA_251979_W25606,Chik Ballapur (Cmc) - Ward No.11,ward,GEO_IN_KA_251979,,,
GEO_IN_KA_251844_W63450,Sindgi (TMC) - Ward No.10,ward,GEO_IN_KA_251844,,,
GEO_IN_KA_276578_W1295454,Katti Oni,ward,GEO_IN_KA_276578,,,
GEO_IN_KA_251943_W2178627,Channagiri (TP) - Ward No.16,ward,GEO_IN_KA_251943,,,
GEO_IN_KA_299180_W3044573,Ward 12,ward,GEO_IN_KA_299180,,,
GEO_IN_KA_251958_W31790,Karkal (TMC) - Ward No.2,ward,GEO_IN_KA_251958,,,
GEO_IN_KA_251876_W27658,Raichur (Cmc) - Ward No.3,ward,GEO_IN_KA_251876,,,
GEO_IN_KA_276519_W1293450,Ward-20,ward,GEO_IN_KA_276519,,,
GEO_IN_KA_251898_W28150,Kundgol (TP) - Ward No.2,ward,GEO_IN_KA_251898,,,
GEO_IN_KA_251947_W1921830,Siralkoppa (TP) - Ward No.15,ward,GEO_IN_KA_251947,,,
GEO_IN_KA_251841_W1723823,IIkal (TMC) - Ward No.29,ward,GEO_IN_KA_251841,,,
GEO_IN_KA_276523_W1293522,Ward-12,ward,GEO_IN_KA_276523,,,
GEO_IN_KA_251971_W25383,Madhugiri (TMC) - Ward No.9,ward,GEO_IN_KA_251971,,,
GEO_IN_KA_301079_W3068519,Ward 1,ward,GEO_IN_KA_301079,,,
GEO_IN_KA_251955_W31772,Udupi (Cmc) - Ward No.26,ward,GEO_IN_KA_251955,,,
GEO_IN_KA_251876_W27688,Raichur (Cmc) - Ward No.33,ward,GEO_IN_KA_251876,,,
GEO_IN_KA_251841_W1723824,IIkal (TMC) - Ward No.30,ward,GEO_IN_KA_251841,,,
GEO_IN_KA_251859_W63703,Shorapur (TMC) - Ward No.17,ward,GEO_IN_KA_251859,,,
GEO_IN_KA_299320_W3044614,Ward 18,ward,GEO_IN_KA_299320,,,
GEO_IN_KA_252037_W28740,"Madikeri-11(Gowil Street Right Wing,Rajaseat Road,Part Of Racecourse Road-11)",ward,GEO_IN_KA_252037,,,
GEO_IN_KA_251893_W28070,Hubli-Dharwad (M Corp.) - Ward No.32,ward,GEO_IN_KA_251893,,,
GEO_IN_KA_251975_W2146696,Tiptur (TMC) - Ward No.28,ward,GEO_IN_KA_251975,,,
GEO_IN_KA_276574_W1295472,Killedar Oni,ward,GEO_IN_KA_276574,,,
GEO_IN_KA_251837_W26089,Badami (TP) - Ward No.8,ward,GEO_IN_KA_251837,,,
GEO_IN_KA_252043_W65842,Hunsur (TMC) - Ward No.21,ward,GEO_IN_KA_252043,,,
GEO_IN_KA_251985_W64961,Kolar (Cmc) - Ward No.6,ward,GEO_IN_KA_251985,,,
GEO_IN_KA_276541_W1296184,Ward-2,ward,GEO_IN_KA_276541,,,
GEO_IN_KA_276600_W1303152,Ward No.14 (Kuvempu Nagar),ward,GEO_IN_KA_276600,,,
GEO_IN_KA_251844_W63452,Sindgi (TMC) - Ward No.12,ward,GEO_IN_KA_251844,,,
GEO_IN_KA_251909_W29987,Honavar (TP) - Ward No.13,ward,GEO_IN_KA_251909,,,
GEO_IN_KA_251983_W25751,Chintamani (Cmc) - Ward No.4,ward,GEO_IN_KA_251983,,,
GEO_IN_KA_251945_W31258,Sagar (TMC) - Ward No.10,ward,GEO_IN_KA_251945,,,
GEO_IN_KA_252009_W3336,Belur (TMC) - Ward No.23,ward,GEO_IN_KA_252009,,,
GEO_IN_KA_251945_W1921876,Sagar (TMC) - Ward no.29,ward,GEO_IN_KA_251945,,,
GEO_IN_KA_251958_W1922637,Karkal (TMC) - Ward No.12,ward,GEO_IN_KA_251958,,,
GEO_IN_KA_252005_W65572,Mandya (Cmc) - Ward No.23,ward,GEO_IN_KA_252005,,,
GEO_IN_KA_251840_W1723948,Hungund (TP) - Ward No.21,ward,GEO_IN_KA_251840,,,
GEO_IN_KA_253185_W26576,Channapatna - Ward No.3,ward,GEO_IN_KA_253185,,,
GEO_IN_KA_252037_W28730,Madikeri-1(Vidya Nagar),ward,GEO_IN_KA_252037,,,
GEO_IN_KA_252005_W65576,Mandya (Cmc) - Ward No.27,ward,GEO_IN_KA_252005,,,
GEO_IN_KA_251992_W26491,Dod Ballapur (Cmc) - Ward No.21,ward,GEO_IN_KA_251992,,,
GEO_IN_KA_251940_W61502,Jagalur (TP) - Ward No.2,ward,GEO_IN_KA_251940,,,
GEO_IN_KA_276565_W1296085,Renuka Nagar,ward,GEO_IN_KA_276565,,,
GEO_IN_KA_251882_W1891304,Koppal (Cmc) - Ward No.15,ward,GEO_IN_KA_251882,,,
GEO_IN_KA_252016_W28182,Channarayapatna (TMC) - Ward No.12,ward,GEO_IN_KA_252016,,,
GEO_IN_KA_251847_W26412,Talikota (TMC) - Ward No.14,ward,GEO_IN_KA_251847,,,
GEO_IN_KA_252005_W65566,Mandya (Cmc) - Ward No.17,ward,GEO_IN_KA_252005,,,
GEO_IN_KA_251858_W1889532,Jevargi (TP) -Ward No.23,ward,GEO_IN_KA_251858,,,
GEO_IN_KA_276572_W1296231,Taggargod - 1,ward,GEO_IN_KA_276572,,,
GEO_IN_KA_276523_W1293516,Ward-6,ward,GEO_IN_KA_276523,,,
GEO_IN_KA_251898_W28162,Kundgol (TP) - Ward No.14,ward,GEO_IN_KA_251898,,,
GEO_IN_KA_253188_W3046927,Ward 19,ward,GEO_IN_KA_253188,,,
GEO_IN_KA_276568_W1295656,Ward No. 5,ward,GEO_IN_KA_276568,,,
GEO_IN_KA_251933_W61471,Challakere (TMC) - Ward No.17,ward,GEO_IN_KA_251933,,,
GEO_IN_KA_251879_W63795,Yelbarga (TP) - Ward No.2,ward,GEO_IN_KA_251879,,,
GEO_IN_KA_251983_W25749,Chintamani (Cmc) - Ward No.2,ward,GEO_IN_KA_251983,,,
GEO_IN_KA_276516_W1296399,Sonnad Area,ward,GEO_IN_KA_276516,,,
GEO_IN_KA_251852_W63503,Sedam (TMC) - Ward No.20,ward,GEO_IN_KA_251852,,,
GEO_IN_KA_251938_W31148,Harihar (Cmc) - Ward No.21,ward,GEO_IN_KA_251938,,,
GEO_IN_KA_252053_W29123,Gundlupet (TMC) - Ward No.19,ward,GEO_IN_KA_252053,,,
GEO_IN_KA_252053_W29107,Gundlupet (TMC) - Ward No.3,ward,GEO_IN_KA_252053,,,
GEO_IN_KA_252005_W65577,Mandya (Cmc) - Ward No.28,ward,GEO_IN_KA_252005,,,
GEO_IN_KA_251855_W27342,Shahabad (TMC) - Ward No.15,ward,GEO_IN_KA_251855,,,
GEO_IN_KA_251941_W31185,Davanagere (Cmc) - Ward No.4,ward,GEO_IN_KA_251941,,,
GEO_IN_KA_251982_W25737,Sidlaghatta (TMC) - Ward No.13,ward,GEO_IN_KA_251982,,,
GEO_IN_KA_251861_W27388,Shahpur (TMC) - Ward No.21,ward,GEO_IN_KA_251861,,,
GEO_IN_KA_251814_W24718,Raybag (TP) - Ward No.12,ward,GEO_IN_KA_251814,,,
GEO_IN_KA_276463_W1295933,19-Sree Maramma(Patalamma) Temple Ward,ward,GEO_IN_KA_276463,,,
GEO_IN_KA_251913_W2432,Bankapura (TMC) - Ward No.3,ward,GEO_IN_KA_251913,,,
GEO_IN_KA_276542_W1295813,Nayakanahatty-7,ward,GEO_IN_KA_276542,,,
GEO_IN_KA_251970_W25373,Pavagada (TP) - Ward No.18,ward,GEO_IN_KA_251970,,,
GEO_IN_KA_252027_W1887746,Ullal (TP) - Ward No.23,ward,GEO_IN_KA_252027,,,
GEO_IN_KA_252042_W28780,Piriyapatna (TP) - Ward No.11,ward,GEO_IN_KA_252042,,,
GEO_IN_KA_252003_W26737,Pandavapura (TP) - Ward No.13,ward,GEO_IN_KA_252003,,,
GEO_IN_KA_253188_W3046912,Ward 4,ward,GEO_IN_KA_253188,,,
GEO_IN_KA_276558_W1296171,Vittal Mandir,ward,GEO_IN_KA_276558,,,
GEO_IN_KA_251922_W30453,Hospet (Cmc) - Ward No.33,ward,GEO_IN_KA_251922,,,
GEO_IN_KA_252021_W28252,Mangalore (M Corp.) - Ward No.41,ward,GEO_IN_KA_252021,,,
GEO_IN_KA_276583_W1295643,Ward No. 9,ward,GEO_IN_KA_276583,,,
GEO_IN_KA_276578_W2182433,Ward-17,ward,GEO_IN_KA_276578,,,
GEO_IN_KA_252036_W28435,Sulya (TP) - Ward No.4,ward,GEO_IN_KA_252036,,,
GEO_IN_KA_252018_W65674,Mudbidri (TMC) - Ward No.4,ward,GEO_IN_KA_252018,,,
GEO_IN_KA_251951_W31734,Shimoga (Cmc) - Ward No.27,ward,GEO_IN_KA_251951,,,
GEO_IN_KA_251878_W27820,Sindhnur (TMC) - Ward No.13,ward,GEO_IN_KA_251878,,,
GEO_IN_KA_251865_W1884767,Bhalki (TMC) - Ward no.24,ward,GEO_IN_KA_251865,,,
GEO_IN_KA_253189_W25884,Bangalore (M Corp.) - Ward No.2,ward,GEO_IN_KA_253189,,,
GEO_IN_KA_251962_W32418,Tarikere (TP) - Ward No.18,ward,GEO_IN_KA_251962,,,
GEO_IN_KA_251885_W27915,Ron (TP) - Ward No.10,ward,GEO_IN_KA_251885,,,
GEO_IN_KA_251914_W61265,Savanur (TMC) - Ward No.17,ward,GEO_IN_KA_251914,,,
GEO_IN_KA_252007_W65585,Malavalli (TMC) - Ward No.1,ward,GEO_IN_KA_252007,,,
GEO_IN_KA_276463_W1295931,17-Sree Yallamma Temple Ward,ward,GEO_IN_KA_276463,,,
GEO_IN_KA_251952_W61545,Bhadravati (Cmc) - Ward No.19,ward,GEO_IN_KA_251952,,,
GEO_IN_KA_251945_W31275,Sagar (TMC) - Ward No.27,ward,GEO_IN_KA_251945,,,
GEO_IN_KA_251993_W2440224,Ward-18,ward,GEO_IN_KA_251993,,,
GEO_IN_KA_251962_W32407,Tarikere (TP) - Ward No.7,ward,GEO_IN_KA_251962,,,
GEO_IN_KA_276463_W1295942,28-Sree Vinayaka Ward,ward,GEO_IN_KA_276463,,,
GEO_IN_KA_276532_W1295860,Ward-9,ward,GEO_IN_KA_276532,,,
GEO_IN_KA_251882_W1891301,Koppal (Cmc) - Ward No.12,ward,GEO_IN_KA_251882,,,
GEO_IN_KA_251866_W63763,Aurad (TP) - Ward No.2,ward,GEO_IN_KA_251866,,,
GEO_IN_KA_251844_W63444,Sindgi (TMC) - Ward No.4,ward,GEO_IN_KA_251844,,,
GEO_IN_KA_276600_W1302813,Ward No.141 (Nagarabhavi),ward,GEO_IN_KA_276600,,,
GEO_IN_KA_301081_W3068490,Ward 23,ward,GEO_IN_KA_301081,,,
GEO_IN_KA_251952_W61538,Bhadravati (Cmc) - Ward No.12,ward,GEO_IN_KA_251952,,,
GEO_IN_KA_251824_W25631,Belgaum (M Corp.) - Ward No.55,ward,GEO_IN_KA_251824,,,
GEO_IN_KA_251970_W25357,Pavagada (TP) - Ward No.2,ward,GEO_IN_KA_251970,,,
GEO_IN_KA_252003_W1891450,Pandavapura (TP) - Ward No.23,ward,GEO_IN_KA_252003,,,
GEO_IN_KA_299317_W3044547,Ward 13,ward,GEO_IN_KA_299317,,,
GEO_IN_KA_251905_W28703,Sirsi (Cmc) - Ward No.1,ward,GEO_IN_KA_251905,,,
GEO_IN_KA_251926_W30792,Tekkalakote (TP) - Ward No.10,ward,GEO_IN_KA_251926,,,
GEO_IN_KA_276464_W1295897,Ward No. 6,ward,GEO_IN_KA_276464,,,
GEO_IN_KA_251986_W25807,Malur (TMC) - Ward No.12,ward,GEO_IN_KA_251986,,,
GEO_IN_KA_276529_W1295541,Ranna Korammana Thotada Vasathi,ward,GEO_IN_KA_276529,,,
GEO_IN_KA_251824_W25507,Belgaum (M Corp.) - Ward No.20,ward,GEO_IN_KA_251824,,,
GEO_IN_KA_251913_W2450,Bankapura (TMC) - Ward No.21,ward,GEO_IN_KA_251913,,,
GEO_IN_KA_276543_W1295887,Ward-13,ward,GEO_IN_KA_276543,,,
GEO_IN_KA_276618_W1295618,Ward No.19,ward,GEO_IN_KA_276618,,,
GEO_IN_KA_251844_W63462,Sindgi (TMC) - Ward No.22,ward,GEO_IN_KA_251844,,,
GEO_IN_KA_252050_W65860,Nanjangud (TMC) - Ward No.14,ward,GEO_IN_KA_252050,,,
GEO_IN_KA_251933_W1886527,Challakere (TMC) - Ward No.30,ward,GEO_IN_KA_251933,,,
GEO_IN_KA_251931_W61445,Kotturu (TP) - Ward No.11,ward,GEO_IN_KA_251931,,,
GEO_IN_KA_251962_W32410,Tarikere (TP) - Ward No.10,ward,GEO_IN_KA_251962,,,
GEO_IN_KA_248127_W27005,Kalaburagi (M Corp.) - Ward No.26,ward,GEO_IN_KA_248127,,,
GEO_IN_KA_251982_W25728,Sidlaghatta (TMC) - Ward No.4,ward,GEO_IN_KA_251982,,,
GEO_IN_KA_251958_W1922636,Karkal (TMC) - Ward No.11,ward,GEO_IN_KA_251958,,,
GEO_IN_KA_276602_W1923193,Belluru (TP) - Ward No.10,ward,GEO_IN_KA_276602,,,
GEO_IN_KA_251962_W31820,Tarikere (TP) - Ward No.4,ward,GEO_IN_KA_251962,,,
GEO_IN_KA_251955_W31775,Udupi (Cmc) - Ward No.29,ward,GEO_IN_KA_251955,,,
GEO_IN_KA_251870_W27606,Mudgal (TP) - Ward No.3,ward,GEO_IN_KA_251870,,,
GEO_IN_KA_251832_W25946,Jamkhandi (TMC) - Ward No.19,ward,GEO_IN_KA_251832,,,
GEO_IN_KA_251825_W25643,Khanapur (TP) - Ward No.2,ward,GEO_IN_KA_251825,,,
GEO_IN_KA_297131_W2440198,Ward-3,ward,GEO_IN_KA_297131,,,
GEO_IN_KA_252037_W28731,"Madikeri -2(D.A.R.Area,Subramanya Nagar)",ward,GEO_IN_KA_252037,,,
GEO_IN_KA_251893_W2890375,Ward75,ward,GEO_IN_KA_251893,,,
GEO_IN_KA_251973_W64890,Tumkur (Cmc) - Ward No.8,ward,GEO_IN_KA_251973,,,
GEO_IN_KA_252009_W35134,Belur (TMC) - Ward No.21,ward,GEO_IN_KA_252009,,,
GEO_IN_KA_251924_W61299,Kampli (TMC) - Ward No.1,ward,GEO_IN_KA_251924,,,
GEO_IN_KA_251894_W2443622,Alnavar (TP) - Ward No.16,ward,GEO_IN_KA_251894,,,
GEO_IN_KA_251942_W3068774,ward No.20,ward,GEO_IN_KA_251942,,,
GEO_IN_KA_251927_W30816,Bellary (Cmc) - Ward No.15,ward,GEO_IN_KA_251927,,,
GEO_IN_KA_251858_W27358,Jevargi (TP) - Ward No.3,ward,GEO_IN_KA_251858,,,
GEO_IN_KA_276464_W1295893,Ward No. 2,ward,GEO_IN_KA_276464,,,
GEO_IN_KA_276564_W1295978,Ward-10,ward,GEO_IN_KA_276564,,,
GEO_IN_KA_251874_W1921620,Devadurga (TP) - Ward No.21,ward,GEO_IN_KA_251874,,,
GEO_IN_KA_276497_W1293426,Ward No-15,ward,GEO_IN_KA_276497,,,
GEO_IN_KA_251939_W2439970,Ward-27,ward,GEO_IN_KA_251939,,,
GEO_IN_KA_251949_W31318,Hosanagara (TP) - Ward No.7,ward,GEO_IN_KA_251949,,,
GEO_IN_KA_251827_W25664,Bail Hongal (TMC) - Ward No.7,ward,GEO_IN_KA_251827,,,
GEO_IN_KA_276532_W1295873,Ward-22,ward,GEO_IN_KA_276532,,,
GEO_IN_KA_251834_W1724011,Bilgi (TP) -Ward 17,ward,GEO_IN_KA_251834,,,
GEO_IN_KA_276605_W1296248,Ward-16,ward,GEO_IN_KA_276605,,,
GEO_IN_KA_251964_W61579,Kadur (TMC) - Ward No.3,ward,GEO_IN_KA_251964,,,
GEO_IN_KA_251843_W26345,Indi (TMC) - Ward No.13,ward,GEO_IN_KA_251843,,,
GEO_IN_KA_251861_W27377,Shahpur (TMC) - Ward No.10,ward,GEO_IN_KA_251861,,,
GEO_IN_KA_251976_W25432,Turuvekere (TP) - Ward No.9,ward,GEO_IN_KA_251976,,,
GEO_IN_KA_251992_W26486,Dod Ballapur (Cmc) - Ward No.16,ward,GEO_IN_KA_251992,,,
GEO_IN_KA_299328_W3046842,Ward 18,ward,GEO_IN_KA_299328,,,
GEO_IN_KA_251897_W28146,Kalghatgi (TP) - Ward No.3,ward,GEO_IN_KA_251897,,,
GEO_IN_KA_251886_W27932,Gajendragarh (TMC) - Ward No.7,ward,GEO_IN_KA_251886,,,
GEO_IN_KA_251973_W64892,Tumkur (Cmc) - Ward No.10,ward,GEO_IN_KA_251973,,,
GEO_IN_KA_251960_W31799,Koppa (TP) - Ward No.5,ward,GEO_IN_KA_251960,,,
GEO_IN_KA_276521_W1293463,Ward-10,ward,GEO_IN_KA_276521,,,
GEO_IN_KA_252053_W29119,Gundlupet (TMC) - Ward No.15,ward,GEO_IN_KA_252053,,,
GEO_IN_KA_296975_W2179283,Madanayakanahalli-5,ward,GEO_IN_KA_296975,,,
GEO_IN_KA_276600_W1303158,Ward No.20 (Nalagadarenahalli),ward,GEO_IN_KA_276600,,,
GEO_IN_KA_251813_W1883900,Kudchi (TP) - Ward No.21,ward,GEO_IN_KA_251813,,,
GEO_IN_KA_252012_W65629,Hassan (Cmc) - Ward No.22,ward,GEO_IN_KA_252012,,,
GEO_IN_KA_251907_W61042,Kumta (TMC) - Ward No.10,ward,GEO_IN_KA_251907,,,
GEO_IN_KA_276605_W1296236,Ward-4,ward,GEO_IN_KA_276605,,,
GEO_IN_KA_276574_W1295468,Katti Oni,ward,GEO_IN_KA_276574,,,
GEO_IN_KA_251937_W61491,Hiriyur (TMC) - Ward No.14,ward,GEO_IN_KA_251937,,,
GEO_IN_KA_251977_W25537,Kunigal (TMC) - Ward No.6,ward,GEO_IN_KA_251977,,,
GEO_IN_KA_251833_W25962,Rabkavi-Banhatti (Cmc) - Ward No.8,ward,GEO_IN_KA_251833,,,
GEO_IN_KA_251927_W30831,Bellary (Cmc) - Ward No.30,ward,GEO_IN_KA_251927,,,
GEO_IN_KA_276605_W1296250,Ward-18,ward,GEO_IN_KA_276605,,,
GEO_IN_KA_252045_W28850,Mysore (M Corp.) - Ward No.45,ward,GEO_IN_KA_252045,,,
GEO_IN_KA_277668_W3046756,Ward 13,ward,GEO_IN_KA_277668,,,
GEO_IN_KA_251948_W31291,Shikarpur (TMC) - Ward No.3,ward,GEO_IN_KA_251948,,,
GEO_IN_KA_251898_W2443629,Kundgol (TP) - Ward No.16,ward,GEO_IN_KA_251898,,,
GEO_IN_KA_252050_W65864,Nanjangud (TMC) - Ward No.18,ward,GEO_IN_KA_252050,,,
GEO_IN_KA_276540_W1296131,Madar Colony,ward,GEO_IN_KA_276540,,,
GEO_IN_KA_252033_W1887176,Bantval (TP) - Ward No.23,ward,GEO_IN_KA_252033,,,
GEO_IN_KA_276600_W1303155,Ward No.17 (Chikkasandra),ward,GEO_IN_KA_276600,,,
GEO_IN_KA_276477_W1293407,15- Laxmi Temple Area,ward,GEO_IN_KA_276477,,,
GEO_IN_KA_251863_W63712,Yadgir (TMC) - Ward No.1,ward,GEO_IN_KA_251863,,,
GEO_IN_KA_252033_W1887180,Bantval (TP) - Ward No.27,ward,GEO_IN_KA_252033,,,
GEO_IN_KA_296975_W2179296,Madanayakanahalli-18,ward,GEO_IN_KA_296975,,,
GEO_IN_KA_251989_W25871,Mulbagal (TMC) - Ward No.12,ward,GEO_IN_KA_251989,,,
GEO_IN_KA_252018_W65678,Mudbidri (TMC) - Ward No.8,ward,GEO_IN_KA_252018,,,
GEO_IN_KA_252054_W29129,Chamarajanagar (Cmc) - Ward No.2,ward,GEO_IN_KA_252054,,,
GEO_IN_KA_251863_W71954,Yadgir (TMC) - Ward No.29,ward,GEO_IN_KA_251863,,,
GEO_IN_KA_301061_W3068508,Ward 7,ward,GEO_IN_KA_301061,,,
GEO_IN_KA_276516_W1296408,Myageri,ward,GEO_IN_KA_276516,,,
GEO_IN_KA_251845_W2182621,Basavana Bagevadi (TP) - Ward No. 23,ward,GEO_IN_KA_251845,,,
GEO_IN_KA_251984_W25786,Srinivaspur (TP) - Ward No.8,ward,GEO_IN_KA_251984,,,
GEO_IN_KA_251868_W27570,Homnabad (TMC) - Ward No.15,ward,GEO_IN_KA_251868,,,
GEO_IN_KA_252004_W26742,Shrirangapattana (TMC) - Ward No.1,ward,GEO_IN_KA_252004,,,
GEO_IN_KA_251869_W27593,Chitgoppa (TMC) - Ward No.13,ward,GEO_IN_KA_251869,,,
GEO_IN_KA_251952_W61535,Bhadravati (Cmc) - Ward No.9,ward,GEO_IN_KA_251952,,,
GEO_IN_KA_251841_W26289,Ilkal (TMC) - Ward No.21,ward,GEO_IN_KA_251841,,,
GEO_IN_KA_251982_W1886074,Sidlaghatta (TMC) - Ward No.30,ward,GEO_IN_KA_251982,,,
GEO_IN_KA_251815_W24731,Mudalgi (TMC) - Ward No.12,ward,GEO_IN_KA_251815,,,
GEO_IN_KA_251827_W923092,Bail Hongal(TMC) - Ward No 26,ward,GEO_IN_KA_251827,,,
GEO_IN_KA_248127_W26991,Kalaburagi (M Corp.) - Ward No.12,ward,GEO_IN_KA_248127,,,
GEO_IN_KA_252029_W3068756,ward No.16,ward,GEO_IN_KA_252029,,,
GEO_IN_KA_276600_W1302733,Ward No.61(Radhakrishna Temple Ward),ward,GEO_IN_KA_276600,,,
GEO_IN_KA_251886_W27941,Gajendragarh (TMC) - Ward No.16,ward,GEO_IN_KA_251886,,,
GEO_IN_KA_276496_W1296418,Ward-1,ward,GEO_IN_KA_276496,,,
GEO_IN_KA_252006_W26768,Maddur (TMC) - Ward No.4,ward,GEO_IN_KA_252006,,,
GEO_IN_KA_276600_W3290544,Ward No.204(Vasanthpura),ward,GEO_IN_KA_276600,,,
GEO_IN_KA_252037_W28735,"Madikeri -6(Stewart Hill Road,Part Of Old Police Quarters)",ward,GEO_IN_KA_252037,,,
GEO_IN_KA_251890_W60499,Shirhatti (TP) - Ward No.5,ward,GEO_IN_KA_251890,,,
GEO_IN_KA_251867_W27426,Bidar (Cmc) - Ward No.5,ward,GEO_IN_KA_251867,,,
GEO_IN_KA_252018_W65680,Mudbidri (TMC) - Ward No.10,ward,GEO_IN_KA_252018,,,
GEO_IN_KA_251938_W31153,Harihar (Cmc) - Ward No.26,ward,GEO_IN_KA_251938,,,
GEO_IN_KA_296977_W2440125,Ajjampura-02,ward,GEO_IN_KA_296977,,,
GEO_IN_KA_252050_W65850,Nanjangud (TMC) - Ward No.4,ward,GEO_IN_KA_252050,,,
GEO_IN_KA_251931_W61450,Kotturu (TP) - Ward No.16,ward,GEO_IN_KA_251931,,,
GEO_IN_KA_251919_W30087,Ranibennur (Cmc) - Ward No.10,ward,GEO_IN_KA_251919,,,
GEO_IN_KA_251861_W27381,Shahpur (TMC) - Ward No.14,ward,GEO_IN_KA_251861,,,
GEO_IN_KA_251913_W2452,Bankapura (TMC) - Ward No.23,ward,GEO_IN_KA_251913,,,
GEO_IN_KA_251935_W31099,Holalkere (TP) - Ward No.3,ward,GEO_IN_KA_251935,,,
GEO_IN_KA_296977_W2440127,Ajjampura-04,ward,GEO_IN_KA_296977,,,
GEO_IN_KA_251978_W25577,Gauribidanur (TMC) - Ward No.5,ward,GEO_IN_KA_251978,,,
GEO_IN_KA_299321_W3046858,Ward 14,ward,GEO_IN_KA_299321,,,
GEO_IN_KA_252016_W28193,Channarayapatna (TMC) - Ward No.23,ward,GEO_IN_KA_252016,,,
GEO_IN_KA_251835_W63235,Mudhol (TMC) - Ward No.15,ward,GEO_IN_KA_251835,,,
GEO_IN_KA_251969_W25333,Sira (TMC) - Ward No.1,ward,GEO_IN_KA_251969,,,
GEO_IN_KA_252054_W29150,Chamarajanagar (Cmc) - Ward No.23,ward,GEO_IN_KA_252054,,,
GEO_IN_KA_251922_W30426,Hospet (Cmc) - Ward No.6,ward,GEO_IN_KA_251922,,,
GEO_IN_KA_251930_W30837,Kudligi (TP) - Ward No.1,ward,GEO_IN_KA_251930,,,
GEO_IN_KA_251837_W26100,Badami (TP) - Ward No.19,ward,GEO_IN_KA_251837,,,
GEO_IN_KA_251818_W24776,Gokak (Cmc) - Ward No.18,ward,GEO_IN_KA_251818,,,
GEO_IN_KA_251887_W1889187,Naregal (TP) - Ward No.17,ward,GEO_IN_KA_251887,,,
GEO_IN_KA_252027_W1887745,Ullal (TP) - Ward No.22,ward,GEO_IN_KA_252027,,,
GEO_IN_KA_251912_W61059,Shiggaon (TMC) - Ward No.1,ward,GEO_IN_KA_251912,,,
GEO_IN_KA_277668_W3046759,Ward 16,ward,GEO_IN_KA_277668,,,
GEO_IN_KA_251882_W1891307,Koppal (Cmc) - Ward No.18,ward,GEO_IN_KA_251882,,,
GEO_IN_KA_251946_W3044515,Ward 22,ward,GEO_IN_KA_251946,,,
GEO_IN_KA_252053_W29108,Gundlupet (TMC) - Ward No.4,ward,GEO_IN_KA_252053,,,
GEO_IN_KA_276463_W1295939,25-Sfs Ward,ward,GEO_IN_KA_276463,,,
GEO_IN_KA_251838_W26105,Guledgudda (TMC) - Ward No.4,ward,GEO_IN_KA_251838,,,
GEO_IN_KA_251885_W27922,Ron (TP) - Ward No.17,ward,GEO_IN_KA_251885,,,
GEO_IN_KA_251877_W27696,Manvi (TMC) - Ward No.6,ward,GEO_IN_KA_251877,,,
GEO_IN_KA_251874_W63790,Devadurga (TP) - Ward No.15,ward,GEO_IN_KA_251874,,,
GEO_IN_KA_251927_W30812,Bellary (Cmc) - Ward No.11,ward,GEO_IN_KA_251927,,,
GEO_IN_KA_276535_W1296311,Ward-5,ward,GEO_IN_KA_276535,,,
GEO_IN_KA_251993_W2440241,Ward-35,ward,GEO_IN_KA_251993,,,
GEO_IN_KA_276529_W1295555,Vitthal Rukmini Vasati,ward,GEO_IN_KA_276529,,,
GEO_IN_KA_251982_W25743,Sidlaghatta (TMC) - Ward No.19,ward,GEO_IN_KA_251982,,,
GEO_IN_KA_251924_W61303,Kampli (TMC) - Ward No.5,ward,GEO_IN_KA_251924,,,
GEO_IN_KA_251965_W32466,Chikmagalur (Cmc) - Ward No.23,ward,GEO_IN_KA_251965,,,
GEO_IN_KA_251848_W26423,Aland (TMC) - Ward No.2,ward,GEO_IN_KA_251848,,,
GEO_IN_KA_253189_W25990,Bangalore (M Corp.) - Ward No.19,ward,GEO_IN_KA_253189,,,
GEO_IN_KA_251887_W27960,Naregal (TP) - Ward No.12,ward,GEO_IN_KA_251887,,,
GEO_IN_KA_251931_W61440,Kotturu (TP) - Ward No.6,ward,GEO_IN_KA_251931,,,
GEO_IN_KA_276526_W1293481,Ward No.10,ward,GEO_IN_KA_276526,,,
GEO_IN_KA_251931_W61442,Kotturu (TP) - Ward No.8,ward,GEO_IN_KA_251931,,,
GEO_IN_KA_251930_W30853,Kudligi (TP) - Ward No.17,ward,GEO_IN_KA_251930,,,
GEO_IN_KA_251876_W27681,Raichur (Cmc) - Ward No.26,ward,GEO_IN_KA_251876,,,
GEO_IN_KA_251933_W61468,Challakere (TMC) - Ward No.14,ward,GEO_IN_KA_251933,,,
GEO_IN_KA_251893_W28089,Hubli-Dharwad (M Corp.) - Ward No.51,ward,GEO_IN_KA_251893,,,
GEO_IN_KA_251932_W30866,Molakalmuru (TP) - Ward No.12,ward,GEO_IN_KA_251932,,,
GEO_IN_KA_251856_W931326,Wadi (TMC) - Ward No.3,ward,GEO_IN_KA_251856,,,
GEO_IN_KA_251948_W31297,Shikarpur (TMC) - Ward No.9,ward,GEO_IN_KA_251948,,,
GEO_IN_KA_252012_W65634,Hassan (Cmc) - Ward No.27,ward,GEO_IN_KA_252012,,,
GEO_IN_KA_251881_W27856,Gangawati (Cmc) - Ward No.7,ward,GEO_IN_KA_251881,,,
GEO_IN_KA_276605_W1296240,Ward-8,ward,GEO_IN_KA_276605,,,
GEO_IN_KA_251815_W24726,Mudalgi (TMC) - Ward No.7,ward,GEO_IN_KA_251815,,,
GEO_IN_KA_251985_W64970,Kolar (Cmc) - Ward No.15,ward,GEO_IN_KA_251985,,,
GEO_IN_KA_251970_W25365,Pavagada (TP) - Ward No.10,ward,GEO_IN_KA_251970,,,
GEO_IN_KA_301081_W3068483,Ward 16,ward,GEO_IN_KA_301081,,,
GEO_IN_KA_301790_W3287809,Ward No.12,ward,GEO_IN_KA_301790,,,
GEO_IN_KA_251861_W27380,Shahpur (TMC) - Ward No.13,ward,GEO_IN_KA_251861,,,
GEO_IN_KA_251824_W25505,Belgaum (M Corp.) - Ward No.18,ward,GEO_IN_KA_251824,,,
GEO_IN_KA_251861_W2146612,Shahpur (TMC) - Ward No.26,ward,GEO_IN_KA_251861,,,
GEO_IN_KA_251951_W31739,Shimoga (Cmc) - Ward No.32,ward,GEO_IN_KA_251951,,,
GEO_IN_KA_276522_W1293504,Ward-10,ward,GEO_IN_KA_276522,,,
GEO_IN_KA_251885_W27925,Ron (TP) - Ward No.20,ward,GEO_IN_KA_251885,,,
GEO_IN_KA_251845_W26371,Basavana Bagevadi (TP) - Ward No.16,ward,GEO_IN_KA_251845,,,
GEO_IN_KA_251919_W30099,Ranibennur (Cmc) - Ward No.22,ward,GEO_IN_KA_251919,,,
GEO_IN_KA_251849_W63473,Afzalpur (TP) - Ward No.10,ward,GEO_IN_KA_251849,,,
GEO_IN_KA_251867_W27547,Bidar (Cmc) - Ward No.29,ward,GEO_IN_KA_251867,,,
GEO_IN_KA_276600_W1302805,Ward No.133 (Basaveshwara Nagar),ward,GEO_IN_KA_276600,,,
GEO_IN_KA_276516_W1296413,Sayinagar Area,ward,GEO_IN_KA_276516,,,
GEO_IN_KA_248127_W26982,Kalaburagi (M Corp.) - Ward No.3,ward,GEO_IN_KA_248127,,,
GEO_IN_KA_251836_W63440,Kerur (TP) - Ward No.16,ward,GEO_IN_KA_251836,,,
GEO_IN_KA_299328_W3046826,Ward 2,ward,GEO_IN_KA_299328,,,
GEO_IN_KA_251819_W25445,Sankeshwar (TMC) - Ward No.2,ward,GEO_IN_KA_251819,,,
GEO_IN_KA_251951_W31733,Shimoga (Cmc) - Ward No.26,ward,GEO_IN_KA_251951,,,
GEO_IN_KA_251881_W27876,Gangawati (Cmc) - Ward No.27,ward,GEO_IN_KA_251881,,,
GEO_IN_KA_251837_W26091,Badami (TP) - Ward No.10,ward,GEO_IN_KA_251837,,,
GEO_IN_KA_251979_W25620,Chik Ballapur (Cmc) - Ward No.25,ward,GEO_IN_KA_251979,,,
GEO_IN_KA_251978_W25582,Gauribidanur (TMC) - Ward No.10,ward,GEO_IN_KA_251978,,,
GEO_IN_KA_251979_W25600,Chik Ballapur (Cmc) - Ward No.5,ward,GEO_IN_KA_251979,,,
GEO_IN_KA_252038_W28762,Somvarpet (TP) - Ward No.10,ward,GEO_IN_KA_252038,,,
GEO_IN_KA_251945_W31260,Sagar (TMC) - Ward No.12,ward,GEO_IN_KA_251945,,,
GEO_IN_KA_251824_W25625,Belgaum (M Corp.) - Ward No.49,ward,GEO_IN_KA_251824,,,
GEO_IN_KA_251924_W61310,Kampli (TMC) - Ward No.12,ward,GEO_IN_KA_251924,,,
GEO_IN_KA_251830_W63215,Mahalingpur (TMC) - Ward No.18,ward,GEO_IN_KA_251830,,,
GEO_IN_KA_276600_W3290553,Ward No.213(Jaraganahalli),ward,GEO_IN_KA_276600,,,
GEO_IN_KA_251824_W25489,Belgaum (M Corp.) - Ward No.2,ward,GEO_IN_KA_251824,,,
GEO_IN_KA_276523_W1293515,Ward-5,ward,GEO_IN_KA_276523,,,
GEO_IN_KA_299169_W3044589,Ward 12,ward,GEO_IN_KA_299169,,,
GEO_IN_KA_251930_W30840,Kudligi (TP) - Ward No.4,ward,GEO_IN_KA_251930,,,
GEO_IN_KA_251915_W30025,Hangal (TMC) - Ward No.8,ward,GEO_IN_KA_251915,,,
GEO_IN_KA_276523_W1293517,Ward-7,ward,GEO_IN_KA_276523,,,
GEO_IN_KA_253188_W3046935,Ward 27,ward,GEO_IN_KA_253188,,,
GEO_IN_KA_276576_W1295740,Goudar Oni,ward,GEO_IN_KA_276576,,,
GEO_IN_KA_251947_W31284,Siralkoppa (TP) - Ward No.9,ward,GEO_IN_KA_251947,,,
GEO_IN_KA_253188_W3046930,Ward 22,ward,GEO_IN_KA_253188,,,
GEO_IN_KA_276544_W1296201,Yallamman Gudi Oni,ward,GEO_IN_KA_276544,,,
GEO_IN_KA_251953_W61564,Kundapura (TMC) - Ward No.3,ward,GEO_IN_KA_251953,,,
GEO_IN_KA_251892_W1889217,Mundargi (TP) - Ward No.20,ward,GEO_IN_KA_251892,,,
GEO_IN_KA_276535_W1296314,Ward-8,ward,GEO_IN_KA_276535,,,
GEO_IN_KA_276541_W1296186,Ward-4,ward,GEO_IN_KA_276541,,,
GEO_IN_KA_276557_W2179693,Ward-16,ward,GEO_IN_KA_276557,,,
GEO_IN_KA_251836_W1722551,Kerur (TP) -Ward No.19,ward,GEO_IN_KA_251836,,,
GEO_IN_KA_251937_W61487,Hiriyur (TMC) - Ward No.10,ward,GEO_IN_KA_251937,,,
GEO_IN_KA_251995_W26567,Hosakote (TMC) - Ward No.22,ward,GEO_IN_KA_251995,,,
GEO_IN_KA_251918_W30069,Hirekerur (TP) - Ward No.6,ward,GEO_IN_KA_251918,,,
GEO_IN_KA_253188_W3046921,Ward 13,ward,GEO_IN_KA_253188,,,
GEO_IN_KA_251905_W28717,Sirsi (Cmc) - Ward No.15,ward,GEO_IN_KA_251905,,,
GEO_IN_KA_276600_W3290561,Ward No.221(HSR Layout ),ward,GEO_IN_KA_276600,,,
GEO_IN_KA_251866_W63764,Aurad (TP) - Ward No.3,ward,GEO_IN_KA_251866,,,
GEO_IN_KA_299169_W3044584,Ward 7,ward,GEO_IN_KA_299169,,,
GEO_IN_KA_251916_W61296,Haveri (Cmc) - Ward No.25,ward,GEO_IN_KA_251916,,,
GEO_IN_KA_251809_W24453,Nipani (Cmc) - Ward No.20,ward,GEO_IN_KA_251809,,,
GEO_IN_KA_276519_W1293441,Ward-11,ward,GEO_IN_KA_276519,,,
GEO_IN_KA_251929_W61338,Sandur (TP) - Ward No.16,ward,GEO_IN_KA_251929,,,
GEO_IN_KA_252029_W3068753,ward No.13,ward,GEO_IN_KA_252029,,,
GEO_IN_KA_251835_W63232,Mudhol (TMC) - Ward No.12,ward,GEO_IN_KA_251835,,,
GEO_IN_KA_299328_W3046844,Ward 20,ward,GEO_IN_KA_299328,,,
GEO_IN_KA_251825_W25648,Khanapur (TP) - Ward No.7,ward,GEO_IN_KA_251825,,,
GEO_IN_KA_252056_W29178,Kollegal (Cmc) - Ward No.5,ward,GEO_IN_KA_252056,,,
GEO_IN_KA_251906_W29958,Bobruwada (OG) - Ward No.16,ward,GEO_IN_KA_251906,,,
GEO_IN_KA_251962_W32406,Tarikere (TP) - Ward No.6,ward,GEO_IN_KA_251962,,,
GEO_IN_KA_248127_W27019,Kalaburagi (M Corp.) - Ward No.40,ward,GEO_IN_KA_248127,,,
GEO_IN_KA_251869_W27591,Chitgoppa (TMC) - Ward No.11,ward,GEO_IN_KA_251869,,,
GEO_IN_KA_251914_W61262,Savanur (TMC) - Ward No.14,ward,GEO_IN_KA_251914,,,
GEO_IN_KA_276532_W1295862,Ward-11,ward,GEO_IN_KA_276532,,,
GEO_IN_KA_251919_W30093,Ranibennur (Cmc) - Ward No.16,ward,GEO_IN_KA_251919,,,
GEO_IN_KA_251833_W25968,Rabkavi-Banhatti (Cmc) - Ward No.14,ward,GEO_IN_KA_251833,,,
GEO_IN_KA_276577_W1295625,Ward No. 7,ward,GEO_IN_KA_276577,,,
GEO_IN_KA_276600_W1302782,Ward No.110 (C V Raman Nagar),ward,GEO_IN_KA_276600,,,
GEO_IN_KA_276600_W1302777,Ward No.105 (Munekollal),ward,GEO_IN_KA_276600,,,
GEO_IN_KA_251880_W27847,Kushtagi (TMC) - Ward No.13,ward,GEO_IN_KA_251880,,,
GEO_IN_KA_276602_W1923195,Belluru (TP) - Ward No.12,ward,GEO_IN_KA_276602,,,
GEO_IN_KA_251899_W28648,Dandeli (Cmc) - Ward No.24,ward,GEO_IN_KA_251899,,,
GEO_IN_KA_251815_W24724,Mudalgi (TMC) - Ward No.5,ward,GEO_IN_KA_251815,,,
GEO_IN_KA_276600_W1302752,Ward No.80 (Kacharakanahalli),ward,GEO_IN_KA_276600,,,
GEO_IN_KA_251813_W24700,Kudchi (TP) - Ward No.14,ward,GEO_IN_KA_251813,,,
GEO_IN_KA_251888_W27969,Gadag-Betigeri (Cmc) - Ward No.6,ward,GEO_IN_KA_251888,,,
GEO_IN_KA_276526_W1293487,Ward No.16,ward,GEO_IN_KA_276526,,,
GEO_IN_KA_251824_W25516,Belgaum (M Corp.) - Ward No.29,ward,GEO_IN_KA_251824,,,
GEO_IN_KA_251904_W61027,Mundgod (TP) - Ward No.9,ward,GEO_IN_KA_251904,,,
GEO_IN_KA_252017_W28197,Mulki (TP) - Ward No.2,ward,GEO_IN_KA_252017,,,
GEO_IN_KA_251995_W26569,Hosakote (TMC) - Ward No.23,ward,GEO_IN_KA_251995,,,
GEO_IN_KA_251950_W31336,Tirthahalli (TP) - Ward No.14,ward,GEO_IN_KA_251950,,,
GEO_IN_KA_251869_W27596,Chitgoppa (TMC) - Ward No.16,ward,GEO_IN_KA_251869,,,
GEO_IN_KA_251876_W27689,Raichur (Cmc) - Ward No.34,ward,GEO_IN_KA_251876,,,
GEO_IN_KA_252021_W28355,Mangalore (M Corp.) - Ward No.56,ward,GEO_IN_KA_252021,,,
GEO_IN_KA_251986_W25808,Malur (TMC) - Ward No.13,ward,GEO_IN_KA_251986,,,
GEO_IN_KA_299179_W3046792,Ward 3,ward,GEO_IN_KA_299179,,,
GEO_IN_KA_251829_W25900,Ramdurg (TMC) - Ward No.18,ward,GEO_IN_KA_251829,,,
GEO_IN_KA_276540_W1296130,Ambedkar Nagar,ward,GEO_IN_KA_276540,,,
GEO_IN_KA_251988_W25819,Robertson Pet (Cmc) - Ward No.1,ward,GEO_IN_KA_251988,,,
GEO_IN_KA_252056_W29182,Kollegal (Cmc) - Ward No.7,ward,GEO_IN_KA_252056,,,
GEO_IN_KA_251892_W28031,Mundargi (TP) - Ward No.10,ward,GEO_IN_KA_251892,,,
GEO_IN_KA_252027_W1887744,Ullal (TP) - Ward No.21,ward,GEO_IN_KA_252027,,,
GEO_IN_KA_252021_W28238,Mangalore (M Corp.) - Ward No.27,ward,GEO_IN_KA_252021,,,
GEO_IN_KA_251981_W25724,Bagepalli (TP) - Ward No.13,ward,GEO_IN_KA_251981,,,
GEO_IN_KA_251887_W27949,Naregal (TP) - Ward No.1,ward,GEO_IN_KA_251887,,,
GEO_IN_KA_251838_W26104,Guledgudda (TMC) - Ward No.3,ward,GEO_IN_KA_251838,,,
GEO_IN_KA_251978_W25587,Gauribidanur (TMC) - Ward No.15,ward,GEO_IN_KA_251978,,,
GEO_IN_KA_251925_W30488,Siruguppa (TP) - Ward No.14,ward,GEO_IN_KA_251925,,,
GEO_IN_KA_251887_W27951,Naregal (TP) - Ward No.3,ward,GEO_IN_KA_251887,,,
GEO_IN_KA_276516_W1296402,Zanda Katti,ward,GEO_IN_KA_276516,,,
GEO_IN_KA_251979_W25711,Chik Ballapur (Cmc) - Ward No.31,ward,GEO_IN_KA_251979,,,
GEO_IN_KA_251842_W2440248,Ward-7,ward,GEO_IN_KA_251842,,,
GEO_IN_KA_251837_W26095,Badami (TP) - Ward No.14,ward,GEO_IN_KA_251837,,,
GEO_IN_KA_276574_W3044483,Ward 20,ward,GEO_IN_KA_276574,,,
GEO_IN_KA_251925_W30482,Siruguppa (TP) - Ward No.8,ward,GEO_IN_KA_251925,,,
GEO_IN_KA_251932_W30865,Molakalmuru (TP) - Ward No.11,ward,GEO_IN_KA_251932,,,
GEO_IN_KA_276569_W1295690,Ward No.3,ward,GEO_IN_KA_276569,,,
GEO_IN_KA_252039_W3112,"Kushalnagar-9(Netaji Layout,Shailaja Layout,Shringaramma Layout)",ward,GEO_IN_KA_252039,,,
GEO_IN_KA_276522_W1293501,Ward-7,ward,GEO_IN_KA_276522,,,
GEO_IN_KA_251939_W2439966,Ward-23,ward,GEO_IN_KA_251939,,,
GEO_IN_KA_251897_W923382,Kalghatgi (TP) - Ward No.6,ward,GEO_IN_KA_251897,,,
GEO_IN_KA_276611_W2179619,Ward-3,ward,GEO_IN_KA_276611,,,
GEO_IN_KA_251837_W26094,Badami (TP) - Ward No.13,ward,GEO_IN_KA_251837,,,
GEO_IN_KA_251815_W24738,Mudalgi (TMC) - Ward No.19,ward,GEO_IN_KA_251815,,,
GEO_IN_KA_276556_W1294654,Ward-6,ward,GEO_IN_KA_276556,,,
GEO_IN_KA_252005_W65551,Mandya (Cmc) - Ward No.2,ward,GEO_IN_KA_252005,,,
GEO_IN_KA_251940_W1886858,Jagalur (TP) - Ward No.15,ward,GEO_IN_KA_251940,,,
GEO_IN_KA_251815_W24720,Mudalgi (TMC) - Ward No.1,ward,GEO_IN_KA_251815,,,
GEO_IN_KA_251992_W26484,Dod Ballapur (Cmc) - Ward No.14,ward,GEO_IN_KA_251992,,,
GEO_IN_KA_251914_W61269,Savanur (TMC) - Ward No.21,ward,GEO_IN_KA_251914,,,
GEO_IN_KA_251938_W31142,Harihar (Cmc) - Ward No.15,ward,GEO_IN_KA_251938,,,
GEO_IN_KA_301790_W3287814,Ward No.17,ward,GEO_IN_KA_301790,,,
GEO_IN_KA_253189_W25987,Bangalore (M Corp.) - Ward No.16,ward,GEO_IN_KA_253189,,,
GEO_IN_KA_251975_W64924,Tiptur (TMC) - Ward No.7,ward,GEO_IN_KA_251975,,,
GEO_IN_KA_251835_W2179117,Mudhol-29,ward,GEO_IN_KA_251835,,,
GEO_IN_KA_276600_W3290562,Ward No.222(Ibluru),ward,GEO_IN_KA_276600,,,
GEO_IN_KA_251975_W64943,Tiptur (TMC) - Ward No.26,ward,GEO_IN_KA_251975,,,
GEO_IN_KA_251853_W2144727,Chittapura-11,ward,GEO_IN_KA_251853,,,
GEO_IN_KA_252049_W2593,Heggadadevankote (TP) - Ward No.12,ward,GEO_IN_KA_252049,,,
GEO_IN_KA_276567_W1295748,Pandurang Nagar,ward,GEO_IN_KA_276567,,,
GEO_IN_KA_251955_W31773,Udupi (Cmc) - Ward No.27,ward,GEO_IN_KA_251955,,,
GEO_IN_KA_276463_W1295941,27-Sree Sallapuramma Ward,ward,GEO_IN_KA_276463,,,
GEO_IN_KA_251941_W31186,Davanagere (Cmc) - Ward No.5,ward,GEO_IN_KA_251941,,,
GEO_IN_KA_251974_W25412,Gubbi (TP) - Ward No.3,ward,GEO_IN_KA_251974,,,
GEO_IN_KA_251844_W63449,Sindgi (TMC) - Ward No.9,ward,GEO_IN_KA_251844,,,
GEO_IN_KA_251833_W25972,Rabkavi-Banhatti (Cmc) - Ward No.18,ward,GEO_IN_KA_251833,,,
GEO_IN_KA_276563_W1295965,Siddarayana Maddi,ward,GEO_IN_KA_276563,,,
GEO_IN_KA_251870_W27615,Mudgal (TP) - Ward No.12,ward,GEO_IN_KA_251870,,,
GEO_IN_KA_251893_W28082,Hubli-Dharwad (M Corp.) - Ward No.44,ward,GEO_IN_KA_251893,,,
GEO_IN_KA_301081_W3068481,Ward 14,ward,GEO_IN_KA_301081,,,
GEO_IN_KA_251988_W25848,Robertson Pet (Cmc) - Ward No.30,ward,GEO_IN_KA_251988,,,
GEO_IN_KA_252016_W28189,Channarayapatna (TMC) - Ward No.19,ward,GEO_IN_KA_252016,,,
GEO_IN_KA_252035_W28418,Puttur(TMC) - Ward No.14,ward,GEO_IN_KA_252035,,,
GEO_IN_KA_251977_W25563,Kunigal (TMC) - Ward No.19,ward,GEO_IN_KA_251977,,,
GEO_IN_KA_276575_W1295687,Ward No.17,ward,GEO_IN_KA_276575,,,
GEO_IN_KA_251950_W31334,Tirthahalli (TP) - Ward No.12,ward,GEO_IN_KA_251950,,,
GEO_IN_KA_276554_W1294244,Ward-11,ward,GEO_IN_KA_276554,,,
GEO_IN_KA_251982_W25733,Sidlaghatta (TMC) - Ward No.9,ward,GEO_IN_KA_251982,,,
GEO_IN_KA_251885_W27921,Ron (TP) - Ward No.16,ward,GEO_IN_KA_251885,,,
GEO_IN_KA_251872_W3044620,Ward 6,ward,GEO_IN_KA_251872,,,
GEO_IN_KA_251954_W31746,Saligram (TMC) - Ward No.4,ward,GEO_IN_KA_251954,,,
GEO_IN_KA_252021_W28227,Mangalore (M Corp.) - Ward No.16,ward,GEO_IN_KA_252021,,,
GEO_IN_KA_251926_W30495,Tekkalakote (TP) - Ward No.1,ward,GEO_IN_KA_251926,,,
GEO_IN_KA_301082_W3068499,Ward 9,ward,GEO_IN_KA_301082,,,
GEO_IN_KA_251994_W65107,Devanahalli (TMC) - Ward No.6,ward,GEO_IN_KA_251994,,,
GEO_IN_KA_251912_W61066,Shiggaon (TMC) - Ward No.8,ward,GEO_IN_KA_251912,,,
GEO_IN_KA_252004_W26759,Shrirangapattana (TMC) - Ward No.18,ward,GEO_IN_KA_252004,,,
GEO_IN_KA_276568_W1295666,Ward No.15,ward,GEO_IN_KA_276568,,,
GEO_IN_KA_276560_W1296383,Yeribandi,ward,GEO_IN_KA_276560,,,
GEO_IN_KA_252036_W1887217,Sulya (TP) - Ward No.18,ward,GEO_IN_KA_252036,,,
GEO_IN_KA_251872_W3044617,Ward 3,ward,GEO_IN_KA_251872,,,
GEO_IN_KA_251996_W65155,Magadi (TMC) - Ward No.16,ward,GEO_IN_KA_251996,,,
GEO_IN_KA_276600_W1302717,Ward No.45(Rajarajeshwari Nagar),ward,GEO_IN_KA_276600,,,
GEO_IN_KA_251972_W25398,Koratagere (TP) - Ward No.1,ward,GEO_IN_KA_251972,,,
GEO_IN_KA_251979_W25616,Chik Ballapur (Cmc) - Ward No.21,ward,GEO_IN_KA_251979,,,
GEO_IN_KA_251974_W1922532,Gubbi (TP) - Ward No.17,ward,GEO_IN_KA_251974,,,
GEO_IN_KA_251832_W25932,Jamkhandi (TMC) - Ward No.5,ward,GEO_IN_KA_251832,,,
GEO_IN_KA_276600_W3290560,Ward No.220(Gharebhavipalya),ward,GEO_IN_KA_276600,,,
GEO_IN_KA_251816_W24748,Konnur (TP) - Ward No.6,ward,GEO_IN_KA_251816,,,
GEO_IN_KA_251993_W2440236,Ward-30,ward,GEO_IN_KA_251993,,,
GEO_IN_KA_251975_W2146697,Tiptur (TMC) - Ward No.29,ward,GEO_IN_KA_251975,,,
GEO_IN_KA_252051_W65891,Bannur (TMC) - Ward No.18,ward,GEO_IN_KA_252051,,,
GEO_IN_KA_252049_W1921422,Heggadadevankote (TP) - Ward No.16,ward,GEO_IN_KA_252049,,,
GEO_IN_KA_251893_W28078,Hubli-Dharwad (M Corp.) - Ward No.40,ward,GEO_IN_KA_251893,,,
GEO_IN_KA_251880_W27837,Kushtagi (TMC) - Ward No.3,ward,GEO_IN_KA_251880,,,
GEO_IN_KA_251881_W27872,Gangawati (Cmc) - Ward No.23,ward,GEO_IN_KA_251881,,,
GEO_IN_KA_276537_W1296065,Ward No.18,ward,GEO_IN_KA_276537,,,
GEO_IN_KA_251809_W24457,Nipani (Cmc) - Ward No.24,ward,GEO_IN_KA_251809,,,
GEO_IN_KA_276540_W1296134,Tippi Gundi,ward,GEO_IN_KA_276540,,,
GEO_IN_KA_276477_W1293399,7- Jai Bhim Nagar,ward,GEO_IN_KA_276477,,,
GEO_IN_KA_251829_W25705,Ramdurg (TMC) - Ward No.2,ward,GEO_IN_KA_251829,,,
GEO_IN_KA_251938_W31157,Harihar (Cmc) - Ward No.30,ward,GEO_IN_KA_251938,,,
GEO_IN_KA_251891_W28008,Lakshmeshwar (TMC) - Ward No.10,ward,GEO_IN_KA_251891,,,
GEO_IN_KA_251828_W25686,Saundatti-Yellamma (TMC) - Ward No.6,ward,GEO_IN_KA_251828,,,
GEO_IN_KA_251863_W63728,Yadgir (TMC) - Ward No.17,ward,GEO_IN_KA_251863,,,
GEO_IN_KA_251838_W26120,Guledgudda (TMC) - Ward No.19,ward,GEO_IN_KA_251838,,,
GEO_IN_KA_276529_W1295545,Mahalingray Vasati,ward,GEO_IN_KA_276529,,,
GEO_IN_KA_251855_W27050,Shahabad (TMC) - Ward No.7,ward,GEO_IN_KA_251855,,,
GEO_IN_KA_276605_W1296235,Ward-3,ward,GEO_IN_KA_276605,,,
GEO_IN_KA_251912_W61246,Shiggaon (TMC) - Ward No.18,ward,GEO_IN_KA_251912,,,
GEO_IN_KA_251893_W28062,Hubli-Dharwad (M Corp.) - Ward No.24,ward,GEO_IN_KA_251893,,,
GEO_IN_KA_297129_W2805078,Ward 6,ward,GEO_IN_KA_297129,,,
GEO_IN_KA_252003_W26741,Pandavapura (TP) - Ward No.17,ward,GEO_IN_KA_252003,,,
GEO_IN_KA_276564_W1295971,Ward-3,ward,GEO_IN_KA_276564,,,
GEO_IN_KA_252012_W65622,Hassan (Cmc) - Ward No.15,ward,GEO_IN_KA_252012,,,
GEO_IN_KA_251911_W30000,Bhatkal (TMC) - Ward No.8,ward,GEO_IN_KA_251911,,,
GEO_IN_KA_251870_W27611,Mudgal (TP) - Ward No.8,ward,GEO_IN_KA_251870,,,
GEO_IN_KA_276464_W1295899,Ward No. 8,ward,GEO_IN_KA_276464,,,
GEO_IN_KA_251907_W61049,Kumta (TMC) - Ward No.17,ward,GEO_IN_KA_251907,,,
GEO_IN_KA_251905_W28707,Sirsi (Cmc) - Ward No.5,ward,GEO_IN_KA_251905,,,
GEO_IN_KA_252054_W29138,Chamarajanagar (Cmc) - Ward No.11,ward,GEO_IN_KA_252054,,,
GEO_IN_KA_251989_W25880,Mulbagal (TMC) - Ward No.21,ward,GEO_IN_KA_251989,,,
GEO_IN_KA_251824_W25510,Belgaum (M Corp.) - Ward No.23,ward,GEO_IN_KA_251824,,,
GEO_IN_KA_252006_W26773,Maddur (TMC) - Ward No.9,ward,GEO_IN_KA_252006,,,
GEO_IN_KA_248127_W27022,Kalaburagi (M Corp.) - Ward No.43,ward,GEO_IN_KA_248127,,,
GEO_IN_KA_276569_W1295693,Ward No. 6,ward,GEO_IN_KA_276569,,,
GEO_IN_KA_251893_W28071,Hubli-Dharwad (M Corp.) - Ward No.33,ward,GEO_IN_KA_251893,,,
GEO_IN_KA_251866_W1885565,Aurad (TP) - Ward No.15,ward,GEO_IN_KA_251866,,,
GEO_IN_KA_297131_W2440200,Ward-5,ward,GEO_IN_KA_297131,,,
GEO_IN_KA_251898_W28158,Kundgol (TP) - Ward No.10,ward,GEO_IN_KA_251898,,,
GEO_IN_KA_251955_W31751,Udupi (Cmc) - Ward No.5,ward,GEO_IN_KA_251955,,,
GEO_IN_KA_251989_W25860,Mulbagal (TMC) - Ward No.1,ward,GEO_IN_KA_251989,,,
GEO_IN_KA_252014_W27805,Arkalgud (TP) - Ward No.4,ward,GEO_IN_KA_252014,,,
GEO_IN_KA_276554_W1294241,Ward-8,ward,GEO_IN_KA_276554,,,
GEO_IN_KA_276535_W1296307,Ward-1,ward,GEO_IN_KA_276535,,,
GEO_IN_KA_276554_W1294238,Ward-5,ward,GEO_IN_KA_276554,,,
GEO_IN_KA_276521_W1293457,Ward-4,ward,GEO_IN_KA_276521,,,
GEO_IN_KA_251963_W32425,Birur (TMC) - Ward No.5,ward,GEO_IN_KA_251963,,,
GEO_IN_KA_252014_W27809,Arkalgud (TP) - Ward No.8,ward,GEO_IN_KA_252014,,,
GEO_IN_KA_251895_W60985,Navalgund (TMC) - Ward No.7,ward,GEO_IN_KA_251895,,,
GEO_IN_KA_251882_W1891312,Koppal (Cmc) - Ward No.23,ward,GEO_IN_KA_251882,,,
GEO_IN_KA_251862_W2146595,Gurmatkal-22,ward,GEO_IN_KA_251862,,,
GEO_IN_KA_251820_W25474,Hukeri (TP) - Ward No.8,ward,GEO_IN_KA_251820,,,
GEO_IN_KA_276563_W1295949,Lamani Thande,ward,GEO_IN_KA_276563,,,
GEO_IN_KA_276496_W1296435,Ward-18,ward,GEO_IN_KA_276496,,,
GEO_IN_KA_252051_W65876,Bannur (TMC) - Ward No.3,ward,GEO_IN_KA_252051,,,
GEO_IN_KA_251947_W3044519,Ward 20,ward,GEO_IN_KA_251947,,,
GEO_IN_KA_251913_W2443,Bankapura (TMC) - Ward No.14,ward,GEO_IN_KA_251913,,,
GEO_IN_KA_251835_W63228,Mudhol (TMC) - Ward No.8,ward,GEO_IN_KA_251835,,,
GEO_IN_KA_251886_W27937,Gajendragarh (TMC) - Ward No.12,ward,GEO_IN_KA_251886,,,
GEO_IN_KA_251813_W24691,Kudchi (TP) - Ward No.5,ward,GEO_IN_KA_251813,,,
GEO_IN_KA_251891_W28016,Lakshmeshwar (TMC) - Ward No.18,ward,GEO_IN_KA_251891,,,
GEO_IN_KA_251867_W27553,Bidar (Cmc) - Ward No.35,ward,GEO_IN_KA_251867,,,
GEO_IN_KA_251961_W31813,Narasimharajapura (TP) - Ward No.8,ward,GEO_IN_KA_251961,,,
GEO_IN_KA_251952_W61561,Bhadravati (Cmc) - Ward No.35,ward,GEO_IN_KA_251952,,,
GEO_IN_KA_251869_W27589,Chitgoppa (TMC) - Ward No.9,ward,GEO_IN_KA_251869,,,
GEO_IN_KA_299321_W3046862,Ward 18,ward,GEO_IN_KA_299321,,,
GEO_IN_KA_251989_W1890213,Mulbagal (TMC) - Ward No.24,ward,GEO_IN_KA_251989,,,
GEO_IN_KA_251885_W27907,Ron (TP) - Ward No.2,ward,GEO_IN_KA_251885,,,
GEO_IN_KA_251986_W25801,Malur (TMC) - Ward No.6,ward,GEO_IN_KA_251986,,,
GEO_IN_KA_252027_W1887751,Ullal (TP) - Ward No.28,ward,GEO_IN_KA_252027,,,
GEO_IN_KA_251881_W27866,Gangawati (Cmc) - Ward No.17,ward,GEO_IN_KA_251881,,,
GEO_IN_KA_251870_W27618,Mudgal (TP) - Ward No.15,ward,GEO_IN_KA_251870,,,
GEO_IN_KA_251978_W2176860,Gauribidanur-30,ward,GEO_IN_KA_251978,,,
GEO_IN_KA_253189_W25993,Bangalore (M Corp.) - Ward No.22,ward,GEO_IN_KA_253189,,,
GEO_IN_KA_251900_W28686,Karwar (Cmc) - Ward No.31,ward,GEO_IN_KA_251900,,,
GEO_IN_KA_276519_W1293432,Ward-2,ward,GEO_IN_KA_276519,,,
GEO_IN_KA_296977_W3068766,ward No.10,ward,GEO_IN_KA_296977,,,
GEO_IN_KA_252027_W65712,Ullal (TP) - Ward No.17,ward,GEO_IN_KA_252027,,,
GEO_IN_KA_251852_W63486,Sedam (TMC) - Ward No.3,ward,GEO_IN_KA_251852,,,
GEO_IN_KA_251933_W1886525,Challakere (TMC) - Ward No.28,ward,GEO_IN_KA_251933,,,
GEO_IN_KA_299321_W3046857,Ward 13,ward,GEO_IN_KA_299321,,,
GEO_IN_KA_252050_W65853,Nanjangud (TMC) - Ward No.7,ward,GEO_IN_KA_252050,,,
GEO_IN_KA_276554_W1294245,Ward-12,ward,GEO_IN_KA_276554,,,
GEO_IN_KA_276600_W3290543,Ward No.203(Subrahmanyapura),ward,GEO_IN_KA_276600,,,
GEO_IN_KA_251958_W1922641,Karkal (TMC) - Ward No.16,ward,GEO_IN_KA_251958,,,
GEO_IN_KA_251989_W25877,Mulbagal (TMC) - Ward No.18,ward,GEO_IN_KA_251989,,,
GEO_IN_KA_299320_W3044607,Ward 11,ward,GEO_IN_KA_299320,,,
GEO_IN_KA_251863_W63717,Yadgir (TMC) - Ward No.6,ward,GEO_IN_KA_251863,,,
GEO_IN_KA_251888_W27986,Gadag-Betigeri (Cmc) - Ward No.23,ward,GEO_IN_KA_251888,,,
GEO_IN_KA_276567_W1295756,Koddin Thot,ward,GEO_IN_KA_276567,,,
GEO_IN_KA_251981_W2443609,Bagepalli (TP) - Ward No.15,ward,GEO_IN_KA_251981,,,
GEO_IN_KA_251818_W25442,Gokak (Cmc) - Ward No.30,ward,GEO_IN_KA_251818,,,
GEO_IN_KA_251958_W1922635,Karkal (TMC) - Ward No.10,ward,GEO_IN_KA_251958,,,
GEO_IN_KA_276600_W1302788,Ward No.116 (Ramaswamypalya),ward,GEO_IN_KA_276600,,,
GEO_IN_KA_276538_W1296365,Ward-17,ward,GEO_IN_KA_276538,,,
GEO_IN_KA_251983_W25760,Chintamani (Cmc) - Ward No.13,ward,GEO_IN_KA_251983,,,
GEO_IN_KA_251995_W26525,Hosakote (TMC) - Ward No.1,ward,GEO_IN_KA_251995,,,
GEO_IN_KA_251983_W25771,Chintamani (Cmc) - Ward No.24,ward,GEO_IN_KA_251983,,,
GEO_IN_KA_251853_W2144729,Chittapura-13,ward,GEO_IN_KA_251853,,,
GEO_IN_KA_252035_W28416,Puttur(TMC) - Ward No.12,ward,GEO_IN_KA_252035,,,
GEO_IN_KA_276477_W1293406,14-Uppar Wadi Area,ward,GEO_IN_KA_276477,,,
GEO_IN_KA_251972_W25400,Koratagere (TP) - Ward No.3,ward,GEO_IN_KA_251972,,,
GEO_IN_KA_252004_W26749,Shrirangapattana (TMC) - Ward No.8,ward,GEO_IN_KA_252004,,,
GEO_IN_KA_276600_W3290548,Ward No.208(Anjanapura),ward,GEO_IN_KA_276600,,,
GEO_IN_KA_251839_W26141,Bagalkot (Cmc) - Ward No.17,ward,GEO_IN_KA_251839,,,
GEO_IN_KA_251827_W25669,Bail Hongal (TMC) - Ward No.12,ward,GEO_IN_KA_251827,,,
GEO_IN_KA_251975_W64920,Tiptur (TMC) - Ward No.3,ward,GEO_IN_KA_251975,,,
GEO_IN_KA_299321_W3046860,Ward 16,ward,GEO_IN_KA_299321,,,
GEO_IN_KA_251819_W25464,Sankeshwar (TMC) - Ward No.21,ward,GEO_IN_KA_251819,,,
GEO_IN_KA_299417_W2867093,Ward 9,ward,GEO_IN_KA_299417,,,
GEO_IN_KA_251859_W63510,Shorapur (TMC) - Ward No.1,ward,GEO_IN_KA_251859,,,
GEO_IN_KA_251993_W2440208,Ward-2,ward,GEO_IN_KA_251993,,,
GEO_IN_KA_251961_W31807,Narasimharajapura (TP) - Ward No.2,ward,GEO_IN_KA_251961,,,
GEO_IN_KA_251929_W61433,Sandur (TP) - Ward No.19,ward,GEO_IN_KA_251929,,,
GEO_IN_KA_276519_W1293445,Ward-15,ward,GEO_IN_KA_276519,,,
GEO_IN_KA_251886_W27933,Gajendragarh (TMC) - Ward No.8,ward,GEO_IN_KA_251886,,,
GEO_IN_KA_276605_W1296233,Ward-1,ward,GEO_IN_KA_276605,,,
GEO_IN_KA_251953_W61566,Kundapura (TMC) - Ward No.5,ward,GEO_IN_KA_251953,,,
GEO_IN_KA_251995_W2176831,Hosakote-27,ward,GEO_IN_KA_251995,,,
GEO_IN_KA_251824_W25493,Belgaum (M Corp.) - Ward No.6,ward,GEO_IN_KA_251824,,,
GEO_IN_KA_251916_W61278,Haveri (Cmc) - Ward No.7,ward,GEO_IN_KA_251916,,,
GEO_IN_KA_276611_W2179622,Ward-6,ward,GEO_IN_KA_276611,,,
GEO_IN_KA_251978_W25592,Gauribidanur (TMC) - Ward No.20,ward,GEO_IN_KA_251978,,,
GEO_IN_KA_276583_W1295651,Ward No.17,ward,GEO_IN_KA_276583,,,
GEO_IN_KA_251976_W25433,Turuvekere (TP) - Ward No.10,ward,GEO_IN_KA_251976,,,
GEO_IN_KA_276496_W1296424,Ward-7,ward,GEO_IN_KA_276496,,,
GEO_IN_KA_251839_W26247,Bagalkot (Cmc) - Ward No.26,ward,GEO_IN_KA_251839,,,
GEO_IN_KA_251996_W65141,Magadi (TMC) - Ward No.9,ward,GEO_IN_KA_251996,,,
GEO_IN_KA_251929_W61332,Sandur (TP) - Ward No.10,ward,GEO_IN_KA_251929,,,
GEO_IN_KA_276576_W1295743,Pattan Panchayat Back Side,ward,GEO_IN_KA_276576,,,
GEO_IN_KA_252034_W28399,Beltangadi (TP) - Ward No.6,ward,GEO_IN_KA_252034,,,
GEO_IN_KA_251899_W28166,Dandeli (Cmc) - Ward No.7,ward,GEO_IN_KA_251899,,,
GEO_IN_KA_251856_W931360,Wadi (TMC) - Ward No.15,ward,GEO_IN_KA_251856,,,
GEO_IN_KA_251892_W28032,Mundargi (TP) - Ward No.11,ward,GEO_IN_KA_251892,,,
GEO_IN_KA_252021_W28358,Mangalore (M Corp.) - Ward No.59,ward,GEO_IN_KA_252021,,,
GEO_IN_KA_252021_W28240,Mangalore (M Corp.) - Ward No.29,ward,GEO_IN_KA_252021,,,
GEO_IN_KA_251945_W31250,Sagar (TMC) - Ward No.2,ward,GEO_IN_KA_251945,,,
GEO_IN_KA_276477_W1293405,"13- Bangargid Road, Vethal Mandir",ward,GEO_IN_KA_276477,,,
GEO_IN_KA_251913_W2441,Bankapura (TMC) - Ward No.12,ward,GEO_IN_KA_251913,,,
GEO_IN_KA_251816_W1884219,Konnur (TP) - Ward No.20,ward,GEO_IN_KA_251816,,,
GEO_IN_KA_251960_W31804,Koppa (TP) - Ward No.10,ward,GEO_IN_KA_251960,,,
GEO_IN_KA_252015_W65661,Hole Narsipur (TMC) - Ward No.14,ward,GEO_IN_KA_252015,,,
GEO_IN_KA_251891_W28021,Lakshmeshwar (TMC) - Ward No.23,ward,GEO_IN_KA_251891,,,
GEO_IN_KA_251867_W27532,Bidar (Cmc) - Ward No.14,ward,GEO_IN_KA_251867,,,
GEO_IN_KA_251908_W29964,Siddapur (TP) - Ward No.3,ward,GEO_IN_KA_251908,,,
GEO_IN_KA_251893_W28056,Hubli-Dharwad (M Corp.) - Ward No.18,ward,GEO_IN_KA_251893,,,
GEO_IN_KA_251811_W24485,Chikodi (TMC) - Ward No.21,ward,GEO_IN_KA_251811,,,
GEO_IN_KA_251873_W1921536,Ward-9,ward,GEO_IN_KA_251873,,,
GEO_IN_KA_251992_W26499,Dod Ballapur (Cmc) - Ward No.29,ward,GEO_IN_KA_251992,,,
GEO_IN_KA_251962_W32413,Tarikere (TP) - Ward No.13,ward,GEO_IN_KA_251962,,,
GEO_IN_KA_251852_W63488,Sedam (TMC) - Ward No.5,ward,GEO_IN_KA_251852,,,
GEO_IN_KA_251879_W1890587,Yelbarga (TP) - Ward No.15,ward,GEO_IN_KA_251879,,,
GEO_IN_KA_251813_W1883902,Kudchi (TP) - Ward No.23,ward,GEO_IN_KA_251813,,,
GEO_IN_KA_252014_W27810,Arkalgud (TP) - Ward No.9,ward,GEO_IN_KA_252014,,,
GEO_IN_KA_251909_W29981,Honavar (TP) - Ward No.7,ward,GEO_IN_KA_251909,,,
GEO_IN_KA_276538_W1296351,Ward-3,ward,GEO_IN_KA_276538,,,
GEO_IN_KA_299321_W3046853,Ward 9,ward,GEO_IN_KA_299321,,,
GEO_IN_KA_251888_W27985,Gadag-Betigeri (Cmc) - Ward No.22,ward,GEO_IN_KA_251888,,,
GEO_IN_KA_276554_W1294242,Ward-9,ward,GEO_IN_KA_276554,,,
GEO_IN_KA_251907_W61051,Kumta (TMC) - Ward No.19,ward,GEO_IN_KA_251907,,,
GEO_IN_KA_251898_W28155,Kundgol (TP) - Ward No.7,ward,GEO_IN_KA_251898,,,
GEO_IN_KA_276611_W2179627,Ward-11,ward,GEO_IN_KA_276611,,,
GEO_IN_KA_299320_W3044610,Ward 14,ward,GEO_IN_KA_299320,,,
GEO_IN_KA_251868_W27567,Homnabad (TMC) - Ward No.12,ward,GEO_IN_KA_251868,,,
GEO_IN_KA_276519_W1293443,Ward-13,ward,GEO_IN_KA_276519,,,
GEO_IN_KA_301055_W3068455,ward No.11,ward,GEO_IN_KA_301055,,,
GEO_IN_KA_276535_W1296316,Ward-10,ward,GEO_IN_KA_276535,,,
GEO_IN_KA_276560_W1296382,Dalar Doddi,ward,GEO_IN_KA_276560,,,
GEO_IN_KA_252021_W28347,Mangalore (M Corp.) - Ward No.48,ward,GEO_IN_KA_252021,,,
GEO_IN_KA_252017_W28204,Mulki (TP) - Ward No.9,ward,GEO_IN_KA_252017,,,
GEO_IN_KA_276526_W1293478,Ward No.7,ward,GEO_IN_KA_276526,,,
GEO_IN_KA_251878_W27816,Sindhnur (TMC) - Ward No.9,ward,GEO_IN_KA_251878,,,
GEO_IN_KA_251964_W61589,Kadur (TMC) - Ward No.13,ward,GEO_IN_KA_251964,,,
GEO_IN_KA_251952_W61557,Bhadravati (Cmc) - Ward No.31,ward,GEO_IN_KA_251952,,,
GEO_IN_KA_251830_W63209,Mahalingpur (TMC) - Ward No.12,ward,GEO_IN_KA_251830,,,
GEO_IN_KA_251993_W2440207,Ward-1,ward,GEO_IN_KA_251993,,,
GEO_IN_KA_251893_W28093,Hubli-Dharwad (M Corp.) - Ward No.55,ward,GEO_IN_KA_251893,,,
GEO_IN_KA_251983_W25753,Chintamani (Cmc) - Ward No.6,ward,GEO_IN_KA_251983,,,
GEO_IN_KA_296954_W2890395,Ward 13,ward,GEO_IN_KA_296954,,,
GEO_IN_KA_251842_W2440261,Ward-20,ward,GEO_IN_KA_251842,,,
GEO_IN_KA_276535_W1296323,Ward-17,ward,GEO_IN_KA_276535,,,
GEO_IN_KA_276541_W1296196,Ward-14,ward,GEO_IN_KA_276541,,,
GEO_IN_KA_252035_W28431,Puttur(TMC) - Ward No.27,ward,GEO_IN_KA_252035,,,
GEO_IN_KA_251974_W25423,Gubbi (TP) - Ward No.14,ward,GEO_IN_KA_251974,,,
GEO_IN_KA_251985_W64973,Kolar (Cmc) - Ward No.18,ward,GEO_IN_KA_251985,,,
GEO_IN_KA_252021_W28357,Mangalore (M Corp.) - Ward No.58,ward,GEO_IN_KA_252021,,,
GEO_IN_KA_253185_W26630,Channapatna - Ward No.30,ward,GEO_IN_KA_253185,,,
GEO_IN_KA_251941_W31207,Davanagere (Cmc) - Ward No.26,ward,GEO_IN_KA_251941,,,
GEO_IN_KA_251832_W25934,Jamkhandi (TMC) - Ward No.7,ward,GEO_IN_KA_251832,,,
GEO_IN_KA_276537_W1296054,Ward No. 7,ward,GEO_IN_KA_276537,,,
GEO_IN_KA_301790_W3287807,Ward No.10,ward,GEO_IN_KA_301790,,,
GEO_IN_KA_299318_W3287795,Ward No.21,ward,GEO_IN_KA_299318,,,
GEO_IN_KA_276537_W1296058,Ward No.11,ward,GEO_IN_KA_276537,,,
GEO_IN_KA_251916_W69700,Haveri (Cmc) - Ward No.28,ward,GEO_IN_KA_251916,,,
GEO_IN_KA_276575_W1295678,Ward No. 8,ward,GEO_IN_KA_276575,,,
GEO_IN_KA_252018_W65684,Mudbidri (TMC) - Ward No.14,ward,GEO_IN_KA_252018,,,
GEO_IN_KA_251847_W26399,Talikota (TMC) - Ward No.1,ward,GEO_IN_KA_251847,,,
GEO_IN_KA_252004_W26754,Shrirangapattana (TMC) - Ward No.13,ward,GEO_IN_KA_252004,,,
GEO_IN_KA_251921_W30412,Hoovina Hadagalli (TP) - Ward No.11,ward,GEO_IN_KA_251921,,,
GEO_IN_KA_251824_W25628,Belgaum (M Corp.) - Ward No.52,ward,GEO_IN_KA_251824,,,
GEO_IN_KA_299327_W3304240,ward No.12,ward,GEO_IN_KA_299327,,,
GEO_IN_KA_252035_W28415,Puttur(TMC) - Ward No.11,ward,GEO_IN_KA_252035,,,
GEO_IN_KA_299181_W3046820,Ward 14,ward,GEO_IN_KA_299181,,,
GEO_IN_KA_251949_W31315,Hosanagara (TP) - Ward No.4,ward,GEO_IN_KA_251949,,,
GEO_IN_KA_251932_W1886154,Molakalmuru (TP) - Ward No.13,ward,GEO_IN_KA_251932,,,
GEO_IN_KA_251927_W30833,Bellary (Cmc) - Ward No.32,ward,GEO_IN_KA_251927,,,
GEO_IN_KA_252053_W29116,Gundlupet (TMC) - Ward No.12,ward,GEO_IN_KA_252053,,,
GEO_IN_KA_251932_W30864,Molakalmuru (TP) - Ward No.10,ward,GEO_IN_KA_251932,,,
GEO_IN_KA_276564_W1295975,Ward-7,ward,GEO_IN_KA_276564,,,
GEO_IN_KA_251814_W923221,Raybag (TP) - Ward No.14,ward,GEO_IN_KA_251814,,,
GEO_IN_KA_276477_W1293411,19- Waddar Galli,ward,GEO_IN_KA_276477,,,
GEO_IN_KA_301080_W3287830,Ward No.11,ward,GEO_IN_KA_301080,,,
GEO_IN_KA_251870_W27610,Mudgal (TP) - Ward No.7,ward,GEO_IN_KA_251870,,,
GEO_IN_KA_251969_W25342,Sira (TMC) - Ward No.10,ward,GEO_IN_KA_251969,,,
GEO_IN_KA_252036_W1887216,Sulya (TP) - Ward No.17,ward,GEO_IN_KA_252036,,,
GEO_IN_KA_252002_W1891663,Nagamangala (TP) - Ward No.17,ward,GEO_IN_KA_252002,,,
GEO_IN_KA_251904_W61025,Mundgod (TP) - Ward No.7,ward,GEO_IN_KA_251904,,,
GEO_IN_KA_251847_W26420,Talikota (TMC) - Ward No.22,ward,GEO_IN_KA_251847,,,
GEO_IN_KA_252038_W28756,Somvarpet (TP) - Ward No.4,ward,GEO_IN_KA_252038,,,
GEO_IN_KA_251888_W27975,Gadag-Betigeri (Cmc) - Ward No.12,ward,GEO_IN_KA_251888,,,
GEO_IN_KA_299317_W3044546,Ward 12,ward,GEO_IN_KA_299317,,,
GEO_IN_KA_251896_W28123,Annigeri (TMC) - Ward No.3,ward,GEO_IN_KA_251896,,,
GEO_IN_KA_276521_W1293459,Ward-6,ward,GEO_IN_KA_276521,,,
GEO_IN_KA_276556_W1294657,Ward-9,ward,GEO_IN_KA_276556,,,
GEO_IN_KA_251867_W27537,Bidar (Cmc) - Ward No.19,ward,GEO_IN_KA_251867,,,
GEO_IN_KA_276600_W1302729,Ward No.57 (Rajamahal Guttahalli),ward,GEO_IN_KA_276600,,,
GEO_IN_KA_251996_W65546,Magadi (TMC) - Ward No.22,ward,GEO_IN_KA_251996,,,
GEO_IN_KA_251912_W61064,Shiggaon (TMC) - Ward No.6,ward,GEO_IN_KA_251912,,,
GEO_IN_KA_301055_W3068458,ward No.14,ward,GEO_IN_KA_301055,,,
GEO_IN_KA_252015_W65665,Hole Narsipur (TMC) - Ward No.18,ward,GEO_IN_KA_252015,,,
GEO_IN_KA_251893_W28045,Hubli-Dharwad (M Corp.) - Ward No.7,ward,GEO_IN_KA_251893,,,
GEO_IN_KA_251927_W3068770,Ward No.38,ward,GEO_IN_KA_251927,,,
GEO_IN_KA_251907_W61043,Kumta (TMC) - Ward No.11,ward,GEO_IN_KA_251907,,,
GEO_IN_KA_252008_W27730,Sakleshpur (TMC) - Ward No.7,ward,GEO_IN_KA_252008,,,
GEO_IN_KA_251918_W30070,Hirekerur (TP) - Ward No.7,ward,GEO_IN_KA_251918,,,
GEO_IN_KA_252021_W28344,Mangalore (M Corp.) - Ward No.45,ward,GEO_IN_KA_252021,,,
GEO_IN_KA_251968_W25332,Chiknayakanhalli (TMC) - Ward No.23,ward,GEO_IN_KA_251968,,,
GEO_IN_KA_251912_W61069,Shiggaon (TMC) - Ward No.11,ward,GEO_IN_KA_251912,,,
GEO_IN_KA_251818_W24771,Gokak (Cmc) - Ward No.13,ward,GEO_IN_KA_251818,,,
GEO_IN_KA_276497_W1293430,Ward No-19,ward,GEO_IN_KA_276497,,,
GEO_IN_KA_252001_W26693,Krishnarajpet (TP) - Ward No.2,ward,GEO_IN_KA_252001,,,
GEO_IN_KA_251833_W25956,Rabkavi-Banhatti (Cmc) - Ward No.2,ward,GEO_IN_KA_251833,,,
GEO_IN_KA_276578_W1295451,Mutnal Galli,ward,GEO_IN_KA_276578,,,
GEO_IN_KA_252012_W65623,Hassan (Cmc) - Ward No.16,ward,GEO_IN_KA_252012,,,
GEO_IN_KA_251853_W2144733,Chittapura-17,ward,GEO_IN_KA_251853,,,
GEO_IN_KA_277668_W3046751,Ward 8,ward,GEO_IN_KA_277668,,,
GEO_IN_KA_252045_W28863,Mysore (M Corp.) - Ward No.58,ward,GEO_IN_KA_252045,,,
GEO_IN_KA_276601_W1296299,Ward-11,ward,GEO_IN_KA_276601,,,
GEO_IN_KA_299181_W3046809,Ward 3,ward,GEO_IN_KA_299181,,,
GEO_IN_KA_251952_W61552,Bhadravati (Cmc) - Ward No.26,ward,GEO_IN_KA_251952,,,
GEO_IN_KA_252045_W28809,Mysore (M Corp.) - Ward No.4,ward,GEO_IN_KA_252045,,,
GEO_IN_KA_251880_W923380,Kushtagi (TMC) - Ward No.22,ward,GEO_IN_KA_251880,,,
GEO_IN_KA_276538_W1296363,Ward-15,ward,GEO_IN_KA_276538,,,
GEO_IN_KA_251900_W28671,Karwar (Cmc) - Ward No.16,ward,GEO_IN_KA_251900,,,
GEO_IN_KA_251810_W923225,Sadalgi (TP) - Ward No.17,ward,GEO_IN_KA_251810,,,
GEO_IN_KA_251964_W61587,Kadur (TMC) - Ward No.11,ward,GEO_IN_KA_251964,,,
GEO_IN_KA_251895_W923399,Navalgund (TMC) - Ward No.23,ward,GEO_IN_KA_251895,,,
GEO_IN_KA_251964_W61580,Kadur (TMC) - Ward No.4,ward,GEO_IN_KA_251964,,,
GEO_IN_KA_251951_W31350,Shimoga (Cmc) - Ward No.14,ward,GEO_IN_KA_251951,,,
GEO_IN_KA_251871_W2146702,Lingsugur-23,ward,GEO_IN_KA_251871,,,
GEO_IN_KA_251816_W24757,Konnur (TP) - Ward No.15,ward,GEO_IN_KA_251816,,,
GEO_IN_KA_299181_W3046815,Ward 9,ward,GEO_IN_KA_299181,,,
GEO_IN_KA_299321_W3046850,Ward 6,ward,GEO_IN_KA_299321,,,
GEO_IN_KA_252021_W28359,Mangalore (M Corp.) - Ward No.60,ward,GEO_IN_KA_252021,,,
GEO_IN_KA_252004_W26761,Shrirangapattana (TMC) - Ward No.20,ward,GEO_IN_KA_252004,,,
GEO_IN_KA_251995_W26529,Hosakote (TMC) - Ward No.3,ward,GEO_IN_KA_251995,,,
GEO_IN_KA_251862_W7172,Gurmatkal (TP) - Ward No.13,ward,GEO_IN_KA_251862,,,
GEO_IN_KA_251995_W26551,Hosakote (TMC) - Ward No.14,ward,GEO_IN_KA_251995,,,
GEO_IN_KA_263293_W2179722,Ward-7,ward,GEO_IN_KA_263293,,,
GEO_IN_KA_276534_W1296335,Ward-6,ward,GEO_IN_KA_276534,,,
GEO_IN_KA_299319_W3287732,Ward No.4,ward,GEO_IN_KA_299319,,,
GEO_IN_KA_251927_W30823,Bellary (Cmc) - Ward No.22,ward,GEO_IN_KA_251927,,,
GEO_IN_KA_251812_W24503,Athni (TMC) - Ward No.16,ward,GEO_IN_KA_251812,,,
GEO_IN_KA_276568_W1295660,Ward No. 9,ward,GEO_IN_KA_276568,,,
GEO_IN_KA_251835_W2179115,Mudhol-27,ward,GEO_IN_KA_251835,,,
GEO_IN_KA_276556_W1294664,Ward-16,ward,GEO_IN_KA_276556,,,
GEO_IN_KA_251812_W24500,Athni (TMC) - Ward No.13,ward,GEO_IN_KA_251812,,,
GEO_IN_KA_251877_W27701,Manvi (TMC) - Ward No.11,ward,GEO_IN_KA_251877,,,
GEO_IN_KA_251951_W31354,Shimoga (Cmc) - Ward No.18,ward,GEO_IN_KA_251951,,,
GEO_IN_KA_251871_W27636,Lingsugur (TP) - Ward No.18,ward,GEO_IN_KA_251871,,,
GEO_IN_KA_251901_W2178760,Haliyal-20,ward,GEO_IN_KA_251901,,,
GEO_IN_KA_251969_W25341,Sira (TMC) - Ward No.9,ward,GEO_IN_KA_251969,,,
GEO_IN_KA_276543_W1295890,Ward-16,ward,GEO_IN_KA_276543,,,
GEO_IN_KA_252001_W26701,Krishnarajpet (TP) - Ward No.10,ward,GEO_IN_KA_252001,,,
GEO_IN_KA_251861_W2146610,Shahpur (TMC) - Ward No.24,ward,GEO_IN_KA_251861,,,
GEO_IN_KA_299416_W2890347,Ward 7,ward,GEO_IN_KA_299416,,,
GEO_IN_KA_251919_W30098,Ranibennur (Cmc) - Ward No.21,ward,GEO_IN_KA_251919,,,
GEO_IN_KA_276600_W1302762,Ward No.90 (Ramamurthy Nagar ),ward,GEO_IN_KA_276600,,,
GEO_IN_KA_251968_W25315,Chiknayakanhalli (TMC) - Ward No.6,ward,GEO_IN_KA_251968,,,
GEO_IN_KA_276576_W1295737,Siddarud Nagar,ward,GEO_IN_KA_276576,,,
GEO_IN_KA_251865_W63743,Bhalki (TMC) - Ward No.5,ward,GEO_IN_KA_251865,,,
GEO_IN_KA_251907_W61040,Kumta (TMC) - Ward No.8,ward,GEO_IN_KA_251907,,,
GEO_IN_KA_252033_W28386,Bantval (TP) - Ward No.14,ward,GEO_IN_KA_252033,,,
GEO_IN_KA_251945_W31261,Sagar (TMC) - Ward No.13,ward,GEO_IN_KA_251945,,,
GEO_IN_KA_251863_W63719,Yadgir (TMC) - Ward No.8,ward,GEO_IN_KA_251863,,,
GEO_IN_KA_276572_W1296227,Azadnagar - Shedkuli,ward,GEO_IN_KA_276572,,,
GEO_IN_KA_251982_W946226,Sidlaghatta (TMC) - Ward No.24,ward,GEO_IN_KA_251982,,,
GEO_IN_KA_251901_W61013,Haliyal (TP) - Ward No.15,ward,GEO_IN_KA_251901,,,
GEO_IN_KA_251925_W1864370,Siruguppa (TP) - Ward No.28,ward,GEO_IN_KA_251925,,,
GEO_IN_KA_276537_W1296060,Ward No.13,ward,GEO_IN_KA_276537,,,
GEO_IN_KA_276583_W1295635,Ward No. 1,ward,GEO_IN_KA_276583,,,
GEO_IN_KA_252008_W27738,Sakleshpur (TMC) - Ward No.15,ward,GEO_IN_KA_252008,,,
GEO_IN_KA_251965_W32451,Chikmagalur (Cmc) - Ward No.8,ward,GEO_IN_KA_251965,,,
GEO_IN_KA_299181_W3046816,Ward 10,ward,GEO_IN_KA_299181,,,
GEO_IN_KA_251847_W26404,Talikota (TMC) - Ward No.6,ward,GEO_IN_KA_251847,,,
GEO_IN_KA_299317_W3044541,Ward 7,ward,GEO_IN_KA_299317,,,
GEO_IN_KA_252033_W1887179,Bantval (TP) - Ward No.26,ward,GEO_IN_KA_252033,,,
GEO_IN_KA_251982_W25741,Sidlaghatta (TMC) - Ward No.17,ward,GEO_IN_KA_251982,,,
GEO_IN_KA_276463_W1295926,12-Sree Ganesha Gudi Ward,ward,GEO_IN_KA_276463,,,
GEO_IN_KA_251840_W26260,Hungund (TP) - Ward No.8,ward,GEO_IN_KA_251840,,,
GEO_IN_KA_276559_W1296157,Patil Nagar,ward,GEO_IN_KA_276559,,,
GEO_IN_KA_253130_W29175,Kollegal (Cmc) - Ward No.3,ward,GEO_IN_KA_253130,,,
GEO_IN_KA_251924_W61319,Kampli (TMC) - Ward No.21,ward,GEO_IN_KA_251924,,,
GEO_IN_KA_251917_W30047,Byadgi (TMC) - Ward No.7,ward,GEO_IN_KA_251917,,,
GEO_IN_KA_251915_W30033,Hangal (TMC) - Ward No.16,ward,GEO_IN_KA_251915,,,
GEO_IN_KA_251983_W25763,Chintamani (Cmc) - Ward No.16,ward,GEO_IN_KA_251983,,,
GEO_IN_KA_251915_W30029,Hangal (TMC) - Ward No.12,ward,GEO_IN_KA_251915,,,
GEO_IN_KA_251874_W63783,Devadurga (TP) - Ward No.8,ward,GEO_IN_KA_251874,,,
GEO_IN_KA_251989_W2443633,Mulbagal (TMC) - Ward No.28,ward,GEO_IN_KA_251989,,,
GEO_IN_KA_248127_W26989,Kalaburagi (M Corp.) - Ward No.10,ward,GEO_IN_KA_248127,,,
GEO_IN_KA_251941_W31202,Davanagere (Cmc) - Ward No.21,ward,GEO_IN_KA_251941,,,
GEO_IN_KA_251888_W27980,Gadag-Betigeri (Cmc) - Ward No.17,ward,GEO_IN_KA_251888,,,
GEO_IN_KA_276569_W1295706,Ward No.19,ward,GEO_IN_KA_276569,,,
GEO_IN_KA_251809_W24456,Nipani (Cmc) - Ward No.23,ward,GEO_IN_KA_251809,,,
GEO_IN_KA_276496_W1296431,Ward-14,ward,GEO_IN_KA_276496,,,
GEO_IN_KA_251989_W25879,Mulbagal (TMC) - Ward No.20,ward,GEO_IN_KA_251989,,,
GEO_IN_KA_252042_W1920867,Piriyapatna (TP) - Ward No.20,ward,GEO_IN_KA_252042,,,
GEO_IN_KA_276556_W1294661,Ward-13,ward,GEO_IN_KA_276556,,,
GEO_IN_KA_251846_W26392,Muddebihal (TMC) - Ward No.17,ward,GEO_IN_KA_251846,,,
GEO_IN_KA_301081_W3068486,Ward 19,ward,GEO_IN_KA_301081,,,
GEO_IN_KA_252007_W65607,Malavalli (TMC) - Ward No.23,ward,GEO_IN_KA_252007,,,
GEO_IN_KA_251981_W2443613,Bagepalli (TP) - Ward No.19,ward,GEO_IN_KA_251981,,,
GEO_IN_KA_252034_W28397,Beltangadi (TP) - Ward No.4,ward,GEO_IN_KA_252034,,,
GEO_IN_KA_251908_W29965,Siddapur (TP) - Ward No.4,ward,GEO_IN_KA_251908,,,
GEO_IN_KA_251877_W27706,Manvi (TMC) - Ward No.16,ward,GEO_IN_KA_251877,,,
GEO_IN_KA_301080_W3068764,ward1,ward,GEO_IN_KA_301080,,,
GEO_IN_KA_251938_W31140,Harihar (Cmc) - Ward No.13,ward,GEO_IN_KA_251938,,,
GEO_IN_KA_251963_W32441,Birur (TMC) - Ward No.21,ward,GEO_IN_KA_251963,,,
GEO_IN_KA_251893_W28067,Hubli-Dharwad (M Corp.) - Ward No.29,ward,GEO_IN_KA_251893,,,
GEO_IN_KA_251838_W26106,Guledgudda (TMC) - Ward No.5,ward,GEO_IN_KA_251838,,,
GEO_IN_KA_253185_W26628,Channapatna - Ward No.29,ward,GEO_IN_KA_253185,,,
GEO_IN_KA_276611_W2179636,Ward-20,ward,GEO_IN_KA_276611,,,
GEO_IN_KA_251897_W2443627,Kalghatgi (TP) - Ward No.16,ward,GEO_IN_KA_251897,,,
GEO_IN_KA_251955_W31780,Udupi (Cmc) - Ward No.34,ward,GEO_IN_KA_251955,,,
GEO_IN_KA_252014_W27804,Arkalgud (TP) - Ward No.3,ward,GEO_IN_KA_252014,,,
GEO_IN_KA_251919_W30089,Ranibennur (Cmc) - Ward No.12,ward,GEO_IN_KA_251919,,,
GEO_IN_KA_276533_W1296007,Ward No.16,ward,GEO_IN_KA_276533,,,
GEO_IN_KA_251986_W2443638,Malur (TMC) - Ward No.25,ward,GEO_IN_KA_251986,,,
GEO_IN_KA_251994_W65119,Devanahalli (TMC) - Ward No.18,ward,GEO_IN_KA_251994,,,
GEO_IN_KA_251989_W25867,Mulbagal (TMC) - Ward No.8,ward,GEO_IN_KA_251989,,,
GEO_IN_KA_276597_W1294038,Ward-3,ward,GEO_IN_KA_276597,,,
GEO_IN_KA_276572_W1296226,Azadnagar - Bangarmakki,ward,GEO_IN_KA_276572,,,
GEO_IN_KA_252049_W28884,Heggadadevankote (TP) - Ward No.2,ward,GEO_IN_KA_252049,,,
GEO_IN_KA_276543_W1295881,Ward-7,ward,GEO_IN_KA_276543,,,
GEO_IN_KA_251982_W1886075,Sidlaghatta (TMC) - Ward No.31,ward,GEO_IN_KA_251982,,,
GEO_IN_KA_251981_W25716,Bagepalli (TP) - Ward No.5,ward,GEO_IN_KA_251981,,,
GEO_IN_KA_251829_W2440123,Ward-27,ward,GEO_IN_KA_251829,,,
GEO_IN_KA_299183_W3044526,Ward 3,ward,GEO_IN_KA_299183,,,
GEO_IN_KA_251868_W27563,Homnabad (TMC) - Ward No.8,ward,GEO_IN_KA_251868,,,
GEO_IN_KA_251977_W25571,Kunigal (TMC) - Ward No.23,ward,GEO_IN_KA_251977,,,
GEO_IN_KA_276521_W1293470,Ward-17,ward,GEO_IN_KA_276521,,,
GEO_IN_KA_251905_W28706,Sirsi (Cmc) - Ward No.4,ward,GEO_IN_KA_251905,,,
GEO_IN_KA_251916_W61274,Haveri (Cmc) - Ward No.3,ward,GEO_IN_KA_251916,,,
GEO_IN_KA_252003_W26736,Pandavapura (TP) - Ward No.12,ward,GEO_IN_KA_252003,,,
GEO_IN_KA_251861_W27382,Shahpur (TMC) - Ward No.15,ward,GEO_IN_KA_251861,,,
GEO_IN_KA_251866_W63770,Aurad (TP) - Ward No.9,ward,GEO_IN_KA_251866,,,
GEO_IN_KA_251958_W1922633,Karkal (TMC) - Ward No.8,ward,GEO_IN_KA_251958,,,
GEO_IN_KA_251935_W31109,Holalkere (TP) - Ward No.13,ward,GEO_IN_KA_251935,,,
GEO_IN_KA_252051_W65881,Bannur (TMC) - Ward No.8,ward,GEO_IN_KA_252051,,,
GEO_IN_KA_252018_W65679,Mudbidri (TMC) - Ward No.9,ward,GEO_IN_KA_252018,,,
GEO_IN_KA_251892_W28029,Mundargi (TP) - Ward No.8,ward,GEO_IN_KA_251892,,,
GEO_IN_KA_251870_W1921504,Mudgal (TP) - Ward No.21,ward,GEO_IN_KA_251870,,,
GEO_IN_KA_276537_W1296055,Ward No. 8,ward,GEO_IN_KA_276537,,,
GEO_IN_KA_276600_W1302848,Ward No.176 (Adugodi),ward,GEO_IN_KA_276600,,,
GEO_IN_KA_252012_W65609,Hassan (Cmc) - Ward No.2,ward,GEO_IN_KA_252012,,,
GEO_IN_KA_251968_W25320,Chiknayakanhalli (TMC) - Ward No.11,ward,GEO_IN_KA_251968,,,
GEO_IN_KA_251813_W24698,Kudchi (TP) - Ward No.12,ward,GEO_IN_KA_251813,,,
GEO_IN_KA_251861_W27390,Shahpur (TMC) - Ward No.23,ward,GEO_IN_KA_251861,,,
GEO_IN_KA_251904_W61024,Mundgod (TP) - Ward No.6,ward,GEO_IN_KA_251904,,,
GEO_IN_KA_299319_W3287737,Ward No.9,ward,GEO_IN_KA_299319,,,
GEO_IN_KA_251898_W2443630,Kundgol (TP) - Ward No.17,ward,GEO_IN_KA_251898,,,
GEO_IN_KA_251970_W25367,Pavagada (TP) - Ward No.12,ward,GEO_IN_KA_251970,,,
GEO_IN_KA_251874_W63785,Devadurga (TP) - Ward No.10,ward,GEO_IN_KA_251874,,,
GEO_IN_KA_251971_W2146687,Madhugiri-3,ward,GEO_IN_KA_251971,,,
GEO_IN_KA_251893_W2890371,Ward71,ward,GEO_IN_KA_251893,,,
GEO_IN_KA_276539_W1296094,Ward 1-Tilak Nagara Ward,ward,GEO_IN_KA_276539,,,
GEO_IN_KA_251921_W30419,Hoovina Hadagalli (TP) - Ward No.18,ward,GEO_IN_KA_251921,,,
GEO_IN_KA_251955_W31770,Udupi (Cmc) - Ward No.24,ward,GEO_IN_KA_251955,,,
GEO_IN_KA_252045_W28830,Mysore (M Corp.) - Ward No.25,ward,GEO_IN_KA_252045,,,
GEO_IN_KA_251897_W2443626,Kalghatgi (TP) - Ward No.15,ward,GEO_IN_KA_251897,,,
GEO_IN_KA_251864_W27414,Basavakalyan (TMC) - Ward No.20,ward,GEO_IN_KA_251864,,,
GEO_IN_KA_276600_W1302815,Ward No.143 (Nayandahalli),ward,GEO_IN_KA_276600,,,
GEO_IN_KA_251969_W25339,Sira (TMC) - Ward No.7,ward,GEO_IN_KA_251969,,,
GEO_IN_KA_251863_W63715,Yadgir (TMC) - Ward No.4,ward,GEO_IN_KA_251863,,,
GEO_IN_KA_251996_W65147,Magadi (TMC) - Ward No.12,ward,GEO_IN_KA_251996,,,
GEO_IN_KA_251865_W63760,Bhalki (TMC) - Ward No.22,ward,GEO_IN_KA_251865,,,
GEO_IN_KA_251970_W25358,Pavagada (TP) - Ward No.3,ward,GEO_IN_KA_251970,,,
GEO_IN_KA_251876_W27671,Raichur (Cmc) - Ward No.16,ward,GEO_IN_KA_251876,,,
GEO_IN_KA_251986_W25816,Malur (TMC) - Ward No.21,ward,GEO_IN_KA_251986,,,
GEO_IN_KA_251971_W25395,Madhugiri (TMC) - Ward No.21,ward,GEO_IN_KA_251971,,,
GEO_IN_KA_252014_W1889237,Arkalgud (TP) - Ward No.16,ward,GEO_IN_KA_252014,,,
GEO_IN_KA_251888_W27979,Gadag-Betigeri (Cmc) - Ward No.16,ward,GEO_IN_KA_251888,,,
GEO_IN_KA_251816_W24755,Konnur (TP) - Ward No.13,ward,GEO_IN_KA_251816,,,
GEO_IN_KA_251839_W26142,Bagalkot (Cmc) - Ward No.18,ward,GEO_IN_KA_251839,,,
GEO_IN_KA_299417_W2867090,Ward 6,ward,GEO_IN_KA_299417,,,
GEO_IN_KA_251847_W26411,Talikota (TMC) - Ward No.13,ward,GEO_IN_KA_251847,,,
GEO_IN_KA_251939_W2439967,Ward-24,ward,GEO_IN_KA_251939,,,
GEO_IN_KA_251955_W31781,Udupi (Cmc) - Ward No.35,ward,GEO_IN_KA_251955,,,
GEO_IN_KA_252052_W29103,Tirumakudal - Narsipur (TP) - Ward No.10,ward,GEO_IN_KA_252052,,,
GEO_IN_KA_252021_W28229,Mangalore (M Corp.) - Ward No.18,ward,GEO_IN_KA_252021,,,
GEO_IN_KA_251899_W28165,Dandeli (Cmc) - Ward No.6,ward,GEO_IN_KA_251899,,,
GEO_IN_KA_251859_W63522,Shorapur (TMC) - Ward No.13,ward,GEO_IN_KA_251859,,,
GEO_IN_KA_276556_W1294660,Ward-12,ward,GEO_IN_KA_276556,,,
GEO_IN_KA_251959_W61575,Sringeri (TP) - Ward No.5,ward,GEO_IN_KA_251959,,,
GEO_IN_KA_251925_W30489,Siruguppa (TP) - Ward No.15,ward,GEO_IN_KA_251925,,,
GEO_IN_KA_251829_W25902,Ramdurg (TMC) - Ward No.20,ward,GEO_IN_KA_251829,,,
GEO_IN_KA_296978_W2440178,Kalagi-05,ward,GEO_IN_KA_296978,,,
GEO_IN_KA_251915_W30024,Hangal (TMC) - Ward No.7,ward,GEO_IN_KA_251915,,,
GEO_IN_KA_296976_W2440163,Ward-6,ward,GEO_IN_KA_296976,,,
GEO_IN_KA_251941_W31212,Davanagere (Cmc) - Ward No.31,ward,GEO_IN_KA_251941,,,
GEO_IN_KA_251988_W25823,Robertson Pet (Cmc) - Ward No.5,ward,GEO_IN_KA_251988,,,
GEO_IN_KA_251832_W25951,Jamkhandi (TMC) - Ward No.24,ward,GEO_IN_KA_251832,,,
GEO_IN_KA_276601_W1296306,Ward-18,ward,GEO_IN_KA_276601,,,
GEO_IN_KA_251948_W31299,Shikarpur (TMC) - Ward No.11,ward,GEO_IN_KA_251948,,,
GEO_IN_KA_296975_W3044626,Ward 29,ward,GEO_IN_KA_296975,,,
GEO_IN_KA_252054_W29153,Chamarajanagar (Cmc) - Ward No.26,ward,GEO_IN_KA_252054,,,
GEO_IN_KA_251893_W28103,Hubli-Dharwad (M Corp.) - Ward No.65,ward,GEO_IN_KA_251893,,,
GEO_IN_KA_276568_W1295665,Ward No.14,ward,GEO_IN_KA_276568,,,
GEO_IN_KA_297129_W2805090,Ward 18,ward,GEO_IN_KA_297129,,,
GEO_IN_KA_251971_W25381,Madhugiri (TMC) - Ward No.7,ward,GEO_IN_KA_251971,,,
GEO_IN_KA_276464_W1295905,Ward No.14,ward,GEO_IN_KA_276464,,,
GEO_IN_KA_276533_W1296012,Ward No.21,ward,GEO_IN_KA_276533,,,
GEO_IN_KA_297133_W2440147,Ward-6,ward,GEO_IN_KA_297133,,,
GEO_IN_KA_251837_W26099,Badami (TP) - Ward No.18,ward,GEO_IN_KA_251837,,,
GEO_IN_KA_252054_W29156,Chamarajanagar (Cmc) - Ward No.29,ward,GEO_IN_KA_252054,,,
GEO_IN_KA_252039_W2912,"Kushalnagar-12(Dr.Shivarmkarantha Layout,Khb Colony,Gowda Samaj Road)",ward,GEO_IN_KA_252039,,,
GEO_IN_KA_252009_W27763,Belur (TMC) - Ward No.17,ward,GEO_IN_KA_252009,,,
GEO_IN_KA_251885_W27910,Ron (TP) - Ward No.5,ward,GEO_IN_KA_251885,,,
GEO_IN_KA_251866_W63771,Aurad (TP) - Ward No.10,ward,GEO_IN_KA_251866,,,
GEO_IN_KA_276542_W1295818,Bosadevarahatty-2,ward,GEO_IN_KA_276542,,,
GEO_IN_KA_251905_W28720,Sirsi (Cmc) - Ward No.18,ward,GEO_IN_KA_251905,,,
GEO_IN_KA_251816_W923220,Konnur (TP) - Ward No.17,ward,GEO_IN_KA_251816,,,
GEO_IN_KA_251975_W64934,Tiptur (TMC) - Ward No.17,ward,GEO_IN_KA_251975,,,
GEO_IN_KA_251898_W28163,Kundgol (TP) - Ward No.15,ward,GEO_IN_KA_251898,,,
GEO_IN_KA_276539_W1296110,Ward 17- Masjid Road Ward,ward,GEO_IN_KA_276539,,,
GEO_IN_KA_276600_W1302738,Ward No.66 (Chamundi Nagara ),ward,GEO_IN_KA_276600,,,
GEO_IN_KA_276599_W1296281,Ward-10,ward,GEO_IN_KA_276599,,,
GEO_IN_KA_252001_W26706,Krishnarajpet (TP) - Ward No.15,ward,GEO_IN_KA_252001,,,
GEO_IN_KA_251988_W25842,Robertson Pet (Cmc) - Ward No.24,ward,GEO_IN_KA_251988,,,
GEO_IN_KA_251913_W2440,Bankapura (TMC) - Ward No.11,ward,GEO_IN_KA_251913,,,
GEO_IN_KA_251979_W25602,Chik Ballapur (Cmc) - Ward No.7,ward,GEO_IN_KA_251979,,,
GEO_IN_KA_251900_W28661,Karwar (Cmc) - Ward No.6,ward,GEO_IN_KA_251900,,,
GEO_IN_KA_251867_W27535,Bidar (Cmc) - Ward No.17,ward,GEO_IN_KA_251867,,,
GEO_IN_KA_276600_W1302766,Ward No.94 (A. Narayanapura ),ward,GEO_IN_KA_276600,,,
GEO_IN_KA_252042_W2523,Piriyapatna (TP) - Ward No.14,ward,GEO_IN_KA_252042,,,
GEO_IN_KA_251842_W2440246,Ward-5,ward,GEO_IN_KA_251842,,,
GEO_IN_KA_251846_W26390,Muddebihal (TMC) - Ward No.15,ward,GEO_IN_KA_251846,,,
GEO_IN_KA_276600_W1302824,Ward No.152(Avalahalli),ward,GEO_IN_KA_276600,,,
GEO_IN_KA_251992_W26476,Dod Ballapur (Cmc) - Ward No.6,ward,GEO_IN_KA_251992,,,
GEO_IN_KA_296975_W2179295,Madanayakanahalli-17,ward,GEO_IN_KA_296975,,,
GEO_IN_KA_252027_W65699,Ullal (TP) - Ward No.4,ward,GEO_IN_KA_252027,,,
GEO_IN_KA_252036_W1887214,Sulya (TP) - Ward No.15,ward,GEO_IN_KA_252036,,,
GEO_IN_KA_251864_W27416,Basavakalyan (TMC) - Ward No.22,ward,GEO_IN_KA_251864,,,
GEO_IN_KA_251971_W25379,Madhugiri (TMC) - Ward No.5,ward,GEO_IN_KA_251971,,,
GEO_IN_KA_251818_W24782,Gokak (Cmc) - Ward No.24,ward,GEO_IN_KA_251818,,,
GEO_IN_KA_252010_W27783,Arsikere (TMC) - Ward No.20,ward,GEO_IN_KA_252010,,,
GEO_IN_KA_251869_W27582,Chitgoppa (TMC) - Ward No.2,ward,GEO_IN_KA_251869,,,
GEO_IN_KA_299181_W3046817,Ward 11,ward,GEO_IN_KA_299181,,,
GEO_IN_KA_252006_W26774,Maddur (TMC) - Ward No.10,ward,GEO_IN_KA_252006,,,
GEO_IN_KA_253188_W3046928,Ward 20,ward,GEO_IN_KA_253188,,,
GEO_IN_KA_252036_W1887209,Sulya (TP) - Ward No.10,ward,GEO_IN_KA_252036,,,
GEO_IN_KA_252001_W1891751,Krishnarajpet (TP) - Ward No.21,ward,GEO_IN_KA_252001,,,
GEO_IN_KA_251829_W2440121,Ward-25,ward,GEO_IN_KA_251829,,,
GEO_IN_KA_276542_W1295805,Channabasaiahnahatty Old Village,ward,GEO_IN_KA_276542,,,
GEO_IN_KA_251995_W26535,Hosakote (TMC) - Ward No.6,ward,GEO_IN_KA_251995,,,
GEO_IN_KA_251814_W1866253,Raybag (TP) - Ward No.17,ward,GEO_IN_KA_251814,,,
GEO_IN_KA_251819_W25461,Sankeshwar (TMC) - Ward No.18,ward,GEO_IN_KA_251819,,,
GEO_IN_KA_276535_W1296317,Ward-11,ward,GEO_IN_KA_276535,,,
GEO_IN_KA_251877_W27710,Manvi (TMC) - Ward No.20,ward,GEO_IN_KA_251877,,,
GEO_IN_KA_251901_W2178761,Haliyal-21,ward,GEO_IN_KA_251901,,,
GEO_IN_KA_251968_W25324,Chiknayakanhalli (TMC) - Ward No.15,ward,GEO_IN_KA_251968,,,
GEO_IN_KA_252050_W65848,Nanjangud (TMC) - Ward No.2,ward,GEO_IN_KA_252050,,,
GEO_IN_KA_252043_W65823,Hunsur (TMC) - Ward No.2,ward,GEO_IN_KA_252043,,,
GEO_IN_KA_251934_W31081,Chitradurga (Cmc) - Ward No.21,ward,GEO_IN_KA_251934,,,
GEO_IN_KA_251859_W63707,Shorapur (TMC) - Ward No.21,ward,GEO_IN_KA_251859,,,
GEO_IN_KA_251891_W28010,Lakshmeshwar (TMC) - Ward No.12,ward,GEO_IN_KA_251891,,,
GEO_IN_KA_251930_W30852,Kudligi (TP) - Ward No.16,ward,GEO_IN_KA_251930,,,
GEO_IN_KA_276600_W1302816,Ward No. 144 (Kempapura Agrahara ),ward,GEO_IN_KA_276600,,,
GEO_IN_KA_251955_W31777,Udupi (Cmc) - Ward No.31,ward,GEO_IN_KA_251955,,,
GEO_IN_KA_251839_W2143602,Bagalkot (Cmc) - Ward No. 34,ward,GEO_IN_KA_251839,,,
GEO_IN_KA_252021_W28213,Mangalore (M Corp.) - Ward No.2,ward,GEO_IN_KA_252021,,,
GEO_IN_KA_251877_W27704,Manvi (TMC) - Ward No.14,ward,GEO_IN_KA_251877,,,
GEO_IN_KA_251842_W2440254,Ward-13,ward,GEO_IN_KA_251842,,,
GEO_IN_KA_276575_W1295682,Ward No.12,ward,GEO_IN_KA_276575,,,
GEO_IN_KA_276600_W1302770,Ward No.98 (Hudi),ward,GEO_IN_KA_276600,,,
GEO_IN_KA_251953_W1922577,Kundapura (TMC) - Ward No.14,ward,GEO_IN_KA_251953,,,
GEO_IN_KA_251878_W27834,Sindhnur (TMC) - Ward No.27,ward,GEO_IN_KA_251878,,,
GEO_IN_KA_252021_W28225,Mangalore (M Corp.) - Ward No.14,ward,GEO_IN_KA_252021,,,
GEO_IN_KA_251962_W32412,Tarikere (TP) - Ward No.12,ward,GEO_IN_KA_251962,,,
GEO_IN_KA_251888_W27981,Gadag-Betigeri (Cmc) - Ward No.18,ward,GEO_IN_KA_251888,,,
GEO_IN_KA_252012_W65641,Hassan (Cmc) - Ward No.34,ward,GEO_IN_KA_252012,,,
GEO_IN_KA_251867_W27430,Bidar (Cmc) - Ward No.9,ward,GEO_IN_KA_251867,,,
GEO_IN_KA_251942_W2178658,Honnali-16,ward,GEO_IN_KA_251942,,,
GEO_IN_KA_251915_W30031,Hangal (TMC) - Ward No.14,ward,GEO_IN_KA_251915,,,
GEO_IN_KA_276539_W1296106,Ward 13- Parvathinagara Ward,ward,GEO_IN_KA_276539,,,
GEO_IN_KA_251964_W61583,Kadur (TMC) - Ward No.7,ward,GEO_IN_KA_251964,,,
GEO_IN_KA_276600_W1302751,Ward No.79 (Kadugondanahalli),ward,GEO_IN_KA_276600,,,
GEO_IN_KA_276557_W2179687,Ward-10,ward,GEO_IN_KA_276557,,,
GEO_IN_KA_251847_W26415,Talikota (TMC) - Ward No.17,ward,GEO_IN_KA_251847,,,
GEO_IN_KA_299179_W3046804,Ward 15,ward,GEO_IN_KA_299179,,,
GEO_IN_KA_251862_W2146593,Gurmatkal-20,ward,GEO_IN_KA_251862,,,
GEO_IN_KA_252010_W1889256,Arsikere (TMC) - Ward No 28,ward,GEO_IN_KA_252010,,,
GEO_IN_KA_276597_W1294049,Ward-14,ward,GEO_IN_KA_276597,,,
GEO_IN_KA_251961_W31808,Narasimharajapura (TP) - Ward No.3,ward,GEO_IN_KA_251961,,,
GEO_IN_KA_251868_W27561,Homnabad (TMC) - Ward No.6,ward,GEO_IN_KA_251868,,,
GEO_IN_KA_251901_W61002,Haliyal (TP) - Ward No.4,ward,GEO_IN_KA_251901,,,
GEO_IN_KA_251835_W63222,Mudhol (TMC) - Ward No.2,ward,GEO_IN_KA_251835,,,
GEO_IN_KA_251858_W7566,Jevargi (TP) - Ward No.13,ward,GEO_IN_KA_251858,,,
GEO_IN_KA_276577_W1295628,Ward No.10,ward,GEO_IN_KA_276577,,,
GEO_IN_KA_276529_W1295539,Sirol Thotada Vasathi,ward,GEO_IN_KA_276529,,,
GEO_IN_KA_252008_W27736,Sakleshpur (TMC) - Ward No.13,ward,GEO_IN_KA_252008,,,
GEO_IN_KA_251969_W25354,Sira (TMC) - Ward No.22,ward,GEO_IN_KA_251969,,,
GEO_IN_KA_251813_W24703,Kudchi (TP) - Ward No.17,ward,GEO_IN_KA_251813,,,
GEO_IN_KA_276600_W1303141,Ward No.3 (Atturu),ward,GEO_IN_KA_276600,,,
GEO_IN_KA_251952_W61544,Bhadravati (Cmc) - Ward No.18,ward,GEO_IN_KA_251952,,,
GEO_IN_KA_251906_W29948,Ankola (TP) - Ward No.6,ward,GEO_IN_KA_251906,,,
GEO_IN_KA_251896_W28130,Annigeri (TMC) - Ward No.10,ward,GEO_IN_KA_251896,,,
GEO_IN_KA_251958_W1922640,Karkal (TMC) - Ward No.15,ward,GEO_IN_KA_251958,,,
GEO_IN_KA_251962_W2179090,Tarikere-22,ward,GEO_IN_KA_251962,,,
GEO_IN_KA_251993_W2440212,Ward-6,ward,GEO_IN_KA_251993,,,
GEO_IN_KA_276533_W1295995,Ward No. 4,ward,GEO_IN_KA_276533,,,
GEO_IN_KA_251917_W30051,Byadgi (TMC) - Ward No.11,ward,GEO_IN_KA_251917,,,
GEO_IN_KA_251884_W27891,Nargund (TMC) - Ward No.9,ward,GEO_IN_KA_251884,,,
GEO_IN_KA_276526_W1293473,Ward No.2,ward,GEO_IN_KA_276526,,,
GEO_IN_KA_251990_W3044493,Ward 30,ward,GEO_IN_KA_251990,,,
GEO_IN_KA_296954_W2890387,Ward 5,ward,GEO_IN_KA_296954,,,
GEO_IN_KA_252013_W27799,Alur (TP) - Ward No.9,ward,GEO_IN_KA_252013,,,
GEO_IN_KA_251876_W27656,Raichur (Cmc) - Ward No.1,ward,GEO_IN_KA_251876,,,
GEO_IN_KA_251939_W31175,Harapanahalli (TP) - Ward No.14,ward,GEO_IN_KA_251939,,,
GEO_IN_KA_276600_W1302847,Ward No.175 (Jakkasandra),ward,GEO_IN_KA_276600,,,
GEO_IN_KA_251934_W30874,Chitradurga (Cmc) - Ward No.8,ward,GEO_IN_KA_251934,,,
GEO_IN_KA_299327_W3304231,ward No.3,ward,GEO_IN_KA_299327,,,
GEO_IN_KA_276543_W1295885,Ward-11,ward,GEO_IN_KA_276543,,,
GEO_IN_KA_251927_W30822,Bellary (Cmc) - Ward No.21,ward,GEO_IN_KA_251927,,,
GEO_IN_KA_251926_W30496,Tekkalakote (TP) - Ward No.2,ward,GEO_IN_KA_251926,,,
GEO_IN_KA_252027_W65696,Ullal (TP) - Ward No.1,ward,GEO_IN_KA_252027,,,
GEO_IN_KA_251995_W26561,Hosakote (TMC) - Ward No.19,ward,GEO_IN_KA_251995,,,
GEO_IN_KA_252013_W27795,Alur (TP) - Ward No.5,ward,GEO_IN_KA_252013,,,
GEO_IN_KA_299183_W3044533,Ward 10,ward,GEO_IN_KA_299183,,,
GEO_IN_KA_252004_W26764,Shrirangapattana (TMC) - Ward No.23,ward,GEO_IN_KA_252004,,,
GEO_IN_KA_276611_W2179623,Ward-7,ward,GEO_IN_KA_276611,,,
GEO_IN_KA_251943_W31239,Channagiri (TP) - Ward No.10,ward,GEO_IN_KA_251943,,,
GEO_IN_KA_252010_W1889255,Arsikere (TMC) - Ward No 27,ward,GEO_IN_KA_252010,,,
GEO_IN_KA_251993_W2440230,Ward-24,ward,GEO_IN_KA_251993,,,
GEO_IN_KA_251922_W30438,Hospet (Cmc) - Ward No.18,ward,GEO_IN_KA_251922,,,
GEO_IN_KA_251867_W27545,Bidar (Cmc) - Ward No.27,ward,GEO_IN_KA_251867,,,
GEO_IN_KA_252045_W28870,Mysore (M Corp.) - Ward No.65,ward,GEO_IN_KA_252045,,,
GEO_IN_KA_301082_W3068497,Ward 7,ward,GEO_IN_KA_301082,,,
GEO_IN_KA_276519_W1293449,Ward-19,ward,GEO_IN_KA_276519,,,
GEO_IN_KA_251918_W30067,Hirekerur (TP) - Ward No.4,ward,GEO_IN_KA_251918,,,
GEO_IN_KA_299320_W3044613,Ward 17,ward,GEO_IN_KA_299320,,,
GEO_IN_KA_252053_W29121,Gundlupet (TMC) - Ward No.17,ward,GEO_IN_KA_252053,,,
GEO_IN_KA_252043_W65828,Hunsur (TMC) - Ward No.7,ward,GEO_IN_KA_252043,,,
GEO_IN_KA_301080_W3287828,Ward No.9,ward,GEO_IN_KA_301080,,,
GEO_IN_KA_252021_W28354,Mangalore (M Corp.) - Ward No.55,ward,GEO_IN_KA_252021,,,
GEO_IN_KA_252040_W65724,Virajpet-8 (Neharu Nagar-2),ward,GEO_IN_KA_252040,,,
GEO_IN_KA_276519_W1293437,Ward-7,ward,GEO_IN_KA_276519,,,
GEO_IN_KA_251890_W60505,Shirhatti (TP) - Ward No.11,ward,GEO_IN_KA_251890,,,
GEO_IN_KA_299179_W3046802,Ward 13,ward,GEO_IN_KA_299179,,,
GEO_IN_KA_251819_W25449,Sankeshwar (TMC) - Ward No.6,ward,GEO_IN_KA_251819,,,
GEO_IN_KA_251988_W25851,Robertson Pet (Cmc) - Ward No.33,ward,GEO_IN_KA_251988,,,
GEO_IN_KA_251971_W25389,Madhugiri (TMC) - Ward No.15,ward,GEO_IN_KA_251971,,,
GEO_IN_KA_276569_W1295688,Ward No. 1,ward,GEO_IN_KA_276569,,,
GEO_IN_KA_251995_W2176829,Hosakote-25,ward,GEO_IN_KA_251995,,,
GEO_IN_KA_252017_W28209,Mulki (TP) - Ward No.14,ward,GEO_IN_KA_252017,,,
GEO_IN_KA_251990_W26457,Nelamangala (TP) - Ward No.6,ward,GEO_IN_KA_251990,,,
GEO_IN_KA_251983_W25778,Chintamani (Cmc) - Ward No.31,ward,GEO_IN_KA_251983,,,
GEO_IN_KA_251931_W61435,Kotturu (TP) - Ward No.1,ward,GEO_IN_KA_251931,,,
GEO_IN_KA_252045_W28839,Mysore (M Corp.) - Ward No.34,ward,GEO_IN_KA_252045,,,
GEO_IN_KA_301055_W3068452,ward No.8,ward,GEO_IN_KA_301055,,,
GEO_IN_KA_251829_W25887,Ramdurg (TMC) - Ward No.5,ward,GEO_IN_KA_251829,,,
GEO_IN_KA_251820_W25483,Hukeri (TP) - Ward No.17,ward,GEO_IN_KA_251820,,,
GEO_IN_KA_251828_W25682,Saundatti-Yellamma (TMC) - Ward No.2,ward,GEO_IN_KA_251828,,,
GEO_IN_KA_252001_W26708,Krishnarajpet (TP) - Ward No.17,ward,GEO_IN_KA_252001,,,
GEO_IN_KA_297129_W2805079,Ward 7,ward,GEO_IN_KA_297129,,,
GEO_IN_KA_251915_W30032,Hangal (TMC) - Ward No.15,ward,GEO_IN_KA_251915,,,
GEO_IN_KA_252043_W65829,Hunsur (TMC) - Ward No.8,ward,GEO_IN_KA_252043,,,
GEO_IN_KA_276574_W1295470,Vidhya Nagar,ward,GEO_IN_KA_276574,,,
GEO_IN_KA_252043_W65826,Hunsur (TMC) - Ward No.5,ward,GEO_IN_KA_252043,,,
GEO_IN_KA_252045_W28855,Mysore (M Corp.) - Ward No.50,ward,GEO_IN_KA_252045,,,
GEO_IN_KA_251988_W25832,Robertson Pet (Cmc) - Ward No.14,ward,GEO_IN_KA_251988,,,
GEO_IN_KA_251887_W27950,Naregal (TP) - Ward No.2,ward,GEO_IN_KA_251887,,,
GEO_IN_KA_251837_W26085,Badami (TP) - Ward No.4,ward,GEO_IN_KA_251837,,,
GEO_IN_KA_276564_W1295970,Ward-2,ward,GEO_IN_KA_276564,,,
GEO_IN_KA_251869_W27594,Chitgoppa (TMC) - Ward No.14,ward,GEO_IN_KA_251869,,,
GEO_IN_KA_251982_W25740,Sidlaghatta (TMC) - Ward No.16,ward,GEO_IN_KA_251982,,,
GEO_IN_KA_252049_W1921421,Heggadadevankote (TP) - Ward No.15,ward,GEO_IN_KA_252049,,,
GEO_IN_KA_251962_W32420,Tarikere (TP) - Ward No.20,ward,GEO_IN_KA_251962,,,
GEO_IN_KA_299328_W3046829,Ward 5,ward,GEO_IN_KA_299328,,,
GEO_IN_KA_251859_W63706,Shorapur (TMC) - Ward No.20,ward,GEO_IN_KA_251859,,,
GEO_IN_KA_251836_W63433,Kerur (TP) - Ward No.9,ward,GEO_IN_KA_251836,,,
GEO_IN_KA_251903_W28698,Yellapur (TP) - Ward No.11,ward,GEO_IN_KA_251903,,,
GEO_IN_KA_248127_W27016,Kalaburagi (M Corp.) - Ward No.37,ward,GEO_IN_KA_248127,,,
GEO_IN_KA_251970_W25363,Pavagada (TP) - Ward No.8,ward,GEO_IN_KA_251970,,,
GEO_IN_KA_252002_W26720,Nagamangala (TP) - Ward No.11,ward,GEO_IN_KA_252002,,,
GEO_IN_KA_299320_W3044615,Ward 19,ward,GEO_IN_KA_299320,,,
GEO_IN_KA_251894_W28118,Alnavar (TP) - Ward No.13,ward,GEO_IN_KA_251894,,,
GEO_IN_KA_276555_W1294267,Ward-16,ward,GEO_IN_KA_276555,,,
GEO_IN_KA_276463_W1295943,29-Sree Kannika Parameshwari Ward,ward,GEO_IN_KA_276463,,,
GEO_IN_KA_252051_W65888,Bannur (TMC) - Ward No.15,ward,GEO_IN_KA_252051,,,
GEO_IN_KA_251992_W26487,Dod Ballapur (Cmc) - Ward No.17,ward,GEO_IN_KA_251992,,,
GEO_IN_KA_251924_W61304,Kampli (TMC) - Ward No.6,ward,GEO_IN_KA_251924,,,
GEO_IN_KA_276483_W1295716,Ward No. 6,ward,GEO_IN_KA_276483,,,
GEO_IN_KA_251816_W1884221,Konnur (TP) - Ward No.22,ward,GEO_IN_KA_251816,,,
GEO_IN_KA_276575_W1295683,Ward No.13,ward,GEO_IN_KA_276575,,,
GEO_IN_KA_251990_W2176840,Nelmangala-23,ward,GEO_IN_KA_251990,,,
GEO_IN_KA_251913_W2433,Bankapura (TMC) - Ward No.4,ward,GEO_IN_KA_251913,,,
GEO_IN_KA_251934_W31082,Chitradurga (Cmc) - Ward No.22,ward,GEO_IN_KA_251934,,,
GEO_IN_KA_251844_W63451,Sindgi (TMC) - Ward No.11,ward,GEO_IN_KA_251844,,,
GEO_IN_KA_276544_W1296209,Deshamuk Oni,ward,GEO_IN_KA_276544,,,
GEO_IN_KA_251889_W2176786,Mulgund (TP) - Ward No.17,ward,GEO_IN_KA_251889,,,
GEO_IN_KA_251824_W25502,Belgaum (M Corp.) - Ward No.15,ward,GEO_IN_KA_251824,,,
GEO_IN_KA_251945_W1921878,Sagar (TMC) - Ward no.31,ward,GEO_IN_KA_251945,,,
GEO_IN_KA_276605_W1296234,Ward-2,ward,GEO_IN_KA_276605,,,
GEO_IN_KA_276600_W1302699,Ward No. 27 (Lingadheeranahalli),ward,GEO_IN_KA_276600,,,
GEO_IN_KA_251867_W27551,Bidar (Cmc) - Ward No.33,ward,GEO_IN_KA_251867,,,
GEO_IN_KA_248127_W26998,Kalaburagi (M Corp.) - Ward No.19,ward,GEO_IN_KA_248127,,,
GEO_IN_KA_251983_W25777,Chintamani (Cmc) - Ward No.30,ward,GEO_IN_KA_251983,,,
GEO_IN_KA_296977_W2440126,Ajjampura-03,ward,GEO_IN_KA_296977,,,
GEO_IN_KA_251979_W25615,Chik Ballapur (Cmc) - Ward No.20,ward,GEO_IN_KA_251979,,,
GEO_IN_KA_251940_W1886859,Jagalur (TP) - Ward No.16,ward,GEO_IN_KA_251940,,,
GEO_IN_KA_299320_W3044612,Ward 16,ward,GEO_IN_KA_299320,,,
GEO_IN_KA_251973_W64893,Tumkur (Cmc) - Ward No.11,ward,GEO_IN_KA_251973,,,
GEO_IN_KA_276463_W1295929,15-Sree Muthyalamma Ward,ward,GEO_IN_KA_276463,,,
GEO_IN_KA_299320_W3044597,Ward 1,ward,GEO_IN_KA_299320,,,
GEO_IN_KA_251916_W61290,Haveri (Cmc) - Ward No.19,ward,GEO_IN_KA_251916,,,
GEO_IN_KA_251812_W24506,Athni (TMC) - Ward No.19,ward,GEO_IN_KA_251812,,,
GEO_IN_KA_251934_W30879,Chitradurga (Cmc) - Ward No.13,ward,GEO_IN_KA_251934,,,
GEO_IN_KA_276526_W1293475,Ward No.4,ward,GEO_IN_KA_276526,,,
GEO_IN_KA_251878_W27825,Sindhnur (TMC) - Ward No.18,ward,GEO_IN_KA_251878,,,
GEO_IN_KA_251906_W29951,Ankola (TP) - Ward No.9,ward,GEO_IN_KA_251906,,,
GEO_IN_KA_276611_W2179635,Ward-19,ward,GEO_IN_KA_276611,,,
GEO_IN_KA_252021_W28254,Mangalore (M Corp.) - Ward No.43,ward,GEO_IN_KA_252021,,,
GEO_IN_KA_251971_W25376,Madhugiri (TMC) - Ward No.1,ward,GEO_IN_KA_251971,,,
GEO_IN_KA_251964_W61595,Kadur (TMC) - Ward No.19,ward,GEO_IN_KA_251964,,,
GEO_IN_KA_251832_W25928,Jamkhandi (TMC) - Ward No.1,ward,GEO_IN_KA_251832,,,
GEO_IN_KA_299417_W2867087,Ward 3,ward,GEO_IN_KA_299417,,,
GEO_IN_KA_252045_W28833,Mysore (M Corp.) - Ward No.28,ward,GEO_IN_KA_252045,,,
GEO_IN_KA_251983_W25775,Chintamani (Cmc) - Ward No.28,ward,GEO_IN_KA_251983,,,
GEO_IN_KA_276539_W1296097,Ward 4- K.E.B Qutras Ward,ward,GEO_IN_KA_276539,,,
GEO_IN_KA_251973_W64885,Tumkur (Cmc) - Ward No.3,ward,GEO_IN_KA_251973,,,
GEO_IN_KA_251865_W63746,Bhalki (TMC) - Ward No.8,ward,GEO_IN_KA_251865,,,
GEO_IN_KA_276611_W2179618,Ward-2,ward,GEO_IN_KA_276611,,,
GEO_IN_KA_252034_W28404,Beltangadi (TP) - Ward No.11,ward,GEO_IN_KA_252034,,,
GEO_IN_KA_253189_W25989,Bangalore (M Corp.) - Ward No.18,ward,GEO_IN_KA_253189,,,
GEO_IN_KA_276597_W1294045,Ward-10,ward,GEO_IN_KA_276597,,,
GEO_IN_KA_251992_W26482,Dod Ballapur (Cmc) - Ward No.12,ward,GEO_IN_KA_251992,,,
GEO_IN_KA_296975_W2179294,Madanayakanahalli-16,ward,GEO_IN_KA_296975,,,
GEO_IN_KA_251936_W31124,Hosdurga (TP) - Ward No.15,ward,GEO_IN_KA_251936,,,
GEO_IN_KA_251882_W63800,Koppal (Cmc) - Ward No.3,ward,GEO_IN_KA_251882,,,
GEO_IN_KA_276564_W1295974,Ward-6,ward,GEO_IN_KA_276564,,,
GEO_IN_KA_252008_W27735,Sakleshpur (TMC) - Ward No.12,ward,GEO_IN_KA_252008,,,
GEO_IN_KA_251836_W63427,Kerur (TP) - Ward No.3,ward,GEO_IN_KA_251836,,,
GEO_IN_KA_251830_W63217,Mahalingpur (TMC) - Ward No.20,ward,GEO_IN_KA_251830,,,
GEO_IN_KA_301079_W3068527,Ward 9,ward,GEO_IN_KA_301079,,,
GEO_IN_KA_276564_W1295991,Ward-23,ward,GEO_IN_KA_276564,,,
GEO_IN_KA_276600_W1303144,Ward No.6 (Jakkuru),ward,GEO_IN_KA_276600,,,
GEO_IN_KA_251844_W63457,Sindgi (TMC) - Ward No.17,ward,GEO_IN_KA_251844,,,
GEO_IN_KA_276532_W1295868,Ward-17,ward,GEO_IN_KA_276532,,,
GEO_IN_KA_251867_W27552,Bidar (Cmc) - Ward No.34,ward,GEO_IN_KA_251867,,,
GEO_IN_KA_248127_W26995,Kalaburagi (M Corp.) - Ward No.16,ward,GEO_IN_KA_248127,,,
GEO_IN_KA_251855_W27056,Shahabad (TMC) - Ward No.13,ward,GEO_IN_KA_251855,,,
GEO_IN_KA_251931_W61441,Kotturu (TP) - Ward No.7,ward,GEO_IN_KA_251931,,,
GEO_IN_KA_251829_W25885,Ramdurg (TMC) - Ward No.3,ward,GEO_IN_KA_251829,,,
GEO_IN_KA_252054_W29128,Chamarajanagar (Cmc) - Ward No.1,ward,GEO_IN_KA_252054,,,
GEO_IN_KA_252053_W29114,Gundlupet (TMC) - Ward No.10,ward,GEO_IN_KA_252053,,,
GEO_IN_KA_251824_W25488,Belgaum (M Corp.) - Ward No.1,ward,GEO_IN_KA_251824,,,
GEO_IN_KA_276600_W1302856,Ward No.184 (Jayanagar East),ward,GEO_IN_KA_276600,,,
GEO_IN_KA_252050_W65857,Nanjangud (TMC) - Ward No.11,ward,GEO_IN_KA_252050,,,
GEO_IN_KA_251933_W61456,Challakere (TMC) - Ward No.2,ward,GEO_IN_KA_251933,,,
GEO_IN_KA_296955_W2491232,Ward-15,ward,GEO_IN_KA_296955,,,
GEO_IN_KA_251880_W27840,Kushtagi (TMC) - Ward No.6,ward,GEO_IN_KA_251880,,,
GEO_IN_KA_251879_W72037,Yelbarga(TP)-Ward No.10,ward,GEO_IN_KA_251879,,,
GEO_IN_KA_251973_W64903,Tumkur (Cmc) - Ward No.21,ward,GEO_IN_KA_251973,,,
GEO_IN_KA_251897_W28148,Kalghatgi (TP) - Ward No.5,ward,GEO_IN_KA_251897,,,
GEO_IN_KA_251829_W25897,Ramdurg (TMC) - Ward No.15,ward,GEO_IN_KA_251829,,,
GEO_IN_KA_251933_W1886521,Challakere (TMC) - Ward No.24,ward,GEO_IN_KA_251933,,,
GEO_IN_KA_276577_W1295624,Ward No. 6,ward,GEO_IN_KA_276577,,,
GEO_IN_KA_253130_W2140773,Hanur-Ward1,ward,GEO_IN_KA_253130,,,
GEO_IN_KA_251874_W63781,Devadurga (TP) - Ward No.6,ward,GEO_IN_KA_251874,,,
GEO_IN_KA_251836_W63434,Kerur (TP) - Ward No.10,ward,GEO_IN_KA_251836,,,
GEO_IN_KA_251871_W27635,Lingsugur (TP) - Ward No.17,ward,GEO_IN_KA_251871,,,
GEO_IN_KA_251948_W31304,Shikarpur (TMC) - Ward No.16,ward,GEO_IN_KA_251948,,,
GEO_IN_KA_251903_W28689,Yellapur (TP) - Ward No.2,ward,GEO_IN_KA_251903,,,
GEO_IN_KA_297132_W3044496,Ward 2,ward,GEO_IN_KA_297132,,,
GEO_IN_KA_251936_W31121,Hosdurga (TP) - Ward No.12,ward,GEO_IN_KA_251936,,,
GEO_IN_KA_251988_W25847,Robertson Pet (Cmc) - Ward No.29,ward,GEO_IN_KA_251988,,,
GEO_IN_KA_297129_W2805075,Ward 3,ward,GEO_IN_KA_297129,,,
GEO_IN_KA_251864_W27411,Basavakalyan (TMC) - Ward No.17,ward,GEO_IN_KA_251864,,,
GEO_IN_KA_251818_W24772,Gokak (Cmc) - Ward No.14,ward,GEO_IN_KA_251818,,,
GEO_IN_KA_297132_W3044495,Ward 1,ward,GEO_IN_KA_297132,,,
GEO_IN_KA_251833_W25958,Rabkavi-Banhatti (Cmc) - Ward No.4,ward,GEO_IN_KA_251833,,,
GEO_IN_KA_251992_W26475,Dod Ballapur (Cmc) - Ward No.5,ward,GEO_IN_KA_251992,,,
GEO_IN_KA_251828_W2890335,Ward27,ward,GEO_IN_KA_251828,,,
GEO_IN_KA_253185_W26584,Channapatna - Ward No.7,ward,GEO_IN_KA_253185,,,
GEO_IN_KA_251859_W63515,Shorapur (TMC) - Ward No.6,ward,GEO_IN_KA_251859,,,
GEO_IN_KA_251970_W1922462,Pavagada (TP) - Ward No.23,ward,GEO_IN_KA_251970,,,
GEO_IN_KA_251953_W1922574,Kundapura (TMC) - Ward No.11,ward,GEO_IN_KA_251953,,,
GEO_IN_KA_251840_W26255,Hungund (TP) - Ward No.3,ward,GEO_IN_KA_251840,,,
GEO_IN_KA_251897_W923400,Kalghatgi (TP) - Ward No.10,ward,GEO_IN_KA_251897,,,
GEO_IN_KA_252009_W27760,Belur (TMC) - Ward No.14,ward,GEO_IN_KA_252009,,,
GEO_IN_KA_276597_W1294050,Ward-15,ward,GEO_IN_KA_276597,,,
GEO_IN_KA_276532_W1295864,Ward-13,ward,GEO_IN_KA_276532,,,
GEO_IN_KA_276567_W1295755,Sc Coloney,ward,GEO_IN_KA_276567,,,
GEO_IN_KA_251893_W28055,Hubli-Dharwad (M Corp.) - Ward No.17,ward,GEO_IN_KA_251893,,,
GEO_IN_KA_251919_W30107,Ranibennur (Cmc) - Ward No.30,ward,GEO_IN_KA_251919,,,
GEO_IN_KA_252005_W65558,Mandya (Cmc) - Ward No.9,ward,GEO_IN_KA_252005,,,
GEO_IN_KA_251915_W30026,Hangal (TMC) - Ward No.9,ward,GEO_IN_KA_251915,,,
GEO_IN_KA_252017_W28202,Mulki (TP) - Ward No.7,ward,GEO_IN_KA_252017,,,
GEO_IN_KA_276577_W1295632,Ward No.14,ward,GEO_IN_KA_276577,,,
GEO_IN_KA_276533_W1296006,Ward No.15,ward,GEO_IN_KA_276533,,,
GEO_IN_KA_251948_W31293,Shikarpur (TMC) - Ward No.5,ward,GEO_IN_KA_251948,,,
GEO_IN_KA_251924_W61316,Kampli (TMC) - Ward No.18,ward,GEO_IN_KA_251924,,,
GEO_IN_KA_251993_W2440235,Ward-29,ward,GEO_IN_KA_251993,,,
GEO_IN_KA_251959_W61574,Sringeri (TP) - Ward No.4,ward,GEO_IN_KA_251959,,,
GEO_IN_KA_251988_W25846,Robertson Pet (Cmc) - Ward No.28,ward,GEO_IN_KA_251988,,,
GEO_IN_KA_251809_W24442,Nipani (Cmc) - Ward No.9,ward,GEO_IN_KA_251809,,,
GEO_IN_KA_252052_W1920856,Tirumakudal - Narsipur (TP) - Ward No.18,ward,GEO_IN_KA_252052,,,
GEO_IN_KA_251856_W931396,Wadi (TMC) - Ward No.20,ward,GEO_IN_KA_251856,,,
GEO_IN_KA_251848_W26972,Aland (TMC) - Ward No.16,ward,GEO_IN_KA_251848,,,
GEO_IN_KA_251975_W64922,Tiptur (TMC) - Ward No.5,ward,GEO_IN_KA_251975,,,
GEO_IN_KA_251882_W1891309,Koppal (Cmc) - Ward No.20,ward,GEO_IN_KA_251882,,,
GEO_IN_KA_251867_W27428,Bidar (Cmc) - Ward No.7,ward,GEO_IN_KA_251867,,,
GEO_IN_KA_252055_W29162,Yelandur (TP) - Ward No.4,ward,GEO_IN_KA_252055,,,
GEO_IN_KA_251842_W2440250,Ward-9,ward,GEO_IN_KA_251842,,,
GEO_IN_KA_253185_W26616,Channapatna - Ward No.23,ward,GEO_IN_KA_253185,,,
GEO_IN_KA_252050_W65869,Nanjangud (TMC) - Ward No.23,ward,GEO_IN_KA_252050,,,
GEO_IN_KA_251834_W1724010,Bilgi (TP) -Ward 16,ward,GEO_IN_KA_251834,,,
GEO_IN_KA_251933_W61461,Challakere (TMC) - Ward No.7,ward,GEO_IN_KA_251933,,,
GEO_IN_KA_276563_W1295955,Hullolli Tota,ward,GEO_IN_KA_276563,,,
GEO_IN_KA_251871_W27626,Lingsugur (TP) - Ward No.8,ward,GEO_IN_KA_251871,,,
GEO_IN_KA_251868_W2182498,Ward-26,ward,GEO_IN_KA_251868,,,
GEO_IN_KA_297129_W2805085,Ward 13,ward,GEO_IN_KA_297129,,,
GEO_IN_KA_252017_W28206,Mulki (TP) - Ward No.11,ward,GEO_IN_KA_252017,,,
GEO_IN_KA_276567_W1295749,Glbc Coloney,ward,GEO_IN_KA_276567,,,
GEO_IN_KA_252003_W26731,Pandavapura (TP) - Ward No.7,ward,GEO_IN_KA_252003,,,
GEO_IN_KA_251882_W923361,Koppal (Cmc) - Ward No.10,ward,GEO_IN_KA_251882,,,
GEO_IN_KA_251812_W24490,Athni (TMC) - Ward No.3,ward,GEO_IN_KA_251812,,,
GEO_IN_KA_251941_W31197,Davanagere (Cmc) - Ward No.16,ward,GEO_IN_KA_251941,,,
GEO_IN_KA_251906_W29947,Ankola (TP) - Ward No.5,ward,GEO_IN_KA_251906,,,
GEO_IN_KA_276555_W1294264,Ward-13,ward,GEO_IN_KA_276555,,,
GEO_IN_KA_251914_W61256,Savanur (TMC) - Ward No.8,ward,GEO_IN_KA_251914,,,
GEO_IN_KA_276532_W1295857,Ward-6,ward,GEO_IN_KA_276532,,,
GEO_IN_KA_251938_W31139,Harihar (Cmc) - Ward No.12,ward,GEO_IN_KA_251938,,,
GEO_IN_KA_251903_W1922649,Yellapur (TP) - Ward No.16,ward,GEO_IN_KA_251903,,,
GEO_IN_KA_251906_W29960,Laxmeshwar (OG) - Ward No.18,ward,GEO_IN_KA_251906,,,
GEO_IN_KA_276600_W1302763,Ward No.91 (K R Puram),ward,GEO_IN_KA_276600,,,
GEO_IN_KA_251810_W63185,Sadalgi (TP) - Ward No.4,ward,GEO_IN_KA_251810,,,
GEO_IN_KA_252029_W3068759,ward No.19,ward,GEO_IN_KA_252029,,,
GEO_IN_KA_251963_W32429,Birur (TMC) - Ward No.9,ward,GEO_IN_KA_251963,,,
GEO_IN_KA_251975_W64925,Tiptur (TMC) - Ward No.8,ward,GEO_IN_KA_251975,,,
GEO_IN_KA_276600_W1303159,Ward No.21(Chokkasandra),ward,GEO_IN_KA_276600,,,
GEO_IN_KA_251848_W26426,Aland (TMC) - Ward No.5,ward,GEO_IN_KA_251848,,,
GEO_IN_KA_251989_W1890216,Mulbagal (TMC) - Ward No.27,ward,GEO_IN_KA_251989,,,
GEO_IN_KA_276600_W1302713,Ward No.41(Kottegepalya),ward,GEO_IN_KA_276600,,,
GEO_IN_KA_251921_W1864746,Hoovina Hadagalli (TP) - Ward No.21,ward,GEO_IN_KA_251921,,,
GEO_IN_KA_251834_W26070,Bilgi (TP) - Ward No.2,ward,GEO_IN_KA_251834,,,
GEO_IN_KA_296954_W2890393,Ward 11,ward,GEO_IN_KA_296954,,,
GEO_IN_KA_251906_W29957,Shirkuli (OG) - Ward No.15,ward,GEO_IN_KA_251906,,,
GEO_IN_KA_252016_W28178,Channarayapatna (TMC) - Ward No.8,ward,GEO_IN_KA_252016,,,
GEO_IN_KA_251889_W63814,Mulgund (TP) - Ward No.8,ward,GEO_IN_KA_251889,,,
GEO_IN_KA_251917_W30055,Byadgi (TMC) - Ward No.15,ward,GEO_IN_KA_251917,,,
GEO_IN_KA_252054_W29145,Chamarajanagar (Cmc) - Ward No.18,ward,GEO_IN_KA_252054,,,
GEO_IN_KA_251996_W65139,Magadi (TMC) - Ward No.8,ward,GEO_IN_KA_251996,,,
GEO_IN_KA_251843_W26336,Indi (TMC) - Ward No.4,ward,GEO_IN_KA_251843,,,
GEO_IN_KA_251984_W1890489,Srinivaspur (TP) - Ward No. 21,ward,GEO_IN_KA_251984,,,
GEO_IN_KA_252051_W65890,Bannur (TMC) - Ward No.17,ward,GEO_IN_KA_252051,,,
GEO_IN_KA_251831_W25911,Terdal (TP) - Ward No.4,ward,GEO_IN_KA_251831,,,
GEO_IN_KA_251927_W30805,Bellary (Cmc) - Ward No.4,ward,GEO_IN_KA_251927,,,
GEO_IN_KA_251894_W28106,Alnavar (TP) - Ward No.1,ward,GEO_IN_KA_251894,,,
GEO_IN_KA_299320_W3044611,Ward 15,ward,GEO_IN_KA_299320,,,
GEO_IN_KA_251970_W25370,Pavagada (TP) - Ward No.15,ward,GEO_IN_KA_251970,,,
GEO_IN_KA_252027_W65701,Ullal (TP) - Ward No.6,ward,GEO_IN_KA_252027,,,
GEO_IN_KA_251846_W26398,Muddebihal (TMC) - Ward No.23,ward,GEO_IN_KA_251846,,,
GEO_IN_KA_251967_W32475,Kudremukh (Nac) - Ward No.1,ward,GEO_IN_KA_251967,,,
GEO_IN_KA_251915_W30040,Hangal (TMC) - Ward No.23,ward,GEO_IN_KA_251915,,,
GEO_IN_KA_276600_W1302725,Ward No.53 (Vrisabhavathi Nagar ),ward,GEO_IN_KA_276600,,,
GEO_IN_KA_251974_W1922531,Gubbi (TP) - Ward No.16,ward,GEO_IN_KA_251974,,,
GEO_IN_KA_251977_W25535,Kunigal (TMC) - Ward No.5,ward,GEO_IN_KA_251977,,,
GEO_IN_KA_251940_W1886860,Jagalur (TP) - Ward No.17,ward,GEO_IN_KA_251940,,,
GEO_IN_KA_276463_W1295936,22-Sree Janatha Colony,ward,GEO_IN_KA_276463,,,
GEO_IN_KA_251977_W25565,Kunigal (TMC) - Ward No.20,ward,GEO_IN_KA_251977,,,
GEO_IN_KA_251945_W31252,Sagar (TMC) - Ward No.4,ward,GEO_IN_KA_251945,,,
GEO_IN_KA_252053_W29125,Gundlupet (TMC) - Ward No.21,ward,GEO_IN_KA_252053,,,
GEO_IN_KA_251899_W28638,Dandeli (Cmc) - Ward No.14,ward,GEO_IN_KA_251899,,,
GEO_IN_KA_276577_W1295623,Ward No. 5,ward,GEO_IN_KA_276577,,,
GEO_IN_KA_252021_W28224,Mangalore (M Corp.) - Ward No.13,ward,GEO_IN_KA_252021,,,
GEO_IN_KA_251988_W25827,Robertson Pet (Cmc) - Ward No.9,ward,GEO_IN_KA_251988,,,
GEO_IN_KA_251818_W24786,Gokak (Cmc) - Ward No.28,ward,GEO_IN_KA_251818,,,
GEO_IN_KA_251926_W30793,Tekkalakote (TP) - Ward No.11,ward,GEO_IN_KA_251926,,,
GEO_IN_KA_251951_W31340,Shimoga (Cmc) - Ward No.4,ward,GEO_IN_KA_251951,,,
GEO_IN_KA_251865_W63751,Bhalki (TMC) - Ward No.13,ward,GEO_IN_KA_251865,,,
GEO_IN_KA_251820_W25482,Hukeri (TP) - Ward No.16,ward,GEO_IN_KA_251820,,,
GEO_IN_KA_251932_W30856,Molakalmuru (TP) - Ward No.2,ward,GEO_IN_KA_251932,,,
GEO_IN_KA_251844_W63455,Sindgi (TMC) - Ward No.15,ward,GEO_IN_KA_251844,,,
GEO_IN_KA_251859_W1922782,Shorapur (TMC) - Ward No.31,ward,GEO_IN_KA_251859,,,
GEO_IN_KA_276524_W1293532,Ward-10,ward,GEO_IN_KA_276524,,,
GEO_IN_KA_251955_W31766,Udupi (Cmc) - Ward No.20,ward,GEO_IN_KA_251955,,,
GEO_IN_KA_251945_W31253,Sagar (TMC) - Ward No.5,ward,GEO_IN_KA_251945,,,
GEO_IN_KA_276618_W1295594,Katti Oni,ward,GEO_IN_KA_276618,,,
GEO_IN_KA_251867_W27540,Bidar (Cmc) - Ward No.22,ward,GEO_IN_KA_251867,,,
GEO_IN_KA_251990_W3044489,Ward 26,ward,GEO_IN_KA_251990,,,
GEO_IN_KA_252050_W65865,Nanjangud (TMC) - Ward No.19,ward,GEO_IN_KA_252050,,,
GEO_IN_KA_276600_W1302860,Ward No.188 (Yediyur),ward,GEO_IN_KA_276600,,,
GEO_IN_KA_251933_W61467,Challakere (TMC) - Ward No.13,ward,GEO_IN_KA_251933,,,
GEO_IN_KA_251945_W31267,Sagar (TMC) - Ward No.19,ward,GEO_IN_KA_251945,,,
GEO_IN_KA_251941_W31204,Davanagere (Cmc) - Ward No.23,ward,GEO_IN_KA_251941,,,
GEO_IN_KA_296955_W2491227,Ward-10,ward,GEO_IN_KA_296955,,,
GEO_IN_KA_276583_W1295650,Ward No.16,ward,GEO_IN_KA_276583,,,
GEO_IN_KA_299169_W3044579,Ward 2,ward,GEO_IN_KA_299169,,,
GEO_IN_KA_251988_W25844,Robertson Pet (Cmc) - Ward No.26,ward,GEO_IN_KA_251988,,,
GEO_IN_KA_251954_W1922538,Saligram (TMC) - Ward No.8,ward,GEO_IN_KA_251954,,,
GEO_IN_KA_251893_W28085,Hubli-Dharwad (M Corp.) - Ward No.47,ward,GEO_IN_KA_251893,,,
GEO_IN_KA_252045_W28859,Mysore (M Corp.) - Ward No.54,ward,GEO_IN_KA_252045,,,
GEO_IN_KA_251852_W63500,Sedam (TMC) - Ward No.17,ward,GEO_IN_KA_251852,,,
GEO_IN_KA_251947_W31286,Siralkoppa (TP) - Ward No.11,ward,GEO_IN_KA_251947,,,
GEO_IN_KA_251812_W24489,Athni (TMC) - Ward No.2,ward,GEO_IN_KA_251812,,,
GEO_IN_KA_251893_W28061,Hubli-Dharwad (M Corp.) - Ward No.23,ward,GEO_IN_KA_251893,,,
GEO_IN_KA_251824_W25527,Belgaum (M Corp.) - Ward No.40,ward,GEO_IN_KA_251824,,,
GEO_IN_KA_251907_W61039,Kumta (TMC) - Ward No.7,ward,GEO_IN_KA_251907,,,
GEO_IN_KA_251858_W1889531,Jevargi (TP) -Ward No.22,ward,GEO_IN_KA_251858,,,
GEO_IN_KA_276556_W2890337,Ward 20,ward,GEO_IN_KA_276556,,,
GEO_IN_KA_299416_W2890357,Ward 17,ward,GEO_IN_KA_299416,,,
GEO_IN_KA_251952_W61534,Bhadravati (Cmc) - Ward No.8,ward,GEO_IN_KA_251952,,,
GEO_IN_KA_251840_W1723946,Hungund (TP) - Ward No.19,ward,GEO_IN_KA_251840,,,
GEO_IN_KA_251983_W25757,Chintamani (Cmc) - Ward No.10,ward,GEO_IN_KA_251983,,,
GEO_IN_KA_251809_W24447,Nipani (Cmc) - Ward No.14,ward,GEO_IN_KA_251809,,,
GEO_IN_KA_251950_W31327,Tirthahalli (TP) - Ward No.5,ward,GEO_IN_KA_251950,,,
GEO_IN_KA_252036_W1887212,Sulya (TP) - Ward No.13,ward,GEO_IN_KA_252036,,,
GEO_IN_KA_252049_W2146727,Heggadadevankote-22,ward,GEO_IN_KA_252049,,,
GEO_IN_KA_301790_W3287806,Ward No.9,ward,GEO_IN_KA_301790,,,
GEO_IN_KA_251918_W30073,Hirekerur (TP) - Ward No.10,ward,GEO_IN_KA_251918,,,
GEO_IN_KA_276537_W1296050,Ward No.3,ward,GEO_IN_KA_276537,,,
GEO_IN_KA_251969_W25345,Sira (TMC) - Ward No.13,ward,GEO_IN_KA_251969,,,
GEO_IN_KA_251946_W61523,Sorab (TP) - Ward No.10,ward,GEO_IN_KA_251946,,,
GEO_IN_KA_276605_W1296252,Ward-20,ward,GEO_IN_KA_276605,,,
GEO_IN_KA_276496_W1296419,Ward-2,ward,GEO_IN_KA_276496,,,
GEO_IN_KA_252008_W27743,Sakleshpur (TMC) - Ward No.20,ward,GEO_IN_KA_252008,,,
GEO_IN_KA_252037_W28741,"Madikeri-12(Gt Road,Banemotte Road,Chamaraj Villa Road,Temple Road)",ward,GEO_IN_KA_252037,,,
GEO_IN_KA_276600_W1303154,Ward No.16 (Mallasandra),ward,GEO_IN_KA_276600,,,
GEO_IN_KA_276600_W1302864,Ward No.192 (Kumaraswamy Layout ),ward,GEO_IN_KA_276600,,,
GEO_IN_KA_251929_W1734619,Sandur (TP) - Ward No.23,ward,GEO_IN_KA_251929,,,
GEO_IN_KA_301079_W3068534,Ward 16,ward,GEO_IN_KA_301079,,,
GEO_IN_KA_276560_W1296372,U.K.P Camp,ward,GEO_IN_KA_276560,,,
GEO_IN_KA_251849_W63464,Afzalpur (TP) - Ward No.1,ward,GEO_IN_KA_251849,,,
GEO_IN_KA_276559_W1296160,Vidya Nagar,ward,GEO_IN_KA_276559,,,
GEO_IN_KA_252043_W65838,Hunsur (TMC) - Ward No.17,ward,GEO_IN_KA_252043,,,
GEO_IN_KA_251899_W28644,Dandeli (Cmc) - Ward No.20,ward,GEO_IN_KA_251899,,,
GEO_IN_KA_251880_W27843,Kushtagi (TMC) - Ward No.9,ward,GEO_IN_KA_251880,,,
GEO_IN_KA_251828_W25703,Saundatti-Yellamma (TMC) - Ward No.23,ward,GEO_IN_KA_251828,,,
GEO_IN_KA_251891_W28001,Lakshmeshwar (TMC) - Ward No.3,ward,GEO_IN_KA_251891,,,
GEO_IN_KA_276565_W1296086,Vinayakwadi,ward,GEO_IN_KA_276565,,,
GEO_IN_KA_251814_W24717,Raybag (TP) - Ward No.11,ward,GEO_IN_KA_251814,,,
GEO_IN_KA_248127_W27018,Kalaburagi (M Corp.) - Ward No.39,ward,GEO_IN_KA_248127,,,
GEO_IN_KA_252014_W2956,Arkalgud (TP) - Ward No.15,ward,GEO_IN_KA_252014,,,
GEO_IN_KA_251931_W61444,Kotturu (TP) - Ward No.10,ward,GEO_IN_KA_251931,,,
GEO_IN_KA_251900_W28666,Karwar (Cmc) - Ward No.11,ward,GEO_IN_KA_251900,,,
GEO_IN_KA_251841_W26273,Ilkal (TMC) - Ward No.5,ward,GEO_IN_KA_251841,,,
GEO_IN_KA_251906_W29956,Ankola (TP) - Ward No.14,ward,GEO_IN_KA_251906,,,
GEO_IN_KA_251852_W63495,Sedam (TMC) - Ward No.12,ward,GEO_IN_KA_251852,,,
GEO_IN_KA_251983_W25769,Chintamani (Cmc) - Ward No.22,ward,GEO_IN_KA_251983,,,
GEO_IN_KA_276575_W1295681,Ward No.11,ward,GEO_IN_KA_276575,,,
GEO_IN_KA_253189_W25983,Bangalore (M Corp.) - Ward No.12,ward,GEO_IN_KA_253189,,,
GEO_IN_KA_251929_W61434,Sandur (TP) - Ward No.20,ward,GEO_IN_KA_251929,,,
GEO_IN_KA_252050_W65872,Nanjangud (TMC) - Ward No.26,ward,GEO_IN_KA_252050,,,
GEO_IN_KA_251870_W27616,Mudgal (TP) - Ward No.13,ward,GEO_IN_KA_251870,,,
GEO_IN_KA_276533_W1296002,Ward No.11,ward,GEO_IN_KA_276533,,,
GEO_IN_KA_252018_W65675,Mudbidri (TMC) - Ward No.5,ward,GEO_IN_KA_252018,,,
GEO_IN_KA_251973_W64908,Tumkur (Cmc) - Ward No.26,ward,GEO_IN_KA_251973,,,
GEO_IN_KA_276483_W1295727,Ward No.17,ward,GEO_IN_KA_276483,,,
GEO_IN_KA_252035_W1888848,Puttur (TMC) - Ward No.29,ward,GEO_IN_KA_252035,,,
GEO_IN_KA_253185_W26624,Channapatna - Ward No.27,ward,GEO_IN_KA_253185,,,
GEO_IN_KA_276601_W1296295,Ward-7,ward,GEO_IN_KA_276601,,,
GEO_IN_KA_251858_W7180,Jevargi (TP) - Ward No.19,ward,GEO_IN_KA_251858,,,
GEO_IN_KA_251832_W25953,Jamkhandi (TMC) - Ward No.26,ward,GEO_IN_KA_251832,,,
GEO_IN_KA_251820_W25475,Hukeri (TP) - Ward No.9,ward,GEO_IN_KA_251820,,,
GEO_IN_KA_251978_W2176857,Gauribidanur-27,ward,GEO_IN_KA_251978,,,
GEO_IN_KA_252010_W27767,Arsikere (TMC) - Ward No.4,ward,GEO_IN_KA_252010,,,
GEO_IN_KA_251929_W61335,Sandur (TP) - Ward No.13,ward,GEO_IN_KA_251929,,,
GEO_IN_KA_251930_W30842,Kudligi (TP) - Ward No.6,ward,GEO_IN_KA_251930,,,
GEO_IN_KA_251907_W61041,Kumta (TMC) - Ward No.9,ward,GEO_IN_KA_251907,,,
GEO_IN_KA_251979_W25605,Chik Ballapur (Cmc) - Ward No.10,ward,GEO_IN_KA_251979,,,
GEO_IN_KA_251876_W27665,Raichur (Cmc) - Ward No.10,ward,GEO_IN_KA_251876,,,
GEO_IN_KA_301054_W3068547,Ward 13,ward,GEO_IN_KA_301054,,,
GEO_IN_KA_276464_W1295908,Ward No.17,ward,GEO_IN_KA_276464,,,
GEO_IN_KA_251878_W27830,Sindhnur (TMC) - Ward No.23,ward,GEO_IN_KA_251878,,,
GEO_IN_KA_252045_W28849,Mysore (M Corp.) - Ward No.44,ward,GEO_IN_KA_252045,,,
GEO_IN_KA_276605_W1296247,Ward-15,ward,GEO_IN_KA_276605,,,
GEO_IN_KA_251905_W28704,Sirsi (Cmc) - Ward No.2,ward,GEO_IN_KA_251905,,,
GEO_IN_KA_251916_W61297,Haveri (Cmc) - Ward No.26,ward,GEO_IN_KA_251916,,,
GEO_IN_KA_251963_W32436,Birur (TMC) - Ward No.16,ward,GEO_IN_KA_251963,,,
GEO_IN_KA_251866_W63775,Aurad (TP) - Ward No.14,ward,GEO_IN_KA_251866,,,
GEO_IN_KA_252021_W28351,Mangalore (M Corp.) - Ward No.52,ward,GEO_IN_KA_252021,,,
GEO_IN_KA_251834_W1724012,Bilgi (TP) -Ward 18,ward,GEO_IN_KA_251834,,,
GEO_IN_KA_252009_W27756,Belur (TMC) - Ward No.10,ward,GEO_IN_KA_252009,,,
GEO_IN_KA_251824_W25530,Belgaum (M Corp.) - Ward No.43,ward,GEO_IN_KA_251824,,,
GEO_IN_KA_299320_W3044604,Ward 8,ward,GEO_IN_KA_299320,,,
GEO_IN_KA_251951_W31339,Shimoga (Cmc) - Ward No.3,ward,GEO_IN_KA_251951,,,
GEO_IN_KA_301082_W3068491,Ward 1,ward,GEO_IN_KA_301082,,,
GEO_IN_KA_251971_W25380,Madhugiri (TMC) - Ward No.6,ward,GEO_IN_KA_251971,,,
GEO_IN_KA_276557_W2179684,Ward-7,ward,GEO_IN_KA_276557,,,
GEO_IN_KA_252009_W27755,Belur (TMC) - Ward No.9,ward,GEO_IN_KA_252009,,,
GEO_IN_KA_252049_W29085,Heggadadevankote (TP) - Ward No.7,ward,GEO_IN_KA_252049,,,
GEO_IN_KA_252009_W27750,Belur (TMC) - Ward No.4,ward,GEO_IN_KA_252009,,,
GEO_IN_KA_251871_W27622,Lingsugur (TP) - Ward No.4,ward,GEO_IN_KA_251871,,,
GEO_IN_KA_251963_W32424,Birur (TMC) - Ward No.4,ward,GEO_IN_KA_251963,,,
GEO_IN_KA_251825_W25645,Khanapur (TP) - Ward No.4,ward,GEO_IN_KA_251825,,,
GEO_IN_KA_276554_W1294235,Ward-2,ward,GEO_IN_KA_276554,,,
GEO_IN_KA_253185_W26586,Channapatna- Ward No.8,ward,GEO_IN_KA_253185,,,
GEO_IN_KA_276463_W1295934,20-Pavithra Public School Ward,ward,GEO_IN_KA_276463,,,
GEO_IN_KA_276537_W1296056,Ward No. 9,ward,GEO_IN_KA_276537,,,
GEO_IN_KA_299319_W3287736,Ward No.8,ward,GEO_IN_KA_299319,,,
GEO_IN_KA_251842_W2440253,Ward-12,ward,GEO_IN_KA_251842,,,
GEO_IN_KA_252056_W29222,Kollegal (Cmc) - Ward No.27,ward,GEO_IN_KA_252056,,,
GEO_IN_KA_251813_W24706,Kudchi (TP) - Ward No.20,ward,GEO_IN_KA_251813,,,
GEO_IN_KA_276535_W1296325,Ward-19,ward,GEO_IN_KA_276535,,,
GEO_IN_KA_251996_W65159,Magadi (TMC) - Ward No.18,ward,GEO_IN_KA_251996,,,
GEO_IN_KA_252021_W28345,Mangalore (M Corp.) - Ward No.46,ward,GEO_IN_KA_252021,,,
GEO_IN_KA_251859_W63702,Shorapur (TMC) - Ward No.16,ward,GEO_IN_KA_251859,,,
GEO_IN_KA_252005_W65580,Mandya (Cmc) - Ward No.31,ward,GEO_IN_KA_252005,,,
GEO_IN_KA_251849_W63477,Afzalpur (TP) - Ward No.14,ward,GEO_IN_KA_251849,,,
GEO_IN_KA_252014_W27802,Arkalgud (TP) - Ward No.1,ward,GEO_IN_KA_252014,,,
GEO_IN_KA_251985_W64963,Kolar (Cmc) - Ward No.8,ward,GEO_IN_KA_251985,,,
GEO_IN_KA_252036_W28439,Sulya (TP) - Ward No.8,ward,GEO_IN_KA_252036,,,
GEO_IN_KA_276558_W1296169,Ravutharaya Temple,ward,GEO_IN_KA_276558,,,
GEO_IN_KA_252010_W27785,Arsikere (TMC) - Ward No.22,ward,GEO_IN_KA_252010,,,
GEO_IN_KA_251810_W63191,Sadalgi (TP) - Ward No.10,ward,GEO_IN_KA_251810,,,
GEO_IN_KA_299329_W3287846,Ward No.15,ward,GEO_IN_KA_299329,,,
GEO_IN_KA_252015_W65670,Hole Narsipur (TMC) - Ward No.23,ward,GEO_IN_KA_252015,,,
GEO_IN_KA_276579_W1296042,Ward-11,ward,GEO_IN_KA_276579,,,
GEO_IN_KA_251820_W2440113,Ward-21,ward,GEO_IN_KA_251820,,,
GEO_IN_KA_252042_W28778,Piriyapatna (TP) - Ward No.9,ward,GEO_IN_KA_252042,,,
GEO_IN_KA_251905_W28710,Sirsi (Cmc) - Ward No.8,ward,GEO_IN_KA_251905,,,
GEO_IN_KA_251962_W32415,Tarikere (TP) - Ward No.15,ward,GEO_IN_KA_251962,,,
GEO_IN_KA_299318_W3287776,Ward No.2,ward,GEO_IN_KA_299318,,,
GEO_IN_KA_251980_W64950,Gudibanda (TP) - Ward No.6,ward,GEO_IN_KA_251980,,,
GEO_IN_KA_251866_W63766,Aurad (TP) - Ward No.5,ward,GEO_IN_KA_251866,,,
GEO_IN_KA_301054_W3068544,Ward 10,ward,GEO_IN_KA_301054,,,
GEO_IN_KA_251811_W24469,Chikodi (TMC) - Ward No.5,ward,GEO_IN_KA_251811,,,
GEO_IN_KA_276618_W1295616,Ward No.17,ward,GEO_IN_KA_276618,,,
GEO_IN_KA_251948_W31289,Shikarpur (TMC) - Ward No.1,ward,GEO_IN_KA_251948,,,
GEO_IN_KA_251824_W25495,Belgaum (M Corp.) - Ward No.8,ward,GEO_IN_KA_251824,,,
GEO_IN_KA_251909_W29976,Honavar (TP) - Ward No.2,ward,GEO_IN_KA_251909,,,
GEO_IN_KA_251869_W27584,Chitgoppa (TMC) - Ward No.4,ward,GEO_IN_KA_251869,,,
GEO_IN_KA_296976_W2440160,Ward-3,ward,GEO_IN_KA_296976,,,
GEO_IN_KA_276558_W1296170,Kuri Hatti,ward,GEO_IN_KA_276558,,,
GEO_IN_KA_252036_W28433,Sulya (TP) - Ward No.2,ward,GEO_IN_KA_252036,,,
GEO_IN_KA_251842_W2440264,Ward-23,ward,GEO_IN_KA_251842,,,
GEO_IN_KA_251871_W27637,Lingsugur (TP) - Ward No.19,ward,GEO_IN_KA_251871,,,
GEO_IN_KA_299416_W2890363,Ward23,ward,GEO_IN_KA_299416,,,
GEO_IN_KA_276521_W1293469,Ward-16,ward,GEO_IN_KA_276521,,,
GEO_IN_KA_252049_W2146726,Heggadadevankote-21,ward,GEO_IN_KA_252049,,,
GEO_IN_KA_253185_W26608,Channapatna- Ward No.19,ward,GEO_IN_KA_253185,,,
GEO_IN_KA_251926_W30799,Tekkalakote (TP) - Ward No.17,ward,GEO_IN_KA_251926,,,
GEO_IN_KA_276601_W1296291,Ward-3,ward,GEO_IN_KA_276601,,,
GEO_IN_KA_248127_W27028,Kalaburagi (M Corp.) - Ward No.49,ward,GEO_IN_KA_248127,,,
GEO_IN_KA_251908_W29972,Siddapur (TP) - Ward No.11,ward,GEO_IN_KA_251908,,,
GEO_IN_KA_297132_W3044497,Ward 3,ward,GEO_IN_KA_297132,,,
GEO_IN_KA_251839_W26144,Bagalkot (Cmc) - Ward No.20,ward,GEO_IN_KA_251839,,,
GEO_IN_KA_251876_W27659,Raichur (Cmc) - Ward No.4,ward,GEO_IN_KA_251876,,,
GEO_IN_KA_251839_W26138,Bagalkot (Cmc) - Ward No.14,ward,GEO_IN_KA_251839,,,
GEO_IN_KA_299320_W3044603,Ward 7,ward,GEO_IN_KA_299320,,,
GEO_IN_KA_251896_W28140,Annigeri (TMC) - Ward No.20,ward,GEO_IN_KA_251896,,,
GEO_IN_KA_251889_W2176787,Mulgund (TP) - Ward No.18,ward,GEO_IN_KA_251889,,,
GEO_IN_KA_251829_W25891,Ramdurg (TMC) - Ward No.9,ward,GEO_IN_KA_251829,,,
GEO_IN_KA_251917_W30041,Byadgi (TMC) - Ward No.1,ward,GEO_IN_KA_251917,,,
GEO_IN_KA_251981_W2443608,Bagepalli (TP) - Ward No.14,ward,GEO_IN_KA_251981,,,
GEO_IN_KA_251939_W2439965,Ward-22,ward,GEO_IN_KA_251939,,,
GEO_IN_KA_251949_W31312,Hosanagara (TP) - Ward No.1,ward,GEO_IN_KA_251949,,,
GEO_IN_KA_301081_W3068480,Ward 13,ward,GEO_IN_KA_301081,,,
GEO_IN_KA_251811_W24472,Chikodi (TMC) - Ward No.8,ward,GEO_IN_KA_251811,,,
GEO_IN_KA_252006_W26779,Maddur (TMC) - Ward No.15,ward,GEO_IN_KA_252006,,,
GEO_IN_KA_251946_W61524,Sorab (TP) - Ward No.11,ward,GEO_IN_KA_251946,,,
GEO_IN_KA_251847_W26413,Talikota (TMC) - Ward No.15,ward,GEO_IN_KA_251847,,,
GEO_IN_KA_276542_W1295808,Nayakanahatty-2,ward,GEO_IN_KA_276542,,,
GEO_IN_KA_252029_W3068745,ward No.5,ward,GEO_IN_KA_252029,,,
GEO_IN_KA_251979_W25603,Chik Ballapur (Cmc) - Ward No.8,ward,GEO_IN_KA_251979,,,
GEO_IN_KA_276564_W1295979,Ward-11,ward,GEO_IN_KA_276564,,,
GEO_IN_KA_252055_W29169,Yelandur (TP) - Ward No.11,ward,GEO_IN_KA_252055,,,
GEO_IN_KA_276483_W1295713,Ward No.3,ward,GEO_IN_KA_276483,,,
GEO_IN_KA_276522_W1293495,Ward-1,ward,GEO_IN_KA_276522,,,
GEO_IN_KA_251935_W31104,Holalkere (TP) - Ward No.8,ward,GEO_IN_KA_251935,,,
GEO_IN_KA_276533_W1296000,Ward No. 9,ward,GEO_IN_KA_276533,,,
GEO_IN_KA_251989_W25882,Mulbagal (TMC) - Ward No.23,ward,GEO_IN_KA_251989,,,
GEO_IN_KA_251954_W31744,Saligram (TMC) - Ward No.2,ward,GEO_IN_KA_251954,,,
GEO_IN_KA_276521_W1293458,Ward-5,ward,GEO_IN_KA_276521,,,
GEO_IN_KA_251912_W61060,Shiggaon (TMC) - Ward No.2,ward,GEO_IN_KA_251912,,,
GEO_IN_KA_276524_W1293533,Ward-11,ward,GEO_IN_KA_276524,,,
GEO_IN_KA_252017_W28203,Mulki (TP) - Ward No.8,ward,GEO_IN_KA_252017,,,
GEO_IN_KA_251878_W27829,Sindhnur (TMC) - Ward No.22,ward,GEO_IN_KA_251878,,,
GEO_IN_KA_252050_W65866,Nanjangud (TMC) - Ward No.20,ward,GEO_IN_KA_252050,,,
GEO_IN_KA_301055_W3068448,ward No.4,ward,GEO_IN_KA_301055,,,
GEO_IN_KA_252037_W28739,"Madikeri-10(Gowil Stree Left Wing,Post Office Road)",ward,GEO_IN_KA_252037,,,
GEO_IN_KA_252012_W65619,Hassan (Cmc) - Ward No.12,ward,GEO_IN_KA_252012,,,
GEO_IN_KA_299179_W3046791,Ward 2,ward,GEO_IN_KA_299179,,,
GEO_IN_KA_276556_W2890338,Ward21,ward,GEO_IN_KA_276556,,,
GEO_IN_KA_251846_W26376,Muddebihal (TMC) - Ward No.1,ward,GEO_IN_KA_251846,,,
GEO_IN_KA_252013_W27793,Alur (TP) - Ward No.3,ward,GEO_IN_KA_252013,,,
GEO_IN_KA_251820_W25470,Hukeri (TP) - Ward No.4,ward,GEO_IN_KA_251820,,,
GEO_IN_KA_251968_W25330,Chiknayakanhalli (TMC) - Ward No.21,ward,GEO_IN_KA_251968,,,
GEO_IN_KA_252015_W65666,Hole Narsipur (TMC) - Ward No.19,ward,GEO_IN_KA_252015,,,
GEO_IN_KA_299416_W2890354,Ward 14,ward,GEO_IN_KA_299416,,,
GEO_IN_KA_251905_W29934,Sirsi (Cmc) - Ward No.31,ward,GEO_IN_KA_251905,,,
GEO_IN_KA_301055_W3068462,ward No.18,ward,GEO_IN_KA_301055,,,
GEO_IN_KA_252035_W28422,Puttur(TMC) - Ward No.18,ward,GEO_IN_KA_252035,,,
GEO_IN_KA_251913_W2448,Bankapura (TMC) - Ward No.19,ward,GEO_IN_KA_251913,,,
GEO_IN_KA_299321_W3046859,Ward 15,ward,GEO_IN_KA_299321,,,
GEO_IN_KA_251964_W61581,Kadur (TMC) - Ward No.5,ward,GEO_IN_KA_251964,,,
GEO_IN_KA_251892_W28027,Mundargi (TP) - Ward No.6,ward,GEO_IN_KA_251892,,,
GEO_IN_KA_276568_W1295652,Ward No. 1,ward,GEO_IN_KA_276568,,,
GEO_IN_KA_251842_W2440255,Ward-14,ward,GEO_IN_KA_251842,,,
GEO_IN_KA_251836_W1722550,Kerur (TP) -Ward No.18,ward,GEO_IN_KA_251836,,,
GEO_IN_KA_253130_W29189,Kollegal (Cmc) - Ward No.10,ward,GEO_IN_KA_253130,,,
GEO_IN_KA_299317_W3044544,Ward 10,ward,GEO_IN_KA_299317,,,
GEO_IN_KA_251836_W63436,Kerur (TP) - Ward No.12,ward,GEO_IN_KA_251836,,,
GEO_IN_KA_251935_W31100,Holalkere (TP) - Ward No.4,ward,GEO_IN_KA_251935,,,
GEO_IN_KA_251922_W30428,Hospet (Cmc) - Ward No.8,ward,GEO_IN_KA_251922,,,
GEO_IN_KA_251916_W61285,Haveri (Cmc) - Ward No.14,ward,GEO_IN_KA_251916,,,
GEO_IN_KA_276534_W1296331,Ward-2,ward,GEO_IN_KA_276534,,,
GEO_IN_KA_251871_W27631,Lingsugur (TP) - Ward No.13,ward,GEO_IN_KA_251871,,,
GEO_IN_KA_276568_W1295667,Ward No.16,ward,GEO_IN_KA_276568,,,
GEO_IN_KA_251863_W63726,Yadgir (TMC) - Ward No.15,ward,GEO_IN_KA_251863,,,
GEO_IN_KA_251960_W31798,Koppa (TP) - Ward No.4,ward,GEO_IN_KA_251960,,,
GEO_IN_KA_251867_W27539,Bidar (Cmc) - Ward No.21,ward,GEO_IN_KA_251867,,,
GEO_IN_KA_276618_W1295586,Janata Colony,ward,GEO_IN_KA_276618,,,
GEO_IN_KA_251895_W60986,Navalgund (TMC) - Ward No.8,ward,GEO_IN_KA_251895,,,
GEO_IN_KA_251862_W27394,Gurmatkal (TP) - Ward No.4,ward,GEO_IN_KA_251862,,,
GEO_IN_KA_251973_W64910,Tumkur (Cmc) - Ward No.28,ward,GEO_IN_KA_251973,,,
GEO_IN_KA_251935_W31107,Holalkere (TP) - Ward No.11,ward,GEO_IN_KA_251935,,,
GEO_IN_KA_251933_W61462,Challakere (TMC) - Ward No.8,ward,GEO_IN_KA_251933,,,
GEO_IN_KA_252010_W27773,Arsikere (TMC) - Ward No.10,ward,GEO_IN_KA_252010,,,
GEO_IN_KA_251977_W25539,Kunigal (TMC) - Ward No.7,ward,GEO_IN_KA_251977,,,
GEO_IN_KA_251951_W31735,Shimoga (Cmc) - Ward No.28,ward,GEO_IN_KA_251951,,,
GEO_IN_KA_251874_W63778,Devadurga (TP) - Ward No.3,ward,GEO_IN_KA_251874,,,
GEO_IN_KA_252010_W27787,Arsikere (OG) (Part) - Ward No.24,ward,GEO_IN_KA_252010,,,
GEO_IN_KA_251861_W2146616,Shahpur (TMC) - Ward No.30,ward,GEO_IN_KA_251861,,,
GEO_IN_KA_251927_W30815,Bellary (Cmc) - Ward No.14,ward,GEO_IN_KA_251927,,,
GEO_IN_KA_252012_W65631,Hassan (Cmc) - Ward No.24,ward,GEO_IN_KA_252012,,,
GEO_IN_KA_276600_W1302711,Ward No. 39 (Laggere),ward,GEO_IN_KA_276600,,,
GEO_IN_KA_299179_W3046796,Ward 7,ward,GEO_IN_KA_299179,,,
GEO_IN_KA_251951_W31351,Shimoga (Cmc) - Ward No.15,ward,GEO_IN_KA_251951,,,
GEO_IN_KA_251907_W61048,Kumta (TMC) - Ward No.16,ward,GEO_IN_KA_251907,,,
GEO_IN_KA_251886_W27929,Gajendragarh (TMC) - Ward No.4,ward,GEO_IN_KA_251886,,,
GEO_IN_KA_251900_W28677,Karwar (Cmc) - Ward No.22,ward,GEO_IN_KA_251900,,,
GEO_IN_KA_252035_W28423,Puttur(TMC) - Ward No.19,ward,GEO_IN_KA_252035,,,
GEO_IN_KA_251864_W27403,Basavakalyan (TMC) - Ward No.9,ward,GEO_IN_KA_251864,,,
GEO_IN_KA_252016_W28180,Channarayapatna (TMC) - Ward No.10,ward,GEO_IN_KA_252016,,,
GEO_IN_KA_277668_W3046761,Ward 18,ward,GEO_IN_KA_277668,,,
GEO_IN_KA_251990_W2176839,Nelmangala-22,ward,GEO_IN_KA_251990,,,
GEO_IN_KA_251855_W27055,Shahabad (TMC) - Ward No.12,ward,GEO_IN_KA_251855,,,
GEO_IN_KA_276496_W1296432,Ward-15,ward,GEO_IN_KA_276496,,,
GEO_IN_KA_276567_W1295752,Nayakawadi Thot,ward,GEO_IN_KA_276567,,,
GEO_IN_KA_251829_W25904,Ramdurg (TMC) - Ward No.22,ward,GEO_IN_KA_251829,,,
GEO_IN_KA_276600_W1302828,Ward No.156 (Chalavadipalya),ward,GEO_IN_KA_276600,,,
GEO_IN_KA_251937_W1886397,Hiriyur (TMC) - Ward No.28,ward,GEO_IN_KA_251937,,,
GEO_IN_KA_252009_W27751,Belur (TMC) - Ward No.5,ward,GEO_IN_KA_252009,,,
GEO_IN_KA_276563_W1295963,Bhajanthri Gali,ward,GEO_IN_KA_276563,,,
GEO_IN_KA_251983_W25766,Chintamani (Cmc) - Ward No.19,ward,GEO_IN_KA_251983,,,
GEO_IN_KA_251858_W27363,Jevargi (TP) - Ward No.8,ward,GEO_IN_KA_251858,,,
GEO_IN_KA_251889_W63810,Mulgund (TP) - Ward No.4,ward,GEO_IN_KA_251889,,,
GEO_IN_KA_276618_W1295617,Ward No.18,ward,GEO_IN_KA_276618,,,
GEO_IN_KA_251810_W63197,Sadalgi (TP) - Ward No.16,ward,GEO_IN_KA_251810,,,
GEO_IN_KA_252004_W26743,Shrirangapattana (TMC) - Ward No.2,ward,GEO_IN_KA_252004,,,
GEO_IN_KA_276577_W1295633,Ward No.15,ward,GEO_IN_KA_276577,,,
GEO_IN_KA_251979_W25611,Chik Ballapur (Cmc) - Ward No.16,ward,GEO_IN_KA_251979,,,
GEO_IN_KA_251849_W63465,Afzalpur (TP) - Ward No.2,ward,GEO_IN_KA_251849,,,
GEO_IN_KA_251836_W63429,Kerur (TP) - Ward No.5,ward,GEO_IN_KA_251836,,,
GEO_IN_KA_297132_W3044498,Ward 4,ward,GEO_IN_KA_297132,,,
GEO_IN_KA_251918_W2197,Hirekerur (TP) - Ward No.15,ward,GEO_IN_KA_251918,,,
GEO_IN_KA_251858_W1889530,Jevargi (TP) -Ward No.21,ward,GEO_IN_KA_251858,,,
GEO_IN_KA_251818_W24778,Gokak (Cmc) - Ward No.20,ward,GEO_IN_KA_251818,,,
GEO_IN_KA_251968_W25316,Chiknayakanhalli (TMC) - Ward No.7,ward,GEO_IN_KA_251968,,,
GEO_IN_KA_251858_W7568,Jevargi (TP) - Ward No.15,ward,GEO_IN_KA_251858,,,
GEO_IN_KA_276496_W1296423,Ward-6,ward,GEO_IN_KA_276496,,,
GEO_IN_KA_276524_W1293530,Ward-8,ward,GEO_IN_KA_276524,,,
GEO_IN_KA_252018_W65691,Mudbidri (TMC) - Ward No.21,ward,GEO_IN_KA_252018,,,
GEO_IN_KA_252045_W28807,Mysore (M Corp.) - Ward No.2,ward,GEO_IN_KA_252045,,,
GEO_IN_KA_252001_W26700,Krishnarajpet (TP) - Ward No.9,ward,GEO_IN_KA_252001,,,
GEO_IN_KA_251915_W30020,Hangal (TMC) - Ward No.3,ward,GEO_IN_KA_251915,,,
GEO_IN_KA_276618_W1295587,Gandi Nagar,ward,GEO_IN_KA_276618,,,
GEO_IN_KA_251914_W61261,Savanur (TMC) - Ward No.13,ward,GEO_IN_KA_251914,,,
GEO_IN_KA_252033_W28380,Bantval (TP) - Ward No.8,ward,GEO_IN_KA_252033,,,
GEO_IN_KA_251933_W61464,Challakere (TMC) - Ward No.10,ward,GEO_IN_KA_251933,,,
GEO_IN_KA_251906_W29950,Ankola (TP) - Ward No.8,ward,GEO_IN_KA_251906,,,
GEO_IN_KA_251905_W28714,Sirsi (Cmc) - Ward No.12,ward,GEO_IN_KA_251905,,,
GEO_IN_KA_276534_W1296334,Ward-5,ward,GEO_IN_KA_276534,,,
GEO_IN_KA_251905_W29931,Sirsi (Cmc) - Ward No.28,ward,GEO_IN_KA_251905,,,
GEO_IN_KA_251819_W25446,Sankeshwar (TMC) - Ward No.3,ward,GEO_IN_KA_251819,,,
GEO_IN_KA_251935_W31105,Holalkere (TP) - Ward No.9,ward,GEO_IN_KA_251935,,,
GEO_IN_KA_252049_W29083,Heggadadevankote (TP) - Ward No.6,ward,GEO_IN_KA_252049,,,
GEO_IN_KA_251930_W30851,Kudligi (TP) - Ward No.15,ward,GEO_IN_KA_251930,,,
GEO_IN_KA_251915_W30023,Hangal (TMC) - Ward No.6,ward,GEO_IN_KA_251915,,,
GEO_IN_KA_251915_W30039,Hangal (TMC) - Ward No.22,ward,GEO_IN_KA_251915,,,
GEO_IN_KA_252021_W28235,Mangalore (M Corp.) - Ward No.24,ward,GEO_IN_KA_252021,,,
GEO_IN_KA_251825_W25655,Khanapur (TP) - Ward No.14,ward,GEO_IN_KA_251825,,,
GEO_IN_KA_251969_W25355,Sira (TMC) - Ward No.23,ward,GEO_IN_KA_251969,,,
GEO_IN_KA_276557_W2179690,Ward-13,ward,GEO_IN_KA_276557,,,
GEO_IN_KA_251963_W32421,Birur (TMC) - Ward No.1,ward,GEO_IN_KA_251963,,,
GEO_IN_KA_251973_W64887,Tumkur (Cmc) - Ward No.5,ward,GEO_IN_KA_251973,,,
GEO_IN_KA_251870_W1921503,Mudgal (TP) - Ward No.20,ward,GEO_IN_KA_251870,,,
GEO_IN_KA_276523_W1293513,Ward-3,ward,GEO_IN_KA_276523,,,
GEO_IN_KA_252045_W28822,Mysore (M Corp.) - Ward No.17,ward,GEO_IN_KA_252045,,,
GEO_IN_KA_251968_W25323,Chiknayakanhalli (TMC) - Ward No.14,ward,GEO_IN_KA_251968,,,
GEO_IN_KA_251975_W64942,Tiptur (TMC) - Ward No.25,ward,GEO_IN_KA_251975,,,
GEO_IN_KA_251815_W24732,Mudalgi (TMC) - Ward No.13,ward,GEO_IN_KA_251815,,,
GEO_IN_KA_299416_W2890349,Ward 9,ward,GEO_IN_KA_299416,,,
